Zeitstempel,ID,Barcode,Marke,Produktname,MHD,Menge,abverkauft,Resttage,old_Marke,old_Produktname,kategorie
02.06.2026 10:09:52,329a65eb,4035626002356,WBI,b*Rahmjoghurt mild 10%,30.06.2026,6,,,,,🥛MoPro
02.06.2026 10:09:46,f12a93a3,4035661162336,WBI,b*Frischkse Natur,17.07.2026,12,,,,,🥛MoPro
02.06.2026 10:08:38,5b919dc8,4008471505006,SB,"Weidemilchjoghurt ABC 3,8%",06.07.2026,6,,,,,🥛MoPro
02.06.2026 10:04:48,de383fc3,4035626001205,WBI,"b*Joghurt Stracciatella 3,5%",02.07.2026,6,,,,,🥛MoPro
02.06.2026 10:02:36,33e622fd,4101530008811,BGL,"Alpenmilch laktosefrei 1,5%",03.07.2026,30,,,,,🥛MoPro
02.06.2026 10:00:47,d11a7821,4035626101394,WBI,"b*Milch 1,5% Karton",12.06.2026,10,,,,,🥛MoPro
02.06.2026 09:59:07,18c4ee14,4008471507505,SB,Milchreis Natur,29.06.2026,6,,,,,🥛MoPro
02.06.2026 09:58:39,623c77a6,4008471491057,SB,Sahnekefir auf Pflaume-Walnuss - Weidemilch,22.06.2026,6,,,,,🥛MoPro
02.06.2026 09:57:26,d2be8eae,4035626114585,WBI,"b*Quarkzubereitung Magerstufe 0,3%",12.07.2026,6,,,,,🥛MoPro
02.06.2026 09:56:00,34494634,4035626111645,WBI,"b*Joghurt mild 3,5% Demeter Glas",02.07.2026,6,,,,,🥛MoPro
02.06.2026 09:54:20,ba18606c,4035626000949,WBI,"b*Schlagsahne 0,5 l Flasche",13.06.2026,6,,,,,🥛MoPro
02.06.2026 09:52:34,a28a08bb,4008471492122,SB,"Joghurt Pfirsich-Maracuja 3,8%",20.06.2026,6,,,,,❄️Kühlware
02.06.2026 09:51:35,b16771c1,4035626111607,WBI,b*griechischer Feta g.U.,18.10.2026,6,,,,,❄️Kühlware
02.06.2026 09:50:14,99224e5d,4260423370197,JMH,Schani das Schaf Frischkse Curry/Dattel,13.07.2026,4,,,,,❄️Kühlware
02.06.2026 09:48:14,c1e8532a,4035661163395,WBI,b*Frischkse Kruter,16.07.2026,6,,,,,🥛MoPro
02.06.2026 09:46:37,412c3716,4035626002974,WBI,"b*Speisequark/Topfen Magerstufe 0,1%",04.07.2026,6,,,,,🥛MoPro
02.06.2026 09:44:51,6eb96548,4015533052361,VOE,RAW Kombucha Ingwer Lemongras,31.01.2027,10,,,,,🥛MoPro
02.06.2026 09:43:02,b4684bea,4015533054266,VOE,Smoothie Spinat Minze Spirulina,22.01.2027,6,,,,,🥛MoPro
02.06.2026 09:40:58,04d3381b,4018462160572,BYO,"Sahne Meerrettich, khlpflichtig",13.01.2027,6,,,,,🥛MoPro
02.06.2026 09:34:52,86ed0110,4260669270831,SUU,Classic Kimchi,19.12.2026,6,,,,,🥛MoPro
02.06.2026 09:33:00,8d00a1e6,4260669270008,SUU,Love craft Kraut - Rote Beete & Ingwer,02.06.2027,6,,,,,🥛MoPro
02.06.2026 09:30:47,b28f9aa4,4035626002554,WBI,b*Tofu geruchert VEGANI,26.06.2026,8,,,,,🥛MoPro
02.06.2026 09:29:30,bf49ee54,4000915104592,ISA,Aioli Classico,21.10.2026,6,,,,,🥛MoPro
02.06.2026 09:28:10,fa43a414,4000915104547,ISA,"Pesto Brlauch, frisch",29.07.2026,6,,,,,🥛MoPro
02.06.2026 09:25:12,e66cb953,4260028363198,REA,Hefepaste Bioreal,28.06.2026,144,,,,,🥛MoPro
02.06.2026 09:19:19,5ebfe400,4030068015513,CHI,Putenschinken a.d. Putenbrust,18.06.2026,21,,,,,❄️Kühlware
02.06.2026 08:38:34,6cadd21b,4026584103353,SOF,Sauerkirschen,03.03.2028,6,,,,,🧊 TK
02.06.2026 08:36:12,07f44079,4065626114889,WBI,b*Eiscreme Vanille,02.07.2027,6,,,,,🧊 TK
02.06.2026 08:33:08,e0e3e2f8,4026584103315,SOF,Erdbeeren,02.10.2027,6,,,,,🧊 TK
02.06.2026 08:24:35,f48205c9,4035661162312,WBI,b*Mangosorbet,05.06.2026,6,,,,,🧊 TK
29.05.2026 08:08:06,505635a6,4035626113274,WBI,b*Schlagsahne 30% - im Becher,22.06.2026,10,,,,,🥛MoPro
27.05.2026 09:48:56,695af485,4022569100003,LHQ,St. Leonhard Quelle medium,28.04.2028,6,,,,,📦 Trockenware
27.05.2026 09:47:30,9710f390,4015533000645,VOE,Zitronensaft,19.01.2027,6,,,,,📦 Trockenware
27.05.2026 09:46:28,41f3f20c,4012852253844,NOW,now Sunny Orange,01.04.2027,10,,,,,📦 Trockenware
27.05.2026 09:45:23,283fb1ac,4035626000871,WBI,b*Mhre Orange Ingwer Saft,12.08.2027,6,,,,,📦 Trockenware
27.05.2026 09:43:51,766e2c54,4035626001830,WBI,b*Weizenmehl 550,24.04.2027,8,,,,,📦 Trockenware
27.05.2026 09:40:13,06ca18b3,4035626002486,WBI,b*Dinkelvollkornmehl,23.02.2027,8,,,,,📦 Trockenware
27.05.2026 09:38:18,24b14e4e,4035626001878,WBI,b*Roggenmehl 1150,08.04.2027,8,,,,,📦 Trockenware
27.05.2026 09:31:21,1409587f,3445020295901,BPL,Leinl nativ,01.03.2027,6,,,,,📦 Trockenware
27.05.2026 09:28:35,988fceba,4012346153308,LEB,Salatgewrz Tte,31.01.2029,6,,,,,📦 Trockenware
27.05.2026 09:25:56,a5e6f0a2,4260221611010,EMS,Honig Senf Dressing,31.03.2027,6,,,,,📦 Trockenware
27.05.2026 09:07:00,688f49d5,4019736006480,ZWE,Scharfer Senf,17.02.2027,6,,,,,📦 Trockenware
27.05.2026 09:06:02,f990121d,4019736007005,ZWE,Mittelscharfer Senf,18.02.2027,6,,,,,📦 Trockenware
27.05.2026 09:04:42,38161412,4022381232203,SPI,Dinkelgrieß,10.04.2027,4,,,,,📦 Trockenware
27.05.2026 09:02:19,eba61c0a,4044889005295,VNI,Vollmilch Schokolade,01.06.2027,12,,,,,📦 Trockenware
27.05.2026 08:59:49,b0247d39,8718754505024,TFO,Hummus Chips Meersalz,07.11.2026,6,,,,,📦 Trockenware
27.05.2026 08:55:43,e7681de2,4015637836072,BAK,Feine Speisestärke aus Mais gf,08.10.2027,6,,,,,📦 Trockenware
27.05.2026 08:53:06,9caae594,9004145003446,STN,Galgant gemahlen,31.03.2029,6,,,,,📦 Trockenware
27.05.2026 08:47:57,add796ea,4260272987881,LCH,Chili Mango Kesselchips,12.08.2026,12,,,,,📦 Trockenware
27.05.2026 08:45:59,9088a544,3445020009089,BPL,Avocadol,01.06.2027,6,,,,,📦 Trockenware
27.05.2026 08:44:22,44ec1800,4035626112963,WBI,b*Tomatensauce Pizza & Pasta,31.12.2027,12,,,,,📦 Trockenware
27.05.2026 08:43:30,f47e52a4,4015637027258,,Linsen Burger Bauck,16.02.2027,6,,,,,📦 Trockenware
26.05.2026 13:03:47,7e537d33,4260712620019,,Natur Joghurt Bioland Schauhof,13.06.2026,12,,,,,🥛MoPro
26.05.2026 12:47:16,57264423,4015533000089,VOE,Multi Natur Voelkel,27.01.2027,6,,,,,📦 Trockenware
26.05.2026 12:13:26,2b9258c2,4260026432544,GLM,"H-Weidemilch 1,5%, Tetra",01.11.2026,12,,,,,🥛MoPro
26.05.2026 12:11:30,20a73bcf,4035626114608,WBI,"b*Vollmilch Demeter 3,8% Flasche",01.06.2026,6,,,,,🥛MoPro
26.05.2026 12:09:57,7bf09efc,4035626000949,WBI,"b*Schlagsahne 0,5 l Flasche",08.06.2026,6,,,,,🥛MoPro
26.05.2026 12:06:18,31bba04f,4035626002356,WBI,b*Rahmjoghurt mild 10%,30.06.2026,6,,,,,🥛MoPro
26.05.2026 12:05:09,e51d2d80,4035626001243,WBI,"b*Joghurt Mango-Vanille 3,5%",18.06.2026,6,,,,,🥛MoPro
26.05.2026 12:00:10,6b6d936e,4035626101394,WBI,"b*Milch 1,5% Karton",03.06.2026,10,,,,,🥛MoPro
26.05.2026 11:57:41,ae4ba2ea,4035626100274,WBI,"b*Vollmilch 3,7% Karton",05.06.2026,10,,,,,🥛MoPro
26.05.2026 11:55:46,0e5580bb,4260459280255,,Zuckermais,14.02.2027,12,,,,,🥛MoPro
26.05.2026 11:53:21,526051ae,4035661162336,WBI,b*Frischkse Natur,09.07.2026,12,,,,,🥛MoPro
26.05.2026 11:50:27,5388209c,4260712620002,,Willich Milch,28.05.2026,3,,,,,🥛MoPro
26.05.2026 11:49:44,3f3d7f78,4260423370203,JMH,Kurt das Schaf Frischkse Kruter/Knoblauch,28.06.2026,4,,,,,🥛MoPro
26.05.2026 11:48:35,24f3cb2b,4260423370197,JMH,Schani das Schaf Frischkse Curry/Dattel,06.07.2026,4,,,,,🥛MoPro
26.05.2026 11:35:26,f80cdca6,9004145003026,STN,Kmmel ganz Tte,26.05.2026,1,,,,,🌿Gewürze
12.05.2026 14:40:02,2ca24651,8022836008281,,Pizzolato Spumante rose alkoholfrei,01.11.2028,6,,,,,📦 Trockenware
12.05.2026 13:40:25,5e025197,3254550032807,,Camembert D'Isigny,28.05.2026,3,,,,,🥛MoPro
12.05.2026 13:39:47,cbff8bd1,3296651110671,,"Brillat Savarin IGP Affin‚, 5x100g",01.06.2026,5,,,,,🥛MoPro
12.05.2026 13:29:28,5eaab1e3,4035626111270,,b*Kokosmilch,12.02.2028,12,,,,,📦 Trockenware
12.05.2026 13:27:52,b83b2d11,4022381023757,,Rohrohrzucker,23.03.2028,6,,,,,📦 Trockenware
12.05.2026 13:27:04,7c3eb876,4035626113434,,b*Fusilli,16.01.2029,12,,,,,📦 Trockenware
12.05.2026 13:25:48,fed8ac11,4022381237208,,Maisgrieá Polenta gf,30.04.2027,4,,,,,📦 Trockenware
12.05.2026 13:24:07,84841da8,8718754503044,,Austern Sauce,17.08.2027,6,,,,,📦 Trockenware
12.05.2026 13:15:29,7b31adc7,8713576271638,,Shoyu Sojasauce mit Weizen mild,01.09.2027,6,,,,,📦 Trockenware
12.05.2026 13:14:28,8e79b1ad,4013320185742,,Vollmilchschokolade mit Espresso und Karamellcrisp,01.03.2027,10,,,,,📦 Trockenware
12.05.2026 13:14:03,00650eed,4013320185766,,Vollmilchschokolade mit Kardamom,01.03.2027,10,,,,,📦 Trockenware
12.05.2026 13:13:15,782a820e,4002029030538,,Gelee Royale im Honig,05.08.2027,6,,,,,📦 Trockenware
12.05.2026 13:12:31,264239b6,8713576003413,,Erdnussmus crunchy,09.02.2029,6,,,,,📦 Trockenware
12.05.2026 13:06:40,7243ba72,4030917063504,,Brotaufstrich Roter Paprika,01.03.2028,6,,,,,📦 Trockenware
12.05.2026 13:05:51,0988a595,9004145006744,,Provencekräuter Tüte,30.09.2028,6,,,,,📦 Trockenware
12.05.2026 13:05:20,c60e3f74,9004145006669,,Thymian Tüte,31.03.2029,6,,,,,📦 Trockenware
12.05.2026 13:03:28,e81aa3df,4015637822310,,Dinkel Müzli Beerenzart,11.04.2027,8,,,,,📦 Trockenware
12.05.2026 13:02:34,8315f5a2,4005496224011,,Tortellini Gemüse,18.03.2027,10,,,,,📦 Trockenware
12.05.2026 13:00:56,cfa72761,9004145002067,,Kamille lose,30.09.2029,6,,,,,📦 Trockenware
12.05.2026 12:56:47,84c8657a,9004145002098,,Pfefferminze lose,30.10.2029,6,,,,,📦 Trockenware
12.05.2026 12:53:01,abe13425,4012346533407,,Grüntee Sencha,01.09.2028,6,,,,,📦 Trockenware
12.05.2026 12:39:56,"5,92E+10",4262421520147,,Kombucha Hybiskus,22.12.2026,24,,,,,📦 Trockenware
12.05.2026 12:39:27,fbe40d7a,4262421520154,,Kombucha Cherry,18.02.2027,24,,,,,📦 Trockenware
12.05.2026 12:38:52,d363a627,4012852204242,,now Sunny Orange,01.03.2027,10,,,,,📦 Trockenware
12.05.2026 12:38:26,2ea60593,4012852001629,,Lammsbräu Bio Weiáe alkoholfrei,01.12.2026,10,,,,,📦 Trockenware
12.05.2026 12:14:42,a287abee,4015533057465,,Bio Zisch light Nature Energy,12.11.2027,10,,,,,📦 Trockenware
12.05.2026 12:12:04,65f21793,4035626000871,,b*M”hre Orange Ingwer Saft,12.08.2027,6,,,,,📦 Trockenware
12.05.2026 12:11:19,c84eee12,4106060045602,,Mango Maracuja,11.09.2027,6,,,,,📦 Trockenware
12.05.2026 12:10:34,aeb837f9,4012852001018,,Lammsbräu Bio Dunkel,01.10.2026,10,,,,,📦 Trockenware
12.05.2026 12:09:47,5eac92d3,4262421520123,,Kombucha Lemondrop,08.12.2026,24,,,,,📦 Trockenware
12.05.2026 11:43:56,e7337ea5,4012852001520,,Lammsbräu Bio Weiáe,01.11.2026,10,,,,,📦 Trockenware
12.05.2026 11:43:25,486bfdea,4015533012921,,Bio Zisch Himbeer Cassis,07.10.2027,6,,,,,📦 Trockenware
12.05.2026 11:42:51,22e2e6f6,4035661163135,,b*Rote Linsen,02.09.2027,6,,,,,📦 Trockenware
12.05.2026 11:42:06,a03d436b,4012852204235,,now Fresh Lemon,01.05.2027,20,,,,,📦 Trockenware
12.05.2026 11:41:36,57d0b683,4015533000676,,7 Zwerge Kindersaft,27.01.2027,6,,,,,📦 Trockenware
12.05.2026 11:40:45,fb7ae1ed,4012852201715,,Lammsbräu Bio Radler,01.12.2026,20,,,,,📦 Trockenware
12.05.2026 11:40:16,1cee6da5,4012852204266,,now Orange Cola,01.03.2027,20,,,,,📦 Trockenware
12.05.2026 11:39:48,2e89a70a,4012852254001,,now Sprizzz Cassis Lime,01.03.2027,10,,,,,📦 Trockenware
12.05.2026 11:39:12,9cc4f508,4012852253868,,now Orange Cola,01.04.2027,10,,,,,📦 Trockenware
12.05.2026 11:38:49,0761bdba,4012852253806,,now Black Cola,01.04.2027,10,,,,,📦 Trockenware
12.05.2026 10:41:24,8f222d29,4035661162756,,b*Butter Sauerrahm,04.07.2026,16,,,,,🥛MoPro
12.05.2026 10:40:04,f9c90408,4000915104547,,"Pesto Bärlauch, frisch",27.07.2026,6,,,,,🥛MoPro
12.05.2026 10:38:40,eb200efc,4035661162107,,b*Speisequark/Topfen Vollfettstufe 40%,18.06.2026,6,,,,,🥛MoPro
12.05.2026 10:35:51,eef5d637,8008161501772,,Ital. Prosciutto Arrosto alle erbe,04.06.2026,6,,,,,❄️Kühlware
12.05.2026 10:27:32,a9da5ab0,4032277005279,,Wheaty Veganes Virginia Steak,01.09.2026,5,,,,,🥛MoPro
12.05.2026 10:25:36,4f9211c7,4260423370197,,Schani das Schaf Frischkäse Curry/Dattel,21.06.2026,4,,,,,🥛MoPro
12.05.2026 10:22:21,303a59ce,4101530008811,,"Alpenmilch laktosefrei 1,5%",12.06.2026,10,,,,,🥛MoPro
12.05.2026 10:09:19,d0bd2344,4032277012499,,Wheaty Super Griller 2.0,22.09.2026,5,,,,,🥛MoPro
12.05.2026 10:05:24,67c40e88,4000915029147,,Tortelli mit Steinpilz,30.06.2026,6,,,,,🥛MoPro
12.05.2026 10:03:10,b979b73a,4000915029154,,Frische Tagliatelle - Bandnudeln,07.07.2026,8,,,,,🥛MoPro
12.05.2026 09:46:01,c7614efa,4035626002356,,b*Rahmjoghurt mild 10%,10.06.2026,6,,,,,🥛MoPro
12.05.2026 09:44:51,d94c33e3,4035626114509,,"b*Joghurt mild 1,8% Demeter Glas",16.06.2026,6,,,,,🥛MoPro
12.05.2026 09:43:38,ff7210ac,4008471497042,,"Joghurt Zitronencreme 7,5%",17.06.2026,6,,,,,🥛MoPro
12.05.2026 09:40:24,24b2c896,4035626114585,,"b*Quarkzubereitung Magerstufe 0,3%",21.06.2026,6,,,,,🥛MoPro
12.05.2026 09:38:27,033f66d2,4035626111645,,"b*Joghurt mild 3,5% Demeter Glas",11.06.2026,6,,,,,🥛MoPro
12.05.2026 09:37:24,1f7c33ff,4035626001137,,"b*Joghurt Pfirsich-Maracuja 3,5%",26.05.2026,4,,,,,🥛MoPro
12.05.2026 09:35:06,6026beb2,4008471507383,,Grieápudding Traditionell,14.06.2026,6,,,,,🥛MoPro
12.05.2026 09:32:54,5edc6b62,4035626003018,,b*Speisequark/Topfen halbfett 20%,18.06.2026,6,,,,,🥛MoPro
12.05.2026 09:31:38,cbc59716,4008471507031,,Vanille-Pudding,07.06.2026,6,,,,,🥛MoPro
12.05.2026 09:30:27,ac0248ba,4260289420418,,Hafer Joghurt Natur Alternative,24.09.2026,6,,,,,🥛MoPro
12.05.2026 09:14:04,400b1bad,4035626115797,,b*Zitronensorbet,04.08.2026,6,,,,,🧊 TK
12.05.2026 09:00:31,649bbbf1,4026584103322,,Wild-Heidelbeeren,12.03.2028,10,,,,,🧊 TK
12.05.2026 08:59:47,6fb88068,4250073463882,,Kabeljau Filets MSC,19.09.2027,10,,,,,🧊 TK
12.05.2026 08:55:13,777fdb2f,4035661162312,,b*Mangosorbet,12.08.2026,6,,,,,🧊 TK
12.05.2026 08:54:02,09c56f23,4065626114902,,b*Eiscreme Schoko,12.05.2027,6,,,,,🧊 TK
12.05.2026 08:49:15,fdfd5353,4250073463264,,Unbekannt,10.02.2027,7,,,,,🧊 TK
08.05.2026 15:27:28,09701b64,4035626001793,,b*Haferflocken Groáblatt,20.04.2027,6,,,,,📦 Trockenware
08.05.2026 15:25:09,d1263419,8718754506854,,Erdnuss Flips,17.09.2026,8,,,,,📦 Trockenware
08.05.2026 15:23:21,06ab4eed,4022381029216,,Hafer Porridgeflocken Klassik,10.04.2027,6,,,,,📦 Trockenware
08.05.2026 15:21:11,4533ae78,4015637825410,,Hot Hafer Beere gf,20.04.2027,6,,,,,📦 Trockenware
08.05.2026 15:20:00,2ccda07d,4005561006603,,KaribiX Hafer Fruchtkeks,13.01.2027,6,,,,,📦 Trockenware
08.05.2026 15:17:26,34f1b0e6,4018462194003,,Chili Paprika Sauce,28.04.2027,6,,,,,📦 Trockenware
08.05.2026 15:15:45,f4b81e15,4260112296784,,Unbekannt,10.1.2027,6,,,,,📦 Trockenware
08.05.2026 15:13:52,29e7e999,4006182005044,,Dinkel Zwieback,09.05.2027,6,,,,,📦 Trockenware
08.05.2026 15:12:44,64a2e9c7,9004145006829,,Smokey Paprika,31.03.2029,6,,,,,📦 Trockenware
08.05.2026 15:10:39,50570fd4,4250073450639,,Thunfisch im eigenen Saft Natur MSC,7.12.2028,8,,,,,📦 Trockenware
08.05.2026 15:06:54,2483c4d3,4012346109107,,Porridge Gewürz Beere,08.06.2028,6,,,,,📦 Trockenware
08.05.2026 15:05:56,241c7f76,4015637027258,,Unbekannt,16.2.2027,6,,,,,📦 Trockenware
08.05.2026 15:04:18,768c2817,4012824401396,,Yogi Tea© Halswärmer TB,28.02.2029,6,,,,,📦 Trockenware
08.05.2026 15:01:03,8f77acc8,8713576003420,,Erdnussmus crunchy,22.03.2028,6,,,,,📦 Trockenware
08.05.2026 14:59:18,5d0961a4,4035626101011,,b*Tomatenmark,30.10.2028,6,,,,,📦 Trockenware
08.05.2026 14:56:33,57c3ec9e,4035626103763,,b*Basis Müsli,17.04.2027,6,,,,,📦 Trockenware
08.05.2026 14:54:41,3705074a,4018462158708,,Kräuterremoulade mit Gewürzgurken,31.03.2027,6,,,,,📦 Trockenware
08.05.2026 13:37:07,d39b641e,4044889004885,,Whole Cocoa Fruit,03.03.2028,9,,,,,📦 Trockenware
08.05.2026 13:15:53,3d329149,4015637024882,,Lemonies gf,03.05.2027,6,,,,,📦 Trockenware
08.05.2026 13:06:57,d44e1c70,4035626003292,,Unbekannt,20.04.2027,6,,,,,📦 Trockenware
08.05.2026 13:02:16,1937a295,4260133141117,,biofix Madras Curry,22.11.2027,10,,,,,📦 Trockenware
08.05.2026 13:01:37,b0c5c4ba,4260133141049,,biofix Chili con Carne,07.01.2028,10,,,,,📦 Trockenware
08.05.2026 13:00:16,4af6161c,4015637823126,,Schnellbrot gf,23.03.2027,6,,,,,📦 Trockenware
08.05.2026 12:59:21,11897a3c,4015637017853,,Wunderbrod Protein gf,30.11.2026,6,,,,,📦 Trockenware
08.05.2026 12:52:47,0a67e1e2,4260272987904,,Sauerrahm Zwiebel Kesselchips,25.08.2026,12,,,,,📦 Trockenware
08.05.2026 12:51:00,b59935ad,4015637826424,,Hot Hirse Yogi Fit gf,21.12.2026,6,,,,,📦 Trockenware
08.05.2026 12:50:20,ed834657,4015637022543,,Hot Hafer Protein Porridge,19.01.2027,6,,,,,📦 Trockenware
08.05.2026 12:17:48,aff78b39,4260026432551,,"H-Weidemilch 3,8%, Tetra",15.09.2026,10,,,,,📦 Trockenware
08.05.2026 11:54:18,66625d78,3273227082587,,Soja Alternative zu Quark Natur,29.05.2026,5,,,,,🥛MoPro
08.05.2026 11:50:13,6660dfa9,4008471507505,,Milchreis Natur,08.06.2026,6,,,,,🥛MoPro
08.05.2026 11:49:45,4051e580,4035626003018,,b*Speisequark/Topfen halbfett 20%,19.06.2026,6,,,,,🥛MoPro
08.05.2026 11:49:17,ef39f79b,4008471507024,,Schoko Pudding,07.06.2026,6,,,,,🥛MoPro
08.05.2026 11:48:46,42ea993c,4008471507031,,Vanille-Pudding,07.06.2026,6,,,,,🥛MoPro
08.05.2026 11:36:54,3c8f7e7e,4012359115003,,Seidentofu,14.07.2026,6,,,,,🥛MoPro
08.05.2026 11:36:02,12732fe8,4104060027659,,"Lassi Mango 3,5%",01.06.2026,10,,,,,🥛MoPro
08.05.2026 11:34:34,4d713924,4035626002035,,b*Skyr Natur,11.06.2026,12,,,,,🥛MoPro
08.05.2026 11:22:21,f1fbfc71,4035626002035,,b*Skyr Natur,11.06.2026,10,,,,,🥛MoPro
08.05.2026 11:21:09,44a3f408,4008471505006,,"Weidemilchjoghurt ABC 3,8%",08.06.2026,12,,,,,🥛MoPro
08.05.2026 11:10:17,c57d2ac8,4035661162336,,b*Frischkäse Natur,26.06.2026,6,,,,,🥛MoPro
08.05.2026 11:03:00,5a7896be,4260423370593,,Freches Frollein Ziege Pepita Chili & Paprika,09.06.2026,4,,,,,🥛MoPro
08.05.2026 11:00:59,0f3f9c26,4260423370302,,Fanti das Schaf Fetacreme mit Paprika,14.06.2026,4,,,,,🥛MoPro
08.05.2026 11:00:18,1b4d2540,8008161501796,,Ital. Mortadella,07.06.2026,2,,,,,🥛MoPro
08.05.2026 09:16:25,d771248d,4026813020024,,Brechbohnen,09.02.2028,1,,,,,❄️Kühlware
08.05.2026 09:13:08,2b4d915a,4250073456075,,Dinkel-Pizza Verdura vegan,19.08.2027,7,,,,,❄️Kühlware
08.05.2026 09:11:52,f0482acf,4250073460027,,Kräuter Baguette,28.09.2026,12,,,,,❄️Kühlware
07.05.2026 16:18:01,f575ff24,4101530008811,,"Alpenmilch laktosefrei 1,5%",29.05.2026,6,,,,,🥛MoPro
07.05.2026 16:15:30,4b6973e7,4100570016237,,Ayurvedische Ghee Butter,09.03.2027,6,,,,,🥛MoPro
07.05.2026 16:14:42,13e88670,4002724000775,,Alsan-Bio Margarine,25.07.2026,11,,,,,🥛MoPro
07.05.2026 16:13:43,f715738f,4002824150943,,Landkrone Bio Veganer Block,09.06.2026,6,,,,,🥛MoPro
07.05.2026 16:12:28,8168f6a2,4035661162756,,b*Butter Sauerrahm,27.06.2026,13,,,,,🥛MoPro
07.05.2026 16:11:56,15a33761,4035661162756,,b*Butter Sauerrahm,13.06.2026,2,,,,,🥛MoPro
07.05.2026 16:09:33,51599dc7,4035661162770,,b*Butter Süárahm,06.06.2026,10,,,,,🥛MoPro
07.05.2026 16:08:21,588ccd15,4035661162336,,b*Frischkäse Natur,19.06.2026,6,,,,,🥛MoPro
07.05.2026 16:07:15,dd82f49e,4104060027659,,"Lassi Mango 3,5%",01.06.2026,8,,,,,🥛MoPro
07.05.2026 16:05:41,b69ebd7a,4008471507505,,Milchreis Natur,01.06.2026,2,,,,,🥛MoPro
07.05.2026 16:04:12,c5d5aac6,4008471507383,,Grieápudding Traditionell,31.05.2026,4,,,,,🥛MoPro
07.05.2026 16:03:46,ce92e060,9007833008440,,Schafquark Natur,15.06.2026,4,,,,,🥛MoPro
07.05.2026 16:03:11,739feca4,4035661162107,,b*Speisequark/Topfen Vollfettstufe 40%,04.06.2026,6,,,,,🥛MoPro
07.05.2026 16:02:36,d8562f7b,4035626003018,,b*Speisequark/Topfen halbfett 20%,03.06.2026,4,,,,,🥛MoPro
07.05.2026 16:01:26,85b85863,4035626114585,,"b*Quarkzubereitung Magerstufe 0,3%",07.06.2026,3,,,,,🥛MoPro
07.05.2026 16:00:46,f0678ad3,4035626103824,,b*Hafer Jogh.altern. Natur VEGANI,03.06.2026,3,,,,,🥛MoPro
07.05.2026 15:59:00,bc6a5b5e,4035626001373,,b*Schmand 24% - im Becher,10.06.2026,4,,,,,🥛MoPro
07.05.2026 15:56:04,4d4ca3df,4035626111645,,"b*Joghurt mild 3,5% Demeter Glas",04.06.2026,6,,,,,🥛MoPro
07.05.2026 15:55:35,12d19701,4035626111645,,"b*Joghurt mild 3,5% Demeter Glas",28.05.2026,4,,,,,🥛MoPro
07.05.2026 15:55:09,6700a33f,4035626002356,,b*Rahmjoghurt mild 10%,27.05.2026,5,,,,,🥛MoPro
07.05.2026 15:49:34,798165bc,4260289420418,,Hafer Joghurt Natur Alternative,24.07.2026,2,,,,,🥛MoPro
07.05.2026 15:49:02,74bc623d,4260289420456,,Hafer Joghurt Mango-Maracuja Alternative,25.09.2026,6,,,,,🥛MoPro
07.05.2026 15:48:23,1f503859,4008471497042,,"Joghurt Zitronencreme 7,5%",27.05.2026,5,,,,,🥛MoPro
07.05.2026 15:47:19,e6a8198a,4035626001205,,"b*Joghurt Stracciatella 3,5%",28.05.2026,5,,,,,🥛MoPro
07.05.2026 15:46:44,cf4e83fe,4035626001243,,"b*Joghurt Mango-Vanille 3,5%",04.06.2026,6,,,,,🥛MoPro
06.05.2026 14:20:53,9295a039,4260100874482,,Ziegenfrischkäse mix 100g,22.05.2026,1,,16,,,🥛MoPro
06.05.2026 14:19:48,22cfef82,4260100870019,,Ziegen Frischkäse Natur 100g,29.05.2026,3,,23,,,🥛MoPro
06.05.2026 14:17:20,395b399a,4260423370197,,Schani das Schaf Frischkäse Curry/Dattel,09.06.2026,2,,34,,,🥛MoPro
06.05.2026 14:16:50,84c06850,4260423370197,,Schani das Schaf Frischkäse Curry/Dattel,31.05.2026,2,,25,,,🥛MoPro
06.05.2026 14:16:17,71a8b8f5,4260423370203,,Kurt das Schaf Frischkäse Kräuter/Knoblauch,31.05.2026,2,,25,,,🥛MoPro
06.05.2026 11:03:33,f7403999,4015533054365,,Smoothie Erdbeere Himbeere,21.01.2027,6,,260,,,🥛MoPro
06.05.2026 11:03:01,5133dd14,4015533054365,,Smoothie Erdbeere Himbeere,15.07.2026,1,,70,,,🥛MoPro
06.05.2026 11:02:00,8f6165aa,4015533054266,,Smoothie Spinat Minze Spirulina,07.11.2026,5,,185,,,🥛MoPro
06.05.2026 11:01:24,1f2fa133,4015533052361,,RAW Kombucha Ingwer Lemongras,20.12.2026,8,,228,,,🥛MoPro
06.05.2026 10:09:36,0290063c,4008471514558,,Reibekäse Quattro formaggi,29.05.2026,1,,23,,,🥛MoPro
06.05.2026 10:02:36,9489c69f,4008471514565,,Reibekäse Gouda,12.06.2026,9,,37,,,🥛MoPro
06.05.2026 10:00:59,9c3f5a78,8058056170910,,La Rusticana - Pinsa Teig (2x250g),31.05.2026,5,,25,,,🥛MoPro
06.05.2026 10:00:07,bd93883b,4000915029154,,Frische Tagliatelle - Bandnudeln,23.06.2026,6,,48,,,🥛MoPro
06.05.2026 09:58:56,43fd1f04,4000915103410,,Frische Gnocchi Originale,17.07.2026,5,,72,,,🥛MoPro
06.05.2026 09:57:27,42c8230b,4000915105049,,Ravioli mit Rucola & Ricotta,16.06.2026,6,,41,,,🥛MoPro
06.05.2026 09:56:02,27c55441,4000915029116,,Tortellini mit Käse und Tomaten,16.06.2026,8,,41,,,🥛MoPro
06.05.2026 09:55:28,bf56dbb2,4000915104592,,Aioli Classico,22.09.2026,5,,139,,,🥛MoPro
06.05.2026 09:54:44,b9382b33,4000915104547,,"Pesto Bärlauch, frisch",29.06.2026,3,,54,,,🥛MoPro
06.05.2026 09:54:03,9acf329e,4000915101522,,Sonnengetrocknete Tomaten,13.09.2027,4,,495,,,🥛MoPro
06.05.2026 09:53:11,a1760838,8008161501727,,Ital. Landschinken Crudo,02.06.2026,1,,27,,,🥛MoPro
06.05.2026 09:51:39,215ec84e,8008161501727,,Ital. Landschinken Crudo,30.06.2026,1,,55,,,🥛MoPro
06.05.2026 09:51:06,8b54858a,8008161501727,,Ital. Landschinken Crudo,7.7.2026,8,,62,,,🥛MoPro
06.05.2026 09:29:20,551bd2b8,8008161501772,,Ital. Prosciutto Arrosto alle erbe,28.5.2026,5,,22,,,🥛MoPro
06.05.2026 09:28:54,fdf0f649,8008161501796,,Ital. Mortadella,31.05.2026,3,,25,,,🥛MoPro
06.05.2026 09:28:15,5f537c22,4026367043111,,Bioland Harzer Natur,28.05.2026,5,,22,,,🥛MoPro
05.05.2026 17:55:11,01ec93c4,4032277012475,,Wheaty Superhero Burger 2.0,09.07.2026,2,,64,,,🥛MoPro
05.05.2026 17:53:58,58f44a1f,4032277005279,,Wheaty Veganes Virginia Steak,26.07.2026,2,,81,,,🥛MoPro
05.05.2026 17:53:23,5eeab4df,4032277005231,,Wheaty Vegane Chorizo Bratwurst,23.6.2026,4,,48,,,🥛MoPro
05.05.2026 17:52:34,4538b264,4032277012499,,Wheaty Super Griller 2.0,16.07.2026,4,,71,,,🥛MoPro
05.05.2026 17:51:29,189a21aa,4032277012512,,Wheaty Vegane Merguez 2.0,17.06.2026,2,,42,,,🥛MoPro
05.05.2026 17:50:42,8fee2da5,4032277012512,,Wheaty Vegane Merguez 2.0,12.8.2026,5,,98,,,🥛MoPro
05.05.2026 17:49:55,30.107.754,4032277002704,,Wheaty Vegane Slices Chorizo,21.07.2026,7,,76,,,🥛MoPro
05.05.2026 17:49:11,ba1ad2f9,4260515260085,,Vegane Art Leberwurst mit feinen Zutaten,29.10.2027,1,,541,,,🥛MoPro
05.05.2026 17:48:04,dad11c59,4260515260023,,Vegane Art Teewurst mit feinen Zutaten,25.09.2027,3,,507,,,🥛MoPro
05.05.2026 17:47:23,c92affd9,4051147009827,,Apfelschmalz im Glas,18.07.2027,2,,438,,,🥛MoPro
05.05.2026 17:46:45,d546d985,4051147009803,,Schmalz im Glas,24.07.2027,1,,444,,,🥛MoPro
05.05.2026 17:46:11,59a2f2cf,4051147009803,,Schmalz im Glas,21.02.2027,1,,291,,,🥛MoPro
05.05.2026 17:45:42,403b914c,4051147009810,,Griebenschmalz im Glas,25.07.2027,2,,445,,,🥛MoPro
05.05.2026 17:45:02,f08c0f90,4035626111614,,"b*Mozzarella Kugel, 100g",26.05.2026,1,,20,,,🥛MoPro
05.05.2026 17:43:39,65f53920,4035626111607,,b*griechischer Feta g.U.,30.09.2026,4,,147,,,🥛MoPro
05.05.2026 17:42:52,ed9be2a1,4026913162280,,"Schaf Feta PDO ""Der Grieche""",10.11.2026,10,,188,,,🥛MoPro
05.05.2026 17:41:57,d53269c5,4026913162280,,"Schaf Feta PDO ""Der Grieche""",30.08.2026,1,,116,,,🥛MoPro
05.05.2026 17:40:33,3fb7d55d,4260067150193,,"Original griechischer Feta, mariniert",21.06.2026,3,,46,,,🥛MoPro
05.05.2026 17:38:29,c4f73e40,4000915103373,,Crostello Brat- & Grillkäse mariniert,16.09.2026,10,,133,,,🥛MoPro
05.05.2026 17:37:46,e0c2597a,4012359113405,,Black Forest Tofu,31.07.2026,5,,86,,,🥛MoPro
05.05.2026 17:37:12,f9f42ff5,4012359113108,,Räuchertofu Mandel-Sesam,23.07.2026,1,,78,,,🥛MoPro
05.05.2026 17:36:38,82c72dd8,4012359111104,,Räuchertofu klassik,16.07.2026,3,,71,,,🥛MoPro
05.05.2026 17:36:09,efa4e758,4035626002554,,b*Tofu geräuchert VEGANI,12.06.2026,7,,37,,,🥛MoPro
05.05.2026 17:35:18,ee96b53d,4260289422030,,Veganes Hack,17.07.2026,3,,72,,,🥛MoPro
05.05.2026 17:34:15,c26f4622,4035661162336,,b*Frischkäse Natur,19.06.2026,11,,44,,,🥛MoPro
05.05.2026 17:33:46,13f90dea,4035661163395,,b*Frischkäse Kräuter,11.06.2026,1,,36,,,🥛MoPro
05.05.2026 17:33:05,5.110.900.000,4035661163395,,b*Frischkäse Kräuter,18.06.2026,6,,43,,,🥛MoPro
05.05.2026 17:32:27,f0b6c3d3,4000915101027,,Sahne Schmelzkäsezubereitung,11.7.2026,7,,66,,,🥛MoPro
05.05.2026 17:31:53,90508e0b,4028332320111,,Weiáenhorner Kräutercreme,17.06.2026,3,,42,,,🥛MoPro
05.05.2026 17:31:08,8330d5ab,4028332323013,,Kreta Frische Creme,18.6.2026,4,,43,,,🥛MoPro
05.05.2026 17:29:22,e92183bc,4260650730948,,daikon kimchi (scharf),28.05.2026,1,,22,,,🥛MoPro
05.05.2026 17:28:53,6c4c8913,4260650730948,,daikon kimchi (scharf),17.6.2026,5,,42,,,🥛MoPro
05.05.2026 17:27:47,545dedb3,4260669270022,,Love craft Kraut - Kurkuma & Curry,17.11.2026,4,,195,,,🥛MoPro
05.05.2026 17:27:01,a2f1c959,4260669270008,,Love craft Kraut - Rote Beete & Ingwer,27.12.2026,4,,235,,,🥛MoPro
05.05.2026 17:26:20,0be190de,4260669270831,,Classic Kimchi,09.12.2026,4,,217,,,🥛MoPro
05.05.2026 17:25:30,314c3241,8710488933296,Kramer,Rodekool - Chou rouge,17.08.2026,12,,103,,,🥛MoPro
05.05.2026 17:20:15,1f7ec9a9,4260254440014,Nordseeküstengenuss,Rote bete,13.09.2026,6,,130,,,🥛MoPro
05.05.2026 17:19:01,7e76467f,4004689500550,,Frischcreme Lachs,07.06.2026,1,,32,,,🥛MoPro
05.05.2026 17:18:32,031bafab,4004689500550,,Frischcreme Lachs,21.6.2026,6,,46,,,🥛MoPro
05.05.2026 17:18:06,52035b03,8714685903373,,Hummus Pikant,16.06.2026,3,,41,,,🥛MoPro
05.05.2026 17:17:26,d1359685,8714685907531,,Hummus,30.6.2026,4,,55,,,🥛MoPro
05.05.2026 17:16:45,33cd8b5b,4260028360425,,Hefepaste Bioreal,31.5.2026,9,,25,,,🥛MoPro
05.05.2026 17:15:39,1bec8093,4018462160572,,"Sahne Meerrettich, kühlpflichtig",22.7.2026,4,,77,,,🥛MoPro
05.05.2026 17:14:56,086b7d7d,4027468000010,,Meerrettich,18.06.2026,3,,43,,,🥛MoPro
05.05.2026 13:39:00,d79aab36,4015533041525,,Haferdrink,11.03.2027,6,,309,,,📦 Trockenware
05.05.2026 13:28:04,bd88075c,4012852001056,,Lammsbräu Bio Pils Zzzisch,1.10.2026,10,,148,,,📦 Trockenware
05.05.2026 13:24:05,c28b3123,4023216000042,,Pinkus Hefe Weizenbier,01.11.2026,16,,179,,,📦 Trockenware
05.05.2026 13:23:35,f623035f,4012852001735,,Lammsbräu Bio Naturradler alkoholfrei,01.12.2026,10,,209,,,📦 Trockenware
05.05.2026 13:22:46,0930cfe6,4012852001049,,Lammsbräu Bio Pils,1.9.2026,10,,118,,,📦 Trockenware
05.05.2026 13:22:03,dcb2a12d,4022569100003,,St. Leonhard Quelle medium,20.04.2028,12,,715,,,📦 Trockenware
05.05.2026 13:20:11,526fc971,4260272987829,,Gegrillte Paprika Kesselchips,29.7.2026,12,,84,,,📦 Trockenware
05.05.2026 13:19:14,264f0833,8053323642398,,Amaretti,20.04.2027,12,,349,,,📦 Trockenware
05.05.2026 13:18:18,a706cee9,4035626002615,,b*Tomatenmark Tube,18.11.2028,12,,927,,,📦 Trockenware
05.05.2026 13:16:54,3d71b8df,4016249162436,,Reis-Mandel Drink Naturell,17.02.2027,6,,287,,,📦 Trockenware
05.05.2026 13:16:00,455e98a1,4044889005264,,Feine Bitter mit 85% Cacao,01.02.2028,10,,636,,,📦 Trockenware
05.05.2026 13:15:15,9dd67a5f,4044889003253,,Caramel Inka Salz,01.06.2027,10,,391,,,📦 Trockenware
05.05.2026 13:14:12,61643ee3,3445020223706,,Oliven”l mild nativ extra,1.5.2027,6,,360,,,📦 Trockenware
05.05.2026 13:13:24,a204accb,4019736011149,,Zwergensauce,06.03.2029,6,,1035,,,📦 Trockenware
05.05.2026 13:12:50,6ffbc626,4019736008958,,Streich Rucola Senf,12.02.2028,6,,647,,,📦 Trockenware
05.05.2026 13:11:24,12e7411b,4000345046080,,Klare Gemüsebrühe feink”rnig,15.4.2027,6,,344,,,📦 Trockenware
05.05.2026 13:08:45,8.154.734,4018462604205,,Unbekannt,12.02.2029,6,,1013,,,📦 Trockenware
05.05.2026 13:07:47,806b94c9,4009309114384,,Gewürzgurken,31.12.2027,6,,604,,,📦 Trockenware
05.05.2026 13:07:04,c7c110cd,4012346200507,,Cold Brew Süáe Kräuter,1.11.2028,5,,910,,,📦 Trockenware
05.05.2026 13:05:54,9b9a2f98,4012346200606,,Cold Brew Fruchtiger Apfel,1.10.2028,5,,879,,,📦 Trockenware
05.05.2026 13:05:19,1e6e5075,9004145012790,,Wildkräutersalz,31.03.2029,6,,1060,,,📦 Trockenware
05.05.2026 13:04:10,37e46383,8713576271621,,Shoyu Sojasauce mit Weizen mild,1.9.2027,6,,483,,,📦 Trockenware
05.05.2026 13:02:18,10eb6dd1,4012346157603,,Pfeffer weiß gemahlen Tüte,01.04.2028,6,,696,,,📦 Trockenware
05.05.2026 13:01:27,edc38ca8,4012346200705,,Cold Brew Weiáer Hibiskus,01.10.2028,6,,879,,,📦 Trockenware
05.05.2026 13:00:47,fb8aa868,9004145006676,,Alles im Grünen© Salatgewürz,30.09.2028,6,,878,,,📦 Trockenware
05.05.2026 12:58:08,ef17c023,4024297005131,,Edelbitter Ecuador 70%,11.11.2027,10,,554,,,📦 Trockenware
05.05.2026 12:57:13,f7ea58c9,3445020001915,,Omega Blue,01.02.2027,4,,271,,,📦 Trockenware
05.05.2026 12:56:37,876de85b,8713576162080,,Salzlakritz Tubi's,02.06.2027,12,,392,,,📦 Trockenware
05.05.2026 12:55:48,7d98ced6,4012346276601,,Janosch Faulenzertee TB,01.07.2027,8,,421,,,📦 Trockenware
05.05.2026 12:53:59,8e292e8e,4006040164517,Rapunzel,Mandel-Tonka-Creme,16.08.2027,6,,467,,,📦 Trockenware
05.05.2026 12:53:18,79d2a8ea,4006040003410,Rapunzel,"Samba, Haselnuss Schoko",10.02.2028,6,,645,,,📦 Trockenware
05.05.2026 12:51:56,50395e4d,4006040003069,Rapunzel,Nuss-Nougat-Creme,18.06.2027,6,,408,,,📦 Trockenware
05.05.2026 12:51:28,12f03407,4006040197959,Rapunzel,Karamell,25.05.2027,12,,384,,,📦 Trockenware
05.05.2026 12:50:30,e5199b5e,4006040068594,,Faire Schokolade Student Futter,23.06.2027,12,,413,,,📦 Trockenware
05.05.2026 12:48:34,2526374a,4006040510093,Rapunzel,Unbekannt,12.11.2027,6,,555,,,📦 Trockenware
05.05.2026 12:47:28,36883dd4,4006040321392,Rapunzel,Choco Zartbitter Creme,03.08.2027,6,,454,,,📦 Trockenware
05.05.2026 12:46:56,c3818a37,4006040320715,,Krachnuss Vollmilchschokolade mit Haselnüssen,03.05.2027,12,,362,,,📦 Trockenware
05.05.2026 12:46:08,b29f0be5,4006040413509,,Faire Shokolade Zartbitter Haselnuss,20.05.2027,12,,379,,,📦 Trockenware
05.05.2026 12:44:51,0772ba1d,4006040488897,Rapunzel,Nirwana Vegan,01.05.2027,12,,360,,,📦 Trockenware
05.05.2026 09:20:35,021e78dd,4065626114889,,b*Eiscreme Vanille,29.07.2027,6,FALSE,449,,,🧊 TK
05.05.2026 09:06:38,d417d973,4260100263774,,Brokkoli,05.03.2028,16,FALSE,669,,,🧊 TK
05.05.2026 09:03:00,65fcdfa4,4250073453654,,Lachs Filets,05.12.2027,10,FALSE,578,,,🧊 TK
02.05.2026 08:36:15,2.183,4035626101028,WBI,b* Cubetti Tomatenstcke,31.12.2028,12,FALSE,970,,,📦 Trockenware
02.05.2026 08:35:07,2.182,4019736014645,ZWE,Streichďs drauf Bruschesto,19.02.2028,6,FALSE,654,,,📦 Trockenware
02.05.2026 08:33:30,2.181,4019736014522,ZWE,Streichďs drauf Arrabitom,16.01.2028,6,FALSE,620,,,📦 Trockenware
02.05.2026 08:31:27,2.180,4022381113205,SPI,Goldhirse,28.03.2027,4,FALSE,326,,,📦 Trockenware
02.05.2026 08:29:25,2.179,4035626000598,WBI,b*Risottoreis,23.12.2027,6,FALSE,596,,,📦 Trockenware
02.05.2026 08:28:05,2.178,4016512051214,ERN,Gemsebrhwrfel hf,27.04.2027,15,FALSE,356,,,📦 Trockenware
02.05.2026 08:26:17,2.177,4019736008125,ZWE,Aprikose Fruchtgarten,16.06.2027,6,FALSE,406,,,📦 Trockenware
02.05.2026 08:24:45,2.176,4019736004608,ZWE,Sauerkirsche Fruchtgarten,13.06.2027,6,FALSE,403,,,📦 Trockenware
02.05.2026 08:23:07,2.175,4030917001407,SAC,Chutney Mango,28.02.2028,6,FALSE,663,,,📦 Trockenware
02.05.2026 08:21:38,2.174,4035626112246,WBI,b*Pinienkerne,30.11.2026,8,FALSE,208,,,📦 Trockenware
02.05.2026 08:19:54,2.173,https://sanchon.de,,,30.01.2028,6,FALSE,634,,,📦 Trockenware
02.05.2026 08:17:44,2.172,4019736012832,ZWE,Soul Kitchen Gemse Curry,29.10.2027,6,FALSE,541,,,📦 Trockenware
02.05.2026 08:13:48,2.171,9004145006973,STN,Brotgewrz gemahlen Tte,31.03.2029,6,FALSE,1060,,,📦 Trockenware
02.05.2026 08:10:43,2.170,4035626110853,WBI,b*Tomaten getrocknet,16.03.2027,6,FALSE,314,,,📦 Trockenware
02.05.2026 08:08:46,2.169,4035626113083,WBI,b*Mangopree,29.08.2027,6,FALSE,480,,,📦 Trockenware
02.05.2026 08:07:03,2.168,9004145003347,STN,Zimtstangen Tte,30.03.2029,6,FALSE,1059,,,📦 Trockenware
02.05.2026 08:05:07,2.167,4015637019147,BAK,Choco Balls gf,28.03.2027,4,FALSE,326,,,📦 Trockenware
02.05.2026 07:39:22,2.166,4260669270831,SUU,Classic Kimchi,02.12.2026,6,FALSE,210,,,📦 Trockenware
30.04.2026 15:38:16,2.165,4035626113434,WBI,b*Fusilli,30.05.2028,6,FALSE,755,,,📦 Trockenware
30.04.2026 15:37:25,2.164,4035626101936,WBI,b*Tomatensauce Classico,30.01.2028,6,FALSE,634,,,📦 Trockenware
30.04.2026 15:36:39,2.163,4065626114865,WBI,b*Tomaten-Paprikamark,30.11.2028,6,FALSE,939,,,📦 Trockenware
30.04.2026 15:35:50,2.162,4035626112963,WBI,b*Tomatensauce Pizza & Pasta,30.12.2027,6,FALSE,603,,,📦 Trockenware
30.04.2026 15:35:01,2.161,4065626115244,WBI,b*Tomatensauce fr Kinder,30.01.2029,6,FALSE,1000,,,📦 Trockenware
30.04.2026 15:33:35,2.160,4009176314245,LNA,American Schoko Cookies,02.12.2026,6,FALSE,210,,,📦 Trockenware
30.04.2026 15:32:32,2.159,8718754505062,TFO,Hummus Chips Paprika,16.10.2026,6,FALSE,163,,,📦 Trockenware
29.04.2026 14:34:38,2.158,4065626114865,WBI,b*Tomaten-Paprikamark,04.11.2028,6,FALSE,913,,,📦 Trockenware
29.04.2026 12:02:42,2.157,4035626102568,WBI,b*Tomatensauce Basilico,23.1.2029,6,FALSE,993,,,📦 Trockenware
29.04.2026 12:02:07,2.156,4065626114865,WBI,b*Tomaten-Paprikamark,04.11.2028,6,FALSE,913,,,📦 Trockenware
29.04.2026 11:58:58,2.155,4260221611713,EMS,Sylter Dressing mit Balsamico,02.04.2027,6,FALSE,331,,,📦 Trockenware
29.04.2026 11:34:40,2.154,4260221611713,EMS,Sylter Dressing mit Balsamico,02.04.2027,6,FALSE,331,,,📦 Trockenware
29.04.2026 11:02:15,2.153,8718754505062,TFO,Hummus Chips Paprika,17.10.2026,6,FALSE,164,,,📦 Trockenware
29.04.2026 11:01:25,2.152,4000799109553,MOU,Espresso gemahlen entkoffeiniert,01.07.2027,6,FALSE,421,,,📦 Trockenware
29.04.2026 11:00:17,2.151,4019736014744,ZWE,Streichďs drauf Papucchini,02.03.2028,6,FALSE,666,,,📦 Trockenware
29.04.2026 10:59:35,2.150,4009176314245,LNA,American Schoko Cookies,2.12.2026,9,FALSE,210,,,📦 Trockenware
29.04.2026 10:53:23,2.149,4035661163005,WBI,b*Cashew Cranberry Mix,16.03.2027,6,FALSE,314,,,📦 Trockenware
29.04.2026 10:52:50,2.148,4035626001816,WBI,b*Haferflocken Kleinblatt,18.04.2027,6,FALSE,347,,,📦 Trockenware
29.04.2026 10:52:00,2.147,3380380057960,BLU,Blumenbrot Kastanie,25.08.2027,6,FALSE,476,,,📦 Trockenware
29.04.2026 10:42:51,2.146,3380380044908,BLU,Blumenbrot Buchweizen gf,29.07.2027,6,FALSE,449,,,📦 Trockenware
28.04.2026 09:53:59,2.145,4026584103308,SOF,Himbeeren,30.08.2028,1,FALSE,847,,,📦 Trockenware
28.04.2026 09:47:16,2.144,4065626114902,WBI,b*Eiscreme Schoko,16.05.2027,1,FALSE,375,,,📦 Trockenware
28.04.2026 09:41:49,2.143,4250073452343,FWO,"Gourmet Prawns, Riesengarnelen, blanchiert",22.12.2026,1,FALSE,230,,,📦 Trockenware
28.04.2026 09:38:21,2.142,4026584103322,SOF,Wild-Heidelbeeren,30.03.2028,1,FALSE,694,,,📦 Trockenware
28.04.2026 09:34:25,2.141,4026584103469,SOF,Mango gewrfelt,30.06.2027,1,FALSE,420,,,📦 Trockenware
28.04.2026 09:30:35,2.139,4026584103315,SOF,Erdbeeren,30.10.2027,1,FALSE,542,,,📦 Trockenware
28.04.2026 09:27:27,2.138,01042500734513841527072010675107200,,,20.7.2027,1,FALSE,440,,,📦 Trockenware
28.04.2026 09:26:23,2.137,4026584103353,SOF,Sauerkirschen,30.03.2028,1,FALSE,694,,,📦 Trockenware
28.04.2026 09:23:54,2.136,01040318297008601527011210675036400,,,12.01.2027,1,FALSE,251,,,📦 Trockenware
24.04.2026 14:01:06,2.135,20004491,Lidl,Confiture extra framboise,23.12.2027,1,FALSE,596,,,📦 Trockenware
24.04.2026 13:59:59,2.134,01040123462303991527082810L402052401,,,28.08.2027,1,FALSE,479,,,📦 Trockenware
24.04.2026 13:57:29,2.133,4035626000369,WBI,b*Zucker,30.10.2030,1,FALSE,1638,,,📦 Trockenware
24.04.2026 13:56:08,2.132,4022381232203,SPI,Dinkelgrieá,12.03.2027,1,FALSE,310,,,📦 Trockenware
24.04.2026 13:54:59,2.131,4022381027816,SPI,Sesam ungeschlt,13.02.2027,1,FALSE,283,,,📦 Trockenware
24.04.2026 13:52:33,2.130,8718754505048,TFO,Hummus Chips Rosmarin,09.09.2026,1,FALSE,126,,,📦 Trockenware
24.04.2026 13:50:45,2.129,010401651295032615270707100000167236,,,07.07.2027,1,FALSE,427,,,📦 Trockenware
24.04.2026 13:49:00,2.128,4015637824055,BAK,Mais Paniermehl gf,12.04.2027,1,FALSE,341,,,📦 Trockenware
24.04.2026 13:46:53,2.127,ODP25ITS0400845,,,19.05.2028,1,FALSE,744,,,📦 Trockenware
24.04.2026 13:35:53,2.126,4038507005606,GOV,Chiasamen,30.03.2028,1,FALSE,694,,,📦 Trockenware
24.04.2026 13:26:27,2.125,4022381027595,SPI,Haferflocken Kleinblatt gf,24.03.2027,1,FALSE,322,,,📦 Trockenware
24.04.2026 13:25:13,2.124,0104019736006473152702193006,,,19.02.2027,1,FALSE,289,,,📦 Trockenware
24.04.2026 13:24:14,2.123,4044889002560,VNI,Dunkle Vollmilch 50% Cacao,30.9.2027,1,FALSE,512,,,📦 Trockenware
24.04.2026 13:22:53,2.122,4016249017071,ALO,Hofgemse Paprika Trio,03.03.2027,1,FALSE,301,,,📦 Trockenware
24.04.2026 13:21:22,2.121,4260272987744,LCH,Meersalz Kesselchips,28.07.2026,1,FALSE,83,,,📦 Trockenware
24.04.2026 13:19:48,2.120,4260272987881,LCH,Chili Mango Kesselchips,12.8.2026,1,FALSE,98,,,📦 Trockenware
24.04.2026 13:16:32,2.118,4005561532638,BOL,Schoko Haferlinge,24.2.2027,1,FALSE,294,,,📦 Trockenware
24.04.2026 13:15:31,2.117,4005561532409,BOL,Haferlinge,05.01.2027,1,FALSE,244,,,📦 Trockenware
24.04.2026 13:14:30,2.116,020900414500734510BSPI26030402F023000615290331,,,24.3.2029,1,FALSE,1053,,,📦 Trockenware
24.04.2026 13:13:39,2.115,010402429700631215261124,,,24.11.2026,1,FALSE,202,,,📦 Trockenware
24.04.2026 13:13:03,2.114,010402429700631215261124,,,24.11.2026,1,FALSE,202,,,📦 Trockenware
24.04.2026 13:11:55,2.113,4022381027632,SPI,Buchweizenflocken gf,18.03.2027,1,FALSE,316,,,📦 Trockenware
24.04.2026 13:09:54,2.112,4015637822150,BAK,Weizen Paniermehl / Brsel,04.04.2027,1,FALSE,333,,,📦 Trockenware
21.04.2026 09:48:37,2.111,4044889001075,VNI,Cappuccino Schokolade,1.9.2027,1,FALSE,483,,,📦 Trockenware
21.04.2026 09:47:27,2.110,4044889002904,VNI,Feine Bitter mit 99% Cacao,1.4.2028,1,FALSE,696,,,📦 Trockenware
21.04.2026 09:45:51,2.109,4035626110655,WBI,b*Sultaninen,30.10.2026,1,FALSE,177,,,📦 Trockenware
21.04.2026 09:42:59,2.108,01040561140158941526110910L071,,,01.10.2026,1,FALSE,148,,,📦 Trockenware
21.04.2026 09:39:31,2.107,4030917007904,SAC,Grill und Wrzsauce Barbecue,01.02.2028,1,FALSE,636,,,📦 Trockenware
21.04.2026 09:35:04,2.106,010402123490121115261216,,,16.12.2026,1,FALSE,224,,,📦 Trockenware
21.04.2026 08:36:14,2.105,01040318297006481527090810L2537A,,,8.9.2027,1,FALSE,490,,,📦 Trockenware
21.04.2026 08:33:31,2.104,01042601002678021527012010200127,,,20.01.2027,1,FALSE,259,,,📦 Trockenware
21.04.2026 08:26:10,2.102,4026813020079,NCL,Blattspinat portioniert,1.2.2028,8,FALSE,636,,,📦 Trockenware
17.04.2026 14:51:42,2.101,4035626001793,WBI,b*Haferflocken Groáblatt,26.02.2027,6,FALSE,296,,,📦 Trockenware
17.04.2026 14:45:41,2.100,4005394285404,BVE,Gelierzucker 3:1,28.2.2029,8,FALSE,1029,,,📦 Trockenware
17.04.2026 14:32:01,2.099,4100570016237,BEP,Ayurvedische Ghee Butter,09.03.2027,6,FALSE,307,,,📦 Trockenware
17.04.2026 14:12:45,2.098,4035626001830,WBI,b*Weizenmehl 550,08.04.2027,8,FALSE,337,,,📦 Trockenware
17.04.2026 14:09:23,2.097,4035626001748,WBI,b*Classic Crunch,28.01.2027,6,FALSE,267,,,📦 Trockenware
17.04.2026 14:05:24,2.096,4035626103633,WBI,b*Schoko Msli,23.02.2027,6,FALSE,293,,,📦 Trockenware
17.04.2026 13:52:36,2.095,4022381041218,SPI,Dinkel Bauernsptzle hell,06.03.2028,12,FALSE,670,,,📦 Trockenware
17.04.2026 13:46:22,2.094,4260221613014,EMS,Mayo vegan,03.02.2027,2,FALSE,273,,,📦 Trockenware
17.04.2026 13:45:51,2.093,4260221613014,EMS,Mayo vegan,3.2.2027,4,FALSE,273,,,📦 Trockenware
17.04.2026 13:44:30,2.092,4022381513203,SPI,Buchweizen,23.02.2027,4,FALSE,293,,,📦 Trockenware
17.04.2026 13:42:18,2.091,4019736008125,ZWE,Aprikose Fruchtgarten,27.04.2027,6,FALSE,356,,,📦 Trockenware
17.04.2026 13:38:28,2.090,4260026696458,BIT,Feste Dusche Sandelholz,30.7.2028,2,FALSE,816,,,📦 Trockenware
17.04.2026 13:29:12,2.089,4022381027632,SPI,Buchweizenflocken gf,25.2.2027,4,FALSE,295,,,📦 Trockenware
17.04.2026 13:25:34,2.088,4019736011149,ZWE,Zwergensauce,13.1.2029,6,FALSE,983,,,📦 Trockenware
17.04.2026 13:16:18,2.087,4022381014106,SPI,Vk Dinkel Spiralen,18.02.2028,8,FALSE,653,,,📦 Trockenware
17.04.2026 13:14:19,2.086,4250073450639,FWO,Thunfisch im eigenen Saft Natur MSC,04.11.2028,8,FALSE,913,,,📦 Trockenware
17.04.2026 13:10:10,2.085,4035626102599,WBI,b*Tagliatelle,23.06.2028,12,FALSE,779,,,📦 Trockenware
17.04.2026 13:04:55,2.084,4019886190060,SOD,Stckseife Lemongrass & Ingwer,16.10.2028,12,FALSE,894,,,📦 Trockenware
17.04.2026 13:02:49,2.083,4260221613410,EMS,Remoulade vegan,06.03.2027,6,FALSE,304,,,📦 Trockenware
17.04.2026 13:00:46,2.082,4005394285411,BVE,Backpulver Meister Backpulver,30.11.2028,16,FALSE,939,,,📦 Trockenware
17.04.2026 12:56:13,2.081,4012346533407,LEB,Grntee Sencha,30.09.2028,6,FALSE,878,,,📦 Trockenware
10.04.2026 13:42:05,2.080,4035626112963,WBI,b*Tomatensauce Pizza & Pasta,30.12.2027,12,FALSE,603,,,📦 Trockenware
10.04.2026 13:38:04,2.079,4007547307001,SNT,Geschirrsplmittel Lemon,10.04.2027,6,FALSE,339,,,📦 Trockenware
10.04.2026 13:36:08,2.078,4019736004608,ZWE,Sauerkirsche Fruchtgarten,03.03.2027,6,FALSE,301,,,📦 Trockenware
10.04.2026 13:33:21,2.077,4035661162480,WBI,b*Bratl,20.04.2027,6,FALSE,349,,,📦 Trockenware
10.04.2026 13:30:36,2.076,4035661162527,WBI,b*Bratl Olive,20.04.2027,6,FALSE,349,,,📦 Trockenware
10.04.2026 13:19:36,2.075,4035626111287,WBI,b*Kokosmilch,10.09.2027,6,FALSE,492,,,📦 Trockenware
10.04.2026 13:15:29,2.074,4035626112925,WBI,b*Blutorangenmarmelade,10.03.2028,6,FALSE,674,,,📦 Trockenware
10.04.2026 12:34:17,2.073,4260360271816,NPU,Erbsen & Mhren,10.12.2029,6,FALSE,1314,,,📦 Trockenware
10.04.2026 12:32:42,2.072,4260360271632,NPU,Delikatess Mayonnaise,10.06.2027,6,FALSE,400,,,📦 Trockenware
10.04.2026 12:30:20,2.071,4260360271403,NPU,Erbsen,10.12.2029,6,FALSE,1314,,,📦 Trockenware
10.04.2026 11:44:12,2.070,4260360271380,NPU,Rotkohl,10.12.2028,6,FALSE,949,,,📦 Trockenware
10.04.2026 11:38:39,2.069,4260360271571,NPU,Apfelmark,10.12.2029,6,FALSE,1314,,,📦 Trockenware
10.04.2026 11:18:22,2.068,3445020296700,BPL,Rapsl nativ,10.03.2027,6,FALSE,308,,,📦 Trockenware
10.04.2026 11:15:41,2.067,4035626001892,WBI,b*Dinkelmehl 630,10.02.2027,8,FALSE,280,,,📦 Trockenware
10.04.2026 11:12:25,2.066,https://eapps.nl/qr?ref=75,,,17.11.2026,6,FALSE,195,,,📦 Trockenware
10.04.2026 11:10:15,2.065,4065626114438,WBI,b*Walnusskerne Bruch,30.9.2026,10,FALSE,147,,,📦 Trockenware
10.04.2026 11:07:54,2.064,4260355580930,BPL,Schwarzkmmell nativ,10.2.2027,4,FALSE,280,,,📦 Trockenware
10.04.2026 11:05:25,2.063,4260112294834,MKS,Dijonsenf,29.11.2026,6,FALSE,207,,,📦 Trockenware
10.04.2026 10:56:32,2.062,5998008700617,TAR,Zwetschgenmus pur,10.2.2028,6,FALSE,645,,,📦 Trockenware
10.04.2026 10:53:28,2.061,4260311984819,MGL,Quetschie Mango,18.11.2026,10,FALSE,196,,,📦 Trockenware
10.04.2026 10:48:55,2.060,https://bit.ly/3fxVxm6,,,10.01.2028,6,FALSE,614,,,📦 Trockenware
10.04.2026 10:47:21,2.059,4022381027632,SPI,Buchweizenflocken gf,10.02.2027,4,FALSE,280,,,📦 Trockenware
10.04.2026 10:43:33,2.058,4030917063504,SAC,Brotaufstrich Roter Paprika,10.01.2028,6,FALSE,614,,,📦 Trockenware
10.04.2026 10:41:30,2.057,8018759002178,SEL,Artischocken in l,10.05.2028,6,FALSE,735,,,📦 Trockenware
10.04.2026 10:38:09,2.056,8053323641155,SEL,Pesto mit Trffel,10.01.2028,6,FALSE,614,,,📦 Trockenware
10.04.2026 10:34:03,2.055,4018462416501,BYO,Condimento Bianco,10.10.2028,6,FALSE,888,,,📦 Trockenware
10.04.2026 10:31:27,2.054,8711812928667,RIT,Erdnuss Flips,26.08.2026,6,FALSE,112,,,📦 Trockenware
10.04.2026 10:23:14,2.053,3445020226905,BPL,Olivenl Orange,10.04.2027,6,FALSE,339,,,📦 Trockenware
10.04.2026 10:19:50,2.052,4260355586932,BPL,lkomposition fr die Thai Kche,31.12.2026,6,FALSE,239,,,📦 Trockenware
10.04.2026 10:18:05,2.051,4054411014305,BFU,Alpenkruter Bonbons,10.4.2029,20,FALSE,1070,,,📦 Trockenware
10.04.2026 10:15:07,2.050,4054411014800,BFU,Ingwer Limette und Ingwer Orange Bonbons,10.04.2029,20,FALSE,1070,,,📦 Trockenware
10.04.2026 10:12:55,2.049,4038857115017,KV,kovital Br ohne Gelatine,10.10.2027,12,FALSE,522,,,📦 Trockenware
10.04.2026 10:05:51,2.048,9004145027022,STN,Frosch im HalsŠ Tee,10.12.2028,6,FALSE,949,,,📦 Trockenware
10.04.2026 10:04:13,2.047,9004145006973,STN,Brotgewrz gemahlen Tte,10.9.2028,6,FALSE,858,,,📦 Trockenware
10.04.2026 10:02:11,2.046,4012346206806,LEB,Zeit zum Ankommen TB,10.11.2027,5,FALSE,553,,,📦 Trockenware
10.04.2026 09:54:59,2.045,9004145005228,STN,GlcksTee lose,10.09.2029,6,FALSE,1223,,,📦 Trockenware
10.04.2026 09:53:32,2.044,9004145005051,STN,Gute Laune Krutertee,10.09.2029,6,FALSE,1223,,,📦 Trockenware
07.04.2026 11:25:21,2.043,4035661162930,WBI,b*Mandeln,07.01.2027,6,FALSE,246,,,📦 Trockenware
07.04.2026 11:23:48,2.042,4035626001830,WBI,b*Weizenmehl 550,07.02.2027,8,FALSE,277,,,📦 Trockenware
07.04.2026 11:21:23,2.041,3445020222501,BPL,Olivenl fruchtig nativ extra,07.02.2027,6,FALSE,277,,,📦 Trockenware
07.04.2026 11:17:57,2.040,8018759003786,SEL,Tomatenpassata,07.09.2028,12,FALSE,855,,,📦 Trockenware
07.04.2026 11:14:35,2.039,4015637836072,BAK,Feine Speisestrke aus Mais gf,07.06.2027,6,FALSE,397,,,📦 Trockenware
07.04.2026 11:12:30,2.038,4019736000679,ZWE,Bolognese vegetarisch,07.12.2028,6,FALSE,946,,,📦 Trockenware
07.04.2026 11:09:14,2.037,4030917016401,SAC,Grillsauce Cajun Island,07.12.2027,6,FALSE,580,,,📦 Trockenware
07.04.2026 11:07:01,2.036,3445020295901,BPL,Leinl nativ,07.11.2026,6,FALSE,185,,,📦 Trockenware
07.04.2026 11:04:35,2.035,4030917005207,SAC,Currypaste Green Thai,7.12.2028,6,FALSE,946,,,📦 Trockenware
07.04.2026 11:02:53,2.034,4030917026707,SAC,Asiasauce Thai Mango,07.03.2027,6,FALSE,305,,,📦 Trockenware
07.04.2026 11:01:21,2.033,4022381016957,SPI,Langkornreis Thaibonnet weiá,07.05.2027,3,FALSE,366,,,📦 Trockenware
07.04.2026 10:59:19,2.032,8018759001881,SEL,Pesto Rucola,7.7.2027,6,FALSE,427,,,📦 Trockenware
07.04.2026 10:57:34,2.031,5200104102005,EPI,Grne Oliven ohne Stein,07.12.2028,6,FALSE,946,,,📦 Trockenware
07.04.2026 10:55:20,2.030,4044889005271,VNI,Feine Bitter,07.11.2027,12,FALSE,550,,,📦 Trockenware
07.04.2026 10:53:23,2.029,4012936001231,LNA,Vk Sesam Kncke,07.02.2027,10,FALSE,277,,,📦 Trockenware
07.04.2026 10:49:56,2.028,8018759001300,SEL,Grne Oliven mit Stein,28.05.2028,6,FALSE,753,,,📦 Trockenware
07.04.2026 10:46:20,2.027,262196,,,26.6.2027,1,FALSE,416,,,📦 Trockenware
02.04.2026 12:14:04,2.026,4005967003534,ROS,Walnuss Schnitte,10.07.2026,1,FALSE,65,,,📦 Trockenware
02.04.2026 12:12:51,2.025,9004145012141,STN,Adios Salz Gartengemse,02.09.2028,6,FALSE,850,,,📦 Trockenware
02.04.2026 12:05:36,2.024,4015533027710,VOE,Eistee mit Mate und Zitrone,2.9.2027,10,FALSE,484,,,📦 Trockenware
02.04.2026 12:02:29,2.023,4015533027758,VOE,Eistee mit Matcha,02.09.2027,10,FALSE,484,,,📦 Trockenware
02.04.2026 11:22:33,2.022,4012346157108,LEB,Kurkuma gem (Gelbwurz) Tte,02.04.2028,6,FALSE,697,,,📦 Trockenware
02.04.2026 11:21:28,2.021,9004145008946,STN,Paprika edelsá Tte,02.03.2029,6,FALSE,1031,,,📦 Trockenware
02.04.2026 11:11:30,2.020,4022381019040,BUM,Kartoffelpree,02.10.2027,10,FALSE,514,,,📦 Trockenware
02.04.2026 11:08:38,2.019,4035626001816,WBI,b*Haferflocken Kleinblatt,02.02.2027,6,FALSE,272,,,📦 Trockenware
02.04.2026 11:07:21,2.018,4022381517225,SPI,Krbiskerne,02.02.2027,4,FALSE,272,,,📦 Trockenware
02.04.2026 11:04:16,2.017,4065626115244,WBI,b*Tomatensauce fr Kinder,02.01.2029,6,FALSE,972,,,📦 Trockenware
02.04.2026 11:02:35,2.016,4019736007050,ZWE,Sáer Senf bayerisch,02.12.2027,6,FALSE,575,,,📦 Trockenware
02.04.2026 11:00:35,2.015,4019736008149,ZWE,Erdbeere Fruchtgarten,02.02.2027,6,FALSE,272,,,📦 Trockenware
02.04.2026 10:59:13,2.014,4019736007005,ZWE,Mittelscharfer Senf,15.10.2026,6,FALSE,162,,,📦 Trockenware
02.04.2026 10:44:00,2.013,4019736014621,ZWE,Streichďs drauf Meditom,02.01.2028,6,FALSE,606,,,📦 Trockenware
02.04.2026 10:39:16,2.012,4015637018928,BAK,Hafer Msli Schoko gf,2.3.2027,8,FALSE,300,,,📦 Trockenware
02.04.2026 10:37:21,2.011,4019736008972,ZWE,Streich Sonnen Tomate,02.11.2027,6,FALSE,545,,,📦 Trockenware
02.04.2026 10:34:42,2.010,4022381023740,BUM,Rohrohrzucker,02.03.2028,6,FALSE,666,,,📦 Trockenware
02.04.2026 10:33:16,2.009,4005967003602,ROS,Cashew Quinoa Ecke,22.07.2026,1,FALSE,77,,,📦 Trockenware
02.04.2026 10:31:17,2.008,4260360271373,NPU,Rotkohl,02.12.2029,6,FALSE,1306,,,📦 Trockenware
02.04.2026 10:28:26,2.007,4260515260085,HED,Vegane Art Leberwurst mit feinen Zutaten,02.10.2027,6,FALSE,514,,,📦 Trockenware
02.04.2026 10:27:05,2.006,4019339413050,DAV,Braune Leinsaat geschrotet,2.4.2027,6,FALSE,331,,,📦 Trockenware
02.04.2026 10:24:18,2.005,9004145006706,STN,Pfeffer schwarz gemahlen,02.03.2029,6,FALSE,1031,,,📦 Trockenware
02.04.2026 10:22:41,2.004,4250073450639,FWO,Thunfisch im eigenen Saft Natur MSC,02.11.2028,8,FALSE,911,,,📦 Trockenware
02.04.2026 10:19:52,2.003,4035626101028,WBI,b* Cubetti Tomatenstcke,02.12.2028,12,FALSE,941,,,📦 Trockenware
02.04.2026 10:17:13,2.002,4035626103541,WBI,b*Kaffee 100% Arabica,02.07.2027,12,FALSE,422,,,📦 Trockenware
02.04.2026 10:14:52,2.001,4260360271564,NPU,Apfelmus,2.12.2029,6,FALSE,1306,,,📦 Trockenware
02.04.2026 10:12:36,2.000,4013320185643,GEP,VM Mandel,30.09.2026,10,FALSE,147,,,📦 Trockenware
02.04.2026 10:08:26,1.999,8718754505062,TFO,Hummus Chips Paprika,16.10.2026,6,FALSE,163,,,📦 Trockenware
02.04.2026 10:06:10,1.998,4005967003572,ROS,Kirsch Marzipan Schnitte,22.07.2026,1,FALSE,77,,,📦 Trockenware
02.04.2026 10:03:41,1.997,4260133141087,BBF,biofix Chicken Kashmir,02.01.2028,10,FALSE,606,,,📦 Trockenware
02.04.2026 10:01:11,1.996,4012346454702,LEB,Gourmet Kaffee entkoff gem,2.4.2027,6,FALSE,331,,,📦 Trockenware
02.04.2026 09:59:40,1.995,4260752751704,SPC,Crunchy Brot Topping,2.1.2028,6,FALSE,606,,,📦 Trockenware
02.04.2026 09:57:02,1.994,4016512061152,ERN,Kruter Flssigwrze,02.12.2027,6,FALSE,575,,,📦 Trockenware
02.04.2026 09:55:08,1.993,4260360271595,NPU,Apfelmark mit Banane,2.12.2028,6,FALSE,941,,,📦 Trockenware
02.04.2026 09:40:51,1.992,4260311984659,MGL,Quetschie Erdbeere,28.10.2026,10,FALSE,175,,,📦 Trockenware
02.04.2026 09:38:25,1.991,8718754502337,YAK,Rstzwiebeln,02.02.2027,8,FALSE,272,,,📦 Trockenware
02.04.2026 09:35:01,1.990,4022381501200,SPI,Naturreis Rundkorn,06.06.2027,4,FALSE,396,,,📦 Trockenware
31.03.2026 20:11:38,1.989,4015533051142,VOE,Tomatensaft,16.01.2028,6,FALSE,620,,,📦 Trockenware
31.03.2026 20:11:02,1.988,4035626110754,WBI,b*Datteln entsteint,02.03.2027,10,FALSE,300,,,📦 Trockenware
31.03.2026 20:01:48,1.987,4035626002486,WBI,b*Dinkelvollkornmehl,23.02.2027,8,FALSE,293,,,📦 Trockenware
31.03.2026 20:00:11,1.986,4012852001100,NEU,Lammsbru Bio Urstoff,01.08.2026,10,FALSE,87,,,📦 Trockenware
31.03.2026 19:59:41,1.985,4022381023726,BUM,Rohrohrzucker,28.01.2028,10,FALSE,632,,,📦 Trockenware
31.03.2026 19:15:39,1.984,4015533057427,VOE,Bio Zisch light Zitrone naturtrb,06.11.2027,10,FALSE,549,,,📦 Trockenware
31.03.2026 19:14:55,1.983,4044889005264,VNI,Feine Bitter mit 85% Cacao,01.01.2028,10,FALSE,605,,,📦 Trockenware
31.03.2026 19:14:16,1.982,4015533002656,VOE,Apfelessig naturtrb,15.01.2028,6,FALSE,619,,,📦 Trockenware
31.03.2026 19:13:43,1.981,4260360271359,NPU,Rote Bete,31.12.2029,12,FALSE,1335,,,📦 Trockenware
31.03.2026 19:09:30,1.980,4022381501187,SPI,Naturreis Rundkorn,16.05.2027,6,FALSE,375,,,📦 Trockenware
31.03.2026 19:08:41,1.979,8713576003475,TER,Erdnussmus fein,05.01.2028,6,FALSE,609,,,📦 Trockenware
31.03.2026 19:07:53,1.978,4013320185742,GEP,Vollmilchschokolade mit Espresso und Karamellcrisp,01.01.2027,10,FALSE,240,,,📦 Trockenware
31.03.2026 19:07:20,1.977,https://www.trenn-hinweis.de/gelbe-tonne-papiertonne/,,,03.11.2026,6,FALSE,181,,,📦 Trockenware
31.03.2026 19:05:52,1.976,4015533051043,VOE,Shot Ingwer & Kurkuma,29.07.2027,8,FALSE,449,,,📦 Trockenware
31.03.2026 19:04:59,1.975,4035661162824,WBI,b*Haselnusskerne,16.03.2027,6,FALSE,314,,,📦 Trockenware
31.03.2026 19:04:00,1.974,4260355580930,BPL,Schwarzkmmell nativ,01.12.2026,6,FALSE,209,,,📦 Trockenware
31.03.2026 19:03:28,1.973,3445020225908,BPL,Olivenl oďcitron,01.04.2027,6,FALSE,330,,,📦 Trockenware
31.03.2026 19:02:56,1.972,4012346222905,LEB,Zeit zum Glcklichsein TB,01.01.2027,6,FALSE,240,,,📦 Trockenware
31.03.2026 09:12:17,1.971,4026584104312,SOF,Sákartoffel-Fritten,1.4.2027,6,FALSE,330,,,📦 Trockenware
31.03.2026 09:11:38,1.970,4031829254141,KL,"Knusper Pommes Original,12x12mm",08.09.2027,12,FALSE,490,,,📦 Trockenware
31.03.2026 09:08:37,1.969,4250073451377,FWO,"Fischstbchen, paniert",20.07.2027,12,FALSE,440,,,📦 Trockenware
27.03.2026 14:37:32,1.968,4038375026116,NTM,Haferdrink Barista,06.02.2027,8,FALSE,276,,,📦 Trockenware
27.03.2026 14:36:12,1.967,4015637019147,BAK,Choco Balls gf,14.03.2027,4,FALSE,312,,,📦 Trockenware
27.03.2026 14:34:22,1.966,4020943232715,ARC,Tapioka Strke,25.11.2027,6,FALSE,568,,,📦 Trockenware
27.03.2026 14:29:01,1.965,8018759000570,SEL,Gewrfelte Tomaten Cubettato,17.09.2028,6,FALSE,865,,,📦 Trockenware
27.03.2026 14:27:37,1.964,9004145007475,STN,Kreuzkmmel gemahlen Tte,31.3.2029,6,FALSE,1060,,,📦 Trockenware
27.03.2026 14:25:55,1.963,4012824401648,YOG,Yogi TeaŠ Frauen Power TB,30.11.2028,6,FALSE,939,,,📦 Trockenware
27.03.2026 14:23:29,1.962,4019886190473,SOD,Geschenkseife THANX,20.10.2028,12,FALSE,898,,,📦 Trockenware
27.03.2026 14:09:17,1.961,https://sanchon.de,,,27.1.2028,6,FALSE,631,,,📦 Trockenware
27.03.2026 14:08:16,1.960,4005394286272,BVE,Soáen Zauber Vanille,30.11.2028,6,FALSE,939,,,📦 Trockenware
27.03.2026 14:04:20,1.959,4015533048784,VOE,Apfel Grapefruit Schorle,20.11.2027,10,FALSE,563,,,📦 Trockenware
27.03.2026 14:02:41,1.958,4015533010262,VOE,Apfelschorle naturtrb,27.11.2027,10,FALSE,570,,,📦 Trockenware
27.03.2026 14:00:02,1.957,4038375024396,NTM,Haferdrink Natural,14.1.2027,8,FALSE,253,,,📦 Trockenware
27.03.2026 13:58:35,1.956,https://bit.ly/3fxVxm6,,,15.9.2026,8,FALSE,132,,,📦 Trockenware
27.03.2026 13:56:33,1.955,4012346277004,LEB,Fenchel Anis Kmmel Tee TB,21.11.2027,12,FALSE,564,,,📦 Trockenware
27.03.2026 13:50:25,1.954,4065626114766,WBI,b*Farfalle,15.12.2028,12,FALSE,954,,,📦 Trockenware
27.03.2026 13:48:57,1.953,https://www.trenn-hinweis.de/gelbe-tonne-papiertonne/,,,15.10.2026,6,FALSE,162,,,📦 Trockenware
27.03.2026 13:46:09,1.952,4250941775239,,,01.02.2027,6,FALSE,271,,,📦 Trockenware
27.03.2026 13:45:00,1.951,4022381113205,SPI,Goldhirse,17.2.2027,4,FALSE,287,,,📦 Trockenware
27.03.2026 13:44:03,1.950,4250941775253,,,01.02.2027,6,FALSE,271,,,📦 Trockenware
27.03.2026 13:36:01,1.949,4035626101189,WBI,b*Agavendicksaft flssig Spender,24.11.2027,6,FALSE,567,,,📦 Trockenware
27.03.2026 13:33:57,1.948,https://bit.ly/3fxVxm6,,,24.01.2028,6,FALSE,628,,,📦 Trockenware
24.03.2026 10:50:00,1.947,01090202001305991526122910163882,,,29.12.2026,1,FALSE,237,,,📦 Trockenware
24.03.2026 10:46:31,1.946,01090202001312201527011510260049,,,15.01.2027,1,FALSE,254,,,📦 Trockenware
24.03.2026 10:44:45,1.945,0104019736017998152711253006,,,25.11.2027,1,FALSE,568,,,📦 Trockenware
24.03.2026 10:43:18,1.944,0104019736014799152711043006,,,04.11.2027,1,FALSE,547,,,📦 Trockenware
24.03.2026 10:41:45,1.943,0104019736008132152701223006,,,22.01.2027,1,FALSE,261,,,📦 Trockenware
24.03.2026 10:39:22,1.942,4035626001878,WBI,b*Roggenmehl 1150,26.2.2027,1,FALSE,296,,,📦 Trockenware
24.03.2026 10:36:49,1.941,4035626001830,WBI,b*Weizenmehl 550,24.02.2027,1,FALSE,294,,,📦 Trockenware
24.03.2026 10:34:53,1.940,4260360270888,NPU,Dinkeltoast,30.07.2026,1,FALSE,85,,,📦 Trockenware
24.03.2026 10:32:15,1.939,4035626103763,WBI,b*Basis Msli,23.02.2027,1,FALSE,293,,,📦 Trockenware
24.03.2026 10:30:32,1.938,0104019736009481152711253006,,,25.11.2027,1,FALSE,568,,,📦 Trockenware
24.03.2026 10:27:31,1.937,910000423971163,,,04.08.2026,1,FALSE,90,,,📦 Trockenware
24.03.2026 10:25:32,1.936,4022381027595,SPI,Haferflocken Kleinblatt gf,02.03.2027,1,FALSE,300,,,📦 Trockenware
24.03.2026 10:23:33,1.935,4260360271526,NPU,Kidneybohnen,31.12.2029,1,FALSE,1335,,,📦 Trockenware
24.03.2026 10:21:01,1.934,4260360271502,NPU,Kichererbsen,31.12.2029,1,FALSE,1335,,,📦 Trockenware
24.03.2026 10:17:35,1.933,4260360271878,NPU,Zuckermais,30.12.2029,1,FALSE,1334,,,📦 Trockenware
20.03.2026 14:17:08,1.927,4015533023620,VOE,Bio Zisch Mate,19.11.2027,10,FALSE,562,,,📦 Trockenware
20.03.2026 14:06:40,1.926,4006040292814,Rapunzel,Pizzatomaten,20.09.2028,12,FALSE,868,,,📦 Trockenware
20.03.2026 14:03:21,1.925,4006040453116,Rapunzel,Crema con Aceto Balsamico di Modena,20.06.2028,12,FALSE,776,,,📦 Trockenware
20.03.2026 13:59:38,1.924,4006040004998,Rapunzel,Original Peanutbutter crunchy,20.01.2028,6,FALSE,624,,,📦 Trockenware
20.03.2026 13:58:10,1.923,4006040006909,Rapunzel,Gebrannte Mandel,20.02.2028,6,FALSE,655,,,📦 Trockenware
20.03.2026 13:56:47,1.922,4006040431442,Rapunzel,Steinsalz,20.02.2029,8,FALSE,1021,,,📦 Trockenware
20.03.2026 13:54:10,1.921,4006040164517,Rapunzel,Mandel-Tonka-Creme,20.08.2027,6,FALSE,471,,,📦 Trockenware
20.03.2026 13:52:34,1.920,4006040000389,Rapunzel,Peanut butter Schoko-Caramel,13.09.2026,6,FALSE,130,,,📦 Trockenware
20.03.2026 13:50:08,1.919,4006040510253,Rapunzel,Schokolade Milch Marie,20.03.2027,12,FALSE,318,,,📦 Trockenware
20.03.2026 13:49:04,1.918,4006040155188,,Reis Lasagne Pasta,20.09.2027,6,FALSE,502,,,📦 Trockenware
20.03.2026 13:44:44,1.917,4006040070504,Rapunzel,Lasagneblätter Vollkorn,20.01.2029,12,FALSE,990,,,📦 Trockenware
20.03.2026 13:43:17,1.916,4006040155188,,Reis Lasagne Pasta,20.09.2027,6,FALSE,502,,,📦 Trockenware
20.03.2026 13:31:54,1.915,4006040488897,Rapunzel,Nirwana Vegan,20.03.2027,12,FALSE,318,,,📦 Trockenware
20.03.2026 13:25:15,1.914,4006040510253,Rapunzel,Schokolade Milch Marie,20.04.2027,12,FALSE,349,,,📦 Trockenware
20.03.2026 13:23:32,1.913,4006040294108,Rapunzel,Bio Schokolade Nougat,21.04.2027,12,FALSE,350,,,📦 Trockenware
20.03.2026 13:21:28,1.912,4006040007999,Rapunzel,Bionella,21.07.2027,6,FALSE,441,,,📦 Trockenware
20.03.2026 13:18:03,1.911,4006040266167,Rapunzel,Tomaten Stücke,29.11.2026,12,FALSE,207,,,📦 Trockenware
20.03.2026 13:15:55,1.910,4006040014072,Rapunzel,Basis Porridge,22.10.2026,6,FALSE,169,,,📦 Trockenware
20.03.2026 13:10:29,1.909,4006040333982,Rapunzel,Krachnuss Müsli,21.12.2026,6,FALSE,229,,,📦 Trockenware
20.03.2026 13:07:36,1.908,4006040333982,Rapunzel,Krachnuss Müsli,21.12.2026,6,FALSE,229,,,📦 Trockenware
20.03.2026 12:53:32,1.907,4019736014683,ZWE,Streichďs drauf Papayango,24.11.2027,6,FALSE,567,,,📦 Trockenware
20.03.2026 12:48:53,1.906,4019736014546,ZWE,Streichďs drauf Mepfel,25.11.2027,6,FALSE,568,,,📦 Trockenware
20.03.2026 12:44:36,1.905,4035626113397,WBI,b*Spaghetti,19.05.2028,12,FALSE,744,,,📦 Trockenware
20.03.2026 12:41:57,1.904,4035626110594,WBI,b*Mangostcke Amlie,19.01.2027,7,FALSE,258,,,📦 Trockenware
20.03.2026 12:38:44,1.903,4250073450639,FWO,Thunfisch im eigenen Saft Natur MSC,14.05.2028,8,FALSE,739,,,📦 Trockenware
20.03.2026 12:35:22,1.902,4035626103510,WBI,b*Beeren Msli,23.02.2027,6,FALSE,293,,,📦 Trockenware
20.03.2026 12:33:47,1.901,8711812928667,RIT,Erdnuss Flips,20.08.2026,6,FALSE,106,,,📦 Trockenware
20.03.2026 12:31:09,1.900,4260360270895,NPU,Weizentoast,29.07.2026,6,FALSE,84,,,📦 Trockenware
20.03.2026 12:27:10,1.899,4035661162909,WBI,b*Cashews ger”stet Chili,20.02.2027,6,FALSE,290,,,📦 Trockenware
20.03.2026 12:24:47,1.898,8718754500951,TFO,Tortilla Chips Naturel,12.09.2026,10,FALSE,129,,,📦 Trockenware
20.03.2026 12:20:54,1.897,4035626103695,WBI,b*Spirali Tricolore,20.03.2029,12,FALSE,1049,,,📦 Trockenware
20.03.2026 12:19:12,1.896,4005967003442,ROS,Schweinsohren in Zartbitter,29.11.2026,18,FALSE,207,,,📦 Trockenware
20.03.2026 12:18:02,1.895,4005967003596,ROS,Nussecke mit Zartbitter Schoko,13.06.2026,24,FALSE,38,,,📦 Trockenware
20.03.2026 12:16:27,1.894,2261256,,,22.07.2026,24,FALSE,77,,,📦 Trockenware
20.03.2026 12:11:41,1.893,3445020001915,BPL,Omega Blue,31.12.2026,4,FALSE,239,,,📦 Trockenware
20.03.2026 12:04:54,1.892,9004145025226,STN,Glckstee TB,31.12.2028,6,FALSE,970,,,📦 Trockenware
20.03.2026 12:00:34,1.891,4260112296784,,,15.11.2026,6,FALSE,193,,,📦 Trockenware
20.03.2026 11:57:29,1.890,4044889005226,VNI,Edel Bitter mit 70% Cacao,01.01.2028,10,FALSE,605,,,📦 Trockenware
20.03.2026 11:54:00,1.889,4021457638307,LAV,basis Anti Falten Feuchtigkeitscreme Q 10,01.07.2028,1,FALSE,787,,,📦 Trockenware
20.03.2026 11:15:13,1.888,https://eapps.nl/qr?ref=76,,,20.08.2027,6,FALSE,471,,,📦 Trockenware
18.03.2026 11:04:02,1.887,4030917016203,SAC,Grillsauce Mexican Salsa,01.11.2027,6,FALSE,544,,,📦 Trockenware
18.03.2026 11:03:29,1.886,4030917005603,SAC,Asiasauce Thai Chili,01.11.2027,6,FALSE,544,,,📦 Trockenware
18.03.2026 11:02:59,1.885,5998008700679,TAR,Quittenmus,15.04.2027,6,FALSE,344,,,📦 Trockenware
18.03.2026 11:01:55,1.884,4035661163142,WBI,b*Berglinsen,16.08.2027,6,FALSE,467,,,📦 Trockenware
18.03.2026 10:59:01,1.883,8713576100112,TER,Tahin weiá,29.09.2027,6,FALSE,511,,,📦 Trockenware
18.03.2026 10:58:11,1.882,9004145002388,STN,Rooibos natur,31.03.2029,6,FALSE,1060,,,📦 Trockenware
18.03.2026 10:57:47,1.881,4260360272592,NPU,Pfirsich Stcke,01.12.2028,6,FALSE,940,,,📦 Trockenware
18.03.2026 10:55:17,1.880,4019838090295,CDO,Garucha Matcha,31.12.2029,6,FALSE,1335,,,📦 Trockenware
18.03.2026 10:54:16,1.879,https://eapps.nl/qr/?ref=36,,,07.08.2027,6,FALSE,458,,,📦 Trockenware
18.03.2026 10:53:12,1.878,4260360272158,NPU,Weiáe Riesenbohnen,05.12.2027,6,FALSE,578,,,📦 Trockenware
18.03.2026 10:52:03,1.877,4022346304242,HEU,Cayennepfeffer gem Dose,28.11.2027,6,FALSE,571,,,📦 Trockenware
18.03.2026 10:51:21,1.876,9004145003132,STN,Bohnenkraut Tte,30.09.2028,6,FALSE,878,,,📦 Trockenware
18.03.2026 10:50:51,1.875,9004145008717,STN,Chili Flocken,31.03.2029,6,FALSE,1060,,,📦 Trockenware
18.03.2026 10:44:26,1.874,9004145006768,STN,Schwarzkmmel ganz Tte,31.03.2029,6,FALSE,1060,,,📦 Trockenware
18.03.2026 10:44:00,1.873,4260355582514,BPL,Steirisches Krbiskernl,01.06.2027,4,FALSE,391,,,📦 Trockenware
18.03.2026 09:03:16,1.872,4021234101215,BHO,Krunchy Amaranth Dinkel Nuss,16.12.2026,6,FALSE,224,,,📦 Trockenware
17.03.2026 10:44:52,1.871,4035626002653,WBI,b*Dinkel Fusilli hell,05.07.2028,12,FALSE,791,,,📦 Trockenware
17.03.2026 10:44:05,1.870,ODP25ITS0401076,,,05.07.2028,12,FALSE,791,,,📦 Trockenware
17.03.2026 10:43:21,1.869,4035626000536,WBI,b*Parboiled Reis,21.11.2027,6,FALSE,564,,,📦 Trockenware
17.03.2026 10:38:54,1.868,4035626000437,WBI,b*Basmati Reis,01.12.2027,6,FALSE,574,,,📦 Trockenware
17.03.2026 10:38:19,1.867,4022381027755,SPI,Sonnenblumenkerne,06.12.2026,4,FALSE,214,,,📦 Trockenware
17.03.2026 10:37:18,1.866,4016512051047,ERN,Gemsebrhe Nachfllb hf,04.05.2027,12,FALSE,363,,,📦 Trockenware
17.03.2026 10:36:46,1.865,4012346206103,LEB,Earl Grn TB,01.11.2027,6,FALSE,544,,,📦 Trockenware
17.03.2026 10:31:47,1.864,4019736004622,ZWE,Schw Johannisbeer Fruchtgarten,27.01.2027,6,FALSE,266,,,📦 Trockenware
17.03.2026 10:31:15,1.863,4015637822952,BAK,Falafelmischung gf,30.06.2027,6,FALSE,420,,,📦 Trockenware
17.03.2026 10:30:18,1.862,https://sanchon.de,,,01.01.2028,6,FALSE,605,,,📦 Trockenware
17.03.2026 10:29:32,1.861,4015637821498,BAK,Der schnelle Ksekuchen,14.02.2027,6,FALSE,284,,,📦 Trockenware
17.03.2026 10:09:54,1.860,https://bit.ly/3fxVxm6,,,26.01.2028,6,FALSE,630,,,📦 Trockenware
17.03.2026 10:08:37,1.859,4019736018025,ZWE,Fruchtgelee Quitte,05.11.2027,6,FALSE,548,,,📦 Trockenware
17.03.2026 10:07:37,1.858,4022381027779,SPI,Leinsaat braun,12.02.2027,4,FALSE,282,,,📦 Trockenware
17.03.2026 10:06:32,1.857,4031829230800,KL,Geflgelwrstchen im Glas,17.10.2027,6,FALSE,529,,,📦 Trockenware
17.03.2026 10:05:48,1.856,4030917059101,SAC,Brotaufstrich Jalapeno,01.07.2027,6,FALSE,421,,,📦 Trockenware
17.03.2026 10:05:12,1.855,4012346533407,LEB,Grntee Sencha,08.08.2028,6,FALSE,825,,,📦 Trockenware
17.03.2026 10:04:09,1.854,4019736017318,ZWE,Himbeere Fein,19.03.2027,6,FALSE,317,,,📦 Trockenware
17.03.2026 10:03:42,1.853,4035626100533,WBI,b*Feigenkonfitre extra,17.04.2028,6,FALSE,712,,,📦 Trockenware
17.03.2026 10:03:09,1.852,26112949,,,29.04.2028,6,FALSE,724,,,📦 Trockenware
17.03.2026 10:02:27,1.851,4035626112628,WBI,b*Haselnussmus,17.11.2027,6,FALSE,560,,,📦 Trockenware
17.03.2026 10:01:59,1.850,4035626102032,WBI,b*Curryketchup,29.07.2028,6,FALSE,815,,,📦 Trockenware
17.03.2026 10:01:32,1.849,4035661163517,WBI,b*Tomatensauce Ricotta & Parmigiano Reggiano,03.02.2029,6,FALSE,1004,,,📦 Trockenware
13.03.2026 15:37:13,1.848,4022381232203,SPI,Dinkelgrieá,16.02.2027,4,FALSE,286,,,📦 Trockenware
13.03.2026 15:35:37,1.847,5200104101602,EPI,"Kalamata-Oliven, ohne Stein",26.09.2028,6,FALSE,874,,,📦 Trockenware
13.03.2026 15:07:32,1.846,4260515260085,HED,Vegane Art Leberwurst mit feinen Zutaten,29.10.2027,6,FALSE,541,,,📦 Trockenware
13.03.2026 14:52:07,1.845,4022381513203,SPI,Buchweizen,13.02.2027,4,FALSE,283,,,📦 Trockenware
13.03.2026 14:49:43,1.844,4015637823713,BAK,Dinkel Mzli Schokozart,22.02.2027,8,FALSE,292,,,📦 Trockenware
13.03.2026 14:46:05,1.843,4038857116618,KV,Cola Bottles,24.06.2027,12,FALSE,414,,,📦 Trockenware
13.03.2026 14:42:45,1.842,4260272987829,LCH,Gegrillte Paprika Kesselchips,09.07.2026,12,FALSE,64,,,📦 Trockenware
13.03.2026 14:40:17,1.841,4065626114841,WBI,b*Tomatenmark,27.10.2028,12,FALSE,905,,,📦 Trockenware
13.03.2026 14:38:41,1.840,9004145022560,STN,Gute Laune Krutertee TB,31.12.2028,6,FALSE,970,,,📦 Trockenware
13.03.2026 14:35:26,1.839,4005394200902,BVE,Vanille Pudding,30.09.2028,10,FALSE,878,,,📦 Trockenware
13.03.2026 14:33:42,1.838,4019886190466,SOD,Geschenkseife LOVE,22.10.2028,12,FALSE,900,,,📦 Trockenware
13.03.2026 14:32:03,1.837,8053323641179,SEL,Pesto al limone,02.07.2028,6,FALSE,788,,,📦 Trockenware
13.03.2026 14:29:56,1.836,4005496224011,DAP,Tortellini Gemse,02.02.2027,10,FALSE,272,,,📦 Trockenware
13.03.2026 14:28:25,1.835,4038857115017,KV,kovital Br ohne Gelatine,28.06.2027,12,FALSE,418,,,📦 Trockenware
13.03.2026 14:25:58,1.834,4038507005606,GOV,Chiasamen,01.01.2028,6,FALSE,605,,,📦 Trockenware
13.03.2026 14:23:02,1.833,9004145006782,STN,Aladins Kaffeegewrz Tte,31.03.2029,6,FALSE,1060,,,📦 Trockenware
13.03.2026 14:21:15,1.832,4038857115512,KV,Fruit Frites,26.06.2027,12,FALSE,416,,,📦 Trockenware
13.03.2026 14:11:55,1.831,4035626003339,,,26.01.2028,6,FALSE,630,,,📦 Trockenware
13.03.2026 14:08:08,1.830,4012852001735,NEU,Lammsbru Bio Naturradler alkoholfrei,01.11.2026,10,FALSE,179,,,📦 Trockenware
13.03.2026 14:04:30,1.829,https://qrco.de/bfNTBj,,,01.10.2026,10,FALSE,148,,,📦 Trockenware
13.03.2026 14:03:33,1.828,4012852001681,NEU,Lammsbru Bio Glutenfrei alkoholfrei,01.02.2027,10,FALSE,271,,,📦 Trockenware
13.03.2026 14:01:41,1.827,4106060044452,BEU,Kokos Ananas,09.10.2027,6,FALSE,521,,,📦 Trockenware
13.03.2026 13:58:55,1.826,https://natumi.com/de/verpackung,,,31.12.2026,8,FALSE,239,,,📦 Trockenware
13.03.2026 13:56:55,1.825,3445020295901,BPL,Leinl nativ,01.11.2026,6,FALSE,179,,,📦 Trockenware
13.03.2026 13:54:40,1.824,4035626001830,WBI,b*Weizenmehl 550,27.01.2027,8,FALSE,266,,,📦 Trockenware
13.03.2026 13:42:59,1.823,4015637825427,BAK,Hot Hafer Basis,11.01.2027,6,FALSE,250,,,📦 Trockenware
13.03.2026 13:39:39,1.822,https://natumi.com/de/verpackung,,,04.12.2026,8,FALSE,212,,,📦 Trockenware
13.03.2026 13:36:14,1.821,4030917044602,FRD,Wassereis Coole Lollies fruchtig,06.02.2027,10,FALSE,276,,,📦 Trockenware
13.03.2026 13:32:52,1.820,4035626111522,WBI,b*Hochlandkaffee ganze Bohne,30.03.2027,4,FALSE,328,,,📦 Trockenware
13.03.2026 13:30:29,1.819,4035626001748,WBI,b*Classic Crunch,28.01.2027,6,FALSE,267,,,📦 Trockenware
13.03.2026 13:24:49,1.818,4260272987881,LCH,Chili Mango Kesselchips,12.08.2026,12,FALSE,98,,,📦 Trockenware
13.03.2026 13:22:26,1.817,4005561006597,BOL,Traffix Kakao Kekse,05.12.2026,6,FALSE,213,,,📦 Trockenware
13.03.2026 13:20:51,1.816,4012852001629,NEU,Lammsbru Bio Weiáe alkoholfrei,13.10.2026,10,FALSE,160,,,📦 Trockenware
13.03.2026 13:18:36,1.815,4015533012358,VOE,Bio Zisch Zitrone,07.10.2027,6,FALSE,519,,,📦 Trockenware
13.03.2026 13:15:23,1.814,4260272987904,LCH,Sauerrahm Zwiebel Kesselchips,29.07.2026,12,FALSE,84,,,📦 Trockenware
10.03.2026 18:39:01,1.813,4035626101202,WBI,b*Waldhonig flssig,08.12.2027,6,FALSE,581,,,📦 Trockenware
10.03.2026 18:37:54,1.812,4035626110655,WBI,b*Sultaninen,30.09.2026,6,FALSE,147,,,📦 Trockenware
10.03.2026 18:08:43,1.811,4035626001816,WBI,b*Haferflocken Kleinblatt,03.02.2027,6,FALSE,273,,,📦 Trockenware
10.03.2026 18:07:23,1.810,4035626103602,WBI,b*Bircher Msli,13.01.2027,6,FALSE,252,,,📦 Trockenware
10.03.2026 18:06:15,1.809,4065626113349,WBI,b*Kokosl nativ,20.11.2027,6,FALSE,563,,,📦 Trockenware
10.03.2026 18:04:06,1.808,https://sanchon.de,,,01.07.2027,6,FALSE,421,,,📦 Trockenware
10.03.2026 18:03:06,1.807,4260360271977,NPU,Zuckermais,31.12.2028,6,FALSE,970,,,📦 Trockenware
10.03.2026 18:02:47,1.806,4260360271502,NPU,Kichererbsen,31.12.2026,6,FALSE,239,,,📦 Trockenware
10.03.2026 13:44:53,1.804,4019736017745,ZWE,Zwiebel Schmelz,20.01.2027,6,FALSE,259,,,📦 Trockenware
10.03.2026 13:44:24,1.803,8713576000627,TER,Wrap Dinkel mit Hafer Piadina,06.06.2026,6,FALSE,31,,,📦 Trockenware
10.03.2026 13:42:27,1.802,4009309114476,MAR,Cornichons,31.12.2029,6,FALSE,1335,,,📦 Trockenware
10.03.2026 13:41:57,1.801,4009309114384,MAR,Gewrzgurken,31.12.2026,6,FALSE,239,,,📦 Trockenware
10.03.2026 13:41:23,1.800,4260360271991,NPU,Gewrzgurken sá sauer,31.12.2029,6,FALSE,1335,,,📦 Trockenware
10.03.2026 13:40:48,1.799,4031829230855,KL,Vegetarische Wrstchen im Glas,06.05.2027,6,FALSE,365,,,📦 Trockenware
10.03.2026 13:40:21,1.798,4012346153506,LEB,Brlauch geschn u getrocknet,01.08.2028,6,FALSE,818,,,📦 Trockenware
10.03.2026 13:39:44,1.797,https://hovqr.me/34c7912b,,,06.05.2027,6,FALSE,365,,,📦 Trockenware
10.03.2026 13:37:52,1.796,4106060075968,BEU,Apfeldicksaft,21.11.2027,12,FALSE,564,,,📦 Trockenware
10.03.2026 13:37:19,1.795,4260752751704,SPC,Crunchy Brot Topping,07.10.2027,6,FALSE,519,,,📦 Trockenware
10.03.2026 13:36:24,1.794,9004145006669,STN,Thymian Tte,30.09.2028,6,FALSE,878,,,📦 Trockenware
10.03.2026 13:35:53,1.793,8412439286917,PDM,Thunfisch Oliven Pastete,29.08.2029,6,FALSE,1211,,,📦 Trockenware
10.03.2026 13:35:00,1.792,8018759001911,SEL,Kapern in Essig,27.11.2028,6,FALSE,936,,,📦 Trockenware
10.03.2026 13:34:32,1.791,4013320185803,GEP,Weiáe Schokolade Caf Blanc,28.02.2027,10,FALSE,298,,,📦 Trockenware
10.03.2026 13:31:15,1.790,9004145005914,STN,Wildkruter Tee,30.09.2029,6,FALSE,1243,,,📦 Trockenware
10.03.2026 13:30:42,1.789,9004145005051,STN,Gute Laune Krutertee,30.09.2029,6,FALSE,1243,,,📦 Trockenware
10.03.2026 10:45:01,1.788,4260459280255,,Zuckermais,03.11.2026,12,FALSE,181,,,📦 Trockenware
10.03.2026 09:22:50,1.787,4031829253205,KL,"Gartenkruter, fein gehackt",11.12.2026,10,FALSE,219,,,📦 Trockenware
10.03.2026 09:19:59,1.786,4035661162312,WBI,b*Mangosorbet,05.08.2026,6,FALSE,91,,,📦 Trockenware
10.03.2026 09:14:30,1.785,4026584103353,SOF,Sauerkirschen,25.06.2027,6,FALSE,415,,,📦 Trockenware
10.03.2026 09:13:39,1.784,4065626114889,WBI,b*Eiscreme Vanille,29.07.2027,6,FALSE,449,,,📦 Trockenware
06.03.2026 12:54:26,1.783,4035626100366,WBI,b*Orangensaft,07.11.2027,6,FALSE,550,,,📦 Trockenware
06.03.2026 12:51:51,1.782,4015533027710,VOE,Eistee mit Mate und Zitrone,07.09.2027,10,FALSE,489,,,📦 Trockenware
06.03.2026 12:48:19,1.781,http://bioweine.com/n/51224,,,30.09.2028,6,FALSE,878,,,📦 Trockenware
06.03.2026 12:45:12,1.780,4024967012957,RIE,Landpartie alkoholfrei rot,30.06.2028,6,FALSE,786,,,📦 Trockenware
06.03.2026 12:11:25,1.779,4035626001830,WBI,b*Weizenmehl 550,27.01.2027,8,FALSE,266,,,📦 Trockenware
06.03.2026 11:55:40,1.778,8713576163001,TER,Wheel,06.11.2027,1,FALSE,549,,,📦 Trockenware
06.03.2026 11:53:51,1.777,4022381027755,SPI,Sonnenblumenkerne,08.11.2026,1,FALSE,186,,,📦 Trockenware
06.03.2026 11:53:21,1.776,4022381027755,SPI,Sonnenblumenkerne,08.11.2026,3,FALSE,186,,,📦 Trockenware
06.03.2026 11:47:37,1.775,8018759001836,SEL,Pesto Rosso,06.05.2028,6,FALSE,731,,,📦 Trockenware
06.03.2026 11:45:36,1.774,8018759000341,SEL,Pesto Verde,08.01.2028,6,FALSE,612,,,📦 Trockenware
06.03.2026 11:43:37,1.773,4250073450639,FWO,Thunfisch im eigenen Saft Natur MSC,26.06.2028,8,FALSE,782,,,📦 Trockenware
06.03.2026 11:41:04,1.772,4035626001762,WBI,b*Schoko Crunch,09.12.2026,6,FALSE,217,,,📦 Trockenware
06.03.2026 11:39:11,1.771,4260221611713,EMS,Sylter Dressing mit Balsamico,12.11.2026,6,FALSE,190,,,📦 Trockenware
06.03.2026 11:34:09,1.770,8018759003939,SEL,Salsa Pronta Spaghettisauce - Familienglas,26.09.2028,6,FALSE,874,,,📦 Trockenware
06.03.2026 11:31:20,1.769,4044889005295,VNI,Vollmilch Schokolade,06.06.2027,12,FALSE,396,,,📦 Trockenware
06.03.2026 11:30:08,1.768,4044889001082,VNI,Pralin Nougat,31.12.2026,10,FALSE,239,,,📦 Trockenware
06.03.2026 11:25:08,1.767,4260311984673,MGL,Quetschie Blaubeere,01.10.2026,10,FALSE,148,,,📦 Trockenware
06.03.2026 11:19:00,1.766,4260311984932,MGL,Quetschie Himbeere,28.10.2026,10,FALSE,175,,,📦 Trockenware
06.03.2026 11:08:59,1.765,4012346000602,LEB,Hagebutte Hibiskus Tee TB,06.03.2027,12,FALSE,304,,,📦 Trockenware
06.03.2026 10:35:22,1.764,4031829254141,KL,"Knusper Pommes Original,12x12mm",08.09.2027,10,FALSE,490,,,📦 Trockenware
06.03.2026 10:34:53,1.763,4026813020079,NCL,Blattspinat portioniert,10.11.2027,10,FALSE,553,,,📦 Trockenware
06.03.2026 10:34:05,1.762,4250073453654,FWO,Lachs Filets,01.10.2027,10,FALSE,513,,,📦 Trockenware
06.03.2026 10:33:35,1.761,4024297007593,NAT,Edelkakao Lateinamerika,11.02.2028,10,FALSE,646,,,📦 Trockenware
06.03.2026 09:43:56,1.760,4260311984673,MGL,Quetschie Blaubeere,28.10.2026,10,FALSE,175,,,📦 Trockenware
04.03.2026 20:29:16,1.759,3380380057960,BLU,Blumenbrot Kastanie,09.06.2027,6,FALSE,399,,,📦 Trockenware
04.03.2026 20:28:21,1.758,4018462417553,BYO,Apfel Balsam,28.11.2027,6,FALSE,571,,,📦 Trockenware
04.03.2026 20:27:24,1.757,4022381027632,SPI,Buchweizenflocken gf,05.02.2027,4,FALSE,275,,,📦 Trockenware
04.03.2026 20:25:47,1.756,4000799109553,MOU,Espresso gemahlen entkoffeiniert,01.06.2027,6,FALSE,391,,,📦 Trockenware
04.03.2026 20:25:14,1.755,4007547206007,SNT,Handseife Rosmarin Spender,13.10.2028,6,FALSE,891,,,📦 Trockenware
04.03.2026 20:24:51,1.754,4007547302402,SNT,Handseife Citrus Spender,02.12.2028,6,FALSE,941,,,📦 Trockenware
04.03.2026 20:23:57,1.753,4035626000574,WBI,b*Vollkornreis,29.07.2027,6,FALSE,449,,,📦 Trockenware
04.03.2026 20:23:14,1.752,4035626111348,WBI,b*Ananasstcke,29.06.2027,6,FALSE,419,,,📦 Trockenware
04.03.2026 20:22:08,1.751,https://sanchon.de,,,01.08.2028,6,FALSE,818,,,📦 Trockenware
04.03.2026 20:21:32,1.750,4015637822310,BAK,Dinkel Mzli Beerenzart,06.02.2027,8,FALSE,276,,,📦 Trockenware
04.03.2026 20:19:21,1.749,8052575090582,RDA,Nocciolata Crunchy 250 g,17.07.2027,6,FALSE,437,,,📦 Trockenware
04.03.2026 20:14:06,1.748,4019736004608,ZWE,Sauerkirsche Fruchtgarten,03.03.2027,6,FALSE,301,,,📦 Trockenware
04.03.2026 20:13:38,1.747,4018462158708,BYO,Kruterremoulade mit Gewrzgurken,23.09.2026,6,FALSE,140,,,📦 Trockenware
04.03.2026 20:12:59,1.746,4022381027595,SPI,Haferflocken Kleinblatt gf,03.02.2027,6,FALSE,273,,,📦 Trockenware
04.03.2026 20:12:08,1.745,3445020222709,BPL,Olivenl fruchtig nativ extra,01.02.2027,6,FALSE,271,,,📦 Trockenware
04.03.2026 20:11:35,1.744,8713576003420,TER,Erdnussmus crunchy,05.01.2028,6,FALSE,609,,,📦 Trockenware
04.03.2026 20:10:44,1.743,4260112296784,,,01.11.2026,6,FALSE,179,,,📦 Trockenware
04.03.2026 20:09:28,1.742,9004145006812,STN,Kruter all'Italiana geschnitten Tte,30.09.2028,6,FALSE,878,,,📦 Trockenware
04.03.2026 20:08:36,1.741,9004145006829,STN,Smokey Paprika,30.09.2028,6,FALSE,878,,,📦 Trockenware
03.03.2026 15:24:29,1.740,4015533000379,VOE,Rote Bete Saft feldfrisch,28.10.2027,6,FALSE,540,,,📦 Trockenware
03.03.2026 15:23:57,1.739,4015533027758,VOE,Eistee mit Matcha,02.09.2027,10,FALSE,484,,,📦 Trockenware
03.03.2026 15:23:26,1.738,4012852253837,NOW,now Fresh Lemon,01.07.2027,10,FALSE,421,,,📦 Trockenware
03.03.2026 15:22:58,1.737,4012852201715,NEU,Lammsbru Bio Radler,01.07.2026,10,FALSE,56,,,📦 Trockenware
03.03.2026 15:06:28,1.736,9004145008809,STN,Pfeffer schwarz ganz Tte,30.09.2028,6,FALSE,878,,,📦 Trockenware
03.03.2026 15:04:36,1.735,4022346303757,HEU,Cardamon grn gemahlen Tte,05.12.2027,6,FALSE,578,,,📦 Trockenware
03.03.2026 15:04:02,1.734,9004145003170,STN,Basilikum Tte,30.09.2028,6,FALSE,878,,,📦 Trockenware
03.03.2026 15:03:20,1.733,020900414500317037061528093010AZIE25012001F02,,,30.09.2028,6,FALSE,878,,,📦 Trockenware
03.03.2026 15:02:23,1.732,4015637822907,BAK,Vk Buchweizenmehl gf,28.01.2027,6,FALSE,267,,,📦 Trockenware
03.03.2026 15:01:53,1.731,260410,,,30.01.2027,6,FALSE,269,,,📦 Trockenware
03.03.2026 15:01:12,1.730,9004145005150,STN,Basen Krutertee,30.09.2029,6,FALSE,1243,,,📦 Trockenware
03.03.2026 15:00:37,1.729,4005561532409,BOL,Haferlinge,05.01.2027,6,FALSE,244,,,📦 Trockenware
03.03.2026 14:57:27,1.728,4019736008958,ZWE,Streich Rucola Senf,30.09.2027,6,FALSE,512,,,📦 Trockenware
03.03.2026 14:56:49,1.727,4260360272554,NPU,Aprikosen halbe Frucht,31.10.2026,6,FALSE,178,,,📦 Trockenware
03.03.2026 14:56:09,1.726,8718754505024,TFO,Hummus Chips Meersalz,26.08.2026,6,FALSE,112,,,📦 Trockenware
03.03.2026 14:53:17,1.725,4012852204204,NOW,now Black Cola,03.01.2027,10,FALSE,242,,,📦 Trockenware
03.03.2026 14:45:18,1.724,4035626002752,WBI,b*Haferdrink Natur,29.01.2027,6,FALSE,268,,,📦 Trockenware
03.03.2026 14:44:51,1.723,4015533000089,VOE,Multi Natur,03.12.2026,6,FALSE,211,,,📦 Trockenware
03.03.2026 14:43:21,1.722,4015533000416,VOE,Gemsesaft feldfrisch,13.01.2028,6,FALSE,617,,,📦 Trockenware
03.03.2026 14:42:45,1.721,4015533000348,VOE,Mhrensaft feldfrisch,04.11.2027,6,FALSE,547,,,📦 Trockenware
03.03.2026 14:42:05,1.720,4035661162398,WBI,b*Apfelsaft,12.02.2027,6,FALSE,282,,,📦 Trockenware
03.03.2026 14:37:52,1.719,4012852001629,NEU,Lammsbru Bio Weiáe alkoholfrei,01.10.2026,10,FALSE,148,,,📦 Trockenware
03.03.2026 14:31:04,1.718,https://qr.econgood.org/wtkqz,,,13.01.2028,6,FALSE,617,,,📦 Trockenware
03.03.2026 14:30:18,1.717,https://qr.econgood.org/wtkqz,,,13.01.2028,6,FALSE,617,,,📦 Trockenware
03.03.2026 14:29:51,1.716,4106060049976,BEU,Pink Grapefruitsaft,12.02.2027,6,FALSE,282,,,📦 Trockenware
03.03.2026 14:29:22,1.715,https://qr.econgood.org/wtkqz,,,07.11.2026,6,FALSE,185,,,📦 Trockenware
03.03.2026 14:28:53,1.714,4015533100680,VOE,Bio Zisch Bitter Lemon,16.07.2027,6,FALSE,436,,,📦 Trockenware
03.03.2026 14:28:26,1.713,4035626000871,WBI,b*Mhre Orange Ingwer Saft,12.08.2027,6,FALSE,463,,,📦 Trockenware
03.03.2026 14:27:42,1.712,4026584103308,SOF,Himbeeren,01.11.2027,6,FALSE,544,,,📦 Trockenware
03.03.2026 14:27:17,1.711,4026584103315,SOF,Erdbeeren,01.10.2027,6,FALSE,513,,,📦 Trockenware
03.03.2026 14:26:52,1.710,4026584103353,SOF,Sauerkirschen,25.06.2027,6,FALSE,415,,,📦 Trockenware
03.03.2026 14:26:09,1.709,4026813110510,NCL,Country Kroketten,01.01.2028,10,FALSE,605,,,📦 Trockenware
03.03.2026 14:24:57,1.708,4026584104312,SOF,Sákartoffel-Fritten,01.04.2027,6,FALSE,330,,,📦 Trockenware
03.03.2026 14:24:21,1.707,4065626114889,WBI,b*Eiscreme Vanille,29.07.2027,6,FALSE,449,,,📦 Trockenware
03.03.2026 14:23:57,1.706,4035626115797,WBI,b*Zitronensorbet,04.08.2026,6,FALSE,90,,,📦 Trockenware
03.03.2026 14:23:24,1.705,4250073450462,FWO,Black Tiger Garnelen,24.05.2027,8,FALSE,383,,,📦 Trockenware
03.03.2026 14:22:32,1.704,4250073463882,FWO,Kabeljau Filets MSC,02.02.2027,10,FALSE,272,,,📦 Trockenware
03.03.2026 09:14:29,1.703,4065626114902,WBI,b*Eiscreme Schoko,16.05.2027,6,FALSE,375,,,📦 Trockenware
27.02.2026 16:19:25,1.702,4005394158005,BVE,Gelierzucker 2:1,31.07.2027,8,FALSE,451,,,📦 Trockenware
27.02.2026 16:18:02,1.701,4260360271502,NPU,Kichererbsen,31.12.2029,6,FALSE,1335,,,📦 Trockenware
27.02.2026 16:14:47,1.700,4035626000499,WBI,b*Milchreis,05.01.2028,6,FALSE,609,,,📦 Trockenware
27.02.2026 16:10:09,1.699,4019736011149,ZWE,Zwergensauce,04.11.2028,6,FALSE,913,,,📦 Trockenware
27.02.2026 16:08:11,1.698,4019736011149,ZWE,Zwergensauce,04.11.2028,6,FALSE,913,,,📦 Trockenware
27.02.2026 16:03:16,1.697,4035626111546,WBI,b*Familienhonig flssig Spender,21.07.2026,6,FALSE,76,,,📦 Trockenware
27.02.2026 16:00:06,1.696,4100570016237,BEP,Ayurvedische Ghee Butter,14.01.2027,6,FALSE,253,,,📦 Trockenware
27.02.2026 15:56:27,1.695,4035626110938,WBI,b*Cashewkerne Bruch,08.12.2026,8,FALSE,216,,,📦 Trockenware
27.02.2026 15:54:00,1.694,4016249108540,ALO,Hofgemse Erbse Basilikum,04.12.2026,6,FALSE,212,,,📦 Trockenware
27.02.2026 15:41:11,1.693,4030917016203,SAC,Grillsauce Mexican Salsa,30.11.2027,6,FALSE,573,,,📦 Trockenware
27.02.2026 15:36:44,1.692,4019886020008,SOD,WC Reiniger Citrus,25.12.2029,6,FALSE,1329,,,📦 Trockenware
27.02.2026 15:32:26,1.691,4019736008941,ZWE,Streich Rucola Tomate,16.10.2027,6,FALSE,528,,,📦 Trockenware
27.02.2026 15:28:29,1.690,https://bit.ly/3cvK3Oj,,,19.05.2028,12,FALSE,744,,,📦 Trockenware
27.02.2026 15:23:53,1.689,4035626000512,WBI,b*Parboiled Reis,02.12.2027,6,FALSE,575,,,📦 Trockenware
27.02.2026 15:17:17,1.688,4022381015950,SPI,Dinkel Muschelnudeln,03.12.2028,14,FALSE,942,,,📦 Trockenware
27.02.2026 15:13:47,1.687,4012346277608,LEB,Kamillen Tee TB,31.12.2027,12,FALSE,604,,,📦 Trockenware
27.02.2026 15:07:59,1.686,4016512050422,ERN,Rinderbouillon hf,07.07.2027,6,FALSE,427,,,📦 Trockenware
27.02.2026 15:04:12,1.685,4260360271878,NPU,Zuckermais,31.12.2029,6,FALSE,1335,,,📦 Trockenware
27.02.2026 15:02:35,1.684,4044889001051,VNI,Pfefferminz,31.05.2027,10,FALSE,390,,,📦 Trockenware
27.02.2026 15:00:06,1.683,4002029064205,HOY,Manukahonig Halspastillen Zitronenmelisse,23.01.2028,12,FALSE,627,,,📦 Trockenware
27.02.2026 14:58:18,1.682,9004145006683,STN,Majoran Tte,31.03.2029,6,FALSE,1060,,,📦 Trockenware
27.02.2026 14:56:40,1.681,4250073451223,FWO,Thunfisch in Sonnenblumenl MSC,12.06.2030,10,FALSE,1498,,,📦 Trockenware
27.02.2026 14:54:46,1.680,4012346157108,LEB,Kurkuma gem (Gelbwurz) Tte,30.04.2028,6,FALSE,725,,,📦 Trockenware
27.02.2026 14:51:43,1.679,4005394201312,BVE,Mein Tassenkuchen Schoko,31.03.2028,12,FALSE,695,,,📦 Trockenware
27.02.2026 14:50:06,1.678,4012824405912,YOG,Yogi TeaŠ Happy Nature,31.10.2027,6,FALSE,543,,,📦 Trockenware
27.02.2026 14:46:14,1.677,4015637019147,BAK,Choco Balls gf,22.02.2027,4,FALSE,292,,,📦 Trockenware
27.02.2026 14:44:06,1.676,4016249207007,ALO,Hafer Cuisine,24.10.2026,15,FALSE,171,,,📦 Trockenware
24.02.2026 11:07:54,1.675,4015533014260,VOE,Limettensaft,27.10.2026,10,FALSE,174,,,📦 Trockenware
24.02.2026 11:05:52,1.674,4022381019040,BUM,Kartoffelpree,01.10.2027,10,FALSE,513,,,📦 Trockenware
24.02.2026 10:50:04,1.672,4012346454702,LEB,Gourmet Kaffee entkoff gem,05.04.2027,6,FALSE,334,,,📦 Trockenware
24.02.2026 10:49:04,1.671,4012852001650,NEU,Lammsbru Bio alkoholfrei,01.09.2026,10,FALSE,118,,,📦 Trockenware
24.02.2026 10:47:03,1.669,4035626001830,WBI,b*Weizenmehl 550,27.01.2027,8,FALSE,266,,,📦 Trockenware
24.02.2026 10:45:45,1.668,4019736007005,ZWE,Mittelscharfer Senf,15.10.2026,6,FALSE,162,,,📦 Trockenware
24.02.2026 10:45:21,1.667,4019736014546,ZWE,Streichďs drauf Mepfel,25.11.2027,6,FALSE,568,,,📦 Trockenware
24.02.2026 10:42:13,1.666,4035626111287,WBI,b*Kokosmilch,02.09.2027,6,FALSE,484,,,📦 Trockenware
24.02.2026 10:41:21,1.665,4260360270888,NPU,Dinkeltoast,26.07.2026,6,FALSE,81,,,📦 Trockenware
24.02.2026 10:38:46,1.664,http://bioweine.com/n/73000,,,01.08.2028,6,FALSE,818,,,📦 Trockenware
24.02.2026 10:22:22,1.663,4015533022838,VOE,Rhabarber Schorle,04.09.2027,10,FALSE,486,,,📦 Trockenware
24.02.2026 10:15:30,1.662,4019736004028,ZWE,Tomatensauce Basilikum,29.10.2027,6,FALSE,541,,,📦 Trockenware
24.02.2026 10:14:54,1.661,8718754505062,TFO,Hummus Chips Paprika,05.08.2026,6,FALSE,91,,,📦 Trockenware
24.02.2026 10:12:55,1.660,https://bit.ly/3fxVxm6,,,05.11.2027,6,FALSE,548,,,📦 Trockenware
24.02.2026 10:12:18,1.659,4019736014669,ZWE,Streichďs drauf Tomesan,22.10.2027,6,FALSE,534,,,📦 Trockenware
24.02.2026 10:11:43,1.658,https://bit.ly/3fxVxm6,,,05.11.2027,6,FALSE,548,,,📦 Trockenware
24.02.2026 10:11:00,1.657,8018759000570,SEL,Gewrfelte Tomaten Cubettato,17.09.2028,6,FALSE,865,,,📦 Trockenware
24.02.2026 10:03:48,1.656,9004145002029,STN,Brennnessel lose,31.03.2029,6,FALSE,1060,,,📦 Trockenware
24.02.2026 10:03:12,1.655,4013320131725,GEP,Trinkschokolade,11.11.2027,6,FALSE,554,,,📦 Trockenware
24.02.2026 10:02:21,1.654,8711812928667,RIT,Erdnuss Flips,17.07.2026,6,FALSE,72,,,📦 Trockenware
24.02.2026 10:01:19,1.653,4044889005288,VNI,Dunkle Nougat,01.01.2027,12,FALSE,240,,,📦 Trockenware
24.02.2026 10:00:36,1.652,4260360271632,NPU,Delikatess Mayonnaise,30.04.2027,6,FALSE,359,,,📦 Trockenware
24.02.2026 09:59:33,1.651,9004145003156,STN,Liebstckel geschnitten Tte,30.09.2028,6,FALSE,878,,,📦 Trockenware
24.02.2026 09:58:51,1.650,8018759001911,SEL,Kapern in Essig,27.11.2028,6,FALSE,936,,,📦 Trockenware
24.02.2026 09:58:20,1.649,8018759003786,SEL,Tomatenpassata,17.09.2028,12,FALSE,865,,,📦 Trockenware
24.02.2026 09:55:36,1.648,4022346318676,HEU,Muskatnsse ganz Tte,17.10.2027,5,FALSE,529,,,📦 Trockenware
24.02.2026 09:54:24,1.647,4013320115442,GEP,Trinkschokolade Zartbitter,29.12.2027,6,FALSE,602,,,📦 Trockenware
20.02.2026 18:01:07,1.646,4012852001629,NEU,Lammsbru Bio Weiáe alkoholfrei,01.09.2026,10,FALSE,118,,,📦 Trockenware
20.02.2026 17:58:57,1.645,4006040510079,Rapunzel,Spirelli 100% rote Linsen,26.09.2027,12,FALSE,508,,,📦 Trockenware
20.02.2026 17:56:47,1.644,4006040635024,Rapunzel,Reis-Spirelli GLUTENFREI,28.11.2027,12,FALSE,571,,,📦 Trockenware
20.02.2026 17:53:35,1.642,4006040320715,Rapunzel,Krachnuss Vollmilchschokolade mit Haselnüssen,07.03.2027,12,FALSE,305,,,📦 Trockenware
20.02.2026 17:52:05,1.641,4006040164517,Rapunzel,Mandel-Tonka-Creme,16.06.2027,6,FALSE,406,,,📦 Trockenware
20.02.2026 17:50:47,1.640,4006040016533,Rapunzel,Kokos- & Mandelmus,09.12.2027,6,FALSE,582,,,📦 Trockenware
20.02.2026 17:44:56,1.639,4006040197959,Rapunzel,Karamell,09.01.2028,12,FALSE,613,,,📦 Trockenware
20.02.2026 17:39:40,1.638,4006040320593,Rapunzel,"Himbeere, vegane Schokolade",01.03.2027,12,FALSE,299,,,📦 Trockenware
20.02.2026 17:39:04,1.637,4006040320623,Rapunzel,Caramel & Salt vegane Schokolade,01.03.2027,12,FALSE,299,,,📦 Trockenware
20.02.2026 17:36:49,1.636,4006040003113,Rapunzel,Samba Haselnuss,20.10.2027,6,FALSE,532,,,📦 Trockenware
20.02.2026 17:34:57,1.635,4006040012023,Rapunzel,Borlotti Bohnen,09.09.2029,6,FALSE,1222,,,📦 Trockenware
20.02.2026 17:31:16,1.634,4006040003014,Rapunzel,SAMBA Haselnuss,03.12.2027,6,FALSE,576,,,📦 Trockenware
20.02.2026 17:30:31,1.633,4006040003069,Rapunzel,Nuss-Nougat-Creme,28.04.2027,6,FALSE,357,,,📦 Trockenware
20.02.2026 17:29:30,1.632,4006040003052,,,28.04.2027,1,FALSE,357,,,📦 Trockenware
20.02.2026 14:18:43,1.624,4022381027632,SPI,Buchweizenflocken gf,17.12.2026,4,FALSE,225,,,📦 Trockenware
20.02.2026 13:58:38,1.623,4005394285411,BVE,Backpulver Meister Backpulver,31.05.2028,16,FALSE,756,,,📦 Trockenware
20.02.2026 13:10:01,1.604,4012824403185,YOG,Yogi TeaŠ Natrliche Abwehr TB,31.12.2028,6,FALSE,970,YogiTea,Natürliche,📦 Trockenware
20.02.2026 13:06:48,1.603,4012824403185,YOG,Yogi TeaŠ Natrliche Abwehr TB,31.10.2028,6,FALSE,909,YogiTea,Natürliche,📦 Trockenware
20.02.2026 13:04:53,1.602,4015533033056,VOE,Kombucha Original,10.11.2027,10,FALSE,553,Voelkel,Komucha,📦 Trockenware
20.02.2026 13:02:58,1.601,4016249173890,ALO,Linsenaufstrich Gelbe Linse Curry,01.12.2026,6,FALSE,209,Allos,Linsenaufstrich,📦 Trockenware
20.02.2026 10:17:22,1.618,9004145012424,Sonnentor,"Zwiebeln, getrocknet",30.04.2028,1,FALSE,725,,,📦 Trockenware
20.02.2026 10:16:58,1.617,9004145012424,Sonnentor,"Zwiebeln, getrocknet",28.03.2027,1,FALSE,326,,,📦 Trockenware
18.02.2026 12:03:04,1.616,4260108828012,,Krefelder kaffee EANs prüfen / einpflegen (biooffice?),16.07.2026,5,FALSE,71,,,📦 Trockenware
18.02.2026 10:32:31,1.615,4035626000451,WBI,b*Basmati Reis,17.10.2027,6,FALSE,529,,,📦 Trockenware
18.02.2026 10:31:47,1.614,4035626000536,WBI,b*Parboiled Reis,20.10.2027,6,FALSE,532,,,📦 Trockenware
18.02.2026 10:30:45,1.613,4035626000499,WBI,b*Milchreis,01.12.2027,6,FALSE,574,,,📦 Trockenware
18.02.2026 10:25:22,1.612,4035626002691,WBI,b*Dinkel Spaghetti hell,06.03.2028,12,FALSE,670,,,📦 Trockenware
18.02.2026 10:24:20,1.611,4035626002653,WBI,b*Dinkel Fusilli hell,05.07.2028,12,FALSE,791,,,📦 Trockenware
18.02.2026 10:21:50,1.610,4035626000512,WBI,b*Parboiled Reis,02.12.2027,6,FALSE,575,,,📦 Trockenware
18.02.2026 10:19:49,1.609,4016512032305,ERN,Sauce Hollandaise,02.11.2027,12,FALSE,545,,,📦 Trockenware
18.02.2026 10:17:59,1.608,4035626000598,WBI,b*Risottoreis,20.10.2027,6,FALSE,532,,,📦 Trockenware
18.02.2026 10:16:27,1.607,4035626000437,WBI,b*Basmati Reis,01.12.2027,6,FALSE,574,,,📦 Trockenware
18.02.2026 10:14:58,1.606,4035626102537,WBI,b*Lasagneplatten,25.08.2028,12,FALSE,842,,,📦 Trockenware
13.02.2026 14:37:24,1.600,4035626101028,WBI,b* Cubetti Tomatenstücke,31.12.2027,12,FALSE,604,bioladen,Cubetti Tomaten ,📦 Trockenware
13.02.2026 14:23:19,1.599,4065626115282,WBI,b*Pelati geschälte Tomaten,,12,FALSE,,Bioladen,Geschälte Tomaten ,📦 Trockenware
13.02.2026 14:20:44,1.598,4035626113434,WBI,b*Fusilli,19.05.2028,16,FALSE,744,bioladen,Fusili,📦 Trockenware
13.02.2026 14:18:48,1.597,4031829230855,™KL,Vegetarische Würstchen im Glas,12.03.2027,6,FALSE,310,Ökoland,Vegetarische,📦 Trockenware
13.02.2026 14:17:05,1.596,9004145008762,STN,Curry süá gemahlen Tüte,30.09.2028,6,FALSE,878,Sonnentor,Curry,📦 Trockenware
13.02.2026 14:14:49,1.595,4260355580930,BPL,Schwarzkümmel”l nativ,01.12.2026,4,FALSE,209,bio Planete,Schwarz Kümmel nativ,📦 Trockenware
13.02.2026 14:13:15,1.594,3445020001915,BPL,Omega Blue,01.12.2026,4,FALSE,209,Bio Planete,Leinöl Mixtur,📦 Trockenware
13.02.2026 14:11:24,1.593,4022346105726,HEU,Dillspitzen,18.07.2027,5,FALSE,438,Heuschrecke,Dill Spitzen ,📦 Trockenware
13.02.2026 14:09:57,1.592,4056114005895,SOM,Kokos Feine Plätzchen,21.08.2026,6,FALSE,107,Sommer,Dinkel Kekse ,📦 Trockenware
13.02.2026 14:07:47,1.591,4035626102599,WBI,b*Tagliatelle,23.06.2028,9,FALSE,779,Bioladen,Tagliatelle,📦 Trockenware
13.02.2026 13:29:14,1.590,4035661162503,WBI,b*Oliven”l nativ extra,09.01.2027,6,FALSE,248,bioladen,Natives Olivenöl ,📦 Trockenware
13.02.2026 13:21:27,1.589,4031829230800,™KL,Geflügelwürstchen im Glas,08.09.2027,6,FALSE,490,Ökoland,Geflügelwürstchen,📦 Trockenware
13.02.2026 13:20:09,1.588,4044889002171,VNI,Zartbitter Marzipan Amaretto,01.11.2026,10,FALSE,179,Vivani,Feine Bitter,📦 Trockenware
13.02.2026 13:17:56,1.587,4260360271373,NPU,Rotkohl,31.12.2028,6,FALSE,970,Nur,Rotkohl ,📦 Trockenware
13.02.2026 13:15:34,1.586,3445020295901,BPL,Lein”l nativ,01.09.2026,6,FALSE,118,Bio planete ,Leinöl nativ ,📦 Trockenware
13.02.2026 13:11:25,1.585,4260272987744,LCH,Meersalz Kesselchips,26.07.2026,12,FALSE,81,Lisas,chips meersalz,📦 Trockenware
13.02.2026 13:05:18,1.583,4024297006305,NAT,Delikatess Mayonnaise Tube,01.10.2026,8,FALSE,148,Naturata,Mayonnaise,📦 Trockenware
13.02.2026 13:03:02,1.582,4035626112130,WBI,b*Cranberries gesüát,01.11.2026,10,FALSE,179,Bioladen,Cranberries,📦 Trockenware
13.02.2026 13:00:56,1.581,4012824401396,YOG,Yogi Tea© Halswärmer TB,01.11.2028,6,FALSE,910,Yogi,Halswärmer,📦 Trockenware
13.02.2026 12:58:43,1.580,4035626110754,WBI,b*Datteln entsteint,30.12.2026,10,FALSE,238,bioladen*,"Datteln-2,28€/12.9.22",📦 Trockenware
13.02.2026 12:56:06,1.579,4035626001748,WBI,b*Classic Crunch,01.11.2026,6,FALSE,179,Bioladen,Classic Crunch ,📦 Trockenware
10.02.2026 12:10:47,1.577,8018759000877,SEL,🔍 Web Suche,18.10.2027,6,FALSE,530,Laselva,Salsa ,📦 Trockenware
10.02.2026 11:59:09,1.576,4000345046080,NCO,🔍 Web Suche,15.04.2027,6,FALSE,344,Natur,Gemüsebrühe,📦 Trockenware
10.02.2026 11:46:45,1.575,4015637822884,BAK,🔍 Web Suche,06.12.2026,6,FALSE,214,Bauck,Reismehl,📦 Trockenware
10.02.2026 11:44:04,1.574,4260221611614,EMS,🔍 Web Suche,11.11.2026,6,FALSE,189,Emils,Vinaigrette ,📦 Trockenware
06.02.2026 17:20:01,1.573,4260360271878,NPU,Zuckermais,31.12.2028,6,FALSE,970,Nur,Mais,📦 Trockenware
06.02.2026 16:33:55,1.572,4035626101028,WBI,b* Cubetti Tomatenstücke,31.12.2027,12,FALSE,604,bioladen,Tomaten stucke,📦 Trockenware
06.02.2026 16:29:33,1.571,9004145003026,STN,Kümmel ganz Tüte,30.09.2028,6,FALSE,878,Sonnentor,Kümmel,📦 Trockenware
06.02.2026 16:20:31,1.570,9004145003217,STN,Koriander ganz Tüte,30.09.2028,6,FALSE,878,Sonnentor,Koriander,📦 Trockenware
06.02.2026 16:18:38,1.569,9004145003422,STN,Pfeffer weiß ganz,30.09.2028,6,FALSE,878,Sonnentor,Pfeffer ganz ,📦 Trockenware
06.02.2026 16:16:38,1.568,9004145008458,STN,Ras el Hanout Gewürz,31.03.2029,6,FALSE,1060,Sonnentor,Ras,📦 Trockenware
06.02.2026 16:15:27,1.567,4012346161105,LEB,Salatdressing Garten Kräuter,01.09.2027,6,FALSE,483,Lebensbaum,Gartenkräuter,📦 Trockenware
06.02.2026 16:13:31,1.566,9004145008953,STN,Kardamom ganz,30.09.2028,6,FALSE,878,Sonnentor,Kardamom,📦 Trockenware
03.02.2026 12:24:27,1.565,4035626001816,WBI,b*Haferflocken Kleinblatt,19.01.2027,6,FALSE,258,bioladen,Haferflocken,📦 Trockenware
03.02.2026 12:22:06,1.564,4035626002486,WBI,b*Dinkelvollkornmehl,18.08.2026,8,FALSE,104,Bioladen ,Dinkelmehl,📦 Trockenware
03.02.2026 12:19:24,1.563,4035626001830,WBI,b*Weizenmehl 550,27.01.2027,8,FALSE,266,bioladen,Weizenmehl,📦 Trockenware
03.02.2026 12:16:44,1.562,4022381027595,SPI,Haferflocken Kleinblatt gf,12.01.2027,6,FALSE,251,Spielberger,Haferflocken ,📦 Trockenware
03.02.2026 12:10:30,1.561,4035626101219,WBI,b*Wildblütenhonig cremig,16.10.2027,6,FALSE,528,bioladen,Wildblütenhonig,📦 Trockenware
03.02.2026 12:08:37,1.560,4019736007036,ZWE,Wiking Senf,17.12.2026,6,FALSE,225,Zwergenwiese,Wiking,📦 Trockenware
03.02.2026 12:06:53,1.559,4035626100496,WBI,b*Orangenmarmelade,04.11.2029,6,FALSE,1278,bioladen,Orangenmarmelade,📦 Trockenware
03.02.2026 12:05:14,1.558,4260360271588,NPU,Apfelmark,31.12.2028,6,FALSE,970,Nur,Apfelmark,📦 Trockenware
03.02.2026 12:02:00,1.557,4035626102780,WBI,b*Frühstückshonig cremig,08.12.2027,6,FALSE,581,Bioladen ,Cremiger Frühstückshonig,📦 Trockenware
03.02.2026 11:59:39,1.556,4012936001231,LNA,Vk Sesam Knäcke,04.11.2026,10,FALSE,182,linea,Knäckebrot ,📦 Trockenware
03.02.2026 11:55:02,1.555,4035626114080,WBI,b*Ingwerstücke kandiert,04.11.2026,6,FALSE,182,Bioladen,Ingwerstücke,📦 Trockenware
03.02.2026 11:51:20,1.554,3445020223706,BPL,Oliven”l mild nativ extra,01.01.2027,6,FALSE,240,Bio,Olivenöl ,📦 Trockenware
03.02.2026 11:47:37,1.553,3445020220507,BPL,Oliven”l mittel fruchtig nat e,01.01.2027,6,FALSE,240,Bio,Ölivenöl,📦 Trockenware
03.02.2026 11:41:26,1.552,3445020222501,BPL,Oliven”l fruchtig nativ extra,01.01.2027,6,FALSE,240,Bio,Olivenöl,📦 Trockenware
03.02.2026 11:34:05,1.551,4022381027632,SPI,Buchweizenflocken gf,17.12.2026,4,FALSE,225,Spielberger,Buchweizenflocken,📦 Trockenware
03.02.2026 11:31:44,1.550,4005967004685,ROS,Dinkel Waffelr”llchen Vollmilch,15.12.2026,6,FALSE,223,Rosengarten,Dinkel Waffelröllchen,📦 Trockenware
30.01.2026 09:56:49,1.549,4035626002752,WBI,b*Haferdrink Natur,04.11.2026,6,FALSE,182,bioladen,Hafer,📦 Trockenware
30.01.2026 09:55:32,1.548,8004192103107,LTA,Lauretana Wasser ohne,31.07.2027,18,FALSE,451,Lauretana,Ohne,📦 Trockenware
30.01.2026 09:53:12,1.547,4035626100366,WBI,b*Orangensaft,07.11.2027,6,FALSE,550,bioladen*,Orangensaft,📦 Trockenware
30.01.2026 09:52:26,1.546,4023216000042,PIN,Pinkus Hefe Weizenbier,31.07.2026,8,FALSE,86,Pinkus,Pinkus,📦 Trockenware
30.01.2026 09:49:40,1.545,4035626102773,WBI,b*Frühstückssaft,07.11.2027,6,FALSE,550,bioladen*,Frühstück,📦 Trockenware
30.01.2026 09:48:23,1.544,4022569110002,LHQ,St. Leonhard Quelle still,20.01.2028,6,FALSE,624,St,Ohne,📦 Trockenware
30.01.2026 09:40:38,1.543,4065626114841,WBI,b*Tomatenmark,27.10.2028,12,FALSE,905,bioladen*,Tomatenmark,📦 Trockenware
30.01.2026 09:32:14,1.542,4013320185643,GEP,VM Mandel,30.09.2026,10,FALSE,147,GEPA,Mandelschokolade,📦 Trockenware
30.01.2026 09:29:55,1.541,4005967004647,ROS,Dinkel Waffelblättchen Zartbitter,30.11.2026,6,FALSE,208,Rosen Garten,Waffel Blättchen,📦 Trockenware
30.01.2026 09:27:40,1.540,9004145008809,STN,Pfeffer schwarz ganz Tüte,30.09.2028,6,FALSE,878,Sonnentor,Pfeffer,📦 Trockenware
30.01.2026 09:14:29,1.539,4038375025461,NTM,Haferdrink Glutenfrei,20.10.2026,8,FALSE,167,Natumi,Hafer,📦 Trockenware
30.01.2026 09:11:52,1.538,62463072,,Erdbeere,02.10.2026,10,FALSE,149,Mogli,Erdbeere,📦 Trockenware
30.01.2026 09:06:42,1.537,4260360272592,NPU,Pfirsich Stücke,31.12.2028,6,FALSE,970,Puur,Pfirsich ,📦 Trockenware
30.01.2026 09:02:28,1.536,4260360271960,NPU,Sauerkirschen entsteint,31.12.2028,6,FALSE,970,Nur,Kirschen,📦 Trockenware
30.01.2026 09:00:16,1.535,4056114005277,SOM,Shortbread Bites - Buttergebäck,03.09.2026,6,FALSE,120,Sommer,Shortbread,📦 Trockenware
30.01.2026 08:56:32,1.534,4019339413050,DAV,Braune Leinsaat geschrotet,18.01.2027,6,FALSE,257,Davert,Braune,📦 Trockenware
30.01.2026 08:52:08,1.533,4100570016237,BEP,Ayurvedische Ghee Butter,08.01.2027,6,FALSE,247,Bergpracht,Bio-Ghee,📦 Trockenware
30.01.2026 08:50:12,1.532,9004145003354,STN,Lorbeerblätter ganz,30.09.2028,6,FALSE,878,Sonnentor,Lorbeerblätter,📦 Trockenware
30.01.2026 08:36:23,1.531,4260311984819,MGL,Quetschie Mango,18.11.2026,10,FALSE,196,Mogli,Mango,📦 Trockenware
30.01.2026 08:33:47,1.530,4022381027816,SPI,Sesam ungeschält,15.01.2027,4,FALSE,254,Spielberger,Sesam,📦 Trockenware
28.01.2026 09:19:52,1.529,4006040003885,Rapunzel,Macadamia,15.11.2026,6,FALSE,193,Rapunzel,Macadamia,📦 Trockenware
28.01.2026 08:38:24,1.525,4006040320623,Rapunzel,Caramel & Salt,01.08.2026,6,FALSE,87,Rapunzel,Caramel & Salt,📦 Trockenware
27.01.2026 09:16:31,1.524,4015016002104,BWQ,Berg. Waldq. prickelnd Glas,18.12.2027,12,FALSE,591,Bergische ,Viel,📦 Trockenware
27.01.2026 09:14:23,1.523,4012852001629,NEU,Lammsbräu Bio Weiáe alkoholfrei,31.08.2026,10,FALSE,117,Lammsbräu,Neumarkter,📦 Trockenware
27.01.2026 09:02:33,1.522,4035626110617,WBI,b*Feigen,08.12.2026,10,FALSE,216,Biladen,Feigen,📦 Trockenware
27.01.2026 08:54:01,1.521,8718754500951,TFO,Tortilla Chips Naturel,07.06.2026,10,FALSE,32,Trafo,Corn,📦 Trockenware
27.01.2026 08:48:39,1.520,4035626103763,WBI,b*Basis Müsli,19.11.2026,6,FALSE,197,Bioladen ,Basis ,📦 Trockenware
27.01.2026 08:46:12,1.519,4035626110655,WBI,b*Sultaninen,31.08.2026,7,FALSE,117,Bioladen,SULTANINEN,📦 Trockenware
27.01.2026 08:42:34,1.518,8711812928667,RIT,Erdnuss Flips,18.06.2026,6,FALSE,43,De,Erdnuss,📦 Trockenware
27.01.2026 08:36:37,1.517,4260360271359,NPU,Rote Bete,31.12.2029,6,FALSE,1335,Nur,Rote,📦 Trockenware
27.01.2026 08:34:04,1.516,4035626001793,WBI,b*Haferflocken Groáblatt,20.01.2027,6,FALSE,259,Bioladen,Haferflocken,📦 Trockenware
27.01.2026 08:31:28,1.515,3445020001755,BPL,Brat Oliven”l,31.01.2027,6,FALSE,270,Bio,Brat,📦 Trockenware
27.01.2026 08:29:41,1.514,4019736007005,ZWE,Mittelscharfer Senf,15.10.2026,6,FALSE,162,Zwergenwiese,Mittelscharfer,📦 Trockenware
27.01.2026 08:26:37,1.513,4016249003531,ALO,Halva,28.04.2027,12,FALSE,357,Allos,Halva,📦 Trockenware
27.01.2026 08:23:29,1.512,3445020204705,BPL,Brat- und Back”l,31.08.2026,6,FALSE,117,Bio,Brat,📦 Trockenware
27.01.2026 08:21:01,1.511,4000799109461,MOU,Kaffee und Malz Instant,31.08.2028,6,FALSE,848,Mount Hagen,Kaffe,📦 Trockenware
27.01.2026 08:15:36,1.510,4035626000499,WBI,b*Milchreis,01.12.2027,6,FALSE,574,Bioladen ,Milchreis,📦 Trockenware
27.01.2026 08:12:18,1.509,4030917003005,SAC,Würzsauce Habanero Hot,31.10.2028,6,FALSE,909,Sanchon,Würzsauce,📦 Trockenware
23.01.2026 13:53:55,1.508,4006040272618,Rapunzel,Kräutersalz,30.11.2027,12,FALSE,573,Rapunzel,Kräutersalz,📦 Trockenware
23.01.2026 11:38:28,1.507,4015016002081,BWQ,Berg. Waldq. still Glas,22.12.2027,12,FALSE,595,Bergische ,Wasser,📦 Trockenware
23.01.2026 11:36:33,1.506,8004192103305,LTA,Lauretana Wasser mild,31.05.2027,18,FALSE,390,Lauretana,Medium ,📦 Trockenware
23.01.2026 11:33:33,1.505,4035661162398,WBI,b*Apfelsaft,17.05.2027,6,FALSE,376,Bioladen ,Apfel,📦 Trockenware
23.01.2026 11:31:29,1.504,4015016002050,BWQ,Berg. Waldq. medium Glas,22.12.2027,24,FALSE,595,Bergische Waldquelle,Medium,📦 Trockenware
23.01.2026 11:28:50,1.503,4022569100003,LHQ,St. Leonhard Quelle medium,09.01.2028,6,FALSE,613,St.Leonhards,Mit,📦 Trockenware
23.01.2026 11:24:34,1.502,8004192103107,LTA,Lauretana Wasser ohne,31.07.2027,36,FALSE,451,Lauretana,Still,📦 Trockenware
23.01.2026 11:17:24,1.500,4006040431442,Rapunzel,Steinsalz,23.12.2028,8,FALSE,962,Rapunzel,Steinsalz,📦 Trockenware
23.01.2026 11:14:45,1.499,4006040164517,Rapunzel,Mandel-Tonka-Creme,20.04.2027,6,FALSE,349,Rapunzel,Mandel-Tonka-Creme,📦 Trockenware
23.01.2026 11:11:42,1.498,4006040272618,Rapunzel,Kräutersalz,30.11.2027,12,FALSE,573,Rapunzel,Kräutersalz,📦 Trockenware
23.01.2026 11:08:24,1.497,4019736017257,ZWE,Aprikose Fein,18.03.2027,6,FALSE,316,Zwergenwiese,Fein,📦 Trockenware
23.01.2026 11:06:37,1.496,4006040003014,Rapunzel,SAMBA,16.10.2027,6,FALSE,528,Rapunzel,SAMBA,📦 Trockenware
23.01.2026 11:04:19,1.495,4006040003113,Rapunzel,Samba,20.10.2027,6,FALSE,532,Rapunzel,Samba,📦 Trockenware
23.01.2026 10:49:38,1.494,4019736017967,ZWE,Fruchtgelee Himbeere,08.12.2027,6,FALSE,581,Zwergenwiese ,Himbeere ,📦 Trockenware
23.01.2026 10:42:59,1.492,4006040209973,Rapunzel,Faire,30.12.2026,12,FALSE,238,Rapunzel,Faire,📦 Trockenware
23.01.2026 10:34:21,1.491,4006040007999,Rapunzel,Bionella,09.05.2027,6,FALSE,368,"Rapunzel,Bionella",Bionella,📦 Trockenware
23.01.2026 10:31:57,1.490,4006040266105,Rapunzel,Kichererbsen,20.11.2026,12,FALSE,198,Rapunzel,Kichererbsen,📦 Trockenware
23.01.2026 10:29:23,1.489,4019736018001,ZWE,Fruchtgelee rote Johannisbeere,25.11.2027,6,FALSE,568,Zwergwiese,rote,📦 Trockenware
23.01.2026 10:24:42,1.488,4019736012832,ZWE,Soul Kitchen Gemüse Curry,29.10.2027,6,FALSE,541,Zwergenwiese,Curry:,📦 Trockenware
23.01.2026 10:21:33,1.487,4006040419976,Rapunzel,Mond,01.07.2026,6,FALSE,56,Rapunzel,Mond,📦 Trockenware
23.01.2026 09:53:30,1.486,8441410760252,UnOlivo,Olive oil,22.11.2027,12,FALSE,565,UnOlivo,Olive oil,📦 Trockenware
23.01.2026 09:41:15,1.485,4016249108571,ALO,Hofgemüse Rucola Kirschtomate,02.10.2026,6,FALSE,149,Allos,Hof-Gemüse,📦 Trockenware
23.01.2026 09:37:51,1.484,4015533010262,VOE,Apfelschorle naturtrüb,04.09.2027,10,FALSE,486,Voelkel,Apfel,📦 Trockenware
23.01.2026 09:34:13,1.483,4015533040627,VOE,Fair Eistee Pfirsich Zitrone,24.11.2027,10,FALSE,567,Voelkel,Eistee,📦 Trockenware
23.01.2026 09:29:15,1.482,4035661162480,WBI,b*Brat”l,23.10.2026,6,FALSE,170,Bioladen ,Bratöl,📦 Trockenware
23.01.2026 09:24:35,1.481,4035626103749,WBI,b*Früchte Müsli,03.12.2026,6,FALSE,211,Bioladen,Früchte,📦 Trockenware
23.01.2026 09:22:42,1.480,4015637822150,BAK,Weizen Paniermehl / Br”sel,05.03.2027,6,FALSE,303,Bauck,Semmelbrösel ,📦 Trockenware
23.01.2026 09:17:51,1.479,4035626002615,WBI,b*Tomatenmark Tube,25.07.2028,12,FALSE,811,bioladen,Tomatenmark,📦 Trockenware
23.01.2026 09:07:23,1.477,4260360271502,NPU,Kichererbsen,31.12.2028,6,FALSE,970,Demeter,Kichererbsen ,📦 Trockenware
23.01.2026 09:04:53,1.476,4260360272103,NPU,Erbsen grün,06.10.2027,6,FALSE,518,nur,Erbsen ,📦 Trockenware
23.01.2026 09:02:41,1.475,4012824406599,YOG,Yogi Tea© Spritzige Blutorange,31.05.2028,6,FALSE,756,Yogi,Blutorange ,📦 Trockenware
23.01.2026 08:58:30,1.474,4260311984932,MGL,Quetschie Himbeere,06.10.2026,10,FALSE,153,Demeter,Mogli,📦 Trockenware
23.01.2026 08:45:06,1.472,9004145006829,STN,Smokey Paprika,30.09.2028,6,FALSE,878,Sonnentor,Smokey,📦 Trockenware
23.01.2026 08:42:46,1.471,9004145007772,STN,Oregano geschnitten,30.09.2028,6,FALSE,878,Sonnentor,Bio-Oregano,📦 Trockenware
23.01.2026 08:41:05,1.470,4012346209302,LEB,Zeit für Ruhe TB,31.08.2027,5,FALSE,482,Lebensbaum,Lavendel,📦 Trockenware
23.01.2026 08:36:57,1.469,4005561532409,BOL,Haferlinge,04.11.2026,6,FALSE,182,Bohlsener,Haferling ,📦 Trockenware
23.01.2026 08:34:13,1.468,4005561532638,BOL,Schoko Haferlinge,24.11.2026,6,FALSE,202,Bohlsener,Haferling,📦 Trockenware
23.01.2026 08:30:34,1.467,4250073450639,FWO,Thunfisch im eigenen Saft Natur MSC,14.08.2028,8,FALSE,831,followfood,Thunfisch,📦 Trockenware
23.01.2026 08:23:28,1.465,3380380057960,BLU,Blumenbrot Kastanie,13.04.2027,6,FALSE,342,Le,Kastanie,📦 Trockenware
23.01.2026 08:18:12,1.464,4012346278001,LEB,Pfefferminztee TB,31.10.2027,12,FALSE,543,Lebensbaum,Pfefferminz,📦 Trockenware
23.01.2026 08:14:42,1.463,4260360271977,NPU,Zuckermais,31.12.2028,6,FALSE,970,Nur,Zuckermais,📦 Trockenware
20.01.2026 09:58:12,1.462,4015533000089,VOE,Multi Natur,10.10.2026,6,FALSE,157,Voelkel,Voelkel,📦 Trockenware
20.01.2026 09:44:27,1.460,4106060049976,BEU,Pink Grapefruitsaft,04.12.2026,6,FALSE,212,Beutelsbacher,Pink,📦 Trockenware
20.01.2026 09:42:26,1.459,9004145007345,STN,Zimt gemahlen (Ceylon) Tüte,31.03.2029,6,FALSE,1060,Sonnentor,Zimt,📦 Trockenware
20.01.2026 09:38:44,1.458,4035626001830,WBI,b*Weizenmehl 550,20.10.2026,8,FALSE,167,bioladen,Weizenmehl,📦 Trockenware
20.01.2026 09:35:32,1.457,4030917002206,SAC,Brotaufstrich Sonnentomate,30.09.2026,6,FALSE,147,Sanchon,Brotaufstrich,📦 Trockenware
20.01.2026 09:32:36,1.456,8412439285002,PDM,Kleine Sardinen in Oliven”l,30.11.2031,10,FALSE,2034,Pan,Sardinen ,📦 Trockenware
20.01.2026 09:23:07,1.455,4019736008934,ZWE,Streich Rote Bete Meerrettich,11.11.2027,6,FALSE,554,Zwergenwiese,Streich,📦 Trockenware
20.01.2026 09:13:30,1.453,4035626112963,WBI,b*Tomatensauce Pizza & Pasta,31.12.2027,12,FALSE,604,Bioladen ,Pizza Pasta,📦 Trockenware
20.01.2026 09:07:41,1.452,4035661162855,WBI,b*Erdnüsse mit Honig & Salz,19.01.2027,6,FALSE,258,Bioladen ,Gebrannte Erdnüsse,📦 Trockenware
20.01.2026 08:54:15,1.451,4005967511664,ROS,Früchte Müsli,27.09.2026,6,FALSE,144,Rosengarten,Frucht,📦 Trockenware
20.01.2026 08:50:47,1.450,8713576271249,TER,Tamari Sojasauce Japan,19.05.2027,6,FALSE,378,TerraSana,Tamari,📦 Trockenware
20.01.2026 08:47:45,1.449,8718754502337,YAK,Röstzwiebeln,04.11.2026,8,FALSE,182,Yakso,Crispy,📦 Trockenware
20.01.2026 08:44:26,1.448,4026968015401,FON,Thunfischsalat Asia,31.12.2026,8,FALSE,239,Fontaine,Tunfisch,📦 Trockenware
20.01.2026 08:42:20,1.447,9004145002067,STN,Kamille lose,31.03.2029,6,FALSE,1060,Sonnentor,Kamille,📦 Trockenware
20.01.2026 08:39:27,1.446,4022381508209,SPI,Reismischung mit Wildreis,03.02.2027,4,FALSE,273,Spielberger,Reißmischung,📦 Trockenware
20.01.2026 08:37:26,1.445,4012346161006,LEB,Salatdressing Gurken Salat,28.02.2028,6,FALSE,663,demeter,Gurkensalat,📦 Trockenware
20.01.2026 08:35:03,1.444,8018759000570,SEL,Gewürfelte Tomaten Cubettato,16.09.2028,6,FALSE,864,LaSelva,Gewürfelte Tomaten ,📦 Trockenware
20.01.2026 08:33:04,1.443,9004145007475,STN,Kreuzkümmel gemahlen Tüte,30.09.2028,6,FALSE,878,Sonnentor,Kreuzkümmel,📦 Trockenware
20.01.2026 08:30:59,1.442,9004145027022,STN,Frosch im Hals© Tee,30.06.2028,6,FALSE,786,Sonnentor,Frosch im Hals,📦 Trockenware
20.01.2026 08:27:15,1.441,4016512051214,ERN,Gemüsebrühwürfel hf,24.03.2027,15,FALSE,322,Erntesegen,Gemüse-Brühwürfel,📦 Trockenware
20.01.2026 08:24:35,1.440,4013320185742,GEP,Vollmilchschokolade mit Espresso und Karamellcrisp,31.12.2026,10,FALSE,239,Gepa,Espresso caramel,📦 Trockenware
20.01.2026 08:21:16,1.439,4022381027632,SPI,Buchweizenflocken gf,17.12.2026,4,FALSE,225,Spielberger,Buchweizen Flocken,📦 Trockenware
20.01.2026 08:16:48,1.438,9004145006928,STN,Eierspeisgewürz,30.09.2028,6,FALSE,878,Sonnentor ,Eierspeise ,📦 Trockenware
16.01.2026 11:12:17,1.437,4015016002050,BWQ,Berg. Waldq. medium Glas,04.12.2027,12,FALSE,577,Bergische Waldquelle,Wenig Kohlensäure ,📦 Trockenware
16.01.2026 11:10:19,1.436,8004192103305,LTA,Lauretana Wasser mild,31.05.2027,12,FALSE,390,Lauretana,Mineralwasser mild,📦 Trockenware
16.01.2026 11:07:51,1.435,4035626100366,WBI,b*Orangensaft,07.11.2027,6,FALSE,550,bioladen*,Orangensaft,📦 Trockenware
16.01.2026 11:05:40,1.434,4022569110002,LHQ,St. Leonhard Quelle still,17.12.2027,12,FALSE,590,St,Mineralwasser ohne Sprudel ,📦 Trockenware
16.01.2026 11:04:07,1.433,4022569110002,LHQ,St. Leonhard Quelle still,17.12.2027,6,FALSE,590,St,Mineralwasser ,📦 Trockenware
16.01.2026 10:58:39,1.432,4106060044452,BEU,Kokos Ananas,09.10.2027,6,FALSE,521,Beutelsbacher,Kokos Ananas ,📦 Trockenware
16.01.2026 10:48:28,1.430,4022381023740,BUM,Rohrohrzucker,09.12.2027,6,FALSE,582,Bürger,Rohrohr Zucker ,📦 Trockenware
16.01.2026 10:46:43,1.429,4015637836072,BAK,Feine Speisestärke aus Mais gf,11.05.2027,6,FALSE,370,Bauck,Speisestärke,📦 Trockenware
16.01.2026 10:43:36,1.428,8713576003468,TER,Erdnussmus fein,06.10.2027,6,FALSE,518,Terra,Erdnussmus,📦 Trockenware
16.01.2026 10:41:17,1.427,9004145002326,STN,Hibiskus (Rote Malve),31.03.2029,6,FALSE,1060,Sonnentor ,Hibiskus ,📦 Trockenware
16.01.2026 10:37:26,1.426,9004145008786,STN,Pfeffer bunt ganz,31.03.2029,6,FALSE,1060,Sonnentor,Pfeffer,📦 Trockenware
16.01.2026 10:31:56,1.425,8015197030176,IRI,Tomatenmark,31.12.2026,4,FALSE,239,Iris,Concentrato di pomodoro,📦 Trockenware
16.01.2026 10:27:13,1.424,4260515260023,HED,Vegane Art Teewurst mit feinen Zutaten,25.09.2027,6,FALSE,507,HEDI,Teewurst,📦 Trockenware
16.01.2026 10:24:33,1.423,4019736014546,ZWE,Streichïs drauf Mepfel,25.11.2027,6,FALSE,568,Zwergenwiese,Mepfel,📦 Trockenware
16.01.2026 10:21:29,1.422,9004145007345,STN,Zimt gemahlen (Ceylon) Tüte,31.03.2029,6,FALSE,1060,Sonnentor ,Zimt,📦 Trockenware
16.01.2026 09:13:17,1.421,4022381027595,SPI,Haferflocken Kleinblatt gf,01.12.2026,6,FALSE,209,Spielberger,Kleinblatt,📦 Trockenware
16.01.2026 09:08:46,1.420,4019736004622,ZWE,Schw Johannisbeer Fruchtgarten,08.10.2026,6,FALSE,155,Zwergenwiese,Schwarze Johannibeere,📦 Trockenware
16.01.2026 09:04:01,1.419,4035626103602,WBI,b*Bircher Müsli,25.09.2026,6,FALSE,142,Bioladen*,Bircher,📦 Trockenware
16.01.2026 09:00:36,1.418,4022381237208,SPI,Maisgrieá Polenta gf,24.12.2026,4,FALSE,232,Spielberger,Maisgrieß,📦 Trockenware
16.01.2026 08:57:47,1.417,4260221613014,EMS,Mayo vegan,27.10.2026,6,FALSE,174,Emils,Vegane,📦 Trockenware
16.01.2026 08:54:16,1.416,4260360271687,NPU,Aioli Sauce,28.02.2027,6,FALSE,298,nur Puur,Aioli,📦 Trockenware
16.01.2026 08:51:23,1.415,4035661162978,WBI,b*Bananenchips,16.06.2026,6,FALSE,41,bioladen,Bananen,📦 Trockenware
16.01.2026 08:49:14,1.414,4012824403185,YOG,Yogi Tea© Natürliche Abwehr TB,30.09.2028,6,FALSE,878,YogiTea,Natürliche,📦 Trockenware
16.01.2026 08:46:37,1.413,4005394200902,BVE,Vanille Pudding,31.08.2028,10,FALSE,848,Biovegan,Vanillepudding,📦 Trockenware
16.01.2026 08:42:43,1.412,4012346528106,LEB,Darjeeling,31.08.2028,6,FALSE,848,Lebensbaum,Darjeeling,📦 Trockenware
16.01.2026 08:39:11,1.411,4022381016919,SPI,Langkornreis Thaibonnet weiß,02.03.2027,6,FALSE,300,Spielberger,Langkornreis,📦 Trockenware
16.01.2026 08:31:49,1.410,4038857115512,™KV,Fruit Frites,27.06.2027,12,FALSE,417,Ökovital,Fruit-Frites,📦 Trockenware
16.01.2026 08:27:42,1.409,8053323642398,SEL,Amaretti,13.11.2026,8,FALSE,191,LaSelva,Amaretti,📦 Trockenware
16.01.2026 08:23:46,1.408,4038507011768,GOV,Vegane Pralin‚s Mokka Nougat,30.12.2026,10,FALSE,238,govinda,Vegane,📦 Trockenware
16.01.2026 08:16:32,1.407,4015533051043,VOE,Shot Ingwer & Kurkuma,26.05.2027,8,FALSE,385,Voelkel,Ingwer Shot,📦 Trockenware
13.01.2026 10:45:58,1.406,4035626100366,WBI,b*Orangensaft,07.11.2027,6,FALSE,550,bioladen*,Orangensaft,📦 Trockenware
13.01.2026 10:42:52,1.405,4035626115735,WBI,b*Apfelsaft,25.12.2026,6,FALSE,233,bioladen,Apfelsaft,📦 Trockenware
13.01.2026 10:40:35,1.404,4035661162398,WBI,b*Apfelsaft,06.04.2027,6,FALSE,335,Bioladen ,Apfelsaft,📦 Trockenware
13.01.2026 10:34:10,1.402,4015533000676,VOE,7 Zwerge Kindersaft,06.10.2027,6,FALSE,518,Voelkel,7 Zwerge,📦 Trockenware
13.01.2026 10:29:47,1.401,4015533027758,VOE,Eistee mit Matcha,02.09.2027,10,FALSE,484,Voelkel,Fairer,📦 Trockenware
13.01.2026 10:07:37,1.400,4038375026116,NTM,Haferdrink Barista,06.11.2026,8,FALSE,184,Natumi,Hafer,📦 Trockenware
13.01.2026 09:58:17,1.399,9004145008946,STN,Paprika edelsüá Tüte,30.09.2028,6,FALSE,878,Sonnentor,Paprika,📦 Trockenware
13.01.2026 09:55:31,1.398,4035626001830,WBI,b*Weizenmehl 550,02.12.2026,8,FALSE,210,bioladen,Weizenmehl,📦 Trockenware
13.01.2026 09:52:47,1.397,4044889005301,VNI,Weiáe Knusper,31.03.2027,12,FALSE,329,Vivani,Weiße Knusper,📦 Trockenware
13.01.2026 09:45:06,1.396,4019736014744,ZWE,Streichïs drauf Papucchini,07.11.2027,6,FALSE,550,Zwergenwiese,Papucchini,📦 Trockenware
13.01.2026 09:30:28,1.395,4022346304242,HEU,Cayennepfeffer gem Dose,28.11.2027,5,FALSE,571,Heuschrecke,Cayenne Pfeffer,📦 Trockenware
13.01.2026 09:26:44,1.394,4065626115305,WBI,b*Pelati geschälte Tomaten,31.12.2027,6,FALSE,604,Bioladen,T-Tomaten,📦 Trockenware
13.01.2026 09:23:45,1.393,4035626112116,WBI,b*Ahornsirup Grad C,04.03.2028,6,FALSE,668,bioladen,ahornsirup,📦 Trockenware
13.01.2026 09:20:15,1.392,4022381503204,SPI,Milchreis Rundkorn weiß,19.03.2027,4,FALSE,317,Spielberger,Milchreis Rundkorn,📦 Trockenware
13.01.2026 09:15:22,1.391,4022381113205,SPI,Goldhirse,22.12.2026,4,FALSE,230,Spielberger,Goldhirse,📦 Trockenware
13.01.2026 09:12:37,1.390,4016249017071,ALO,Hofgemüse Paprika Trio,03.01.2027,6,FALSE,242,Allos,Peters,📦 Trockenware
13.01.2026 09:09:28,1.389,4007547207301,SNT,Kinder Schaumseife Calendula,08.09.2028,6,FALSE,856,sonett,Kinderschaumseife,📦 Trockenware
13.01.2026 09:05:10,1.388,4024967012957,RIE,Landpartie alkoholfrei rot,30.06.2028,6,FALSE,786,Landpartie,Entalkoholisierter Wein,📦 Trockenware
13.01.2026 09:01:05,1.387,4030917026707,SAC,Asiasauce Thai Mango,31.03.2027,6,FALSE,329,Sanchon,Asiasauce,📦 Trockenware
13.01.2026 08:51:31,1.386,4012346277004,LEB,Fenchel Anis Kümmel Tee TB,30.09.2027,9,FALSE,512,Lebensbaum,Fenchel-Anis-Kümmel,📦 Trockenware
13.01.2026 08:45:50,1.385,4000799109553,MOU,Espresso gemahlen entkoffeiniert,31.03.2027,6,FALSE,329,Mount Hagen,Espresso ,📦 Trockenware
13.01.2026 08:41:23,1.384,8713576003413,TER,Erdnussmus crunchy,20.10.2027,6,FALSE,532,Terrasana,Crunchy,📦 Trockenware
13.01.2026 08:37:39,1.383,8713576239034,TER,Kakao Antioxidant Pulver RAW,19.05.2027,6,FALSE,378,Terrasana,Cocoa Powder,📦 Trockenware
13.01.2026 08:31:03,1.382,4260360271595,NPU,Apfelmark mit Banane,31.12.2028,6,FALSE,970,Demeter,Apfelmark,📦 Trockenware
09.01.2026 12:06:14,1.381,4022381041218,SPI,Dinkel Bauernspätzle hell,01.10.2027,12,FALSE,513,Spielberger,Bauernspätzle Dinkel ,📦 Trockenware
09.01.2026 11:56:25,1.380,4012346000107,LEB,Kräutertee Abendtraum TB,30.05.2027,8,FALSE,389,Lebensbaum,Abendtraum,📦 Trockenware
09.01.2026 11:52:39,1.379,4022381022088,SPI,Dinkel Vollkorn Couscous,06.12.2026,6,FALSE,214,Spielberger,,📦 Trockenware
09.01.2026 11:51:18,1.378,4022381517225,SPI,Kürbiskerne,06.11.2026,6,FALSE,184,Spielberger,,📦 Trockenware
09.01.2026 11:39:55,1.377,3380380044908,BLU,Blumenbrot Buchweizen gf,26.05.2027,10,FALSE,385,Le,,📦 Trockenware
09.01.2026 11:30:39,1.376,4022381001892,SPI,Dinkelflocken Kleinblatt,11.12.2026,6,FALSE,219,Spielberger,,📦 Trockenware
09.01.2026 11:28:58,1.375,4035626001175,WBI,b*Raps”l nativ,11.12.2026,6,FALSE,219,bioladen,Rapsöl,📦 Trockenware
09.01.2026 11:25:06,1.374,4035626103510,WBI,b*Beeren Müsli,14.10.2026,6,FALSE,161,,,📦 Trockenware
09.01.2026 11:22:00,1.373,4035626111348,WBI,b*Ananasstücke,29.06.2027,6,FALSE,419,bioladen,Ananas,📦 Trockenware
09.01.2026 11:18:21,1.372,4030917048402,SAC,Dänische Burgersauce,30.04.2027,6,FALSE,359,Sanchon,dänische,📦 Trockenware
09.01.2026 11:17:32,1.371,4250073450639,FWO,Thunfisch im eigenen Saft Natur MSC,24.07.2028,8,FALSE,810,followfood,Thunfisch,📦 Trockenware
09.01.2026 11:15:22,1.370,4000345046080,NCO,Klare Gemüsebrühe feink”rnig,15.04.2027,6,FALSE,344,Natur,,📦 Trockenware
09.01.2026 11:10:25,1.369,4035626103541,WBI,b*Kaffee 100% Arabica,15.05.2027,12,FALSE,374,bioladen*,Kaffee,📦 Trockenware
09.01.2026 11:07:25,1.368,4005561532638,BOL,Schoko Haferlinge,15.11.2026,6,FALSE,193,Bohlsener,,📦 Trockenware
09.01.2026 11:05:21,1.367,4019736007005,ZWE,Mittelscharfer Senf,15.10.2026,6,FALSE,162,Zwergenwiese,Mittelscharfer,📦 Trockenware
09.01.2026 10:58:11,1.366,4030917033309,SAC,Brotaufstrich Fenchel Toskana,30.10.2027,6,FALSE,542,Sanchon,Brotaufstrich,📦 Trockenware
09.01.2026 10:57:16,1.365,4012346533407,LEB,Grüntee Sencha,30.04.2028,6,FALSE,725,Lebensbaum,Sencha,📦 Trockenware
09.01.2026 10:51:26,1.364,4038507005606,GOV,Chiasamen,30.06.2027,6,FALSE,420,Govinda,Chia,📦 Trockenware
09.01.2026 10:49:41,1.363,4012346454702,LEB,Gourmet Kaffee entkoff gem,18.03.2027,6,FALSE,316,Lebensbaum,,📦 Trockenware
09.01.2026 10:44:35,1.362,4012346531601,LEB,Ostfriesen Tee TB,30.10.2028,10,FALSE,908,Lebensbaum,Ostfriesen,📦 Trockenware
09.01.2026 10:42:45,1.361,4044889003253,VNI,Caramel Inka Salz,30.03.2027,10,FALSE,328,Vivani,Caramel,📦 Trockenware
09.01.2026 10:40:09,1.360,9004145008632,STN,Holy Veggie Grillgewürz,30.09.2028,6,FALSE,878,holy,,📦 Trockenware
09.01.2026 10:39:04,1.359,4022346318676,HEU,Muskatnüsse ganz Tüte,17.10.2027,5,FALSE,529,,,📦 Trockenware
09.01.2026 10:37:50,1.358,4012346169705,LEB,Porridge Gewürz Kurkuma Orange,31.03.2028,6,FALSE,695,Lebensbaum,Kurkuma-Orange,📦 Trockenware
09.01.2026 10:24:12,1.357,4260355580930,BPL,Schwarzkümmel”l nativ,30.10.2026,4,FALSE,177,bio,,📦 Trockenware
09.01.2026 10:23:11,1.356,4024297005131,NAT,Edelbitter Ecuador 70%,02.06.2027,10,FALSE,392,Naturata,Ecuador,📦 Trockenware
09.01.2026 10:21:52,1.355,4015637824048,BAK,Tomate Basilikum Burger gf,13.12.2026,6,FALSE,221,Bauck,,📦 Trockenware
09.01.2026 10:16:47,1.354,4260360271601,NPU,Apfelmark mit Mango,31.12.2028,6,FALSE,970,Demeter,Apfelmark,📦 Trockenware
09.01.2026 10:12:17,1.353,4018462416501,BYO,Condimento Bianco,03.10.2026,6,FALSE,150,byodo,Condimento,📦 Trockenware
09.01.2026 10:07:22,1.352,4012346521602,LEB,Grüntee Darjeeling TB,30.10.2028,12,FALSE,908,Lebensbaum,Darjeeling,📦 Trockenware
09.01.2026 10:03:17,1.351,4012346273402,LEB,Granatapfel Orange Früchtetee,31.03.2028,6,FALSE,695,Lebensbaum,Granatapfel,📦 Trockenware
09.01.2026 09:58:59,1.350,8713576162042,TER,Süáe Lakritzschlangen,18.03.2027,15,FALSE,316,Terrasana,Lakritzschlange,📦 Trockenware
02.01.2026 12:12:29,1.348,4012852001056,NEU,Lammsbräu Bio Pils Zzzisch,30.06.2026,10,FALSE,55,,,📦 Trockenware
02.01.2026 12:11:32,1.347,4012852001629,NEU,Lammsbräu Bio Weiáe alkoholfrei,31.07.2026,10,FALSE,86,,,📦 Trockenware
02.01.2026 12:10:17,1.345,4012852001735,NEU,Lammsbräu Bio Naturradler alkoholfrei,31.07.2026,20,FALSE,86,,,📦 Trockenware
02.01.2026 11:44:38,1.344,4035626112680,WBI,b*Mandelmus weiß,28.07.2027,6,FALSE,448,,,📦 Trockenware
02.01.2026 11:43:47,1.343,4065626115329,WBI,b*Kokos”l nativ,20.11.2027,6,FALSE,563,,,📦 Trockenware
02.01.2026 11:43:00,1.342,4065626114438,WBI,b*Walnusskerne Bruch,31.07.2026,10,FALSE,86,,,📦 Trockenware
02.01.2026 11:42:24,1.341,4260112294872,MKS,Feigensenf,28.12.2026,6,FALSE,236,,,📦 Trockenware
02.01.2026 11:41:35,1.340,4018462160381,BYO,Premium Meersalz fein,08.04.2027,6,FALSE,337,,,📦 Trockenware
02.01.2026 11:21:15,1.339,4015637822310,BAK,Dinkel Müzli Beerenzart,29.11.2026,8,FALSE,207,,,📦 Trockenware
02.01.2026 11:01:13,1.338,4035626113458,WBI,b*Vollkorn Fusilli,26.05.2028,12,FALSE,751,,,📦 Trockenware
02.01.2026 10:59:52,1.337,4035626112574,WBI,b*Cashewmus,04.08.2027,6,FALSE,455,,,📦 Trockenware
02.01.2026 10:59:27,1.336,9004145003262,STN,Dill geschnitten,30.09.2028,6,FALSE,878,,,📦 Trockenware
02.01.2026 10:58:57,1.335,4012346156507,LEB,Ingwer gemahlen Tüte,30.11.2027,6,FALSE,573,,,📦 Trockenware
02.01.2026 10:58:32,1.334,5200104102005,EPI,Grüne Oliven ohne Stein,24.10.2028,6,FALSE,902,,,📦 Trockenware
02.01.2026 10:57:57,1.333,5200104101602,EPI,"Kalamata-Oliven, ohne Stein",05.09.2028,6,FALSE,853,,,📦 Trockenware
02.01.2026 10:56:55,1.332,8053323641155,SEL,Pesto mit Trüffel,30.01.2028,6,FALSE,634,,,📦 Trockenware
02.01.2026 10:51:21,1.331,4035626001878,WBI,b*Roggenmehl 1150,05.11.2026,8,FALSE,183,,,📦 Trockenware
02.01.2026 10:50:35,1.330,4035626110730,WBI,b*Aprikosen,30.06.2026,7,FALSE,55,,,📦 Trockenware
02.01.2026 10:49:37,1.329,4015637824055,BAK,Mais Paniermehl gf,14.11.2026,6,FALSE,192,,,📦 Trockenware
02.01.2026 10:47:51,1.328,4038375025928,NTM,Mandeldrink Natural ungesüát,10.11.2026,8,FALSE,188,,,📦 Trockenware
02.01.2026 10:31:00,1.326,4035626103589,WBI,b*Espresso ganze Bohne,30.12.2026,4,FALSE,238,,,📦 Trockenware
02.01.2026 10:30:15,1.325,4019736006169,ZWE,Kinder Ketchup mit Apfelsüáe,26.09.2028,6,FALSE,874,,,📦 Trockenware
02.01.2026 10:29:38,1.324,4016512051047,ERN,Gemüsebrühe Nachfüllb hf,24.02.2027,12,FALSE,294,,,📦 Trockenware
02.01.2026 10:24:17,1.323,4035626113434,WBI,b*Fusilli,19.05.2028,12,FALSE,744,,,📦 Trockenware
02.01.2026 10:17:41,1.322,4035626103565,WBI,b*Espresso gemahlen,30.11.2026,6,FALSE,208,,,📦 Trockenware
02.01.2026 10:16:55,1.321,4260360271533,NPU,Linsen,31.12.2028,6,FALSE,970,,,📦 Trockenware
02.01.2026 10:16:17,1.320,4260360271526,NPU,Kidneybohnen,31.12.2028,6,FALSE,970,,,📦 Trockenware
02.01.2026 10:15:39,1.319,4035626113397,WBI,b*Spaghetti,25.03.2028,12,FALSE,689,,,📦 Trockenware
02.01.2026 10:07:12,1.318,4260515260085,HED,Vegane Art Leberwurst mit feinen Zutaten,15.10.2027,6,FALSE,527,,,📦 Trockenware
02.01.2026 10:06:29,1.317,4260311984673,MGL,Quetschie Blaubeere,01.10.2026,10,FALSE,148,,,📦 Trockenware
02.01.2026 10:06:04,1.316,4022381027632,SPI,Buchweizenflocken gf,27.11.2026,4,FALSE,205,,,📦 Trockenware
02.01.2026 10:05:28,1.315,8718754505024,TFO,Hummus Chips Meersalz,24.06.2026,6,FALSE,49,,,📦 Trockenware
02.01.2026 09:58:24,1.314,4022381022583,SPI,Basmatireis weiß,10.02.2027,6,FALSE,280,,,📦 Trockenware
02.01.2026 09:52:59,1.313,4019736005544,ZWE,Tomaten Ketchup,04.08.2028,6,FALSE,821,,,📦 Trockenware
02.01.2026 09:13:54,1.312,3422210438331,LPI,Chicken Nuggets,30.11.2026,6,FALSE,208,,,📦 Trockenware
02.01.2026 09:07:30,1.311,4026813000095,NCL,Brokkoli,31.10.2027,8,FALSE,543,,,📦 Trockenware
02.01.2026 09:06:01,1.310,4026584103322,SOF,Wild-Heidelbeeren,30.06.2027,10,FALSE,420,,,📦 Trockenware
29.12.2025 12:13:58,1.309,4035626002752,WBI,b*Haferdrink Natur,04.11.2026,6,FALSE,182,,,📦 Trockenware
29.12.2025 12:10:40,1.308,4015533051142,VOE,Tomatensaft,08.11.2027,6,FALSE,551,,,📦 Trockenware
29.12.2025 12:09:53,1.307,4015533058042,VOE,Holundersaft,10.09.2027,6,FALSE,492,,,📦 Trockenware
29.12.2025 12:07:48,1.306,4015533019296,VOE,Traubensaft Merlot,28.07.2027,6,FALSE,448,,,📦 Trockenware
29.12.2025 12:06:58,1.305,4012852001520,NEU,Lammsbräu Bio Weiáe,30.07.2026,10,FALSE,85,,,📦 Trockenware
29.12.2025 12:05:47,1.304,4012852204235,NOW,now Fresh Lemon,30.11.2026,10,FALSE,208,,,📦 Trockenware
29.12.2025 12:04:17,1.303,4012852253868,NOW,now Orange Cola,30.10.2026,10,FALSE,177,,,📦 Trockenware
29.12.2025 12:01:52,1.302,4012852254001,NOW,now Sprizzz Cassis Lime,30.09.2026,10,FALSE,147,,,📦 Trockenware
29.12.2025 12:01:10,1.301,4012852001629,NEU,Lammsbräu Bio Weiáe alkoholfrei,30.07.2026,10,FALSE,85,,,📦 Trockenware
29.12.2025 11:57:53,1.300,4035626113410,WBI,b*Vollkorn Spaghetti,10.05.2027,12,FALSE,369,,,📦 Trockenware
29.12.2025 11:56:16,1.299,3445020001755,BPL,Brat Oliven”l,30.12.2026,6,FALSE,238,,,📦 Trockenware
29.12.2025 11:54:13,1.298,4065626113349,WBI,b*Kokos”l nativ,20.11.2027,6,FALSE,563,,,📦 Trockenware
29.12.2025 11:52:39,1.297,4035626113083,WBI,b*Mangopüree,29.08.2027,6,FALSE,480,,,📦 Trockenware
29.12.2025 11:48:04,1.296,4044889001082,VNI,Pralin‚ Nougat,30.09.2026,10,FALSE,147,,,📦 Trockenware
29.12.2025 11:44:07,1.295,4035661162930,WBI,b*Mandeln,17.11.2026,6,FALSE,195,,,📦 Trockenware
29.12.2025 11:42:19,1.294,4260360271502,NPU,Kichererbsen,31.12.2028,6,FALSE,970,,,📦 Trockenware
29.12.2025 09:56:35,1.293,9004145003286,STN,Nelken ganz,31.03.2029,6,FALSE,1060,,,📦 Trockenware
29.12.2025 09:55:17,1.292,9004145007321,STN,Kreuzkümmel ganz,30.09.2028,6,FALSE,878,,,📦 Trockenware
29.12.2025 09:54:06,1.291,9004145003347,STN,Zimtstangen Tüte,30.09.2028,6,FALSE,878,,,📦 Trockenware
29.12.2025 09:52:19,1.290,4035626101318,WBI,b*Frühstückshonig flüssig,18.01.2027,6,FALSE,257,,,📦 Trockenware
29.12.2025 09:50:37,1.289,4012346210001,LEB,Rooibos Pur TB,30.09.2027,8,FALSE,512,,,📦 Trockenware
29.12.2025 09:48:38,1.288,4012346525907,LEB,Ostfriesen Tee,30.04.2028,6,FALSE,725,,,📦 Trockenware
29.12.2025 09:46:59,1.287,4018462160381,BYO,Premium Meersalz fein,08.04.2027,6,FALSE,337,,,📦 Trockenware
29.12.2025 09:45:05,1.286,4025174121166,SOB,Soja Schnetzel fein,01.05.2027,6,FALSE,360,,,📦 Trockenware
29.12.2025 09:43:40,1.285,4035626000406,WBI,b*Basmati Reis,17.05.2027,6,FALSE,376,,,📦 Trockenware
22.12.2025 16:46:45,1.284,4035626102513,WBI,b*Traubensaft,12.09.2027,6,FALSE,494,,,📦 Trockenware
22.12.2025 16:45:06,1.283,4035626102773,WBI,b*Frühstückssaft,07.11.2027,6,FALSE,550,,,📦 Trockenware
22.12.2025 16:43:09,1.282,4035661162398,WBI,b*Apfelsaft,16.01.2027,6,FALSE,255,,,📦 Trockenware
22.12.2025 16:34:55,1.281,4035626115735,WBI,b*Apfelsaft,18.05.2027,6,FALSE,377,,,📦 Trockenware
22.12.2025 16:30:18,1.280,4035626100366,WBI,b*Orangensaft,07.11.2027,6,FALSE,550,,,📦 Trockenware
22.12.2025 16:28:16,1.279,4015533027734,VOE,Eistee mit Himbeere Hibiskus,01.09.2027,10,FALSE,483,,,📦 Trockenware
22.12.2025 16:07:18,1.278,4035626100366,WBI,b*Orangensaft,07.11.2027,6,FALSE,550,,,📦 Trockenware
22.12.2025 16:03:42,1.277,4035661162398,WBI,b*Apfelsaft,16.01.2027,6,FALSE,255,,,📦 Trockenware
22.12.2025 16:00:16,1.276,4035626101363,WBI,b*Multisaft,02.06.2027,6,FALSE,392,,,📦 Trockenware
22.12.2025 15:57:22,1.275,4015533017858,VOE,Bio Zisch Rhabarber,07.10.2027,6,FALSE,519,,,📦 Trockenware
22.12.2025 15:37:41,1.273,4012852001650,NEU,Lammsbräu Bio alkoholfrei,31.07.2026,10,FALSE,86,,,📦 Trockenware
22.12.2025 15:33:40,1.272,4015533004643,VOE,Zitronensaft,28.08.2026,12,FALSE,114,,,📦 Trockenware
22.12.2025 15:31:05,1.271,4012852204266,NOW,now Orange Cola,30.11.2026,10,FALSE,208,,,📦 Trockenware
22.12.2025 15:28:50,1.270,4260360271564,NPU,Apfelmus,31.12.2028,6,FALSE,970,,,📦 Trockenware
22.12.2025 15:26:38,1.269,4035626101011,WBI,b*Tomatenmark,05.11.2027,6,FALSE,548,,,📦 Trockenware
22.12.2025 15:19:46,1.268,4035626001748,WBI,b*Classic Crunch,12.11.2026,6,FALSE,190,,,📦 Trockenware
22.12.2025 15:17:36,1.267,4015637822990,BAK,Backmischung Brownies gf,08.03.2027,6,FALSE,306,,,📦 Trockenware
22.12.2025 15:15:27,1.266,4044889001051,VNI,Pfefferminz,31.03.2027,10,FALSE,329,,,📦 Trockenware
22.12.2025 15:01:29,1.265,4022381023740,BUM,Rohrohrzucker,02.12.2027,6,FALSE,575,,,📦 Trockenware
22.12.2025 14:57:28,1.264,4019736011149,ZWE,Zwergensauce,08.10.2028,6,FALSE,886,,,📦 Trockenware
22.12.2025 14:54:08,1.263,4015637825427,BAK,Hot Hafer Basis,14.11.2026,6,FALSE,192,,,📦 Trockenware
22.12.2025 14:51:47,1.262,4012824401396,YOG,Yogi Tea© Halswärmer TB,30.09.2028,6,FALSE,878,,,📦 Trockenware
22.12.2025 14:49:48,1.261,4044889005264,VNI,Feine Bitter mit 85% Cacao,30.09.2027,10,FALSE,512,,,📦 Trockenware
22.12.2025 13:26:15,1.260,9004145750869,,🔍 Web Suche,03.09.2028,9,FALSE,851,,,📦 Trockenware
22.12.2025 08:51:10,1.259,4035626110761,,🔍 Web Suche,24.11.2026,10,FALSE,202,,,📦 Trockenware
22.12.2025 08:47:53,1.257,4012824431874,,🔍 Web Suche,30.06.2028,6,FALSE,786,,,📦 Trockenware
22.12.2025 08:47:10,1.256,4012824430167,,🔍 Web Suche,30.06.2028,6,FALSE,786,,,📦 Trockenware
22.12.2025 08:46:26,1.255,9004145305052,,🔍 Web Suche,30.09.2028,6,FALSE,878,,,📦 Trockenware
22.12.2025 08:45:53,1.254,4012346156408,LEB,Anis ganz Tüte,31.10.2028,6,FALSE,909,,,📦 Trockenware
22.12.2025 08:45:16,1.253,4005394260043,,🔍 Web Suche,30.11.2028,10,FALSE,939,,,📦 Trockenware
22.12.2025 08:44:39,1.252,4030917026202,,🔍 Web Suche,31.05.2027,6,FALSE,390,,,📦 Trockenware
22.12.2025 08:43:54,1.251,4038857116670,,🔍 Web Suche,10.02.2027,12,FALSE,280,,,📦 Trockenware
22.12.2025 08:42:40,1.250,9004145307483,,🔍 Web Suche,30.09.2028,6,FALSE,878,,,📦 Trockenware
22.12.2025 08:42:05,1.249,9004145303355,,🔍 Web Suche,30.09.2028,6,FALSE,878,,,📦 Trockenware
22.12.2025 08:41:17,1.248,4006040453116,,🔍 Web Suche,13.04.2028,6,FALSE,708,,,📦 Trockenware
19.12.2025 16:56:05,1.247,4006040205111,Rapunzel,"Rapunzel Olivenöl Fruchtig, Nativ Extra, 0,5 LTR Flasche",06.10.2026,6,FALSE,153,,,📦 Trockenware
19.12.2025 16:53:17,1.246,4006040431442,Rapunzel,Steinsalz,23.10.2028,8,FALSE,901,,,📦 Trockenware
19.12.2025 16:51:56,1.245,4019736000679,ZWE,Bolognese vegetarisch,30.10.2028,6,FALSE,908,,,📦 Trockenware
19.12.2025 16:49:55,1.244,4019736014683,ZWE,Streichïs drauf Papayango,16.09.2027,6,FALSE,498,,,📦 Trockenware
19.12.2025 16:36:17,1.243,4006040453116,,🔍 Web Suche,13.04.2028,6,FALSE,708,,,📦 Trockenware
19.12.2025 16:31:57,1.242,4006040027447,Rapunzel,WINTER-PFLAUME Vollmilchschokolade mit Pflaume,31.10.2026,12,FALSE,178,,,📦 Trockenware
19.12.2025 16:28:59,1.241,4006040321392,Rapunzel,Choco Zartbitter Creme,15.04.2027,6,FALSE,344,,,📦 Trockenware
19.12.2025 16:27:17,1.240,4006040320593,Rapunzel,"Himbeere, vegane Schokolade",01.01.2027,12,FALSE,240,,,📦 Trockenware
19.12.2025 16:22:58,1.239,4006040510093,Rapunzel,🔍 Web Suche,22.10.2027,6,FALSE,534,,,📦 Trockenware
19.12.2025 16:19:10,1.238,4019736006466,ZWE,Ganzkorn Senf,16.10.2026,6,FALSE,163,,,📦 Trockenware
19.12.2025 16:17:34,1.237,4006040071211,Rapunzel,Aceto Balsamico di Modena I.G.P.,24.10.2028,6,FALSE,902,,,📦 Trockenware
19.12.2025 16:15:49,1.236,4006040132684,Rapunzel,Balsamico Essig,30.08.2028,8,FALSE,847,,,📦 Trockenware
19.12.2025 16:15:26,1.235,4006040132684,Rapunzel,Balsamico Essig,30.08.2028,8,FALSE,847,,,📦 Trockenware
19.12.2025 15:58:32,1.234,4006040132684,Rapunzel,Balsamico Essig,30.08.2028,8,FALSE,847,,,📦 Trockenware
19.12.2025 13:21:30,1.233,4006040293279,Rapunzel,"Samba Dark, 250 g",15.10.2027,6,FALSE,527,Rapunzel ,"Samba Dark, 250 g",📦 Trockenware
19.12.2025 12:54:14,1.232,4035626001847,,b* Weizenmehl 550,20.10.2026,8,FALSE,167,bioladen,b* Weizenmehl 550,📦 Trockenware
19.12.2025 10:59:54,1.231,4035626111287,WBI,b*Kokosmilch,22.12.2027,6,FALSE,595,,,📦 Trockenware
19.12.2025 09:52:17,1.229,4022381019088,BUM,Kartoffelkn”del halb&halb,30.09.2027,10,FALSE,512,,,📦 Trockenware
19.12.2025 09:50:52,1.228,4035626001892,WBI,b*Dinkelmehl 630,02.12.2026,8,FALSE,210,,,📦 Trockenware
19.12.2025 09:49:47,1.227,4038375025461,NTM,Haferdrink Glutenfrei,09.09.2026,8,FALSE,126,,,📦 Trockenware
19.12.2025 09:48:51,1.226,4038375026116,NTM,Haferdrink Barista,06.11.2026,8,FALSE,184,,,📦 Trockenware
19.12.2025 09:47:42,1.225,4019736011149,ZWE,Zwergensauce,08.10.2028,6,FALSE,886,,,📦 Trockenware
19.12.2025 09:46:02,1.224,4035626102780,WBI,b*Frühstückshonig cremig,08.12.2027,6,FALSE,581,,,📦 Trockenware
19.12.2025 09:44:54,1.223,4065626115282,WBI,b*Pelati geschälte Tomaten,31.12.2027,12,FALSE,604,,,📦 Trockenware
19.12.2025 09:44:00,1.222,4035626101028,WBI,b* Cubetti Tomatenstücke,31.12.2027,12,FALSE,604,,,📦 Trockenware
19.12.2025 09:41:07,1.221,8018759001836,SEL,Pesto Rosso,06.05.2028,6,FALSE,731,,,📦 Trockenware
19.12.2025 09:40:36,1.220,8018759000341,SEL,Pesto Verde,18.12.2027,6,FALSE,591,,,📦 Trockenware
19.12.2025 09:39:41,1.219,8018759001546,SEL,Pesto Basilikum Pecorino,06.11.2027,6,FALSE,549,,,📦 Trockenware
19.12.2025 09:37:28,1.218,8018759001881,SEL,Pesto Rucola,01.07.2027,6,FALSE,421,,,📦 Trockenware
19.12.2025 09:36:32,1.217,9004145007345,STN,Zimt gemahlen (Ceylon) Tüte,31.03.2029,6,FALSE,1060,,,📦 Trockenware
19.12.2025 09:07:09,1.216,4044889012170,,Schokolade Zartbitter Marzipan Amaretto,01.10.2026,10,FALSE,148,Vivani,Schokolade Zartbitter Marzipan Amaretto,📦 Trockenware
19.12.2025 09:06:05,1.215,4260360271359,NPU,Rote Bete,31.12.2028,6,FALSE,970,,,📦 Trockenware
19.12.2025 09:05:14,1.214,4260221613052,,Vegane Mayo Bioland 125g,27.10.2026,6,FALSE,174,Emils,Vegane Mayo Bioland 125g,📦 Trockenware
19.12.2025 09:04:24,1.213,4260221613458,,Vegane Remoulade,01.10.2026,6,FALSE,148,Emils,Vegane Remoulade,📦 Trockenware
19.12.2025 09:03:38,1.212,4007547216006,,Handseife Rosmarin vegan 300 ml Spender,13.10.2028,6,FALSE,891,Sonett ,Handseife Rosmarin vegan 300 ml Spender,📦 Trockenware
19.12.2025 09:02:52,1.211,4260360271878,NPU,Zuckermais,31.12.2028,6,FALSE,970,,,📦 Trockenware
19.12.2025 09:01:41,1.210,4038507005613,,Chiasamen,01.06.2027,6,FALSE,391,Govinda,Chiasamen,📦 Trockenware
19.12.2025 09:00:40,1.209,4022381022552,,Jasminreis 500g,03.02.2027,4,FALSE,273,Spielberger,Jasminreis 500g,📦 Trockenware
19.12.2025 08:59:47,1.208,4260112294834,MKS,Dijonsenf,28.11.2026,6,FALSE,206,,,📦 Trockenware
19.12.2025 08:58:49,1.207,4012824436350,,🔍 Web Suche,31.12.2027,6,FALSE,604,,,📦 Trockenware
19.12.2025 08:57:42,1.206,4012346222905,LEB,Zeit zum Glücklichsein TB,01.08.2027,5,FALSE,452,,,📦 Trockenware
19.12.2025 08:56:08,1.205,4044889015294,,Feine Vollmilch Schokolade,01.01.2027,10,FALSE,240,Vivani,Feine Vollmilch Schokolade,📦 Trockenware
19.12.2025 08:53:27,1.204,4044889015225,,"Edel Bitter 80g, 70% Cacao",01.09.2027,10,FALSE,483,Vivani,"Edel Bitter 80g, 70% Cacao",📦 Trockenware
19.12.2025 08:50:32,1.203,9004145751378,,Wildkräuter Tee lose 50g,31.03.2029,6,FALSE,1060,Sonnentor,Wildkräuter Tee lose 50g,📦 Trockenware
16.12.2025 09:34:01,1.202,4260086780173,CLO,Appleritif Apfel & Rose,28.02.2028,6,FALSE,663,,,📦 Trockenware
16.12.2025 09:32:09,1.201,4000799100130,MOU,Mount Hagen Instant Kaffee,30.09.2028,6,FALSE,878,,,📦 Trockenware
16.12.2025 09:29:52,1.200,4022381027595,SPI,Haferflocken Kleinblatt gf,12.11.2026,6,FALSE,190,,,📦 Trockenware
16.12.2025 09:27:58,1.199,4018462158708,BYO,Kräuterremoulade mit Gewürzgurken,04.06.2026,6,FALSE,29,,,📦 Trockenware
16.12.2025 09:21:25,1.198,4012346224503,,"Bio Fruchtige Winterwärme, Filterbeutel",30.03.2028,6,FALSE,694,Lebensbaum,"Bio Fruchtige Winterwärme, Filterbeutel",📦 Trockenware
16.12.2025 09:17:21,1.197,4035626111027,WBI,b*Kokosraspel,29.09.2026,7,FALSE,146,,,📦 Trockenware
16.12.2025 09:07:36,1.196,4260360271373,NPU,Rotkohl,31.12.2028,6,FALSE,970,,,📦 Trockenware
16.12.2025 09:02:55,1.195,4260360271984,NPU,Gewürzgurken süá sauer,31.12.2028,6,FALSE,970,,,📦 Trockenware
16.12.2025 09:00:30,1.194,4035626102599,WBI,b*Tagliatelle,28.01.2028,12,FALSE,632,,,📦 Trockenware
16.12.2025 08:54:48,1.193,4021234101017,BHO,Krunchy PUR Waldbeere,27.10.2026,6,FALSE,174,,,📦 Trockenware
16.12.2025 08:54:06,1.192,4021234101215,BHO,Krunchy Amaranth Dinkel Nuss,23.09.2026,6,FALSE,140,,,📦 Trockenware
16.12.2025 08:52:27,1.191,8018759000570,SEL,Gewürfelte Tomaten Cubettato,16.09.2028,3,FALSE,864,,,📦 Trockenware
16.12.2025 08:50:49,1.190,4260112295053,MKS,Zitronen Mayonnaise,23.08.2026,6,FALSE,109,,,📦 Trockenware
16.12.2025 08:45:49,1.189,4012852204235,NOW,now Fresh Lemon,31.10.2026,10,FALSE,178,,,📦 Trockenware
16.12.2025 08:39:30,1.188,4015533017834,VOE,Bio Zisch Rhabarber,03.10.2027,24,FALSE,515,,,📦 Trockenware
16.12.2025 08:36:59,1.186,4012852204242,NOW,now Sunny Orange,31.10.2026,20,FALSE,178,,,📦 Trockenware
12.12.2025 12:40:22,1.185,4005561006597,BOL,Traffix Kakao Kekse,27.11.2026,6,FALSE,205,,,📦 Trockenware
12.12.2025 11:48:07,1.184,4031829230701,™KL,Frankfurter im Glas,31.03.2027,12,FALSE,329,,,📦 Trockenware
12.12.2025 11:39:57,1.183,4031829230770,™KL,Bockwürstchen in Eigenhaut,11.08.2027,12,FALSE,462,,,📦 Trockenware
12.12.2025 11:38:49,1.182,4012346277608,LEB,Kamillen Tee TB,30.08.2027,12,FALSE,481,,,📦 Trockenware
12.12.2025 11:35:41,1.181,9004145002098,STN,Pfefferminze lose,31.03.2029,8,FALSE,1060,,,📦 Trockenware
12.12.2025 11:27:07,1.180,4260166240191,HHI,Heiáer Hirsch Bag in Box rot,30.07.2026,6,FALSE,85,,,📦 Trockenware
12.12.2025 11:25:33,1.179,4021234101215,BHO,Krunchy Amaranth Dinkel Nuss,23.09.2026,6,FALSE,140,,,📦 Trockenware
12.12.2025 11:23:37,1.178,4022346318676,HEU,Muskatnüsse ganz Tüte,17.10.2027,6,FALSE,529,,,📦 Trockenware
12.12.2025 11:15:23,1.177,4022381036894,SPI,Risottoreis Ribe weiß,02.03.2027,4,FALSE,300,,,📦 Trockenware
12.12.2025 11:08:17,1.176,4030917002800,SAC,Grillsauce H”llenfeuer Sauce,30.03.2027,6,FALSE,328,,,📦 Trockenware
12.12.2025 11:07:33,1.175,4044889005271,VNI,Feine Bitter,30.09.2027,10,FALSE,512,,,📦 Trockenware
12.12.2025 10:51:52,1.174,3445020001915,BPL,Omega Blue,30.10.2026,4,FALSE,177,,,📦 Trockenware
12.12.2025 10:37:06,1.173,4012824403185,YOG,Yogi Tea© Natürliche Abwehr TB,31.08.2028,6,FALSE,848,,,📦 Trockenware
12.12.2025 10:36:29,1.172,4012346204505,LEB,Zeit für Gemütlichkeit TB,28.02.2027,6,FALSE,298,,,📦 Trockenware
10.12.2025 16:37:51,1.171,4006040003014,Rapunzel,"Samba Haselnuss, 250g",16.10.2027,6,FALSE,528,Rapunzel,"Samba Haselnuss, 250g",📦 Trockenware
10.12.2025 16:30:59,1.170,4006040202844,Rapunzel,"Nirwana Noir Zartbitterschokolade, 100 g",30.01.2027,12,FALSE,269,Rapunzel,"Nirwana Noir Zartbitterschokolade, 100 g",📦 Trockenware
10.12.2025 16:29:16,1.169,4006040320715,Rapunzel,Krachnuss Schokolade 100g,23.01.2027,10,FALSE,262,Rapunzel,Krachnuss Schokolade 100g,📦 Trockenware
10.12.2025 16:27:01,1.168,4006040006909,Rapunzel,Gebrannte Mandel mit Kokosblütenzucker,16.10.2027,6,FALSE,528,Rapunzel,Gebrannte Mandel mit Kokosblütenzucker,📦 Trockenware
10.12.2025 16:25:02,1.167,4006040320074,Rapunzel,"Rum Traube Nuss Vollmilchschokolade, 100 g",01.12.2026,12,FALSE,209,Rapunzel,"Rum Traube Nuss Vollmilchschokolade, 100 g",📦 Trockenware
10.12.2025 16:22:52,1.166,4019736014607,ZWE,Streichïs drauf Currika,17.09.2027,6,FALSE,499,,,📦 Trockenware
10.12.2025 15:41:53,1.165,4006040068594,Rapunzel,"Studentenfutter Vollmilchschokolade, 100 g",26.12.2026,12,FALSE,234,Rapunzel,"Studentenfutter Vollmilchschokolade, 100 g",📦 Trockenware
10.12.2025 15:38:19,1.164,4006040164517,Rapunzel,Mandel-Tonka-Creme ,20.04.2027,6,FALSE,349,Rapunzel,Mandel-Tonka-Creme ,📦 Trockenware
10.12.2025 15:33:47,1.163,4019736017745,ZWE,Zwiebel Schmelz,14.10.2026,6,FALSE,161,,,📦 Trockenware
10.12.2025 15:16:17,1.162,4019736008972,ZWE,Streich Sonnen Tomate,23.09.2027,6,FALSE,505,,,📦 Trockenware
10.12.2025 15:12:54,1.161,4006040003113,Rapunzel,"Samba Haselnuss, 500 g",20.10.2027,6,FALSE,532,Rapunzel,"Samba Haselnuss, 500 g",📦 Trockenware
10.12.2025 15:08:53,1.160,4006040003410,Rapunzel,Samba Jumbo Haselnuss bio 750g,17.10.2027,6,FALSE,529,Rapunzel,Samba Jumbo Haselnuss bio 750g,📦 Trockenware
10.12.2025 15:05:26,1.159,4006040607175,,"Prosecco Vino Frizzante DOC, 0,2 l",31.12.2029,12,FALSE,1335,Rapunzel,"Prosecco Vino Frizzante DOC, 0,2 l",📦 Trockenware
09.12.2025 17:18:19,1.158,4035626100366,WBI,b*Orangensaft,07.11.2027,6,FALSE,550,,,📦 Trockenware
09.12.2025 17:15:34,1.157,4012852001650,NEU,Lammsbräu Bio alkoholfrei,31.07.2026,10,FALSE,86,,,📦 Trockenware
09.12.2025 17:14:39,1.156,4012852001650,NEU,Lammsbräu Bio alkoholfrei,31.07.2026,20,FALSE,86,,,📦 Trockenware
09.12.2025 17:13:28,1.155,4012852001650,NEU,Lammsbräu Bio alkoholfrei,31.07.2026,10,FALSE,86,,,📦 Trockenware
09.12.2025 17:09:52,1.153,4015533000676,VOE,7 Zwerge Kindersaft,06.10.2027,6,FALSE,518,,,📦 Trockenware
09.12.2025 17:05:39,1.152,9004145002203,STN,Zitronenverbene lose,30.09.2028,6,FALSE,878,,,📦 Trockenware
09.12.2025 17:04:59,1.151,4030917003203,SAC,Würzsauce Worcestershire,30.09.2028,6,FALSE,878,,,📦 Trockenware
09.12.2025 17:04:10,1.150,4022346351567,HEU,No Himalaya Kristallsalz feinTüte,31.12.2029,8,FALSE,1335,,,📦 Trockenware
09.12.2025 16:37:43,1.149,4038857115017,™KV,™kovital Bär ohne Gelatine,26.04.2027,12,FALSE,355,,,📦 Trockenware
09.12.2025 16:36:27,1.148,4035626114080,WBI,b*Ingwerstücke kandiert,04.11.2026,6,FALSE,182,,,📦 Trockenware
09.12.2025 16:35:07,1.147,4260096393189,AGA,Dattelsirup,14.02.2027,6,FALSE,284,,,📦 Trockenware
09.12.2025 16:34:28,1.146,4015637019147,BAK,Choco Balls gf,23.11.2026,4,FALSE,201,,,📦 Trockenware
09.12.2025 16:32:35,1.145,9004145006676,STN,Alles im Grünen© Salatgewürz,30.09.2028,6,FALSE,878,,,📦 Trockenware
09.12.2025 11:27:06,1.144,4012346168906,LEB,Thai Küche,30.01.2028,5,FALSE,634,,,📦 Trockenware
09.12.2025 11:25:39,1.143,4022346103319,HEU,Bockshornklee ganz,17.10.2027,5,FALSE,529,,,📦 Trockenware
09.12.2025 11:24:21,1.142,4022346309216,HEU,Harissa Gewürz gemahlen Dose,16.05.2027,5,FALSE,375,,,📦 Trockenware
09.12.2025 11:23:03,1.141,9004145003545,STN,Chili gemahlen,30.09.2028,6,FALSE,878,,,📦 Trockenware
09.12.2025 11:21:28,1.140,9004145006706,STN,Pfeffer schwarz gemahlen,30.09.2028,6,FALSE,878,,,📦 Trockenware
09.12.2025 11:19:39,1.139,4012346206806,LEB,Zeit zum Ankommen TB,30.11.2027,5,FALSE,573,,,📦 Trockenware
09.12.2025 11:07:14,1.138,3445020295901,BPL,Lein”l nativ,30.09.2026,6,FALSE,147,,,📦 Trockenware
09.12.2025 11:05:51,1.137,9004145008809,STN,Pfeffer schwarz ganz Tüte,30.09.2028,6,FALSE,878,,,📦 Trockenware
09.12.2025 10:49:11,1.136,4250073450639,FWO,Thunfisch im eigenen Saft Natur MSC,14.06.2028,8,FALSE,770,,,📦 Trockenware
09.12.2025 10:42:27,1.135,4005561006603,BOL,KaribiX Hafer Fruchtkeks,07.10.2026,6,FALSE,154,,,📦 Trockenware
09.12.2025 10:40:09,1.134,4012346204901,LEB,Earl Grey TB,30.11.2027,6,FALSE,573,,,📦 Trockenware
09.12.2025 10:37:38,1.133,4065626113981,WBI,b*Mandeln natur gemahlen,31.07.2026,8,FALSE,86,,,📦 Trockenware
09.12.2025 10:12:04,1.132,9004145008946,STN,Paprika edelsüá Tüte,30.09.2028,6,FALSE,878,,,📦 Trockenware
09.12.2025 10:09:18,1.131,4035626103565,WBI,b*Espresso gemahlen,30.11.2026,6,FALSE,208,,,📦 Trockenware
05.12.2025 12:10:30,1.130,4009176048409,LNA,Dinkel L”ffelbiscuits,30.11.2026,16,FALSE,208,,,📦 Trockenware
05.12.2025 12:03:40,1.129,8713576003420,TER,Erdnussmus crunchy,20.10.2027,6,FALSE,532,,,📦 Trockenware
05.12.2025 11:19:15,1.128,4044889005264,VNI,Feine Bitter mit 85% Cacao,01.09.2027,10,FALSE,483,,,📦 Trockenware
05.12.2025 11:18:14,1.127,4044889002904,VNI,Feine Bitter mit 99% Cacao,01.11.2027,10,FALSE,544,,,📦 Trockenware
05.12.2025 10:59:14,1.126,4016249173906,ALO,Linsenaufstrich Rote Linse Chili,03.09.2026,6,FALSE,120,,,📦 Trockenware
05.12.2025 10:56:56,1.125,4035626111522,WBI,b*Hochlandkaffee ganze Bohne,15.12.2026,4,FALSE,223,,,📦 Trockenware
05.12.2025 09:50:26,1.124,4019339192146,DAV,Weiáer Quinoa,31.01.2027,8,FALSE,270,,,📦 Trockenware
05.12.2025 09:47:23,1.123,4035626101004,WBI,b*Tomaten Passata,31.12.2027,12,FALSE,604,,,📦 Trockenware
05.12.2025 09:44:31,1.122,9004145007345,STN,Zimt gemahlen (Ceylon) Tüte,30.09.2028,6,FALSE,878,,,📦 Trockenware
05.12.2025 09:35:15,1.121,4260311984932,MGL,Quetschie Himbeere,22.07.2026,10,FALSE,77,,,📦 Trockenware
05.12.2025 09:33:05,1.120,4009309114476,MAR,Cornichons,31.12.2027,6,FALSE,604,,,📦 Trockenware
05.12.2025 09:29:42,1.119,4000345046080,NCO,Klare Gemüsebrühe feink”rnig,15.04.2027,6,FALSE,344,,,📦 Trockenware
05.12.2025 09:25:48,1.118,4260221611713,EMS,Sylter Dressing mit Balsamico,29.08.2026,6,FALSE,115,,,📦 Trockenware
05.12.2025 09:22:23,1.117,4022381508209,SPI,Reismischung mit Wildreis,14.11.2026,4,FALSE,192,,,📦 Trockenware
05.12.2025 09:20:19,1.116,4016249207007,ALO,Hafer Cuisine,25.07.2026,15,FALSE,80,,,📦 Trockenware
05.12.2025 09:18:11,1.115,8713576003475,TER,Erdnussmus fein,08.09.2027,6,FALSE,490,,,📦 Trockenware
05.12.2025 09:12:52,1.114,4012346113906,LEB,Aufs Brot Topping,31.03.2028,6,FALSE,695,,,📦 Trockenware
05.12.2025 09:10:02,1.113,4056114005895,SOM,Kokos Feine Plätzchen,23.06.2026,6,FALSE,48,,,📦 Trockenware
05.12.2025 09:04:29,1.112,9004145002388,STN,Rooibos natur,30.09.2028,6,FALSE,878,,,📦 Trockenware
05.12.2025 09:01:36,1.111,9004145003644,STN,Koriander gemahlen,30.09.2028,6,FALSE,878,,,📦 Trockenware
05.12.2025 09:00:18,1.110,9004145003354,STN,Lorbeerblätter ganz,30.09.2028,6,FALSE,878,,,📦 Trockenware
05.12.2025 08:58:24,1.109,9004145006812,STN,Kräuter all'Italiana geschnitten Tüte,30.09.2028,6,FALSE,878,,,📦 Trockenware
02.12.2025 10:58:41,1.107,4015533048784,VOE,Apfel Grapefruit Schorle,05.09.2027,10,FALSE,487,,,📦 Trockenware
02.12.2025 10:54:33,1.106,4035626001830,WBI,b*Weizenmehl 550,20.10.2026,8,FALSE,167,,,📦 Trockenware
02.12.2025 10:50:50,1.105,4260086780197,CLO,Appleritif Apfel,31.12.2026,6,FALSE,239,,,📦 Trockenware
02.12.2025 10:48:34,1.104,4035626001793,WBI,b*Haferflocken Groáblatt,30.10.2026,6,FALSE,177,,,📦 Trockenware
02.12.2025 10:47:37,1.103,4035626001816,WBI,b*Haferflocken Kleinblatt,31.10.2026,6,FALSE,178,,,📦 Trockenware
02.12.2025 10:46:14,1.102,4022381022088,SPI,Dinkel Vollkorn Couscous,22.10.2026,4,FALSE,169,,,📦 Trockenware
02.12.2025 10:33:14,1.101,4015637836072,BAK,Feine Speisestärke aus Mais gf,19.03.2027,6,FALSE,317,,,📦 Trockenware
02.12.2025 10:32:43,1.100,4019736017257,ZWE,Aprikose Fein,08.11.2026,6,FALSE,186,,,📦 Trockenware
02.12.2025 10:32:18,1.099,4019736005223,ZWE,Pflaumenmus Fruchtgarten,04.01.2027,6,FALSE,243,,,📦 Trockenware
02.12.2025 10:31:45,1.098,4019736007005,ZWE,Mittelscharfer Senf,15.10.2026,6,FALSE,162,,,📦 Trockenware
02.12.2025 10:25:59,1.097,4030917048402,SAC,Dänische Burgersauce,31.03.2027,6,FALSE,329,,,📦 Trockenware
02.12.2025 10:25:06,1.096,4019736007036,ZWE,Wiking Senf,17.10.2026,6,FALSE,164,,,📦 Trockenware
02.12.2025 10:15:26,1.095,3445020001755,BPL,Brat Oliven”l,31.10.2026,6,FALSE,178,,,📦 Trockenware
02.12.2025 10:14:15,1.094,4035626110938,WBI,b*Cashewkerne Bruch,13.10.2026,7,FALSE,160,,,📦 Trockenware
02.12.2025 10:13:48,1.093,4035626102025,WBI,b*Tomatenketchup,24.01.2028,6,FALSE,628,,,📦 Trockenware
02.12.2025 10:13:12,1.092,9004145003224,STN,Fenchel ganz Tüte,30.09.2028,6,FALSE,878,,,📦 Trockenware
02.12.2025 10:11:56,1.091,4260133141131,BBF,biofix Spaghetti Bolognese,08.09.2027,10,FALSE,490,,,📦 Trockenware
02.12.2025 10:07:23,1.090,4035626113397,WBI,b*Spaghetti,25.03.2028,12,FALSE,689,,,📦 Trockenware
02.12.2025 10:02:33,1.088,4022381019040,BUM,Kartoffelpüree,31.07.2027,10,FALSE,451,,,📦 Trockenware
02.12.2025 10:00:42,1.087,4012824406599,YOG,Yogi Tea© Spritzige Blutorange,31.05.2028,6,FALSE,756,,,📦 Trockenware
02.12.2025 09:54:09,1.086,8718754505024,TFO,Hummus Chips Meersalz,30.06.2026,6,FALSE,55,,,📦 Trockenware
02.12.2025 09:46:39,1.084,4018722305699,AGO,Mie Noodles,22.07.2027,8,FALSE,442,,,📦 Trockenware
02.12.2025 09:46:39,1.085,4018722305699,AGO,Mie Noodles,30.07.2027,8,FALSE,450,,,📦 Trockenware
02.12.2025 09:40:22,1.083,4012346277806,LEB,Janosch Waldbärentee TB,30.06.2027,8,FALSE,420,,,📦 Trockenware
02.12.2025 09:39:08,1.082,8412439287006,PDM,Sardellenfilet in Oliven”l,30.09.2026,10,FALSE,147,,,📦 Trockenware
02.12.2025 09:37:58,1.081,4030917007904,SAC,Grill und Würzsauce Barbecue,30.06.2027,6,FALSE,420,,,📦 Trockenware
02.12.2025 09:37:18,1.080,4030917016203,SAC,Grillsauce Mexican Salsa,30.06.2027,6,FALSE,420,,,📦 Trockenware
02.12.2025 09:36:05,1.079,8713576239034,TER,Kakao Antioxidant Pulver RAW,28.04.2027,6,FALSE,357,,,📦 Trockenware
28.11.2025 11:56:51,1.078,4038375025928,NTM,Mandeldrink Natural ungesüát,22.10.2026,8,FALSE,169,,,📦 Trockenware
28.11.2025 11:39:49,1.077,4022381002158,SPI,Haferflocken Zartblatt,30.10.2026,6,FALSE,177,,,📦 Trockenware
28.11.2025 11:36:20,1.076,4035661162480,WBI,b*Brat”l,22.10.2026,6,FALSE,169,,,📦 Trockenware
28.11.2025 11:12:25,1.075,4022381303187,SPI,Haferflocken Groáblatt,28.10.2026,6,FALSE,175,,,📦 Trockenware
28.11.2025 11:09:49,1.074,4038375024396,NTM,Haferdrink Natural,08.10.2026,8,FALSE,155,,,📦 Trockenware
28.11.2025 11:04:44,1.073,4260072176591,SFF,Sonnenblumen Hack,25.09.2027,6,FALSE,507,,,📦 Trockenware
28.11.2025 11:01:55,1.072,4035626101028,WBI,b* Cubetti Tomatenstücke,31.12.2027,12,FALSE,604,,,📦 Trockenware
28.11.2025 10:58:17,1.071,4024297340454,NAT,Puderzucker aus Rohrohrzucker,14.05.2027,10,FALSE,373,,,📦 Trockenware
28.11.2025 10:25:03,1.070,3380380044908,BLU,Blumenbrot Buchweizen gf,04.03.2027,6,FALSE,302,,,📦 Trockenware
28.11.2025 10:21:57,1.069,4012346157108,LEB,Kurkuma gem (Gelbwurz) Tüte,30.04.2028,6,FALSE,725,,,📦 Trockenware
28.11.2025 10:18:19,1.068,4022381023726,BUM,Rohrohrzucker,18.09.2027,9,FALSE,500,,,📦 Trockenware
28.11.2025 10:04:13,1.067,4020943132459,ARC,Glasnudeln,21.06.2028,6,FALSE,777,,,📦 Trockenware
28.11.2025 09:57:43,1.066,4035626000369,WBI,b*Zucker,30.11.2029,10,FALSE,1304,,,📦 Trockenware
28.11.2025 09:55:13,1.065,4012824405493,YOG,Yogi Tea© Seelenbalsam TB,31.05.2028,6,FALSE,756,,,📦 Trockenware
28.11.2025 09:53:17,1.064,4022381015950,SPI,Dinkel Muschelnudeln,01.09.2028,15,FALSE,849,,,📦 Trockenware
28.11.2025 09:51:41,1.063,4260360271335,NPU,Sauerkraut,31.12.2028,6,FALSE,970,,,📦 Trockenware
28.11.2025 09:50:12,1.062,8713576271249,TER,Tamari Sojasauce Japan,31.03.2027,6,FALSE,329,,,📦 Trockenware
28.11.2025 09:48:39,1.061,4022381027632,SPI,Buchweizenflocken gf,13.10.2026,4,FALSE,160,,,📦 Trockenware
28.11.2025 09:46:00,1.060,5998008700655,TAR,Aprikosenmus,10.02.2028,6,FALSE,645,,,📦 Trockenware
28.11.2025 09:43:13,1.059,4012824405493,YOG,Yogi Tea© Seelenbalsam TB,31.05.2028,6,FALSE,756,,,📦 Trockenware
28.11.2025 09:41:29,1.058,4012346158006,LEB,Pfeffer rosa ganz Tüte,30.07.2028,6,FALSE,816,,,📦 Trockenware
28.11.2025 09:40:14,1.057,4012346100906,LEB,Vanillezucker,30.09.2027,20,FALSE,512,,,📦 Trockenware
28.11.2025 09:38:33,1.056,4260311984659,MGL,Quetschie Erdbeere,22.07.2026,10,FALSE,77,,,📦 Trockenware
28.11.2025 09:36:41,1.055,4002029064205,HOY,Manukahonig Halspastillen Zitronenmelisse,03.10.2027,10,FALSE,515,,,📦 Trockenware
25.11.2025 10:42:29,1.054,4106060072325,Beutelsbacher,Früchte Glühpunsch BIO,17.09.2027,12,FALSE,499,,,📦 Trockenware
25.11.2025 10:35:07,1.053,4035626100366,WBI,b*Orangensaft,28.07.2027,6,FALSE,448,,,📦 Trockenware
25.11.2025 10:33:36,1.052,4012852204204,NOW,now Black Cola,30.09.2026,20,FALSE,147,,,📦 Trockenware
25.11.2025 10:32:09,1.051,4012852204242,NOW,now Sunny Orange,30.09.2026,20,FALSE,147,,,📦 Trockenware
25.11.2025 10:30:58,1.050,4012852204235,NOW,now Fresh Lemon,30.09.2026,20,FALSE,147,,,📦 Trockenware
25.11.2025 10:28:50,1.049,4015533017834,VOE,Bio Zisch Rhabarber,19.08.2027,24,FALSE,470,,,📦 Trockenware
25.11.2025 10:25:09,1.047,4106060044759,BEU,Holunder Punsch,10.09.2027,12,FALSE,492,,,📦 Trockenware
25.11.2025 10:06:12,1.045,4035626110617,WBI,b*Feigen,13.11.2026,10,FALSE,191,,,📦 Trockenware
25.11.2025 10:04:30,1.044,4035626110754,WBI,b*Datteln entsteint,15.08.2026,10,FALSE,101,,,📦 Trockenware
25.11.2025 10:02:02,1.043,4022381016933,SPI,Parboiled Reis lang,23.01.2027,6,FALSE,262,,,📦 Trockenware
25.11.2025 09:55:31,1.042,4022381014106,SPI,Vk Dinkel Spiralen,08.08.2027,8,FALSE,459,,,📦 Trockenware
25.11.2025 09:54:01,1.041,4005561532638,BOL,Schoko Haferlinge,09.10.2026,6,FALSE,156,,,📦 Trockenware
25.11.2025 09:41:45,1.040,4035626101219,WBI,b*Wildblütenhonig cremig,16.10.2027,6,FALSE,528,,,📦 Trockenware
25.11.2025 09:38:08,1.039,4044889005288,VNI,Dunkle Nougat,30.09.2026,11,FALSE,147,,,📦 Trockenware
25.11.2025 09:24:03,1.038,4022346318676,HEU,Muskatnüsse ganz Tüte,29.08.2027,5,FALSE,480,,,📦 Trockenware
25.11.2025 09:22:56,1.037,4016512050323,ERN,Hühnerbouillon hf,27.02.2027,6,FALSE,297,,,📦 Trockenware
25.11.2025 09:21:09,1.036,8052575090582,RDA,Nocciolata Crunchy 250 g,22.05.2027,6,FALSE,381,,,📦 Trockenware
25.11.2025 09:15:32,1.035,4015637824772,BAK,Apfel Birnenmark ungesüát,01.05.2028,12,FALSE,726,,,📦 Trockenware
25.11.2025 09:13:14,1.034,9004145005150,STN,Basen Kräutertee,30.09.2028,6,FALSE,878,,,📦 Trockenware
25.11.2025 09:11:52,1.033,4012824401303,YOG,Yogi Tea© Ingwer Zitrone TB,30.06.2028,6,FALSE,786,,,📦 Trockenware
25.11.2025 08:51:13,1.032,9004145022560,STN,Gute Laune Kräutertee TB,31.12.2028,6,FALSE,970,,,📦 Trockenware
25.11.2025 08:47:55,1.031,4022381000345,SPI,Schwäbische Backerbsen,19.06.2026,8,FALSE,44,,,📦 Trockenware
21.11.2025 11:57:12,1.030,4035626103602,WBI,b*Bircher Müsli,25.09.2026,6,FALSE,142,,,📦 Trockenware
21.11.2025 11:50:51,1.029,4035626103695,WBI,b*Spirali Tricolore,04.06.2028,12,FALSE,760,,,📦 Trockenware
21.11.2025 11:23:24,1.028,4035626111263,WBI,b*Kokosmilch,05.04.2027,12,FALSE,334,,,📦 Trockenware
21.11.2025 11:19:57,1.027,4035626103749,WBI,b*Früchte Müsli,13.10.2026,6,FALSE,160,,,📦 Trockenware
21.11.2025 11:13:29,1.026,4035626112925,WBI,b*Blutorangenmarmelade,28.03.2028,6,FALSE,692,,,📦 Trockenware
21.11.2025 11:06:56,1.025,4019736014669,ZWE,Streichïs drauf Tomesan,29.07.2027,6,FALSE,449,,,📦 Trockenware
21.11.2025 10:51:42,1.024,4260221611010,EMS,Honig Senf Dressing,27.08.2026,6,FALSE,113,,,📦 Trockenware
21.11.2025 10:34:17,1.023,4012346224503,,"Bio Fruchtige Winterwärme, Filterbeutel",01.05.2028,6,FALSE,726,,,📦 Trockenware
21.11.2025 10:30:45,1.022,4035626103763,WBI,b*Basis Müsli,13.10.2026,6,FALSE,160,,,📦 Trockenware
21.11.2025 10:26:54,1.021,4035626103510,WBI,b*Beeren Müsli,14.10.2026,6,FALSE,161,,,📦 Trockenware
21.11.2025 10:23:28,1.020,4005561532409,BOL,Haferlinge,08.10.2026,6,FALSE,155,,,📦 Trockenware
21.11.2025 10:15:03,1.019,4019736018025,ZWE,Fruchtgelee Quitte,28.07.2027,6,FALSE,448,,,📦 Trockenware
21.11.2025 10:12:14,1.018,4035626113397,WBI,b*Spaghetti,25.03.2028,12,FALSE,689,,,📦 Trockenware
21.11.2025 10:07:16,1.017,4260360272011,NPU,Braune Teller Linsen,08.09.2027,6,FALSE,490,,,📦 Trockenware
21.11.2025 10:04:53,1.016,4019736006480,ZWE,Scharfer Senf,18.07.2026,6,FALSE,73,,,📦 Trockenware
21.11.2025 10:02:58,1.015,4065626114841,WBI,b*Tomatenmark,13.11.2027,12,FALSE,556,,,📦 Trockenware
21.11.2025 09:59:36,1.014,4260360271588,NPU,Apfelmark,31.12.2028,6,FALSE,970,,,📦 Trockenware
21.11.2025 09:58:03,1.013,4260360271564,NPU,Apfelmus,31.12.2028,6,FALSE,970,,,📦 Trockenware
21.11.2025 09:55:00,1.012,4260133141063,BBF,biofix Paprika Hähnchen,10.06.2027,10,FALSE,400,,,📦 Trockenware
21.11.2025 09:52:52,1.011,4016249150389,ALO,Aufs Brot Toskana,28.07.2026,6,FALSE,83,,,📦 Trockenware
21.11.2025 09:51:18,1.010,8018759000341,SEL,Pesto Verde,18.12.2027,6,FALSE,591,,,📦 Trockenware
21.11.2025 09:48:46,1.009,4260221611614,EMS,Franz”sische Vinaigrette,28.07.2026,6,FALSE,83,,,📦 Trockenware
21.11.2025 09:46:01,1.008,4030917005009,SAC,Currypaste Red Thai,01.05.2028,6,FALSE,726,,,📦 Trockenware
21.11.2025 09:43:50,1.007,9004145008809,STN,Pfeffer schwarz ganz Tüte,30.09.2028,6,FALSE,878,,,📦 Trockenware
21.11.2025 09:42:34,1.006,9004145003156,STN,Liebst”ckel geschnitten Tüte,30.09.2028,6,FALSE,878,,,📦 Trockenware
21.11.2025 09:40:51,1.005,9004145008762,STN,Curry süá gemahlen Tüte,30.09.2028,6,FALSE,878,,,📦 Trockenware
21.11.2025 09:39:09,1.004,9004145003354,STN,Lorbeerblätter ganz,30.09.2028,6,FALSE,878,,,📦 Trockenware
21.11.2025 09:37:20,1.003,4012346155708,LEB,Kümmel gemahlen Tüte,01.03.2028,6,FALSE,665,,,📦 Trockenware
21.11.2025 09:33:06,1.002,9004145003163,STN,Rosmarin geschnitten Tüte,30.09.2028,6,FALSE,878,,,📦 Trockenware
21.11.2025 09:31:01,1.001,9004145006829,STN,Smokey Paprika,30.09.2028,6,FALSE,878,,,📦 Trockenware
21.11.2025 09:23:07,1.000,4035661163135,WBI,b*Rote Linsen,20.04.2027,6,FALSE,349,,,📦 Trockenware
19.11.2025 10:20:09,999,4035626001830,WBI,b*Weizenmehl 550,20.10.2026,8,FALSE,167,,,📦 Trockenware
19.11.2025 10:17:35,998,4035626002615,WBI,b*Tomatenmark Tube,25.07.2028,12,FALSE,811,,,📦 Trockenware
19.11.2025 10:15:17,997,4022381023740,BUM,Rohrohrzucker,24.10.2027,6,FALSE,536,,,📦 Trockenware
19.11.2025 10:13:37,996,9004145008946,STN,Paprika edelsüá Tüte,30.09.2028,6,FALSE,878,,,📦 Trockenware
19.11.2025 09:53:36,995,4019736014546,ZWE,Streichïs drauf Mepfel,10.09.2027,6,FALSE,492,,,📦 Trockenware
19.11.2025 09:49:37,994,4065626114865,WBI,b*Tomaten-Paprikamark,04.11.2027,6,FALSE,547,,,📦 Trockenware
19.11.2025 09:40:09,993,4005561532409,BOL,Haferlinge,08.10.2026,6,FALSE,155,,,📦 Trockenware
18.11.2025 17:39:29,992,4260360271632,NPU,Delikatess Mayonnaise,31.12.2026,6,FALSE,239,,,📦 Trockenware
18.11.2025 16:10:38,991,4260360271502,NPU,Kichererbsen,31.12.2028,6,FALSE,970,,,📦 Trockenware
18.11.2025 16:05:29,990,4035626001892,WBI,b*Dinkelmehl 630,06.11.2026,8,FALSE,184,,,📦 Trockenware
18.11.2025 16:03:08,989,4035626111348,WBI,b*Ananasstücke,30.05.2027,6,FALSE,389,,,📦 Trockenware
18.11.2025 15:58:54,988,4035626001748,WBI,b*Classic Crunch,08.09.2026,6,FALSE,125,,,📦 Trockenware
18.11.2025 15:52:23,987,4015637822907,BAK,Vk Buchweizenmehl gf,26.10.2026,6,FALSE,173,,,📦 Trockenware
18.11.2025 15:49:23,986,8713576270143,TER,Genmai Miso mit Schraubverschluss,04.02.2027,6,FALSE,274,,,📦 Trockenware
18.11.2025 15:42:57,985,4012346156408,LEB,Anis ganz Tüte,31.05.2028,6,FALSE,756,,,📦 Trockenware
18.11.2025 15:40:49,984,4005394200902,BVE,Vanille Pudding,31.08.2027,10,FALSE,482,,,📦 Trockenware
18.11.2025 15:02:08,983,4005394200902,BVE,Vanille Pudding,31.08.2027,10,FALSE,482,,,📦 Trockenware
18.11.2025 15:01:00,982,9004145003774,STN,"Laune gut,alles gut© Gewürz",30.09.2028,6,FALSE,878,,,📦 Trockenware
18.11.2025 14:42:07,981,4012346153407,LEB,Estragon Tüte,01.09.2028,6,FALSE,849,,,📦 Trockenware
18.11.2025 14:40:02,980,401234169705,,🔍 Web Suche,31.03.2028,6,FALSE,695,,,📦 Trockenware
18.11.2025 14:35:01,979,9004145007475,STN,Kreuzkümmel gemahlen Tüte,30.09.2028,6,FALSE,878,,,📦 Trockenware
18.11.2025 14:22:29,978,8718754503044,YAK,Austern Sauce,30.12.2026,6,FALSE,238,,,📦 Trockenware
18.11.2025 14:09:23,977,4005394285411,BVE,Backpulver Meister Backpulver,31.05.2028,16,FALSE,756,,,📦 Trockenware
18.11.2025 14:07:07,976,9004145003361,STN,Wacholderbeeren ganz,30.09.2028,6,FALSE,878,,,📦 Trockenware
18.11.2025 13:51:42,975,4022381019767,SPI,Dinkel Lasagne hell,15.07.2027,10,FALSE,435,,,📦 Trockenware
18.11.2025 13:49:31,974,871357624934,,🔍 Web Suche,28.04.2027,6,FALSE,357,,,📦 Trockenware
18.11.2025 13:45:30,973,4012346107103,LEB,Kürbisgewürz,01.04.2028,6,FALSE,696,,,📦 Trockenware
18.11.2025 13:30:38,972,4012346533704,LEB,Grüntee Darjeeling Blatt Ambootia,01.06.2028,6,FALSE,757,,,📦 Trockenware
18.11.2025 11:48:07,971,4012346001463,LEB,Schwarztee Darjeeling TB,01.10.2028,12,FALSE,879,,,📦 Trockenware
18.11.2025 11:40:08,970,4035626110655,WBI,b*Sultaninen,18.08.2026,7,FALSE,104,,,📦 Trockenware
17.11.2025 14:37:36,969,4006040431442,Rapunzel,Steinsalz,22.10.2028,8,FALSE,900,,,📦 Trockenware
17.11.2025 14:33:13,968,4006040012023,Rapunzel,Borlotti Bohnen,30.07.2028,6,FALSE,816,,,📦 Trockenware
17.11.2025 14:30:20,967,4006040189008,Rapunzel,Faire Schokolade Weisse Cocos,24.10.2026,12,FALSE,171,,,📦 Trockenware
17.11.2025 14:29:15,966,4006040196006,Rapunzel,Faire Schokolade Vollmilch Mandel,25.12.2026,12,FALSE,233,,,📦 Trockenware
17.11.2025 14:27:53,965,4006040003014,Rapunzel,SAMBA,04.09.2027,6,FALSE,486,,,📦 Trockenware
17.11.2025 14:26:10,964,4006040320623,Rapunzel,Caramel & Salt,30.07.2026,12,FALSE,85,,,📦 Trockenware
17.11.2025 14:24:46,963,4019736008965,ZWE,Streich Schnittlauch,09.07.2027,6,FALSE,429,,,📦 Trockenware
17.11.2025 14:23:32,962,4006040209904,Rapunzel,Vollmilch Schokolade,24.10.2026,12,FALSE,171,,,📦 Trockenware
17.11.2025 14:21:48,961,4006040235965,Rapunzel,Nougat Creme vegan,06.02.2027,6,FALSE,276,,,📦 Trockenware
17.11.2025 14:20:29,960,4019736000679,ZWE,Bolognese vegetarisch,06.10.2028,6,FALSE,884,,,📦 Trockenware
17.11.2025 14:19:28,959,4006040197959,Rapunzel,Karamell,09.01.2027,10,FALSE,248,,,📦 Trockenware
17.11.2025 14:17:49,958,4006040320005,,🔍 Web Suche,30.11.2026,5000,FALSE,208,,,📦 Trockenware
17.11.2025 14:15:17,957,4006040266129,,🔍 Web Suche,26.11.2026,12,FALSE,204,,,📦 Trockenware
14.11.2025 11:11:23,955,4035626100366,WBI,b*Orangensaft,28.07.2027,6,FALSE,448,,,📦 Trockenware
14.11.2025 11:09:47,954,4106060044452,BEU,Kokos Ananas,08.08.2027,6,FALSE,459,,,📦 Trockenware
14.11.2025 11:07:19,953,4015533019586,VOE,Bio Zisch Ingwer,10.08.2027,10,FALSE,461,,,📦 Trockenware
14.11.2025 11:05:23,952,4012852001520,NEU,Lammsbräu Bio Weiáe,30.06.2026,10,FALSE,55,,,📦 Trockenware
14.11.2025 11:03:52,951,4022381027595,SPI,Haferflocken Kleinblatt gf,23.10.2026,6,FALSE,170,,,📦 Trockenware
14.11.2025 11:02:34,950,4035626111287,WBI,b*Kokosmilch,02.09.2027,6,FALSE,484,,,📦 Trockenware
14.11.2025 11:00:47,949,4022381023740,BUM,Rohrohrzucker,22.10.2027,6,FALSE,534,,,📦 Trockenware
14.11.2025 10:59:25,948,4100570016237,BEP,Ayurvedische Ghee Butter,22.09.2026,6,FALSE,139,,,📦 Trockenware
14.11.2025 10:58:20,947,4015637822150,BAK,Weizen Paniermehl / Br”sel,16.01.2027,6,FALSE,255,,,📦 Trockenware
14.11.2025 10:21:37,946,4250073450639,FWO,Thunfisch im eigenen Saft Natur MSC,12.05.2028,8,FALSE,737,,,📦 Trockenware
14.11.2025 10:15:45,945,4005967511664,ROS,Früchte Müsli,08.08.2026,6,FALSE,94,,,📦 Trockenware
14.11.2025 10:11:53,944,4018462416501,BYO,Condimento Bianco,30.07.2028,6,FALSE,816,,,📦 Trockenware
14.11.2025 10:09:31,943,4031829230800,™KL,Geflügelwürstchen im Glas,28.04.2027,6,FALSE,357,,,📦 Trockenware
14.11.2025 10:07:13,942,4002029030538,HOY,Gelee Royale im Honig,26.11.2026,6,FALSE,204,,,📦 Trockenware
14.11.2025 10:05:57,941,4019339413050,DAV,Braune Leinsaat geschrotet,16.11.2026,6,FALSE,194,,,📦 Trockenware
14.11.2025 10:03:24,940,4018462416358,BYO,Granatapfel Balsam,28.02.2027,6,FALSE,298,,,📦 Trockenware
14.11.2025 10:01:22,939,4012824401396,YOG,Yogi Tea© Halswärmer TB,31.08.2028,6,FALSE,848,,,📦 Trockenware
14.11.2025 09:58:20,938,4022381023702,BUM,Bircher Müsli,16.06.2026,6,FALSE,41,,,📦 Trockenware
14.11.2025 09:56:32,937,4021234101079,BHO,Krunchy PUR Dinkel,18.09.2026,6,FALSE,135,,,📦 Trockenware
11.11.2025 13:59:31,936,4015533041525,VOE,Haferdrink,19.09.2026,6,FALSE,136,,,📦 Trockenware
11.11.2025 13:50:54,934,4012852204297,NOW,now Holler Blüte,01.08.2026,10,FALSE,87,,,📦 Trockenware
11.11.2025 13:44:54,933,4035626102513,WBI,b*Traubensaft,12.02.2027,6,FALSE,282,,,📦 Trockenware
11.11.2025 13:29:48,932,4015533000379,VOE,Rote Bete Saft feldfrisch,18.08.2027,6,FALSE,469,,,📦 Trockenware
11.11.2025 11:24:07,929,4035626001830,WBI,b*Weizenmehl 550,20.10.2026,8,FALSE,167,,,📦 Trockenware
11.11.2025 11:18:15,927,4035661162824,WBI,b*Haselnusskerne,20.06.2026,6,FALSE,45,,,📦 Trockenware
11.11.2025 11:16:34,926,4035661162930,WBI,b*Mandeln,20.10.2026,6,FALSE,167,,,📦 Trockenware
11.11.2025 11:15:10,925,4022381027779,SPI,Leinsaat braun,31.10.2026,4,FALSE,178,,,📦 Trockenware
11.11.2025 11:12:03,924,4019736012832,ZWE,Soul Kitchen Gemüse Curry,24.06.2027,6,FALSE,414,,,📦 Trockenware
11.11.2025 11:09:50,923,4021234102151,BHO,Krunchy PUR Hafer,16.09.2026,6,FALSE,133,,,📦 Trockenware
11.11.2025 11:03:14,921,4035626101011,WBI,b*Tomatenmark,05.11.2027,6,FALSE,548,,,📦 Trockenware
11.11.2025 10:54:52,920,4022381027755,SPI,Sonnenblumenkerne,14.08.2026,4,FALSE,100,,,📦 Trockenware
11.11.2025 10:48:42,919,4022381027632,SPI,Buchweizenflocken gf,17.09.2026,4,FALSE,134,,,📦 Trockenware
11.11.2025 10:42:09,918,4260221613410,EMS,Remoulade vegan,22.09.2026,6,FALSE,139,,,📦 Trockenware
11.11.2025 10:38:39,917,4012346533704,LEB,Grüntee Darjeeling Blatt Ambootia,01.06.2028,6,FALSE,757,,,📦 Trockenware
11.11.2025 10:35:15,916,4065626113943,WBI,b*Mandelblättchen,01.08.2026,8,FALSE,87,,,📦 Trockenware
11.11.2025 10:28:54,915,4015637822990,BAK,Backmischung Brownies gf,13.12.2026,6,FALSE,221,,,📦 Trockenware
11.11.2025 10:24:34,914,4012346169705,LEB,Porridge Gewürz Kurkuma Orange,01.04.2028,6,FALSE,696,,,📦 Trockenware
07.11.2025 10:05:49,913,4012852204242,NOW,now Sunny Orange,30.09.2026,10,FALSE,147,,,📦 Trockenware
07.11.2025 10:02:01,912,4012852204204,NOW,now Black Cola,30.09.2026,10,FALSE,147,,,📦 Trockenware
07.11.2025 09:57:23,910,4015533000638,VOE,Orangensaft,03.10.2026,6,FALSE,150,,,📦 Trockenware
07.11.2025 09:54:15,908,4035626000871,WBI,b*M”hre Orange Ingwer Saft,15.04.2027,6,FALSE,344,,,📦 Trockenware
07.11.2025 09:50:49,907,4012852204235,NOW,now Fresh Lemon,30.09.2026,10,FALSE,147,,,📦 Trockenware
07.11.2025 09:48:51,906,4012852253868,NOW,now Orange Cola,30.09.2026,10,FALSE,147,,,📦 Trockenware
07.11.2025 09:47:05,905,4260355580930,BPL,Schwarzkümmel”l nativ,30.10.2026,4,FALSE,177,,,📦 Trockenware
07.11.2025 09:45:56,904,4044889005264,VNI,Feine Bitter mit 85% Cacao,30.09.2027,10,FALSE,512,,,📦 Trockenware
07.11.2025 09:44:18,903,4260360271533,NPU,Linsen,31.12.2028,6,FALSE,970,,,📦 Trockenware
07.11.2025 09:37:28,902,4044889001082,VNI,Pralin‚ Nougat,30.07.2026,10,FALSE,85,,,📦 Trockenware
07.11.2025 09:35:44,901,4035626001878,WBI,b*Roggenmehl 1150,02.07.2026,8,FALSE,57,,,📦 Trockenware
07.11.2025 09:34:14,900,4031829230855,™KL,Vegetarische Würstchen im Glas,22.10.2026,6,FALSE,169,,,📦 Trockenware
07.11.2025 09:31:11,899,4035626110655,WBI,b*Sultaninen,10.07.2026,7,FALSE,65,,,📦 Trockenware
07.11.2025 09:28:33,898,3445020220705,BPL,Oliven”l mittel fruchtig nat e,30.11.2026,6,FALSE,208,,,📦 Trockenware
07.11.2025 09:21:10,897,4035661162466,WBI,b*Sonnenblumen”l nativ,21.10.2026,6,FALSE,168,,,📦 Trockenware
07.11.2025 09:18:23,896,4260360272158,NPU,Weiáe Riesenbohnen,21.10.2027,6,FALSE,533,,,📦 Trockenware
07.11.2025 09:14:57,895,4005394285411,BVE,Backpulver Meister Backpulver,31.05.2028,15,FALSE,756,,,📦 Trockenware
07.11.2025 09:12:06,894,9004145006744,STN,Provencekräuter Tüte,31.03.2028,6,FALSE,695,,,📦 Trockenware
07.11.2025 09:08:35,893,4012346156507,LEB,Ingwer gemahlen Tüte,30.12.2027,6,FALSE,603,,,📦 Trockenware
07.11.2025 09:07:00,892,4015637822341,BAK,Dinkel Kaiserschmarrn,01.12.2026,6,FALSE,209,,,📦 Trockenware
07.11.2025 08:54:34,891,8713576163001,TER,Wheel,26.06.2027,7,FALSE,416,,,📦 Trockenware
04.11.2025 10:24:53,889,4015637825427,BAK,Hot Hafer Basis,19.10.2026,6,FALSE,166,,,📦 Trockenware
04.11.2025 10:18:13,888,4260360271632,NPU,Delikatess Mayonnaise,31.12.2026,6,FALSE,239,,,📦 Trockenware
04.11.2025 10:05:17,887,4035626103541,WBI,b*Kaffee 100% Arabica,30.12.2026,12,FALSE,238,,,📦 Trockenware
04.11.2025 10:03:45,886,4022381016933,SPI,Parboiled Reis lang,15.12.2026,6,FALSE,223,,,📦 Trockenware
04.11.2025 09:59:15,885,4035626112536,WBI,b*Erdnussmus,12.05.2027,6,FALSE,371,,,📦 Trockenware
04.11.2025 09:55:47,884,4260360271533,NPU,Linsen,31.12.2028,6,FALSE,970,,,📦 Trockenware
04.11.2025 09:54:24,883,4012346533407,LEB,Grüntee Sencha,30.04.2028,6,FALSE,725,,,📦 Trockenware
04.11.2025 09:52:16,882,4022381027359,BUM,Schoko Müsli,21.07.2026,6,FALSE,76,,,📦 Trockenware
04.11.2025 09:35:22,881,4000799110054,MOU,R”stkaffee ganze Bohne entkoffeiniert,30.03.2027,6,FALSE,328,,,📦 Trockenware
04.11.2025 09:33:38,880,4030917028503,SAC,Brotaufstrich Cheesana Rauch Zwiebel,30.05.2027,6,FALSE,389,,,📦 Trockenware
04.11.2025 09:30:23,879,4044889005318,VNI,Feine Bitter Kuvertüre,30.07.2027,12,FALSE,450,,,📦 Trockenware
04.11.2025 09:27:49,878,9004145007741,STN,Senfk”rner gelb ganz,30.09.2028,6,FALSE,878,,,📦 Trockenware
04.11.2025 09:26:32,877,9004145003989,STN,Sternanis ganz Tüte,30.09.2028,6,FALSE,878,,,📦 Trockenware
04.11.2025 09:25:16,876,4012346177403,LEB,5 Gewürze,30.10.2027,6,FALSE,542,,,📦 Trockenware
04.11.2025 09:23:25,875,9004145003132,STN,Bohnenkraut Tüte,30.09.2028,6,FALSE,878,,,📦 Trockenware
04.11.2025 09:17:20,874,9004145025646,STN,Basen Fastenzeit Tee TB,30.06.2028,6,FALSE,786,,,📦 Trockenware
04.11.2025 09:12:40,873,9004145027022,STN,Frosch im Hals© Tee,30.06.2028,6,FALSE,786,,,📦 Trockenware
04.11.2025 09:10:58,872,9004145025172,STN,Goldener Kurkuma Tee TB,28.06.2028,6,FALSE,784,,,📦 Trockenware
04.11.2025 09:06:52,871,4018462417409,BYO,Himbeer Balsam,28.01.2027,6,FALSE,267,,,📦 Trockenware
31.10.2025 14:26:34,870,8004192103305,LTA,Lauretana Wasser mild,01.05.2027,35,FALSE,360,,,📦 Trockenware
31.10.2025 14:23:52,869,4035626100366,WBI,b*Orangensaft,28.07.2027,12,FALSE,448,,,📦 Trockenware
31.10.2025 14:22:40,868,4035661162398,WBI,b*Apfelsaft,16.01.2027,6,FALSE,255,,,📦 Trockenware
31.10.2025 14:20:26,867,4035626102773,WBI,b*Frühstückssaft,16.07.2027,6,FALSE,436,,,📦 Trockenware
31.10.2025 14:12:33,865,4015533000645,VOE,Zitronensaft,10.09.2026,6,FALSE,127,,,📦 Trockenware
31.10.2025 14:10:35,864,4035626000871,WBI,b*M”hre Orange Ingwer Saft,25.04.2027,6,FALSE,354,,,📦 Trockenware
31.10.2025 14:09:52,863,4065626114452,WBI,b*Dreifruchtsaft rot,12.08.2027,6,FALSE,463,,,📦 Trockenware
31.10.2025 14:07:13,862,8004192103107,LTA,Lauretana Wasser ohne,01.05.2027,48,FALSE,360,,,📦 Trockenware
31.10.2025 14:04:02,861,4035626101356,WBI,b*Apfel Mango Saft,12.08.2027,6,FALSE,463,,,📦 Trockenware
31.10.2025 13:59:46,860,4035626101271,WBI,b*Agavendicksaft flüssig,18.07.2027,6,FALSE,438,,,📦 Trockenware
31.10.2025 13:51:30,859,4065626115282,WBI,b*Pelati geschälte Tomaten,13.12.2027,12,FALSE,586,,,📦 Trockenware
31.10.2025 13:49:11,858,4260360271960,NPU,Sauerkirschen entsteint,01.01.2029,6,FALSE,971,,,📦 Trockenware
31.10.2025 13:47:13,857,4012346206608,LEB,Zeit für Erfrischung TB,01.03.2027,6,FALSE,299,,,📦 Trockenware
31.10.2025 13:45:32,856,4012346209302,LEB,Zeit für Ruhe TB,01.07.2027,6,FALSE,421,,,📦 Trockenware
31.10.2025 13:43:36,855,4035626101189,WBI,b*Agavendicksaft flüssig Spender,13.06.2027,6,FALSE,403,,,📦 Trockenware
31.10.2025 13:37:13,854,4035626103695,WBI,b*Spirali Tricolore,04.06.2028,12,FALSE,760,,,📦 Trockenware
31.10.2025 13:33:25,853,3445020222501,BPL,Oliven”l fruchtig nativ extra,01.12.2026,6,FALSE,209,,,📦 Trockenware
31.10.2025 13:32:27,852,4038375025928,NTM,Mandeldrink Natural ungesüát,01.07.2026,8,FALSE,56,,,📦 Trockenware
31.10.2025 13:28:08,851,4016249162436,ALO,Reis-Mandel Drink Naturell,25.06.2026,6,FALSE,50,,,📦 Trockenware
31.10.2025 12:40:13,850,8053323641155,SEL,Pesto mit Trüffel,30.01.2028,6,FALSE,634,,,📦 Trockenware
31.10.2025 12:37:42,849,4019736007050,ZWE,Süáer Senf bayerisch,21.07.2027,6,FALSE,441,,,📦 Trockenware
31.10.2025 12:35:18,848,4012824400016,YOG,Yogi Tea© Classic TB,30.06.2028,6,FALSE,786,,,📦 Trockenware
31.10.2025 12:31:53,847,4022346318676,HEU,Muskatnüsse ganz Tüte,06.06.2027,5,FALSE,396,,,📦 Trockenware
31.10.2025 12:26:49,846,8018759000570,SEL,Gewürfelte Tomaten Cubettato,16.09.2028,6,FALSE,864,,,📦 Trockenware
31.10.2025 12:23:20,845,8018759001911,SEL,Kapern in Essig,16.01.2028,6,FALSE,620,,,📦 Trockenware
31.10.2025 12:12:52,844,4012346157108,LEB,Kurkuma gem (Gelbwurz) Tüte,01.03.2028,6,FALSE,665,,,📦 Trockenware
28.10.2025 09:22:25,841,4022381303187,SPI,Haferflocken Groáblatt,23.09.2026,5,FALSE,140,,,📦 Trockenware
28.10.2025 09:19:51,840,4019736008934,ZWE,Streich Rote Bete Meerrettich,02.06.2027,6,FALSE,392,,,📦 Trockenware
28.10.2025 09:16:48,838,9004145003897,STN,Piment ganz,31.03.2028,5,FALSE,695,,,📦 Trockenware
28.10.2025 09:14:41,837,4022346304242,HEU,Cayennepfeffer gem Dose,13.06.2027,5,FALSE,403,,,📦 Trockenware
28.10.2025 09:10:47,836,4012346160108,LEB,Pommes Gewürzsalz Dose,30.08.2028,6,FALSE,847,,,📦 Trockenware
28.10.2025 09:08:23,835,4012346000404,LEB,Fencheltee TB,30.04.2027,8,FALSE,359,,,📦 Trockenware
28.10.2025 09:06:50,834,4044889001075,VNI,Cappuccino Schokolade,30.03.2027,10,FALSE,328,,,📦 Trockenware
28.10.2025 09:05:26,833,4030917011208,SAC,Erdnusssauce Sat‚ Sauce,01.03.2027,6,FALSE,299,,,📦 Trockenware
28.10.2025 08:53:56,832,4260112295053,MKS,Zitronen Mayonnaise,07.06.2026,6,FALSE,32,,,📦 Trockenware
28.10.2025 08:48:48,831,9004145003026,STN,Kümmel ganz Tüte,30.09.2028,6,FALSE,878,,,📦 Trockenware
28.10.2025 08:42:33,830,4022381027632,SPI,Buchweizenflocken gf,17.09.2026,4,FALSE,134,,,📦 Trockenware
28.10.2025 08:38:26,829,4005496224004,DAP,Tortellini Käse,31.07.2026,10,FALSE,86,,,📦 Trockenware
28.10.2025 08:37:02,828,4260360271533,NPU,Linsen,31.12.2028,6,FALSE,970,,,📦 Trockenware
28.10.2025 08:35:16,827,4044889002171,VNI,Zartbitter Marzipan Amaretto,30.08.2026,10,FALSE,116,,,📦 Trockenware
28.10.2025 08:29:42,826,4015637823713,BAK,Dinkel Müzli Schokozart,15.09.2026,8,FALSE,132,,,📦 Trockenware
28.10.2025 08:26:04,825,4035661162800,WBI,b*Cashewkerne Bruch,21.07.2026,6,FALSE,76,,,📦 Trockenware
24.10.2025 10:25:52,823,4035661162398,WBI,b*Apfelsaft,27.08.2026,6,FALSE,113,,,📦 Trockenware
24.10.2025 10:23:04,822,4035626100366,WBI,b*Orangensaft,28.07.2027,6,FALSE,448,,,📦 Trockenware
24.10.2025 10:19:21,821,4260311984659,MGL,Quetschie Erdbeere,23.06.2026,10,FALSE,48,,,📦 Trockenware
24.10.2025 10:14:13,820,4260311984932,MGL,Quetschie Himbeere,30.07.2026,10,FALSE,85,,,📦 Trockenware
24.10.2025 10:11:29,819,4260355582514,BPL,Steirisches Kürbiskern”l,31.12.2026,4,FALSE,239,,,📦 Trockenware
24.10.2025 09:53:59,818,4022381002158,SPI,Haferflocken Zartblatt,18.09.2026,6,FALSE,135,,,📦 Trockenware
24.10.2025 09:51:14,817,4022381027595,SPI,Haferflocken Kleinblatt gf,15.09.2026,6,FALSE,132,,,📦 Trockenware
24.10.2025 09:49:23,816,4035626113397,WBI,b*Spaghetti,25.03.2028,12,FALSE,689,,,📦 Trockenware
24.10.2025 09:42:28,815,4022346307977,HEU,Garam Masala Dose,14.03.2027,5,FALSE,312,,,📦 Trockenware
24.10.2025 09:40:55,814,4019736007005,ZWE,Mittelscharfer Senf,17.07.2026,6,FALSE,72,,,📦 Trockenware
24.10.2025 09:38:36,813,4035626110853,WBI,b*Tomaten getrocknet,18.08.2026,6,FALSE,104,,,📦 Trockenware
24.10.2025 09:35:59,812,4035626001830,WBI,b*Weizenmehl 550,29.09.2026,8,FALSE,146,,,📦 Trockenware
24.10.2025 09:28:35,811,9004145007345,STN,Zimt gemahlen (Ceylon) Tüte,30.09.2028,6,FALSE,878,,,📦 Trockenware
23.10.2025 14:09:35,810,4012346104102,LEB,Pepper Rub,01.09.2027,5,FALSE,483,,,📦 Trockenware
23.10.2025 13:16:12,809,4006182005044,SOM,Dinkel Zwieback,28.06.2026,6,FALSE,53,,,📦 Trockenware
23.10.2025 13:13:14,808,3380380057960,BLU,Blumenbrot Kastanie,18.12.2026,6,FALSE,226,,,📦 Trockenware
23.10.2025 13:12:22,807,3380380057960,BLU,Blumenbrot Kastanie,02.10.2026,1,FALSE,149,,,📦 Trockenware
23.10.2025 13:11:02,806,3380380044908,BLU,Blumenbrot Buchweizen gf,01.08.2026,3,FALSE,87,,,📦 Trockenware
23.10.2025 13:03:24,803,4005394285411,BVE,Backpulver Meister Backpulver,31.10.2027,5,FALSE,543,,,📦 Trockenware
23.10.2025 13:02:42,802,9004145006973,STN,Brotgewürz gemahlen Tüte,30.09.2028,4,FALSE,878,,,📦 Trockenware
23.10.2025 13:02:20,801,9004145006973,STN,Brotgewürz gemahlen Tüte,31.03.2027,1,FALSE,329,,,📦 Trockenware
23.10.2025 12:10:59,800,4015637822884,BAK,Vk Reismehl gf,02.08.2026,6,FALSE,88,,,📦 Trockenware
23.10.2025 12:10:05,799,4015637822907,BAK,Vk Buchweizenmehl gf,30.08.2026,4,FALSE,116,,,📦 Trockenware
23.10.2025 12:01:12,798,4035626001878,WBI,b*Roggenmehl 1150,02.07.2026,6,FALSE,57,,,📦 Trockenware
23.10.2025 12:00:15,797,4022381202183,SPI,Weizenmehl 1050,05.06.2026,4,FALSE,30,,,📦 Trockenware
23.10.2025 11:58:58,796,4035626001830,WBI,b*Weizenmehl 550,19.08.2026,1,FALSE,105,,,📦 Trockenware
23.10.2025 11:58:25,795,4035661163005,WBI,b*Cashew Cranberry Mix,21.07.2026,5,FALSE,76,,,📦 Trockenware
23.10.2025 11:16:14,792,4005394201312,BVE,Mein Tassenkuchen Schoko,31.03.2028,11,FALSE,695,,,📦 Trockenware
23.10.2025 11:15:32,791,4005394201329,BVE,Mein Tassenkuchen Salted Caramel Brownie,31.03.2028,11,FALSE,695,,,📦 Trockenware
23.10.2025 11:06:34,790,4015637822990,BAK,Backmischung Brownies gf,08.11.2026,6,FALSE,186,,,📦 Trockenware
23.10.2025 11:04:57,789,4015637822341,BAK,Dinkel Kaiserschmarrn,11.09.2026,2,FALSE,128,,,📦 Trockenware
23.10.2025 11:03:16,788,4015637822150,BAK,Weizen Paniermehl / Br”sel,13.06.2026,2,FALSE,38,,,📦 Trockenware
23.10.2025 11:01:23,786,4015637836072,BAK,Feine Speisestärke aus Mais gf,10.11.2026,5,FALSE,188,,,📦 Trockenware
23.10.2025 11:00:45,785,4020943232715,ARC,Tapioka Stärke,03.07.2026,5,FALSE,58,,,📦 Trockenware
23.10.2025 10:39:43,784,4038507010761,,Gemahlene Flohsamenschalen,01.11.2026,2,FALSE,179,,,📦 Trockenware
23.10.2025 10:38:36,783,4022381001892,SPI,Dinkelflocken Kleinblatt,14.07.2026,4,FALSE,69,,,📦 Trockenware
23.10.2025 10:29:06,782,4022381303187,SPI,Haferflocken Groáblatt,25.07.2026,2,FALSE,80,,,📦 Trockenware
23.10.2025 10:28:30,781,4022381303187,SPI,Haferflocken Groáblatt,16.07.2026,1,FALSE,71,,,📦 Trockenware
23.10.2025 10:09:04,779,4015637825410,BAK,Hot Hafer Beere gf,11.08.2026,6,FALSE,97,,,📦 Trockenware
23.10.2025 10:06:59,777,4015637825427,BAK,Hot Hafer Basis,22.07.2026,1,FALSE,77,,,📦 Trockenware
23.10.2025 10:06:19,776,4012346169705,LEB,Porridge Gewürz Kurkuma Orange,01.05.2027,1,FALSE,360,,,📦 Trockenware
23.10.2025 10:05:28,775,4012346169507,LEB,Porridge Gewürz Klassisch,01.11.2026,4,FALSE,179,,,📦 Trockenware
23.10.2025 10:01:53,773,4015637822310,BAK,Dinkel Müzli Beerenzart,22.09.2026,6,FALSE,139,,,📦 Trockenware
23.10.2025 10:01:53,774,4015637822310,BAK,Dinkel Müzli Beerenzart,04.08.2026,1,FALSE,90,,,📦 Trockenware
23.10.2025 10:00:14,772,4015637823713,BAK,Dinkel Müzli Schokozart,25.08.2026,3,FALSE,111,,,📦 Trockenware
23.10.2025 09:58:29,771,4015637019147,BAK,Choco Balls gf,02.08.2026,3,FALSE,88,,,📦 Trockenware
23.10.2025 09:45:17,770,4015637018928,BAK,Hafer Müsli Schoko gf,19.09.2026,5,FALSE,136,,,📦 Trockenware
23.10.2025 09:44:45,769,4015637018928,BAK,Hafer Müsli Schoko gf,28.06.2026,1,FALSE,53,,,📦 Trockenware
23.10.2025 09:43:18,768,4022381027632,SPI,Buchweizenflocken gf,21.08.2026,2,FALSE,107,,,📦 Trockenware
23.10.2025 09:42:40,767,4035626114080,WBI,b*Ingwerstücke kandiert,18.08.2026,6,FALSE,104,,,📦 Trockenware
23.10.2025 09:41:17,766,4035626112130,WBI,b*Cranberries gesüát,21.07.2026,7,FALSE,76,,,📦 Trockenware
23.10.2025 09:40:35,765,4035626110754,WBI,b*Datteln entsteint,30.06.2026,8,FALSE,55,,,📦 Trockenware
23.10.2025 09:39:03,763,4035626110594,WBI,b*Mangostücke Am‚lie,04.08.2026,5,FALSE,90,,,📦 Trockenware
23.10.2025 09:36:45,760,4035626110938,WBI,b*Cashewkerne Bruch,04.08.2026,5,FALSE,90,,,📦 Trockenware
23.10.2025 09:35:31,759,4035661162909,WBI,b*Cashews ger”stet Chili,16.06.2026,4,FALSE,41,,,📦 Trockenware
23.10.2025 09:33:00,757,4035661162855,WBI,b*Erdnüsse mit Honig & Salz,21.07.2026,1,FALSE,76,,,📦 Trockenware
23.10.2025 09:25:46,748,4035661163005,WBI,b*Cashew Cranberry Mix,21.07.2026,6,FALSE,76,,,📦 Trockenware
23.10.2025 09:25:46,749,4035661163005,WBI,b*Cashew Cranberry Mix,16.06.2026,1,FALSE,41,,,📦 Trockenware
23.10.2025 09:24:45,747,4035626112246,WBI,b*Pinienkerne,15.06.2026,6,FALSE,40,,,📦 Trockenware
23.10.2025 09:24:06,746,4035626001748,WBI,b*Classic Crunch,15.07.2026,4,FALSE,70,,,📦 Trockenware
23.10.2025 09:23:31,745,4035626001762,WBI,b*Schoko Crunch,15.07.2026,10,FALSE,70,,,📦 Trockenware
23.10.2025 09:21:11,744,4021234101017,BHO,Krunchy PUR Waldbeere,18.08.2026,6,FALSE,104,,,📦 Trockenware
23.10.2025 09:19:00,742,4021234102151,BHO,Krunchy PUR Hafer,12.06.2026,3,FALSE,37,,,📦 Trockenware
23.10.2025 08:54:47,739,4022381023702,BUM,Bircher Müsli,16.06.2026,4,FALSE,41,,,📦 Trockenware
23.10.2025 08:53:05,736,4022381023665,BUM,Früchte Müsli,21.07.2026,3,FALSE,76,,,📦 Trockenware
23.10.2025 08:52:25,735,4022381023641,BUM,Basis Müsli,04.06.2026,4,FALSE,29,,,📦 Trockenware
23.10.2025 08:40:43,731,4019339414002,DAV,Chia,11.04.2027,6,FALSE,340,,,📦 Trockenware
23.10.2025 08:40:16,730,4019339413050,DAV,Braune Leinsaat geschrotet,10.11.2026,3,FALSE,188,,,📦 Trockenware
23.10.2025 08:33:31,728,4022381027816,SPI,Sesam ungeschält,09.07.2026,4,FALSE,64,,,📦 Trockenware
23.10.2025 08:27:59,725,4022381517225,SPI,Kürbiskerne,04.06.2026,1,FALSE,29,,,📦 Trockenware
23.10.2025 08:26:53,723,4022381517225,SPI,Kürbiskerne,30.07.2026,3,FALSE,85,,,📦 Trockenware
22.10.2025 09:40:44,721,4038857115512,™KV,Fruit Frites,12.06.2026,7,FALSE,37,,,📦 Trockenware
22.10.2025 09:40:00,720,4038857115017,™KV,™kovital Bär ohne Gelatine,05.07.2026,7,FALSE,60,,,📦 Trockenware
22.10.2025 09:37:20,718,4260360271564,NPU,Apfelmus,31.12.2028,7,FALSE,970,,,📦 Trockenware
22.10.2025 09:36:39,717,4260360271588,NPU,Apfelmark,31.12.2028,5,FALSE,970,,,📦 Trockenware
22.10.2025 09:36:06,716,4260360271571,NPU,Apfelmark,31.12.2028,8,FALSE,970,,,📦 Trockenware
22.10.2025 09:34:34,715,4260360271601,NPU,Apfelmark mit Mango,31.12.2028,8,FALSE,970,,,📦 Trockenware
22.10.2025 09:34:02,714,4260360271595,NPU,Apfelmark mit Banane,31.12.2028,8,FALSE,970,,,📦 Trockenware
22.10.2025 09:33:03,713,4015637824772,BAK,Apfel Birnenmark ungesüát,01.04.2028,6,FALSE,696,,,📦 Trockenware
22.10.2025 09:31:34,712,4035626113083,WBI,b*Mangopüree,30.09.2026,6,FALSE,147,,,📦 Trockenware
22.10.2025 09:30:57,711,4024297340485,NAT,Syramena Würfelzucker,07.03.2028,9,FALSE,671,,,📦 Trockenware
22.10.2025 09:30:22,710,4024297340454,NAT,Puderzucker aus Rohrohrzucker,15.01.2027,6,FALSE,254,,,📦 Trockenware
22.10.2025 09:29:59,709,4035626000369,WBI,b*Zucker,01.01.2030,11,FALSE,1336,,,📦 Trockenware
22.10.2025 09:27:19,708,4022381023726,BUM,Rohrohrzucker,16.05.2027,3,FALSE,375,,,📦 Trockenware
22.10.2025 09:23:47,707,4022381023740,BUM,Rohrohrzucker,19.08.2027,2,FALSE,470,,,📦 Trockenware
21.10.2025 13:56:10,706,4025174125287,SOB,Blatt Gelatine,25.01.2027,20,FALSE,264,,,📦 Trockenware
21.10.2025 13:55:35,705,4005394144886,BVE,Tortenguss rot,31.03.2028,9,FALSE,695,,,📦 Trockenware
21.10.2025 13:55:02,704,4005394144879,BVE,Tortenguss klar,31.03.2028,12,FALSE,695,,,📦 Trockenware
21.10.2025 13:54:20,703,4005394151013,BVE,Agar Agar Gelierfix,31.01.2028,15,FALSE,635,,,📦 Trockenware
21.10.2025 13:53:43,702,4005394151013,BVE,Agar Agar Gelierfix,31.07.2027,5,FALSE,451,,,📦 Trockenware
21.10.2025 13:53:09,701,4005394116265,VEG,Zitronensäure,30.04.2028,16,FALSE,725,,,📦 Trockenware
21.10.2025 13:52:48,700,4005394158005,BVE,Gelierzucker 2:1,31.07.2027,7,FALSE,451,,,📦 Trockenware
21.10.2025 13:51:41,699,4005394285404,BVE,Gelierzucker 3:1,31.03.2028,11,FALSE,695,,,📦 Trockenware
21.10.2025 13:50:16,698,4012346100906,LEB,Vanillezucker,01.04.2027,7,FALSE,330,,,📦 Trockenware
21.10.2025 13:48:56,697,4012346168005,LEB,Bourbon Vanille Schote,01.02.2027,8,FALSE,271,,,📦 Trockenware
21.10.2025 13:48:10,696,4012346168005,LEB,Bourbon Vanille Schote,01.11.2026,2,FALSE,179,,,📦 Trockenware
21.10.2025 13:46:57,695,4260360272592,NPU,Pfirsich Stücke,01.01.2029,6,FALSE,971,,,📦 Trockenware
21.10.2025 13:46:16,694,4260360272554,NPU,Aprikosen halbe Frucht,30.06.2026,3,FALSE,55,,,📦 Trockenware
21.10.2025 13:45:14,693,4260360271960,NPU,Sauerkirschen entsteint,01.01.2029,2,FALSE,971,,,📦 Trockenware
21.10.2025 13:44:23,692,4035626111348,WBI,b*Ananasstücke,30.05.2027,3,FALSE,389,,,📦 Trockenware
21.10.2025 13:43:21,691,4054411015401,BFU,Das fruchtige Duo,14.05.2027,10,FALSE,373,,,📦 Trockenware
21.10.2025 13:42:28,690,4054411014503,BFU,Sanddorn Granatapfel Bonbons,20.08.2027,16,FALSE,471,,,📦 Trockenware
21.10.2025 13:41:38,689,4054411014800,BFU,Ingwer Limette und Ingwer Orange Bonbons,16.01.2028,9,FALSE,620,,,📦 Trockenware
21.10.2025 13:40:17,687,4054411014909,BFU,Mango Orange Bonbons,25.11.2028,20,FALSE,934,,,📦 Trockenware
21.10.2025 13:39:21,686,4054411014305,BFU,Alpenkräuter Bonbons,19.06.2028,9,FALSE,775,,,📦 Trockenware
21.10.2025 13:38:25,685,4054411014701,BFU,Salbei Kräuter Bonbons,08.02.2028,21,FALSE,643,,,📦 Trockenware
21.10.2025 13:37:07,684,4054411261006,BFU,Manuka Honig Bonbon,25.07.2026,7,FALSE,80,,,📦 Trockenware
21.10.2025 13:35:08,683,4005394287286,BVE,Schoko Paradies Pudding,31.07.2028,8,FALSE,817,,,📦 Trockenware
21.10.2025 13:34:49,682,4005394200902,BVE,Vanille Pudding,31.08.2027,8,FALSE,482,,,📦 Trockenware
21.10.2025 13:33:01,681,4005394285725,BVE,Schlagcreme,28.02.2027,11,FALSE,298,,,📦 Trockenware
21.10.2025 13:32:42,680,4005394286272,BVE,Soáen Zauber Vanille,31.12.2027,6,FALSE,604,,,📦 Trockenware
21.10.2025 13:32:12,679,4005394286067,Biovegan,Sahnesteif,31.05.2027,5,FALSE,390,,,📦 Trockenware
21.10.2025 13:28:30,678,4260096393189,AGA,Dattelsirup,10.10.2026,4,FALSE,157,,,📦 Trockenware
21.10.2025 13:27:15,676,4035626112116,WBI,b*Ahornsirup Grad C,26.11.2027,6,FALSE,569,,,📦 Trockenware
21.10.2025 13:25:35,675,4035626101271,WBI,b*Agavendicksaft flüssig,27.11.2026,2,FALSE,205,,,📦 Trockenware
21.10.2025 13:22:53,674,4035626101189,WBI,b*Agavendicksaft flüssig Spender,13.02.2027,2,FALSE,283,,,📦 Trockenware
21.10.2025 13:22:11,673,4005561532409,BOL,Haferlinge,25.08.2026,4,FALSE,111,,,📦 Trockenware
21.10.2025 13:21:29,672,4005561532638,BOL,Schoko Haferlinge,11.06.2026,3,FALSE,36,,,📦 Trockenware
21.10.2025 13:20:50,671,4005561006597,BOL,Traffix Kakao Kekse,02.09.2026,5,FALSE,119,,,📦 Trockenware
21.10.2025 13:18:46,669,4006040201601,Rapunzel,Tiger,01.09.2026,21,FALSE,118,,,📦 Trockenware
21.10.2025 12:50:14,666,4006040325437,Rapunzel,Rumba,30.06.2026,30,FALSE,55,,,📦 Trockenware
21.10.2025 12:47:31,663,4044889000344,Vivani,Vivani Cavi Quickinstant Cacao,23.09.2026,8,FALSE,140,,,📦 Trockenware
21.10.2025 12:45:52,661,8713576236255,TER,Kakaonibs RAW,09.06.2026,6,FALSE,34,,,📦 Trockenware
21.10.2025 12:42:22,659,4024297007593,NAT,Edelkakao Lateinamerika,04.09.2027,6,FALSE,486,,,📦 Trockenware
21.10.2025 12:38:46,658,4012346169101,LEB,Brathähnchen Gewürz,01.12.2027,2,FALSE,574,,,📦 Trockenware
21.10.2025 12:33:41,657,4044889002218,Vivani,Vollmilch Kuvertüre,01.09.2026,7,FALSE,118,,,📦 Trockenware
21.10.2025 12:33:05,656,4044889002225,Vivani,Feine Bitter Kuvertüre,01.03.2027,4,FALSE,299,,,📦 Trockenware
21.10.2025 12:32:21,655,4006040209973,Rapunzel,Faire,25.10.2026,12,FALSE,172,,,📦 Trockenware
21.10.2025 12:28:25,650,4006040413509,Rapunzel,Faire Shokolade Zartbitter Haselnuss,28.10.2026,11,FALSE,175,,,📦 Trockenware
21.10.2025 12:27:54,649,4006040413509,Rapunzel,Faire Shokolade Zartbitter Haselnuss,12.09.2026,2,FALSE,129,,,📦 Trockenware
21.10.2025 12:23:53,645,4006040027447,Rapunzel,WINTER-PFLAUME Vollmilchschokolade mit Pflaume,01.11.2026,11,FALSE,179,,,📦 Trockenware
21.10.2025 12:23:06,644,4035626103541,WBI,b*Kaffee 100% Arabica,15.10.2026,3,FALSE,162,,,📦 Trockenware
21.10.2025 12:22:18,643,4035626111522,WBI,b*Hochlandkaffee ganze Bohne,30.06.2026,4,FALSE,55,,,📦 Trockenware
21.10.2025 12:21:39,642,4000799100130,MOU,Mount Hagen Instant Kaffee,01.05.2028,5,FALSE,726,,,📦 Trockenware
21.10.2025 12:18:33,640,4000799110054,MOU,R”stkaffee ganze Bohne entkoffeiniert,01.10.2026,5,FALSE,148,,,📦 Trockenware
21.10.2025 12:17:35,639,4035626103589,WBI,b*Espresso ganze Bohne,15.09.2026,5,FALSE,132,,,📦 Trockenware
21.10.2025 12:17:00,638,4035626103589,WBI,b*Espresso ganze Bohne,30.07.2026,2,FALSE,85,,,📦 Trockenware
21.10.2025 12:13:08,637,4035626103565,WBI,b*Espresso gemahlen,30.08.2026,8,FALSE,116,,,📦 Trockenware
21.10.2025 12:11:57,636,4000799109553,MOU,Espresso gemahlen entkoffeiniert,01.02.2027,5,FALSE,271,,,📦 Trockenware
21.10.2025 12:00:52,634,4009176314245,LNA,American Schoko Cookies,16.06.2026,8,FALSE,41,,,📦 Trockenware
21.10.2025 11:55:02,630,4038507011768,GOV,Vegane Pralin‚s Mokka Nougat,30.10.2026,10,FALSE,177,,,📦 Trockenware
21.10.2025 11:52:12,627,4005967004685,ROS,Dinkel Waffelr”llchen Vollmilch,10.09.2026,6,FALSE,127,,,📦 Trockenware
21.10.2025 11:37:29,625,8713576163001,TER,Wheel,20.03.2027,6,FALSE,318,,,📦 Trockenware
21.10.2025 11:36:18,623,4044889005264,VNI,Feine Bitter mit 85% Cacao,01.09.2027,8,FALSE,483,,,📦 Trockenware
21.10.2025 11:35:43,622,4044889002904,VNI,Feine Bitter mit 99% Cacao,01.09.2027,8,FALSE,483,,,📦 Trockenware
21.10.2025 11:34:35,621,4013320185742,GEP,Vollmilchschokolade mit Espresso und Karamellcrisp,01.07.2026,9,FALSE,56,,,📦 Trockenware
21.10.2025 11:33:35,620,4044889004441,Vivani,Edel Bitter,01.05.2027,8,FALSE,360,,,📦 Trockenware
21.10.2025 11:32:49,619,4024297005131,NAT,Edelbitter Ecuador 70%,31.10.2026,12,FALSE,178,,,📦 Trockenware
21.10.2025 11:29:08,616,4044889004755,VNI,Edel Bitter Blutorange,01.07.2027,10,FALSE,421,,,📦 Trockenware
21.10.2025 11:26:41,614,4044889003253,VNI,Caramel Inka Salz,01.11.2026,10,FALSE,179,,,📦 Trockenware
21.10.2025 11:24:58,613,4006040197959,Rapunzel,Karamell,03.09.2026,3,FALSE,120,,,📦 Trockenware
21.10.2025 11:24:36,612,4006040320715,Rapunzel,Krachnuss Schokolade 100g,10.06.2026,2,FALSE,35,,,📦 Trockenware
21.10.2025 11:24:12,611,4006040320715,Rapunzel,Krachnuss Schokolade 100g,21.11.2026,10,FALSE,199,,,📦 Trockenware
21.10.2025 11:22:05,609,4044889001075,VNI,Cappuccino Schokolade,01.11.2026,2,FALSE,179,,,📦 Trockenware
21.10.2025 11:21:34,608,4044889005288,VNI,Dunkle Nougat,01.10.2026,6,FALSE,148,,,📦 Trockenware
21.10.2025 11:20:59,607,4044889005271,VNI,Feine Bitter,01.07.2027,11,FALSE,421,,,📦 Trockenware
21.10.2025 11:19:30,606,4006040202844,Rapunzel,"Nirwana Noir Zartbitterschokolade, 100 g",01.11.2026,12,FALSE,179,,,📦 Trockenware
21.10.2025 11:18:56,605,4006040320593,Rapunzel,"Himbeere, vegane Schokolade",01.08.2026,9,FALSE,87,,,📦 Trockenware
21.10.2025 11:18:05,604,4044889001068,Vivani,Weiße Knusper,01.11.2026,8,FALSE,179,,,📦 Trockenware
21.10.2025 11:17:33,603,4044889001082,VNI,Pralin‚ Nougat,01.08.2026,4,FALSE,87,,,📦 Trockenware
21.10.2025 11:12:57,602,4044889001051,VNI,Pfefferminz,01.09.2026,5,FALSE,118,,,📦 Trockenware
21.10.2025 11:12:04,601,4044889002171,VNI,Zartbitter Marzipan Amaretto,01.07.2026,3,FALSE,56,,,📦 Trockenware
21.10.2025 11:11:32,600,4044889001037,Vivani,Feine Vollmilch,01.12.2026,10,FALSE,209,,,📦 Trockenware
21.10.2025 10:47:58,599,4035626101004,WBI,b*Tomaten Passata,31.12.2027,7,FALSE,604,,,📦 Trockenware
21.10.2025 10:44:51,598,4012346528106,LEB,Darjeeling,01.09.2026,4,FALSE,118,,,📦 Trockenware
21.10.2025 10:43:46,597,4012346525907,LEB,Ostfriesen Tee,01.05.2028,5,FALSE,726,,,📦 Trockenware
21.10.2025 10:42:44,596,4012346273402,LEB,Granatapfel Orange Früchtetee,01.10.2027,4,FALSE,513,,,📦 Trockenware
21.10.2025 10:42:13,595,4012346537108,LEB,Fencheltee,01.11.2026,5,FALSE,179,,,📦 Trockenware
21.10.2025 10:41:45,594,4012346533407,LEB,Grüntee Sencha,01.05.2028,4,FALSE,726,,,📦 Trockenware
21.10.2025 10:41:21,593,4012346536002,LEB,Grüntee Gunpowder,01.06.2028,6,FALSE,757,,,📦 Trockenware
21.10.2025 10:40:46,592,4012346533704,LEB,Grüntee Darjeeling Blatt Ambootia,01.05.2027,4,FALSE,360,,,📦 Trockenware
21.10.2025 10:40:08,591,4012346533704,LEB,Grüntee Darjeeling Blatt Ambootia,01.08.2026,1,FALSE,87,,,📦 Trockenware
21.10.2025 10:38:41,590,9004145005914,STN,Wildkräuter Tee,31.03.2028,3,FALSE,695,,,📦 Trockenware
21.10.2025 10:37:49,589,9004145005051,STN,Gute Laune Kräutertee,30.09.2028,5,FALSE,878,,,📦 Trockenware
21.10.2025 10:36:26,588,9004145005228,STN,GlücksTee lose,31.03.2027,1,FALSE,329,,,📦 Trockenware
21.10.2025 10:35:05,587,9004145005228,STN,GlücksTee lose,31.03.2028,7,FALSE,695,,,📦 Trockenware
21.10.2025 10:33:26,586,9004145005150,STN,Basen Kräutertee,31.03.2028,3,FALSE,695,,,📦 Trockenware
21.10.2025 10:31:33,585,9004145002029,STN,Brennnessel lose,30.09.2028,3,FALSE,878,,,📦 Trockenware
21.10.2025 10:31:06,584,9004145002067,STN,Kamille lose,31.03.2028,3,FALSE,695,,,📦 Trockenware
21.10.2025 10:30:05,583,9004145002098,STN,Pfefferminze lose,31.03.2028,3,FALSE,695,,,📦 Trockenware
21.10.2025 10:29:29,582,9004145002173,STN,Lindenblüten lose,30.09.2027,5,FALSE,512,,,📦 Trockenware
21.10.2025 10:28:37,581,9004145009059,STN,Griechischer Bergtee lose,31.03.2028,4,FALSE,695,,,📦 Trockenware
21.10.2025 10:28:06,580,9004145002081,STN,Zitronenmelisse lose,30.09.2028,6,FALSE,878,,,📦 Trockenware
21.10.2025 10:27:22,579,9004145002104,STN,Salbei lose,31.03.2028,6,FALSE,695,,,📦 Trockenware
21.10.2025 10:27:04,578,9004145002203,STN,Zitronenverbene lose,30.09.2028,4,FALSE,878,,,📦 Trockenware
21.10.2025 10:24:18,575,4012346531601,LEB,Ostfriesen Tee TB,01.04.2028,8,FALSE,696,,,📦 Trockenware
21.10.2025 10:23:43,574,4012346001463,LEB,Schwarztee Darjeeling TB,01.12.2027,3,FALSE,574,,,📦 Trockenware
21.10.2025 10:22:26,573,4012346521602,LEB,Grüntee Darjeeling TB,01.07.2026,5,FALSE,56,,,📦 Trockenware
21.10.2025 10:21:51,572,4012346277608,LEB,Kamillen Tee TB,01.06.2027,3,FALSE,391,,,📦 Trockenware
21.10.2025 10:21:32,571,4012346282503,LEB,Holunder Minze TB,01.05.2027,6,FALSE,360,,,📦 Trockenware
21.10.2025 10:21:11,570,4012346278001,LEB,Pfefferminztee TB,01.05.2027,7,FALSE,360,,,📦 Trockenware
21.10.2025 10:20:54,569,4012346277004,LEB,Fenchel Anis Kümmel Tee TB,01.09.2027,11,FALSE,483,,,📦 Trockenware
21.10.2025 10:20:10,568,4012346277004,LEB,Fenchel Anis Kümmel Tee TB,01.06.2027,3,FALSE,391,,,📦 Trockenware
21.10.2025 10:18:55,567,4012346000404,LEB,Fencheltee TB,01.10.2026,4,FALSE,148,,,📦 Trockenware
21.10.2025 10:18:37,566,4012346000107,LEB,Kräutertee Abendtraum TB,01.01.2027,8,FALSE,240,,,📦 Trockenware
21.10.2025 10:17:48,565,4012346210001,LEB,Rooibos Pur TB,01.10.2027,8,FALSE,513,,,📦 Trockenware
21.10.2025 10:17:04,564,4012346210001,LEB,Rooibos Pur TB,01.03.2027,2,FALSE,299,,,📦 Trockenware
21.10.2025 10:15:19,563,9004145002388,STN,Rooibos natur,30.09.2028,6,FALSE,878,,,📦 Trockenware
21.10.2025 10:14:58,562,9004145002388,STN,Rooibos natur,31.03.2028,2,FALSE,695,,,📦 Trockenware
21.10.2025 10:14:02,561,9004145002326,STN,Hibiskus (Rote Malve),30.09.2028,6,FALSE,878,,,📦 Trockenware
21.10.2025 10:13:18,560,9004145002326,STN,Hibiskus (Rote Malve),30.09.2027,2,FALSE,512,,,📦 Trockenware
21.10.2025 10:12:31,559,4019838090295,CDO,Garucha Matcha,31.12.2029,3,FALSE,1335,,,📦 Trockenware
21.10.2025 10:10:41,558,4012824529250,YOG,Yogi Tea© Classic Chai,31.01.2027,6,FALSE,270,,,📦 Trockenware
21.10.2025 10:09:50,557,4012824405493,YOG,Yogi Tea© Seelenbalsam TB,31.01.2028,4,FALSE,635,,,📦 Trockenware
21.10.2025 10:09:13,556,4012824401648,YOG,Yogi Tea© Frauen Power TB,30.11.2026,5,FALSE,208,,,📦 Trockenware
21.10.2025 10:06:59,555,4012824403185,YOG,Yogi Tea© Natürliche Abwehr TB,31.05.2028,6,FALSE,756,,,📦 Trockenware
21.10.2025 10:06:35,554,4012824403185,YOG,Yogi Tea© Natürliche Abwehr TB,31.12.2027,1,FALSE,604,,,📦 Trockenware
21.10.2025 10:06:05,553,4012824400016,YOG,Yogi Tea© Classic TB,31.10.2027,3,FALSE,543,,,📦 Trockenware
21.10.2025 10:05:28,552,4012824401730,YOG,Yogi Tea© Ingwer Orange Vanille TB,28.02.2028,6,FALSE,663,,,📦 Trockenware
21.10.2025 10:05:03,551,4012824401730,YOG,Yogi Tea© Ingwer Orange Vanille TB,30.11.2026,1,FALSE,208,,,📦 Trockenware
21.10.2025 10:04:37,550,4012824400160,YOG,Yogi Tea© Lakritz TB,30.04.2028,6,FALSE,725,,,📦 Trockenware
21.10.2025 10:04:10,549,4012824400160,YOG,Yogi Tea© Lakritz TB,31.01.2028,1,FALSE,635,,,📦 Trockenware
21.10.2025 10:03:27,548,4012824401303,YOG,Yogi Tea© Ingwer Zitrone TB,28.02.2028,4,FALSE,663,,,📦 Trockenware
21.10.2025 10:03:00,547,4012824401211,YOG,Yogi Tea© Abend TB,30.04.2028,6,FALSE,725,,,📦 Trockenware
21.10.2025 10:02:32,546,4012824401211,YOG,Yogi Tea© Abend TB,30.09.2027,3,FALSE,512,,,📦 Trockenware
21.10.2025 10:02:05,545,4012824401006,YOG,Yogi Tea© Atem Tee TB,30.06.2027,6,FALSE,420,,,📦 Trockenware
21.10.2025 10:01:35,544,4012824401396,YOG,Yogi Tea© Halswärmer TB,31.01.2028,4,FALSE,635,,,📦 Trockenware
21.10.2025 09:59:51,543,4012824401464,YOG,Yogi Tea© Glücks Tee TB,30.09.2027,6,FALSE,512,,,📦 Trockenware
21.10.2025 09:59:10,542,4012824401877,YOG,Yogi Tea© Grüne Harmonie TB,31.05.2027,3,FALSE,390,,,📦 Trockenware
21.10.2025 09:58:26,541,4012824406353,YOG,Yogi Tea© Morgen Energie,31.07.2027,4,FALSE,451,,,📦 Trockenware
21.10.2025 09:42:34,540,4035661163166,WBI,b*Tellerlinsen,16.12.2026,6,FALSE,224,,,📦 Trockenware
21.10.2025 08:58:02,538,9004145007772,STN,Oregano geschnitten,30.09.2028,6,FALSE,878,,,📦 Trockenware
20.10.2025 15:57:01,537,4000915020663,ISA,Gigantes Riesenbohnen aus Griechenland,13.12.2026,6,FALSE,221,,,📦 Trockenware
20.10.2025 15:56:16,536,4026968016507,FON,Brathering Filet in Marinade,30.06.2030,4,FALSE,1516,,,📦 Trockenware
20.10.2025 15:55:58,535,4012824405912,YOG,Yogi Tea© Happy Nature,31.10.2027,5,FALSE,543,,,📦 Trockenware
20.10.2025 15:55:42,534,4026968005709,FON,Heringfilets in Tomatencreme,31.12.2030,6,FALSE,1700,,,📦 Trockenware
20.10.2025 15:55:07,533,4026968005808,FON,Heringsplatte m Gemüsebeilage,30.06.2028,4,FALSE,786,,,📦 Trockenware
20.10.2025 15:53:58,532,4026968005808,FON,Heringsplatte m Gemüsebeilage,30.06.2028,6,FALSE,786,,,📦 Trockenware
20.10.2025 15:52:16,530,4026968005501,FON,Sardinen o Haut + Gräten Sonnenblumen”l FOS,31.12.2028,13,FALSE,970,,,📦 Trockenware
20.10.2025 15:51:20,529,8412439285002,PDM,Kleine Sardinen in Oliven”l,31.01.2031,3,FALSE,1731,,,📦 Trockenware
20.10.2025 15:50:06,528,4026968015302,FON,Thunfischsalat Texas,30.06.2029,8,FALSE,1151,,,📦 Trockenware
20.10.2025 15:49:35,527,4026968015302,FON,Thunfischsalat Texas,30.06.2026,2,FALSE,55,,,📦 Trockenware
20.10.2025 15:48:15,526,4026968015401,FON,Thunfischsalat Asia,30.06.2028,4,FALSE,786,,,📦 Trockenware
20.10.2025 15:47:34,525,4026968015708,FON,Heller Thunfisch in Oliven”l,30.06.2029,10,FALSE,1151,,,📦 Trockenware
20.10.2025 15:46:51,524,4250073450639,FWO,Thunfisch im eigenen Saft Natur MSC,27.03.2028,7,FALSE,691,,,📦 Trockenware
20.10.2025 15:45:22,523,4250073451223,FWO,Thunfisch in Sonnenblumen”l MSC,14.02.2030,11,FALSE,1380,,,📦 Trockenware
20.10.2025 15:44:33,522,9004145027022,STN,Frosch im Hals© Tee,31.12.2027,2,FALSE,604,,,📦 Trockenware
20.10.2025 15:44:05,521,9004145025646,STN,Basen Fastenzeit Tee TB,30.06.2027,2,FALSE,420,,,📦 Trockenware
20.10.2025 15:43:23,520,9004145025189,sonnentor,Ceai Turmeric Floral Trandafiri- Eco 18DZ Sonnentor,30.06.2026,1,FALSE,55,,,📦 Trockenware
20.10.2025 15:43:23,518,8412439286917,PDM,Thunfisch Oliven Pastete,14.02.2029,6,FALSE,1015,,,📦 Trockenware
20.10.2025 15:43:23,519,8412439286917,PDM,Thunfisch Oliven Pastete,28.06.2028,1,FALSE,784,,,📦 Trockenware
20.10.2025 15:42:38,517,9004145025172,STN,Goldener Kurkuma Tee TB,30.06.2028,4,FALSE,786,,,📦 Trockenware
20.10.2025 15:42:06,516,4280000566034,,🔍 Web Suche,30.06.2026,9,FALSE,55,,,📦 Trockenware
20.10.2025 15:41:50,515,9004145024328,STN,Schutzengel© TB,30.06.2027,14,FALSE,420,,,📦 Trockenware
20.10.2025 15:41:04,514,4280000566096,,🔍 Web Suche,31.12.2026,10,FALSE,239,,,📦 Trockenware
20.10.2025 15:40:44,513,9004145022560,STN,Gute Laune Kräutertee TB,30.06.2028,4,FALSE,786,,,📦 Trockenware
20.10.2025 15:40:21,512,4280000566058,,🔍 Web Suche,31.12.2026,7,FALSE,239,,,📦 Trockenware
20.10.2025 15:39:48,511,4012346209302,LEB,Zeit für Ruhe TB,01.03.2027,3,FALSE,299,,,📦 Trockenware
20.10.2025 15:39:11,510,4012346204505,LEB,Zeit für Gemütlichkeit TB,01.03.2027,8,FALSE,299,,,📦 Trockenware
20.10.2025 15:37:23,508,4035626102780,WBI,b*Frühstückshonig cremig,05.07.2027,6,FALSE,425,,,📦 Trockenware
20.10.2025 15:36:51,507,4035626102780,WBI,b*Frühstückshonig cremig,24.04.2027,1,FALSE,353,,,📦 Trockenware
20.10.2025 15:35:48,506,4035626101318,WBI,b*Frühstückshonig flüssig,18.01.2027,7,FALSE,257,,,📦 Trockenware
20.10.2025 15:34:11,505,4035626101202,WBI,b*Waldhonig flüssig,04.07.2027,6,FALSE,424,,,📦 Trockenware
20.10.2025 15:33:50,504,4035626101202,WBI,b*Waldhonig flüssig,08.01.2027,1,FALSE,247,,,📦 Trockenware
20.10.2025 15:33:19,503,4002029030538,HOY,Gelee Royale im Honig,17.08.2026,3,FALSE,103,,,📦 Trockenware
20.10.2025 15:32:45,502,4035626103497,WBI,b*Manukahonig MGO 300 +,11.07.2026,4,FALSE,66,,,📦 Trockenware
20.10.2025 15:31:53,501,4002029040285,HOY,Propolis Extrakt flüssig alkoholfrei,26.02.2028,5,FALSE,661,,,📦 Trockenware
20.10.2025 15:31:04,500,4002029040285,HOY,Propolis Extrakt flüssig alkoholfrei,29.05.2027,1,FALSE,388,,,📦 Trockenware
20.10.2025 15:30:15,499,4002029064205,HOY,Manukahonig Halspastillen Zitronenmelisse,06.12.2026,5,FALSE,214,,,📦 Trockenware
20.10.2025 15:29:29,498,4054411261006,BFU,Manuka Honig Bonbon,25.07.2026,14,FALSE,80,,,📦 Trockenware
20.10.2025 15:28:32,497,4012824401730,YOG,Yogi Tea© Ingwer Orange Vanille TB,01.03.2027,2,FALSE,299,,,📦 Trockenware
20.10.2025 15:25:25,496,4012346205700,LEB,Zeit zum Krafttanken TB,01.09.2026,5,FALSE,118,,,📦 Trockenware
20.10.2025 15:24:49,495,9004145027022,STN,Frosch im Hals© Tee,31.12.2027,1,FALSE,604,,,📦 Trockenware
20.10.2025 15:23:29,493,4006040076896,Rapunzel,Tiger Creme,14.11.2026,6,FALSE,192,,,📦 Trockenware
20.10.2025 15:21:13,492,4006040321392,Rapunzel,Choco Zartbitter Creme,25.08.2026,4,FALSE,111,,,📦 Trockenware
20.10.2025 15:20:43,491,4012346222707,,Tee Zeit zu. Aktivsein,01.09.2026,3,FALSE,118,,,📦 Trockenware
20.10.2025 15:19:57,490,4006040293279,Rapunzel,"Samba Dark, 250 g",03.09.2027,6,FALSE,485,,,📦 Trockenware
20.10.2025 15:19:52,489,4012346206202,LEB,Jasmin und Grün TB,01.09.2026,4,FALSE,118,,,📦 Trockenware
20.10.2025 15:19:14,488,4012346206103,LEB,Earl Grün TB,01.03.2027,6,FALSE,299,,,📦 Trockenware
20.10.2025 15:19:11,487,4006040003014,Rapunzel,SAMBA,22.07.2027,5,FALSE,442,,,📦 Trockenware
20.10.2025 15:18:40,486,4006040003113,Rapunzel,Samba,28.07.2027,4,FALSE,448,,,📦 Trockenware
20.10.2025 15:17:36,485,4006040003410,Rapunzel,Samba Jumbo Haselnuss bio 750g,05.03.2027,4,FALSE,303,,,📦 Trockenware
20.10.2025 15:17:00,484,4006040164517,Rapunzel,Mandel-Tonka-Creme,02.03.2027,6,FALSE,300,,,📦 Trockenware
20.10.2025 15:16:36,483,4006040164517,Rapunzel,Mandel-Tonka-Creme,08.01.2027,1,FALSE,247,,,📦 Trockenware
20.10.2025 15:16:05,482,4012346204901,LEB,Earl Grey TB,01.05.2027,3,FALSE,360,,,📦 Trockenware
20.10.2025 15:15:09,480,4006040235965,Rapunzel,Nougat Creme vegan,01.10.2026,3,FALSE,148,,,📦 Trockenware
20.10.2025 15:14:37,479,4012346206301,LEB,Beeren und Waldmeister TB,01.04.2027,6,FALSE,330,,,📦 Trockenware
20.10.2025 15:12:47,478,4012346206301,LEB,Beeren und Waldmeister TB,01.08.2026,2,FALSE,87,,,📦 Trockenware
20.10.2025 15:12:25,477,4006040003069,Rapunzel,Nuss-Nougat-Creme,29.10.2026,8,FALSE,176,,,📦 Trockenware
20.10.2025 15:08:23,476,9004145006782,STN,Aladins Kaffeegewürz Tüte,30.09.2026,8,FALSE,147,,,📦 Trockenware
20.10.2025 15:06:10,475,8052575090582,RDA,Nocciolata Crunchy 250 g,15.04.2027,5,FALSE,344,,,📦 Trockenware
20.10.2025 15:04:00,474,4030917005603,SAC,Asiasauce Thai Chili,01.03.2027,5,FALSE,299,,,📦 Trockenware
20.10.2025 15:03:06,473,4030917026707,SAC,Asiasauce Thai Mango,01.11.2026,2,FALSE,179,,,📦 Trockenware
20.10.2025 15:02:17,472,4030917007904,SAC,Grill und Würzsauce Barbecue,01.07.2027,6,FALSE,421,,,📦 Trockenware
20.10.2025 15:00:24,471,4030917016203,SAC,Grillsauce Mexican Salsa,01.03.2027,4,FALSE,299,,,📦 Trockenware
20.10.2025 14:59:23,470,4030917048402,SAC,Dänische Burgersauce,01.09.2026,3,FALSE,118,,,📦 Trockenware
20.10.2025 14:58:42,469,4030917016401,SAC,Grillsauce Cajun Island,01.03.2027,6,FALSE,299,,,📦 Trockenware
20.10.2025 14:56:53,468,4030917059903,SAC,Cocktailsauce,01.03.2027,7,FALSE,299,,,📦 Trockenware
20.10.2025 14:55:01,467,4030917002800,SAC,Grillsauce H”llenfeuer Sauce,01.03.2027,3,FALSE,299,,,📦 Trockenware
20.10.2025 14:54:26,466,4030917002800,SAC,Grillsauce H”llenfeuer Sauce,01.11.2026,1,FALSE,179,,,📦 Trockenware
20.10.2025 14:53:29,465,4030917003203,SAC,Würzsauce Worcestershire,01.07.2027,2,FALSE,421,,,📦 Trockenware
20.10.2025 14:52:29,464,4030917003005,SAC,Würzsauce Habanero Hot,01.11.2027,2,FALSE,544,,,📦 Trockenware
20.10.2025 14:51:11,463,4030917001407,SAC,Chutney Mango,01.07.2027,6,FALSE,421,,,📦 Trockenware
20.10.2025 14:48:13,461,4030917004804,SAC,Currypaste Tandoori,01.05.2027,5,FALSE,360,,,📦 Trockenware
20.10.2025 14:47:15,459,4030917046200,SAC,Currypaste Yellow Thai,01.01.2028,6,FALSE,605,,,📦 Trockenware
20.10.2025 14:46:22,458,4030917005207,SAC,Currypaste Green Thai,01.01.2028,6,FALSE,605,,,📦 Trockenware
20.10.2025 14:45:55,457,4030917005207,SAC,Currypaste Green Thai,01.04.2027,2,FALSE,330,,,📦 Trockenware
20.10.2025 14:45:14,456,4030917005009,SAC,Currypaste Red Thai,01.08.2027,2,FALSE,452,,,📦 Trockenware
20.10.2025 14:44:43,455,4027468000034,ERH,Ajvar,28.12.2026,3,FALSE,236,,,📦 Trockenware
20.10.2025 14:44:11,454,4030917005405,SAC,Würzsauce Sambal Oelek,01.10.2027,7,FALSE,513,,,📦 Trockenware
20.10.2025 14:41:59,453,4030917005405,SAC,Würzsauce Sambal Oelek,01.03.2027,1,FALSE,299,,,📦 Trockenware
20.10.2025 14:40:30,452,4027468000041,ERH,Harissa,16.02.2027,7,FALSE,286,,,📦 Trockenware
20.10.2025 14:39:49,451,4027468000041,ERH,Harissa,24.09.2026,1,FALSE,141,,,📦 Trockenware
20.10.2025 14:37:34,447,4019736007050,ZWE,Süáer Senf bayerisch,28.03.2027,3,FALSE,326,,,📦 Trockenware
20.10.2025 14:35:13,445,4260112294872,MKS,Feigensenf,15.07.2026,5,FALSE,70,,,📦 Trockenware
20.10.2025 14:33:32,444,4260112294834,MKS,Dijonsenf,26.06.2026,5,FALSE,51,,,📦 Trockenware
20.10.2025 14:29:44,440,4260221613014,EMS,Mayo vegan,04.09.2026,6,FALSE,121,,,📦 Trockenware
20.10.2025 14:29:18,439,4260221613014,EMS,Mayo vegan,30.06.2026,1,FALSE,55,,,📦 Trockenware
20.10.2025 14:27:53,437,4260360271632,NPU,Delikatess Mayonnaise,31.10.2026,5,FALSE,178,,,📦 Trockenware
20.10.2025 14:26:25,435,4016249017071,ALO,Hofgemüse Paprika Trio,02.07.2026,5,FALSE,57,,,📦 Trockenware
20.10.2025 14:25:49,434,4016249108571,ALO,Hofgemüse Rucola Kirschtomate,11.08.2026,5,FALSE,97,,,📦 Trockenware
20.10.2025 14:13:53,431,4016249108540,ALO,Hofgemüse Erbse Basilikum,03.07.2026,6,FALSE,58,,,📦 Trockenware
20.10.2025 14:13:06,430,4016249173906,ALO,Linsenaufstrich Rote Linse Chili,17.06.2026,5,FALSE,42,,,📦 Trockenware
20.10.2025 14:11:42,428,4030917059101,SAC,Brotaufstrich Jalapeno,01.04.2027,5,FALSE,330,,,📦 Trockenware
20.10.2025 14:11:13,427,4030917034504,SAC,Brotaufstrich Antipasti Olive,01.04.2027,4,FALSE,330,,,📦 Trockenware
20.10.2025 14:10:31,426,4030917001605,SAC,Brotaufstrich Basilikum Romana,01.01.2027,6,FALSE,240,,,📦 Trockenware
20.10.2025 14:09:42,425,4030917034702,SAC,Brotaufstrich Antipasti Kapern,01.04.2027,6,FALSE,330,,,📦 Trockenware
20.10.2025 14:07:36,424,4030917002008,SAC,Brotaufstrich Roter Paprika,01.04.2027,6,FALSE,330,,,📦 Trockenware
20.10.2025 14:06:33,422,4030917028305,SAC,Brotaufstrich Cheesana Jalape¤o,01.03.2027,6,FALSE,299,,,📦 Trockenware
20.10.2025 14:05:41,421,4030917002206,SAC,Brotaufstrich Sonnentomate,01.05.2027,6,FALSE,360,,,📦 Trockenware
20.10.2025 14:04:50,420,4030917026103,SAC,Brotaufstrich CrŠme Aubergine,01.11.2026,4,FALSE,179,,,📦 Trockenware
20.10.2025 14:04:14,419,4030917033309,SAC,Brotaufstrich Fenchel Toskana,01.12.2026,4,FALSE,209,,,📦 Trockenware
20.10.2025 14:02:50,417,4030917034108,Sanchon,"Sanchon Crème Zwiebel-walnuss, 190 GR Glas",01.06.2026,6,FALSE,26,,,📦 Trockenware
20.10.2025 14:01:59,416,4006040016533,Rapunzel,Kokos- & Mandelmus,19.08.2027,6,FALSE,470,,,📦 Trockenware
20.10.2025 14:01:30,415,4006040016533,Rapunzel,Kokos- & Mandelmus,14.06.2026,1,FALSE,39,,,📦 Trockenware
20.10.2025 14:00:54,414,4006040006909,Rapunzel,Rapunzel Gebrannte Mandel mit Kokosblütenzucker (250g),04.12.2026,4,FALSE,212,,,📦 Trockenware
20.10.2025 13:59:55,413,8713576100112,TER,Tahin weiß,07.04.2027,6,FALSE,336,,,📦 Trockenware
20.10.2025 13:59:11,412,8713576100082,Terrasana,Tahin (Sesammus) braun [500g],03.03.2027,6,FALSE,301,,,📦 Trockenware
20.10.2025 13:58:12,411,8713576003468,TER,Erdnussmus fein,06.01.2027,3,FALSE,245,,,📦 Trockenware
20.10.2025 13:57:37,410,8713576003475,TER,Erdnussmus fein,28.04.2027,3,FALSE,357,,,📦 Trockenware
20.10.2025 13:56:55,409,8713576003413,TER,Erdnussmus crunchy,21.04.2027,7,FALSE,350,,,📦 Trockenware
20.10.2025 13:55:14,408,8713576003420,TER,Erdnussmus crunchy,28.04.2027,4,FALSE,357,,,📦 Trockenware
20.10.2025 13:51:39,407,4006040007999,Rapunzel,Nuss-Nougat-Creme – Bionella – 400 g,26.11.2026,7,FALSE,204,,,📦 Trockenware
20.10.2025 13:47:35,405,4035626112680,WBI,b*Mandelmus weiß,10.03.2027,4,FALSE,308,,,📦 Trockenware
20.10.2025 13:44:18,403,4035626112666,WBI,b*Mandelmus weiß,21.10.2026,1,FALSE,168,,,📦 Trockenware
20.10.2025 13:42:35,402,4035626112666,WBI,b*Mandelmus weiß,05.05.2027,9,FALSE,364,,,📦 Trockenware
20.10.2025 13:40:20,401,4035626112574,WBI,b*Cashewmus,12.05.2027,2,FALSE,371,,,📦 Trockenware
20.10.2025 13:39:42,400,4035626112697,WBI,b*Mandelmus,16.06.2027,6,FALSE,406,,,📦 Trockenware
20.10.2025 13:37:58,399,742832736237,,demeter Apfelkraut,13.10.2029,2,FALSE,1256,,,📦 Trockenware
20.10.2025 13:36:50,398,742832736237,,demeter Apfelkraut,29.09.2030,6,FALSE,1607,,,📦 Trockenware
20.10.2025 13:34:57,397,4006040034247,Rapunzel,Birnen-Apfel-Kraut bio,14.04.2028,6,FALSE,709,,,📦 Trockenware
20.10.2025 13:34:29,396,1094922078352,,Zuckerrübensirup Demeter regio,19.05.2027,3,FALSE,378,,,📦 Trockenware
20.10.2025 13:31:23,395,4009309731710,MAR,Wild Preiselbeeren,31.12.2027,7,FALSE,604,,,📦 Trockenware
20.10.2025 13:30:36,394,4019736007319,Zwergenwiese,Streich's drauf - Basitom 160g | ZWERGENWIESE,24.03.2027,6,FALSE,322,,,📦 Trockenware
20.10.2025 13:27:26,392,4019736010289,Zwergenwiese,Streich's drauf Kürbi,06.02.2027,6,FALSE,276,,,📦 Trockenware
20.10.2025 13:25:40,391,4019736006213,Zwergenwiese,streich's drauf Arrabitom 160 g,30.01.2027,6,FALSE,269,,,📦 Trockenware
20.10.2025 13:24:46,390,4019736006237,Zwergenwiese,Streich's drauf Papayango ,10.02.2027,4,FALSE,280,,,📦 Trockenware
20.10.2025 13:23:30,389,4019736014607,ZWE,Streichïs drauf Currika,10.06.2027,5,FALSE,400,,,📦 Trockenware
20.10.2025 13:20:13,388,4019736014645,ZWE,Streichïs drauf Bruschesto,16.06.2027,5,FALSE,406,,,📦 Trockenware
20.10.2025 13:19:38,387,4019736014645,ZWE,Streichïs drauf Bruschesto,31.07.2027,6,FALSE,451,,,📦 Trockenware
20.10.2025 13:17:55,386,5200104101602,EPI,"Kalamata-Oliven, ohne Stein",25.04.2028,2,FALSE,720,,,📦 Trockenware
20.10.2025 13:17:16,385,5200104101602,EPI,"Kalamata-Oliven, ohne Stein",04.07.2028,6,FALSE,790,,,📦 Trockenware
20.10.2025 13:15:25,384,5200104102005,EPI,Grüne Oliven ohne Stein,14.06.2027,1,FALSE,404,,,📦 Trockenware
20.10.2025 13:14:55,383,5200104102005,EPI,Grüne Oliven ohne Stein,06.09.2027,4,FALSE,488,,,📦 Trockenware
20.10.2025 13:13:40,382,8018759001324,SEL,Schwarze Oliven mit Stein,23.05.2027,2,FALSE,382,,,📦 Trockenware
20.10.2025 13:12:53,381,8018759001324,SEL,Schwarze Oliven mit Stein,25.06.2027,6,FALSE,415,,,📦 Trockenware
20.10.2025 13:10:40,380,8018759001300,SEL,Grüne Oliven mit Stein,01.03.2027,4,FALSE,299,,,📦 Trockenware
20.10.2025 13:10:04,379,8018759001881,SEL,Pesto Rucola,04.12.2026,7,FALSE,212,,,📦 Trockenware
20.10.2025 13:08:55,378,8018759000341,SEL,Pesto Verde,18.12.2027,5,FALSE,591,,,📦 Trockenware
20.10.2025 13:06:37,377,8053323641155,SEL,Pesto mit Trüffel,11.04.2027,3,FALSE,340,,,📦 Trockenware
20.10.2025 13:05:20,376,8018759002727,SEL,Pesto Pikante Tomate mit Schafskäse,15.11.2027,6,FALSE,558,,,📦 Trockenware
20.10.2025 13:04:49,375,8018759002727,SEL,Pesto Pikante Tomate mit Schafskäse,20.02.2027,2,FALSE,290,,,📦 Trockenware
20.10.2025 13:03:43,374,8018759001546,SEL,Pesto Basilikum Pecorino,12.04.2027,9,FALSE,341,,,📦 Trockenware
20.10.2025 13:02:47,373,8018759001836,SEL,Pesto Rosso,06.05.2028,6,FALSE,731,,,📦 Trockenware
20.10.2025 13:00:57,372,8018759001836,SEL,Pesto Rosso,02.05.2027,2,FALSE,361,,,📦 Trockenware
20.10.2025 13:00:06,371,8018759001911,SEL,Kapern in Essig,15.01.2028,3,FALSE,619,,,📦 Trockenware
20.10.2025 12:59:41,370,8018759000105,SEL,Tomaten halbgetrocknet in Oliven”l,14.06.2026,4,FALSE,39,,,📦 Trockenware
20.10.2025 12:59:02,369,8018759002178,SEL,Artischocken in ™l,30.04.2027,6,FALSE,359,,,📦 Trockenware
20.10.2025 12:58:31,368,8018759000570,SEL,Gewürfelte Tomaten Cubettato,16.09.2028,2,FALSE,864,,,📦 Trockenware
20.10.2025 12:57:52,367,8018759003786,SEL,Tomatenpassata,16.09.2028,4,FALSE,864,,,📦 Trockenware
20.10.2025 12:56:53,366,4006040292814,Rapunzel,Pizzatomaten,24.09.2027,19,FALSE,506,,,📦 Trockenware
20.10.2025 12:56:05,365,4065626114865,WBI,b*Tomaten-Paprikamark,18.10.2026,5,FALSE,165,,,📦 Trockenware
20.10.2025 12:55:03,364,4065626114841,WBI,b*Tomatenmark,13.11.2027,5,FALSE,556,,,📦 Trockenware
20.10.2025 12:54:02,363,4035626101011,WBI,b*Tomatenmark,04.11.2027,7,FALSE,547,,,📦 Trockenware
20.10.2025 12:51:05,361,8018759000877,SEL,Tomatensauce m. ger”st. Auberginen,27.10.2026,6,FALSE,174,,,📦 Trockenware
20.10.2025 12:49:43,360,8018759003939,SEL,Salsa Pronta Spaghettisauce - Familienglas,08.10.2027,7,FALSE,520,,,📦 Trockenware
20.10.2025 12:48:02,359,4019736011149,ZWE,Zwergensauce,07.07.2027,8,FALSE,427,,,📦 Trockenware
20.10.2025 12:42:59,357,4019736004028,ZWE,Tomatensauce Basilikum,03.07.2027,6,FALSE,423,,,📦 Trockenware
20.10.2025 12:42:59,358,4019736004028,ZWE,Tomatensauce Basilikum,27.02.2027,1,FALSE,297,,,📦 Trockenware
20.10.2025 12:42:26,356,4019736003335,ZWE,Tomatensauce Arrabbiata,03.07.2027,6,FALSE,423,,,📦 Trockenware
20.10.2025 12:41:48,355,4019736003335,ZWE,Tomatensauce Arrabbiata,16.07.2026,2,FALSE,71,,,📦 Trockenware
20.10.2025 12:33:51,354,4019736000679,ZWE,Bolognese vegetarisch,23.04.2027,6,FALSE,352,,,📦 Trockenware
20.10.2025 12:33:13,353,4019736014744,ZWE,Streichïs drauf Papucchini,21.07.2027,6,FALSE,441,,,📦 Trockenware
20.10.2025 12:32:50,352,4019736014782,ZWE,Streichïs drauf Gelbie,23.06.2027,6,FALSE,413,,,📦 Trockenware
20.10.2025 12:32:13,351,4019736014669,ZWE,Streichïs drauf Tomesan,29.07.2027,6,FALSE,449,,,📦 Trockenware
20.10.2025 12:31:29,350,4019736014546,ZWE,Streichïs drauf Mepfel,16.06.2027,4,FALSE,406,,,📦 Trockenware
20.10.2025 12:31:00,349,4019736014621,ZWE,Streichïs drauf Meditom,18.06.2027,6,FALSE,408,,,📦 Trockenware
20.10.2025 12:30:12,348,4019736014843,ZWE,Streichïs drauf Sendi,22.07.2027,5,FALSE,442,,,📦 Trockenware
20.10.2025 12:29:13,347,5998008700648,TAR,Sauerkirschmus 90%,22.01.2027,5,FALSE,261,,,📦 Trockenware
20.10.2025 12:28:03,345,5998008700617,TAR,Zwetschgenmus pur,13.03.2027,6,FALSE,311,,,📦 Trockenware
20.10.2025 12:25:58,342,4019736018049,ZWE,Fruchtgelee Holunderblüte,14.05.2027,6,FALSE,373,,,📦 Trockenware
20.10.2025 12:21:30,341,4019736017967,ZWE,Fruchtgelee Himbeere,04.06.2027,6,FALSE,394,,,📦 Trockenware
20.10.2025 12:20:03,340,4019736017967,ZWE,Fruchtgelee Himbeere,21.11.2026,2,FALSE,199,,,📦 Trockenware
20.10.2025 12:13:05,339,4019736018001,ZWE,Fruchtgelee rote Johannisbeere,19.02.2027,6,FALSE,289,,,📦 Trockenware
20.10.2025 12:12:20,338,4019736018025,ZWE,Fruchtgelee Quitte,05.06.2027,4,FALSE,395,,,📦 Trockenware
20.10.2025 12:11:41,337,4035626100533,WBI,b*Feigenkonfitüre extra,05.06.2027,3,FALSE,395,,,📦 Trockenware
20.10.2025 12:10:54,336,4035626100533,WBI,b*Feigenkonfitüre extra,31.01.2027,1,FALSE,270,,,📦 Trockenware
20.10.2025 12:09:40,335,4035626100496,WBI,b*Orangenmarmelade,10.11.2027,6,FALSE,553,,Orangenmarmelade,📦 Trockenware
20.10.2025 12:08:46,334,4035626112925,WBI,b*Blutorangenmarmelade,28.03.2028,4,FALSE,692,#REF!,Blutorangenmarmelade,📦 Trockenware
20.10.2025 11:46:09,333,4035626112925,WBI,b*Blutorangenmarmelade,28.03.2028,4,FALSE,692,Bioladen,Blutorangenmarmelade,📦 Trockenware
18.10.2025 00:00:00,275,4019339147061,DAV,BERGLINSEN,21.10.2026,10,FALSE,168,Rapunzel,BERGLINSEN,📦 Trockenware
18.10.2025 00:00:00,276,4035626101028,WBI,bioladen Cubetti,31.12.2027,6,FALSE,604,Rapunzel,bioladen Cubetti,📦 Trockenware
18.10.2025 00:00:00,277,4035626102032,WBI,Bioladen Curry Ketchup,29.07.2028,4,FALSE,815,Rapunzel,Bioladen Curry Ketchup,📦 Trockenware
18.10.2025 00:00:00,278,4260067151831,CES,Bioladen PASSIERTE TOMATEN PASSATA,31.12.2027,9,FALSE,604,Rapunzel,Bioladen PASSIERTE TOMATEN PASSATA,📦 Trockenware
18.10.2025 00:00:00,279,4035626102025,WBI,Bioladen Tomatenketchup,24.01.2028,6,FALSE,628,Rapunzel,Bioladen Tomatenketchup,📦 Trockenware
18.10.2025 00:00:00,280,4035626002615,WBI,Bioladen Tomatenmark Tube,03.03.2028,6,FALSE,667,Rapunzel,Bioladen Tomatenmark Tube,📦 Trockenware
18.10.2025 00:00:00,281,42431749,KLD,Borlotti Bohnen ,01.10.2028,3,FALSE,879,Rapunzel,Borlotti Bohnen ,📦 Trockenware
18.10.2025 00:00:00,282,4260515260115,HED,braune Tellerlinsen,15.04.2027,7,FALSE,344,Rapunzel,braune Tellerlinsen,📦 Trockenware
18.10.2025 00:00:00,283,4000433031844,FUN,Brechbohnen im Glas klein,31.12.2027,1,FALSE,604,Rapunzel,Brechbohnen im Glas klein,📦 Trockenware
18.10.2025 00:00:00,284,4026813004567,DFE,"Brechbohnen, 690g",31.12.2027,6,FALSE,604,Rapunzel,"Brechbohnen, 690g",📦 Trockenware
18.10.2025 00:00:00,285,4022381013987,SPI,Buchstabennudeln ,21.08.2027,2,FALSE,472,Rapunzel,Buchstabennudeln ,📦 Trockenware
18.10.2025 00:00:00,286,42431749,KLD,CANNELLINI BOHNEN,26.11.2026,2,FALSE,204,Rapunzel,CANNELLINI BOHNEN,📦 Trockenware
18.10.2025 00:00:00,289,4026813000194,NCL,Erbsen und Möhren im Glas groß,31.12.2027,7,FALSE,604,Rapunzel,Erbsen und Möhren im Glas groß,📦 Trockenware
18.10.2025 00:00:00,290,4065626115282,WBI,GESCHÄLTE TOMATEN PELATI,31.12.2026,7,FALSE,239,Rapunzel,GESCHÄLTE TOMATEN PELATI,📦 Trockenware
18.10.2025 00:00:00,291,4065626115282,WBI,GESCHÄLTE TOMATEN PELATI 400g,31.12.2027,3,FALSE,604,Rapunzel,GESCHÄLTE TOMATEN PELATI 400g,📦 Trockenware
18.10.2025 00:00:00,292,4009309114384,MAR,GEWÜRZGURKEN puit,31.12.2028,3,FALSE,970,Rapunzel,GEWÜRZGURKEN puit,📦 Trockenware
18.10.2025 00:00:00,293,4019339434109,DAV,Halbe Schälerbsen,29.11.2026,3,FALSE,207,Rapunzel,Halbe Schälerbsen,📦 Trockenware
18.10.2025 00:00:00,294,4019339434109,DAV,halbe Schälerbsen,14.04.2027,6,FALSE,343,Rapunzel,halbe Schälerbsen,📦 Trockenware
18.10.2025 00:00:00,296,4009309553213,MAR,KICHERERBSEN,20.11.2026,8,FALSE,198,Rapunzel,KICHERERBSEN,📦 Trockenware
18.10.2025 00:00:00,297,4009309553213,MAR,KICHERERBSEN nur Puur,08.05.2027,6,FALSE,367,Rapunzel,KICHERERBSEN nur Puur,📦 Trockenware
18.10.2025 00:00:00,298,4035626112963,WBI,Pizza Pasta Tomaten,31.12.2027,12,FALSE,604,Rapunzel,Pizza Pasta Tomaten,📦 Trockenware
18.10.2025 00:00:00,299,4009309551264,MAR,PROTEinreiche Kidneybohnen,28.11.2026,8,FALSE,206,Rapunzel,PROTEinreiche Kidneybohnen,📦 Trockenware
18.10.2025 00:00:00,300,4016249238223,ALO,ROTE LINSEN,17.09.2026,2,FALSE,134,Rapunzel,ROTE LINSEN,📦 Trockenware
18.10.2025 00:00:00,301,4016249238223,ALO,ROTE LINSEN,16.12.2026,8,FALSE,224,Rapunzel,ROTE LINSEN,📦 Trockenware
18.10.2025 00:00:00,302,4260360271243,NPU,SALSA hot ,31.12.2028,5,FALSE,970,Rapunzel,SALSA hot ,📦 Trockenware
18.10.2025 00:00:00,303,4018462161852,BYO,SALSA MILD,31.12.2028,8,FALSE,970,Rapunzel,SALSA MILD,📦 Trockenware
18.10.2025 00:00:00,304,4016249287214,ALO,Sauerkirsche zw.wie.,19.06.2026,1,FALSE,44,Rapunzel,Sauerkirsche zw.wie.,📦 Trockenware
18.10.2025 00:00:00,305,4016249287214,ALO,Sauerkirsche zw.wie.,29.09.2026,9,FALSE,146,Rapunzel,Sauerkirsche zw.wie.,📦 Trockenware
18.10.2025 00:00:00,306,4019736017981,ZWE,Schwarze Johannisbeere ZWergenwiese,08.07.2026,5,FALSE,63,Rapunzel,Schwarze Johannisbeere ZWergenwiese,📦 Trockenware
18.10.2025 00:00:00,307,4019736010067,ZWE,Streich Kürbis Tomate,02.10.2026,5,FALSE,149,Rapunzel,Streich Kürbis Tomate,📦 Trockenware
18.10.2025 00:00:00,308,4019736010128,ZWE,Streich Mango-Curry,26.05.2027,6,FALSE,385,Rapunzel,Streich Mango-Curry,📦 Trockenware
18.10.2025 00:00:00,309,4019736010128,ZWE,Streich rote Bete-Meerrettich,29.01.2027,3,FALSE,268,Rapunzel,Streich rote Bete-Meerrettich,📦 Trockenware
18.10.2025 00:00:00,311,4019736010128,ZWE,Streich Rucola-Tomate,24.09.2026,5,FALSE,141,Rapunzel,Streich Rucola-Tomate,📦 Trockenware
18.10.2025 00:00:00,312,4019736010159,ZWE,Streich Schnittlauch,24.01.2027,3,FALSE,263,Rapunzel,Streich Schnittlauch,📦 Trockenware
18.10.2025 00:00:00,313,4019736010128,ZWE,Streich Sonnen-Tomate,24.04.2027,3,FALSE,353,Rapunzel,Streich Sonnen-Tomate,📦 Trockenware
18.10.2025 00:00:00,315,,,Walbeere Zwergenwiese,08.07.2026,8,FALSE,63,Rapunzel,Walbeere Zwergenwiese,📦 Trockenware
18.10.2025 00:00:00,316,4019339487198,DAV,weiße Riesenbohnen,24.04.2027,3,FALSE,353,Rapunzel,weiße Riesenbohnen,📦 Trockenware
18.10.2025 00:00:00,318,4035626102032,WBI,Zwergenwiese Curry Ketchup,05.04.2027,6,FALSE,334,Rapunzel,Zwergenwiese Curry Ketchup,📦 Trockenware
18.10.2025 00:00:00,319,4019736017271,ZWE,Zwergenwiese Erdbeere,10.07.2026,2,FALSE,65,Rapunzel,Zwergenwiese Erdbeere,📦 Trockenware
18.10.2025 00:00:00,320,4019736017271,ZWE,Zwergenwiese Erdbeere,31.07.2026,7,FALSE,86,Rapunzel,Zwergenwiese Erdbeere,📦 Trockenware
18.10.2025 00:00:00,322,4019736017257,ZWE,Zwergenwiese feine Aprikose,08.11.2026,2,FALSE,186,Rapunzel,Zwergenwiese feine Aprikose,📦 Trockenware
18.10.2025 00:00:00,323,4019736017257,ZWE,Zwergenwiese feine Aprikose,12.02.2027,6,FALSE,282,Rapunzel,Zwergenwiese feine Aprikose,📦 Trockenware
18.10.2025 00:00:00,324,4019736017271,ZWE,Zwergenwiese feine Erdbeere,05.09.2026,4,FALSE,122,Rapunzel,Zwergenwiese feine Erdbeere,📦 Trockenware
18.10.2025 00:00:00,326,8001505007022,RDA,Zwergenwiese Himbeere,09.07.2026,6,FALSE,64,Rapunzel,Zwergenwiese Himbeere,📦 Trockenware
18.10.2025 00:00:00,327,4019736017318,ZWE,Zwergenwiese Himbeere fein,26.08.2026,5,FALSE,112,Rapunzel,Zwergenwiese Himbeere fein,📦 Trockenware
18.10.2025 00:00:00,328,4019736006169,ZWE,Zwergenwiese Kinder Ketchup,05.06.2027,1,FALSE,395,Rapunzel,Zwergenwiese Kinder Ketchup,📦 Trockenware
18.10.2025 00:00:00,329,4019736006169,ZWE,Zwergenwiese Kinder Ketchup,20.05.2028,5,FALSE,745,Rapunzel,Zwergenwiese Kinder Ketchup,📦 Trockenware
18.10.2025 00:00:00,331,4035626102025,WBI,Zwergenwiese Tomatenketchup,09.09.2027,1,FALSE,491,Rapunzel,Zwergenwiese Tomatenketchup,📦 Trockenware
18.10.2025 00:00:00,332,4035626102025,WBI,Zwergenwiese Tomatenketchup,03.03.2028,3,FALSE,667,Rapunzel,Zwergenwiese Tomatenketchup,📦 Trockenware
17.10.2025 00:00:00,235,4000381004129,HAU,Atlanik Meersalz BYODO,08.04.2027,6,FALSE,337,Rapunzel,Atlanik Meersalz BYODO,📦 Trockenware
17.10.2025 00:00:00,236,4035626103695,WBI,b*Spirali tricolore,04.06.2028,7,FALSE,760,Rapunzel,b*Spirali tricolore,📦 Trockenware
17.10.2025 00:00:00,237,4009309522318,MAR,Basmatireis im Glas,19.11.2026,6,FALSE,197,Rapunzel,Basmatireis im Glas,📦 Trockenware
17.10.2025 00:00:00,238,4009309522318,MAR,Basmatireis im Glas,20.05.2027,2,FALSE,379,Rapunzel,Basmatireis im Glas,📦 Trockenware
17.10.2025 00:00:00,239,4035626002691,WBI,Dinkel Spaghetti ,05.03.2028,3,FALSE,669,Rapunzel,Dinkel Spaghetti ,📦 Trockenware
17.10.2025 00:00:00,240,8001505005493,BVO,Echter Basmatireis 1 kg,29.07.2026,2,FALSE,84,Rapunzel,Echter Basmatireis 1 kg,📦 Trockenware
17.10.2025 00:00:00,241,8001505005493,BVO,Echter Basmatireis 1 kg,18.11.2026,6,FALSE,196,Rapunzel,Echter Basmatireis 1 kg,📦 Trockenware
17.10.2025 00:00:00,242,4260148654473,PUF,FARFALLE,05.03.2028,12,FALSE,669,Rapunzel,FARFALLE,📦 Trockenware
17.10.2025 00:00:00,243,4035626002653,WBI,FUSILLI,01.04.2028,4,FALSE,696,Rapunzel,FUSILLI,📦 Trockenware
17.10.2025 00:00:00,244,4012346155203,LEB,Gartenkräuter,13.08.2026,10,FALSE,99,Rapunzel,Gartenkräuter,📦 Trockenware
17.10.2025 00:00:00,245,4009309763209,MAR,Kokosmilch 400 ml,02.09.2027,6,FALSE,484,Rapunzel,Kokosmilch 400 ml,📦 Trockenware
17.10.2025 00:00:00,246,7391961111892,LIS,Lasagneplatten Reis,12.09.2027,6,FALSE,494,Rapunzel,Lasagneplatten Reis,📦 Trockenware
17.10.2025 00:00:00,247,8015197010703,IRI,MAKKARONI,04.07.2026,2,FALSE,59,Rapunzel,MAKKARONI,📦 Trockenware
17.10.2025 00:00:00,248,8015197010703,IRI,MAKKARONI,16.01.2028,3,FALSE,620,Rapunzel,MAKKARONI,📦 Trockenware
17.10.2025 00:00:00,249,8015197010703,IRI,Makkaroni ,16.01.2028,5,FALSE,620,Rapunzel,Makkaroni ,📦 Trockenware
17.10.2025 00:00:00,250,4018722305699,AGO,Mie-Noodles,29.05.2027,8,FALSE,388,Rapunzel,Mie-Noodles,📦 Trockenware
17.10.2025 00:00:00,251,4016249150365,ALO,Paprika edelsüß ,30.09.2028,6,FALSE,878,Rapunzel,Paprika edelsüß ,📦 Trockenware
17.10.2025 00:00:00,252,4035626002677,WBI,PENNE Bioladen ,03.09.2027,15,FALSE,485,Rapunzel,PENNE Bioladen ,📦 Trockenware
17.10.2025 00:00:00,253,4250073453609,FWO,Pizza Tonno MSC,17.06.2026,7,FALSE,42,Rapunzel,Pizza Tonno MSC,📦 Trockenware
17.10.2025 00:00:00,255,4024297013761,NAT,Reis Spaghetti ,28.03.2027,12,FALSE,326,Rapunzel,Reis Spaghetti ,📦 Trockenware
17.10.2025 00:00:00,256,4024297013785,NAT,Reis Spirelli,04.09.2027,12,FALSE,486,Rapunzel,Reis Spirelli,📦 Trockenware
17.10.2025 00:00:00,257,8032804431874,FEL,Rigatoni,08.04.2027,1,FALSE,337,Rapunzel,Rigatoni,📦 Trockenware
17.10.2025 00:00:00,258,8032804431874,FEL,Rigatoni,29.10.2027,3,FALSE,541,Rapunzel,Rigatoni,📦 Trockenware
17.10.2025 00:00:00,259,4035626000598,WBI,Risotto Reis,20.05.2027,3,FALSE,379,Rapunzel,Risotto Reis,📦 Trockenware
17.10.2025 00:00:00,260,4035626000598,WBI,Risotto Reis,17.03.2028,6,FALSE,681,Rapunzel,Risotto Reis,📦 Trockenware
17.10.2025 00:00:00,261,9004145012806,STN,Rooibos Tee lose,30.09.2028,6,FALSE,878,Rapunzel,Rooibos Tee lose,📦 Trockenware
17.10.2025 00:00:00,262,4035626000598,WBI,Silber Risotto Reis,11.09.2026,3,FALSE,128,Rapunzel,Silber Risotto Reis,📦 Trockenware
17.10.2025 00:00:00,263,4260133141131,BBF,SPAGHETTI,22.05.2028,2,FALSE,747,Rapunzel,SPAGHETTI,📦 Trockenware
17.10.2025 00:00:00,264,4260133141131,BBF,SPAGHETTI Bioladen,14.04.2028,4,FALSE,709,Rapunzel,SPAGHETTI Bioladen,📦 Trockenware
17.10.2025 00:00:00,265,4260133141131,BBF,SPAGHETTI Bioladen ,25.03.2028,1,FALSE,689,Rapunzel,SPAGHETTI Bioladen ,📦 Trockenware
17.10.2025 00:00:00,266,4035626113410,WBI,SPAGHETTI VOLLKORN,10.05.2027,7,FALSE,369,Rapunzel,SPAGHETTI VOLLKORN,📦 Trockenware
17.10.2025 00:00:00,267,4018462145401,BYO,Strozzapreti,24.04.2027,3,FALSE,353,Rapunzel,Strozzapreti,📦 Trockenware
17.10.2025 00:00:00,268,4018462145401,BYO,Strozzapreti,07.11.2028,10,FALSE,916,Rapunzel,Strozzapreti,📦 Trockenware
17.10.2025 00:00:00,269,4031829254950,™KL,TAGLIATELLE,27.02.2028,1,FALSE,662,Rapunzel,TAGLIATELLE,📦 Trockenware
17.10.2025 00:00:00,270,4031829254950,™KL,TAGLIATELLE,24.06.2028,2,FALSE,780,Rapunzel,TAGLIATELLE,📦 Trockenware
17.10.2025 00:00:00,271,4031829254950,™KL,TAGLIATELLE,24.06.2028,4,FALSE,780,Rapunzel,TAGLIATELLE,📦 Trockenware
17.10.2025 00:00:00,272,20489076,KLD,Weiße Bohnen in Tomatensoße 350g,31.12.2028,6,FALSE,970,Rapunzel,Weiße Bohnen in Tomatensoße 350g,📦 Trockenware
17.10.2025 00:00:00,273,4022346330302,HEU,Zimtstangen,30.09.2028,6,FALSE,878,Rapunzel,Zimtstangen,📦 Trockenware
15.10.2025 00:00:00,216,4260148654473,PUF,Farfalle,02.10.2026,2,FALSE,149,Rapunzel,Farfalle,📦 Trockenware
15.10.2025 00:00:00,217,4006182007352,SOM,Fussil Vollkorn,01.04.2028,3,FALSE,696,Rapunzel,Fussil Vollkorn,📦 Trockenware
15.10.2025 00:00:00,218,4006182007352,SOM,Fussil Vollkorn,26.05.2028,3,FALSE,751,Rapunzel,Fussil Vollkorn,📦 Trockenware
15.10.2025 00:00:00,219,4006182007352,SOM,Fussil Vollkorn,26.05.2028,9,FALSE,751,Rapunzel,Fussil Vollkorn,📦 Trockenware
15.10.2025 00:00:00,220,4022381022545,SPI,Jasmin Reis 500 g,24.10.2026,3,FALSE,171,Rapunzel,Jasmin Reis 500 g,📦 Trockenware
15.10.2025 00:00:00,223,4009309522318,MAR,Milchreis im Glas 450 g,02.05.2027,4,FALSE,361,Rapunzel,Milchreis im Glas 450 g,📦 Trockenware
15.10.2025 00:00:00,224,4022381503204,SPI,Milchreis Rund Korn 500 g,20.09.2026,2,FALSE,137,Rapunzel,Milchreis Rund Korn 500 g,📦 Trockenware
15.10.2025 00:00:00,225,4019339207109,DAV,Milchreis und 500 g,12.11.2026,4,FALSE,190,Rapunzel,Milchreis und 500 g,📦 Trockenware
15.10.2025 00:00:00,226,4018462145302,BYO,Orecchiette,04.03.2028,6,FALSE,668,Rapunzel,Orecchiette,📦 Trockenware
15.10.2025 00:00:00,227,4016249238223,ALO,Rapunzel Pirelli rote Linse,04.07.2027,5,FALSE,424,Rapunzel,Rapunzel Pirelli rote Linse,📦 Trockenware
15.10.2025 00:00:00,228,4009309553213,MAR,Rapunzel Spirelli Kichererbse,27.05.2027,6,FALSE,386,Rapunzel,Rapunzel Spirelli Kichererbse,📦 Trockenware
15.10.2025 00:00:00,229,7391961111892,LIS,Reis Mafalde ,22.12.2026,9,FALSE,230,Rapunzel,Reis Mafalde ,📦 Trockenware
15.10.2025 00:00:00,230,4024297013785,NAT,Reis Spirelli,14.03.2027,6,FALSE,312,Rapunzel,Reis Spirelli,📦 Trockenware
15.10.2025 00:00:00,231,4031829254950,™KL,Tagliatelle byodo,17.09.2027,1,FALSE,499,Rapunzel,Tagliatelle byodo,📦 Trockenware
15.10.2025 00:00:00,232,4031829254950,™KL,Tagliatelle byodo,24.03.2028,12,FALSE,688,Rapunzel,Tagliatelle byodo,📦 Trockenware
15.10.2025 00:00:00,233,4035626000550,WBI,Vollkorn Reis Lang Korn,09.12.2026,1,FALSE,217,Rapunzel,Vollkorn Reis Lang Korn,📦 Trockenware
15.10.2025 00:00:00,234,4035626000550,WBI,Vollkorn Reis Lang Korn,21.01.2027,6,FALSE,260,Rapunzel,Vollkorn Reis Lang Korn,📦 Trockenware
14.10.2025 13:35:00,212,4020943134170,ARC,Genau Miso,06.12.2026,2,FALSE,214,Rapunzel,Genau Miso,📦 Trockenware
14.10.2025 13:35:00,213,8718754503082,YAK,Hoisin Sauce,23.10.2026,6,FALSE,"170,5",Rapunzel,Hoisin Sauce,📦 Trockenware
14.10.2025 13:34:00,210,4000381004129,HAU,Rapunzel feines Meersalz,10.09.2027,8,FALSE,"492,5",Rapunzel,Rapunzel feines Meersalz,📦 Trockenware
14.10.2025 13:34:00,211,9008281002417,BOM,Rapunzel Steinsalz,04.09.2028,2,FALSE,"852,5",Rapunzel,Rapunzel Steinsalz,📦 Trockenware
14.10.2025 13:33:00,209,4012346160405,LEB,Rapunzel Kräutersalz,02.10.2026,10,FALSE,"149,5",Rapunzel,Rapunzel Kräutersalz,📦 Trockenware
14.10.2025 13:31:00,206,4016512050521,ERN,Ernte Segen Gemüsebrühe Nachfüll Beutel,28.08.2026,13,FALSE,"114,5",Rapunzel,Ernte Segen Gemüsebrühe Nachfüll Beutel,📦 Trockenware
14.10.2025 13:30:00,205,4250096906335,KBH,Ernte Segen Hühner Bouillon ohne Hefeextrakt,08.06.2026,5,FALSE,"33,5",Rapunzel,Ernte Segen Hühner Bouillon ohne Hefeextrakt,📦 Trockenware
14.10.2025 13:23:00,202,4170000217145,1GE,Ernte Segen Flüssigwürze,23.11.2026,5,FALSE,201,Rapunzel,Ernte Segen Flüssigwürze,📦 Trockenware
14.10.2025 13:06:00,200,22089861,WBI,"Shoyu Sojasoße 0,25 l",05.06.2026,3,FALSE,"30,5",Rapunzel,"Shoyu Sojasoße 0,25 l",📦 Trockenware
14.10.2025 13:06:00,201,4020943137812,ARC,"Shoyu Sojasoße 0,5 l",23.12.2026,6,FALSE,"231,5",Rapunzel,"Shoyu Sojasoße 0,5 l",📦 Trockenware
14.10.2025 13:04:00,199,4020943131919,ARC,"Tamari Strong 0,25 l",04.11.2026,4,FALSE,"182,5",Rapunzel,"Tamari Strong 0,25 l",📦 Trockenware
14.10.2025 00:00:00,2,9004145012134,STN,Adios Salz mediterran,31.03.2028,5,FALSE,695,#REF!,Adios Salz,📦 Trockenware
14.10.2025 00:00:00,3,9004145012141,STN,Adios Salz Gartengemüse,31.03.2028,1,FALSE,695,#REF!,Adios Salz Gemüse,📦 Trockenware
14.10.2025 00:00:00,4,9004145012141,STN,Adios Salz Gartengemüse,30.09.2028,6,FALSE,878,#REF!,Adios Salz Gemüse,📦 Trockenware
14.10.2025 00:00:00,5,4012346156408,LEB,Anis ganz Tüte,01.10.2027,3,FALSE,513,#REF!,Anis ganz,📦 Trockenware
14.10.2025 00:00:00,6,4016249150334,ALO,Aufs Brot,01.10.2027,3,FALSE,513,#REF!,Aufs Brot,📦 Trockenware
14.10.2025 00:00:00,7,4022346301920,HEU,Bärlauch geschnitten,01.07.2027,4,FALSE,421,#REF!,Bärlauch geschnitten,📦 Trockenware
14.10.2025 00:00:00,8,4031829253403,™KL,Basilikum geschnitten,31.03.2028,4,FALSE,695,#REF!,Basilikum geschnitten,📦 Trockenware
14.10.2025 00:00:00,9,4022381041218,SPI,Dinkel Bauernspätzle hell,07.04.2027,10,FALSE,336,#REF!,Bauern Spätzle hell,📦 Trockenware
14.10.2025 00:00:00,10,4260133141087,BBF,biofix Chicken Kashmir,27.12.2026,9,FALSE,235,#REF!,Bio fix Chicken Kashmir,📦 Trockenware
14.10.2025 00:00:00,11,4012346174303,LEB,Ofenkartoffeln PB,01.03.2027,8,FALSE,299,#REF!,Bio fix für Ofenkartoffeln,📦 Trockenware
14.10.2025 00:00:00,12,4260133141162,BBF,biofix Lachsgratin,01.11.2026,13,FALSE,179,#REF!,Bio fix Lachs Gratin,📦 Trockenware
14.10.2025 00:00:00,13,4260133141063,BBF,biofix Paprika Hähnchen,05.12.2026,3,FALSE,213,#REF!,Bio fix Paprika,📦 Trockenware
14.10.2025 00:00:00,14,4260133141131,BBF,biofix Spaghetti Bolognese,30.09.2026,5,FALSE,147,#REF!,Bio fix Spaghetti Bolognese,📦 Trockenware
14.10.2025 00:00:00,16,4031829230794,™KL,Bockwürstchen im Glas,21.06.2026,5,FALSE,46,#REF!,Bockwürstchen im Glas,📦 Trockenware
14.10.2025 00:00:00,17,4022346202883,HEU,Bohnenkraut,31.03.2028,3,FALSE,695,#REF!,Bohnenkraut,📦 Trockenware
14.10.2025 00:00:00,18,4260360271458,NPU,Brech Hohnen Glas groß,31.12.2027,4,FALSE,604,#REF!,Brech Hohnen Glas groß,📦 Trockenware
14.10.2025 00:00:00,19,4000433031844,FUN,Brechbohnen im Glas klein,31.12.2027,5,FALSE,604,#REF!,Brechbohnen im Glas klein,📦 Trockenware
14.10.2025 00:00:00,20,4012346154404,LEB,Brot Gewürz grob gemahlen,31.03.2027,4,FALSE,329,#REF!,Brot Gewürz grob gemahlen,📦 Trockenware
14.10.2025 00:00:00,22,4260148651809,PUF,Bulgur,31.07.2026,4,FALSE,86,#REF!,Bulgur,📦 Trockenware
14.10.2025 00:00:00,23,4022346304242,HEU,Cayennepfeffer,27.09.2026,1,FALSE,144,#REF!,Cayennepfeffer,📦 Trockenware
14.10.2025 00:00:00,24,4012346106809,LEB,Chili gemahlen,30.09.2026,2,FALSE,147,#REF!,Chili gemahlen,📦 Trockenware
14.10.2025 00:00:00,25,9004145008717,STN,Chiliflocken,30.09.2027,6,FALSE,512,#REF!,Chiliflocken,📦 Trockenware
14.10.2025 00:00:00,26,9004145003996,STN,Chili Schoten ganz Tüte,30.09.2026,5,FALSE,147,#REF!,Chili ganz,📦 Trockenware
14.10.2025 00:00:00,27,4009309114476,MAR,Cornichons,31.12.2026,5,FALSE,239,#REF!,Cornichons,📦 Trockenware
14.10.2025 00:00:00,28,4260148651700,PUF,Couscous,28.07.2026,6,FALSE,83,#REF!,Couscous,📦 Trockenware
14.10.2025 00:00:00,29,9004145008793,STN,Curry Sauce scharf,01.09.2026,6,FALSE,118,#REF!,Curry Sauce scharf,📦 Trockenware
14.10.2025 00:00:00,30,9004145008793,STN,Curry scharf,31.03.2027,1,FALSE,329,#REF!,Curry scharf,📦 Trockenware
14.10.2025 00:00:00,31,9004145008793,STN,Curry scharf,30.09.2027,1,FALSE,512,#REF!,Curry scharf,📦 Trockenware
14.10.2025 00:00:00,32,9004145008793,STN,Curry scharf,30.09.2028,6,FALSE,878,#REF!,Curry scharf,📦 Trockenware
14.10.2025 00:00:00,33,4016249150358,ALO,Curry süß,31.03.2028,3,FALSE,695,#REF!,Curry süß,📦 Trockenware
14.10.2025 00:00:00,34,42431749,KLD,Dicke Bohnen,31.12.2028,3,FALSE,970,#REF!,Dicke Bohnen,📦 Trockenware
14.10.2025 00:00:00,35,9004145003262,STN,Dill geschnitten,31.03.2028,3,FALSE,695,#REF!,Dill geschnitten,📦 Trockenware
14.10.2025 00:00:00,36,4022346105726,HEU,Dill Spitzen geregelt,28.06.2026,3,FALSE,53,#REF!,Dill Spitzen geregelt,📦 Trockenware
14.10.2025 00:00:00,37,4022381013987,SPI,Dinkel Buchstaben nudeln,18.09.2026,2,FALSE,135,#REF!,Dinkel Buchstaben nudeln,📦 Trockenware
14.10.2025 00:00:00,38,4022381013987,SPI,Dinkel Buchstaben nudeln,11.01.2027,9,FALSE,250,#REF!,Dinkel Buchstaben nudeln,📦 Trockenware
14.10.2025 00:00:00,39,4022381013987,SPI,Dinkel Buchstaben nudeln,21.08.2027,7,FALSE,472,#REF!,Dinkel Buchstaben nudeln,📦 Trockenware
14.10.2025 00:00:00,40,4022381029230,SPI,Dinkel Lasagneblätter,10.03.2027,10,FALSE,308,#REF!,Dinkel Lasagneblätter,📦 Trockenware
14.10.2025 00:00:00,41,4022381015950,SPI,Dinkel Muschelnudeln,13.05.2028,9,FALSE,738,#REF!,Dinkel Muschelnudeln,📦 Trockenware
14.10.2025 00:00:00,42,4035626002677,WBI,Dinkel Penne hell,16.06.2028,6,FALSE,772,#REF!,Dinkel Penne hell,📦 Trockenware
14.10.2025 00:00:00,43,4006182007352,SOM,Dinkelspiralen Vollkorn,19.05.2027,7,FALSE,378,#REF!,Dinkelspiralen Vollkorn,📦 Trockenware
14.10.2025 00:00:00,44,4022381012836,SPI,Emmer Vollkorn Spirelli,12.06.2027,12,FALSE,402,#REF!,Emmer Vollkorn Spirelli,📦 Trockenware
14.10.2025 00:00:00,45,4260360271397,NPU,Erbsen im Glas groß,31.12.2027,5,FALSE,604,#REF!,Erbsen im Glas groß,📦 Trockenware
14.10.2025 00:00:00,46,4000433031844,FUN,Erbsen im Glas klein,31.12.2027,9,FALSE,604,#REF!,Erbsen im Glas klein,📦 Trockenware
14.10.2025 00:00:00,47,4026813000194,NCL,Erbsen und Möhren im Glas groß,31.12.2028,4,FALSE,970,#REF!,Erbsen und Möhren im Glas groß,📦 Trockenware
14.10.2025 00:00:00,48,4026813000194,NCL,Erbsen und Möhren im Glas klein,31.12.2028,5,FALSE,970,#REF!,Erbsen und Möhren im Glas klein,📦 Trockenware
14.10.2025 00:00:00,49,4270003151603,CDI,Erdnuss Soße,01.02.2027,3,FALSE,271,#REF!,Erdnuss Soße,📦 Trockenware
14.10.2025 00:00:00,50,4270003151603,CDI,Erdnuss Soße Rapunzel,01.08.2026,1,FALSE,87,#REF!,Erdnuss Soße Rapunzel,📦 Trockenware
14.10.2025 00:00:00,51,4009309555613,MAR,Estragon geschnitten,01.04.2027,2,FALSE,330,#REF!,Estragon geschnitten,📦 Trockenware
14.10.2025 00:00:00,52,8714685903625,FRT,Falafel,01.08.2026,2,FALSE,87,#REF!,Falafel,📦 Trockenware
14.10.2025 00:00:00,53,8714685903625,FRT,Falafel,13.01.2027,6,FALSE,252,#REF!,Falafel,📦 Trockenware
14.10.2025 00:00:00,54,4018462160381,BYO,Feines Premium Bio Meersalz,08.04.2027,2,FALSE,337,#REF!,Feines Premium Bio Meersalz,📦 Trockenware
14.10.2025 00:00:00,55,9004145003224,8PB,"Fenchel, ganz",31.03.2028,3,FALSE,695,#REF!,"Fenchel, ganz",📦 Trockenware
14.10.2025 00:00:00,56,4031829230701,™KL,Frankfurter Würstchen im Glas,03.02.2027,3,FALSE,273,#REF!,Frankfurter Würstchen im Glas,📦 Trockenware
14.10.2025 00:00:00,57,9004145003446,STN,Galgant,31.03.2028,4,FALSE,695,#REF!,Galgant,📦 Trockenware
14.10.2025 00:00:00,58,4260752752879,SPC,Ganze Muskat Nüsse,06.06.2027,5,FALSE,396,#REF!,Ganze Muskat Nüsse,📦 Trockenware
14.10.2025 00:00:00,59,4031829230800,™KL,Geflügelwürstchen im Glas,27.09.2026,4,FALSE,144,#REF!,Geflügelwürstchen im Glas,📦 Trockenware
14.10.2025 00:00:00,60,4260261493683,WOH,Getrocknete Pilze Wald und Wiesenmix,30.09.2026,4,FALSE,147,#REF!,Getrocknete Pilze Wald und Wiesenmix,📦 Trockenware
14.10.2025 00:00:00,61,4009309114384,MAR,Gewürzgurken,31.12.2028,4,FALSE,970,#REF!,Gewürzgurken,📦 Trockenware
14.10.2025 00:00:00,62,4009309114384,MAR,Gewürzgurken 350 g,31.12.2028,8,FALSE,970,#REF!,Gewürzgurken 350 g,📦 Trockenware
14.10.2025 00:00:00,64,9004145077379,STN,Gewürzmischung alles im grünen,30.09.2026,2,FALSE,147,#REF!,Gewürzmischung alles im grünen,📦 Trockenware
14.10.2025 00:00:00,67,9004145077379,STN,Gewürzmischung Salat Gewürz,01.11.2027,2,FALSE,544,#REF!,Gewürzmischung Salat Gewürz,📦 Trockenware
14.10.2025 00:00:00,68,9004145077379,STN,Gewürzmischung Salat Gewürz,01.06.2028,6,FALSE,757,#REF!,Gewürzmischung Salat Gewürz,📦 Trockenware
14.10.2025 00:00:00,69,9004145013131,STN,Gewürzmischung Thaiküche,01.11.2026,4,FALSE,179,#REF!,Gewürzmischung Thaiküche,📦 Trockenware
14.10.2025 00:00:00,70,4020943132459,ARC,Glasnudeln,26.03.2028,4,FALSE,690,#REF!,Glasnudeln,📦 Trockenware
14.10.2025 00:00:00,72,4022381113069,SPI,Goldhirse,30.07.2026,5,FALSE,85,#REF!,Goldhirse,📦 Trockenware
14.10.2025 00:00:00,73,8713576008869,TER,Gomasio,30.12.2026,6,FALSE,238,#REF!,Gomasio,📦 Trockenware
14.10.2025 00:00:00,75,4022346309216,HEU,Harissa Gewürz,14.06.2026,3,FALSE,39,#REF!,Harissa Gewürz,📦 Trockenware
14.10.2025 00:00:00,76,4000430009488,WER,Hirse Spirelli,22.11.2027,2,FALSE,565,#REF!,Hirse Spirelli,📦 Trockenware
14.10.2025 00:00:00,77,4000430009488,WER,Hirse Spirelli,03.07.2028,12,FALSE,789,#REF!,Hirse Spirelli,📦 Trockenware
14.10.2025 00:00:00,78,9004145008632,STN,Holy Veggie,30.09.2027,3,FALSE,512,#REF!,Holy Veggie,📦 Trockenware
14.10.2025 00:00:00,79,9004145008953,STN,Kardamom ganz,31.03.2028,9,FALSE,695,#REF!,Kardamom ganz,📦 Trockenware
14.10.2025 00:00:00,80,9004145008779,STN,Kardamom gemahlen,06.09.2026,4,FALSE,123,#REF!,Kardamom gemahlen,📦 Trockenware
14.10.2025 00:00:00,81,4016249150341,ALO,Karem Masala,04.10.2026,2,FALSE,151,#REF!,Karem Masala,📦 Trockenware
14.10.2025 00:00:00,83,4022381019088,BUM,Kartoffelknödel,01.02.2027,10,FALSE,271,#REF!,Kartoffelknödel,📦 Trockenware
14.10.2025 00:00:00,84,4022381019040,BUM,Kartoffelpüree,01.02.2027,2,FALSE,271,#REF!,Kartoffelpüree,📦 Trockenware
14.10.2025 00:00:00,85,4022381019040,BUM,Kartoffelpüree,01.05.2027,10,FALSE,360,#REF!,Kartoffelpüree,📦 Trockenware
14.10.2025 00:00:00,86,4009309553213,MAR,Kichererbsen im Glas,31.12.2028,9,FALSE,970,#REF!,Kichererbsen im Glas,📦 Trockenware
14.10.2025 00:00:00,87,4009309551264,MAR,Kidneybohnen,31.12.2028,8,FALSE,970,#REF!,Kidneybohnen,📦 Trockenware
14.10.2025 00:00:00,88,9004145012684,STN,Kimchi Gewürz,30.09.2027,5,FALSE,512,#REF!,Kimchi Gewürz,📦 Trockenware
14.10.2025 00:00:00,89,4019736017257,ZWE,Knoblauch fein gratuliert,01.07.2027,4,FALSE,421,#REF!,Knoblauch fein gratuliert,📦 Trockenware
14.10.2025 00:00:00,90,5202423124171,MAN,Knoblauch gratuliert,30.09.2027,5,FALSE,512,#REF!,Knoblauch gratuliert,📦 Trockenware
14.10.2025 00:00:00,92,4035626111263,HAU,Kokosmilch 200 ml,05.04.2027,10,FALSE,334,#REF!,Kokosmilch 200 ml,📦 Trockenware
14.10.2025 00:00:00,93,4009309763209,MAR,Kokosmilch 400 ml,02.09.2027,2,FALSE,484,#REF!,Kokosmilch 400 ml,📦 Trockenware
14.10.2025 00:00:00,94,4305615896113,HAU,Kokosöl 200 ml,25.05.2027,8,FALSE,384,#REF!,Kokosöl 200 ml,📦 Trockenware
14.10.2025 00:00:00,95,23094963,CHI,Kokosöl 500 ml,25.05.2027,3,FALSE,384,#REF!,Kokosöl 500 ml,📦 Trockenware
14.10.2025 00:00:00,96,4035626111027,WBI,Kokosraspel,07.07.2026,4,FALSE,62,#REF!,Kokosraspel,📦 Trockenware
14.10.2025 00:00:00,97,9004145003644,STN,Koriander gemahlen,30.09.2027,4,FALSE,512,#REF!,Koriander gemahlen,📦 Trockenware
14.10.2025 00:00:00,98,4012346156200,LEB,Koriandergans,31.03.2028,8,FALSE,695,#REF!,Koriandergans,📦 Trockenware
14.10.2025 00:00:00,99,4006182005129,SOM,Kräuter à la Provence,31.03.2028,3,FALSE,695,#REF!,Kräuter à la Provence,📦 Trockenware
14.10.2025 00:00:00,100,9004998002597,LAG,Kräuter All’Italiana,31.03.2028,6,FALSE,695,#REF!,Kräuter All’Italiana,📦 Trockenware
14.10.2025 00:00:00,101,4012346127187,BAS,Kreuzkümmel,30.09.2027,2,FALSE,512,#REF!,Kreuzkümmel,📦 Trockenware
14.10.2025 00:00:00,102,4012346127187,BAS,Kreuzkümmel,31.03.2028,6,FALSE,695,#REF!,Kreuzkümmel,📦 Trockenware
14.10.2025 00:00:00,103,4012346127187,LEB,Kreuzkümmel gemahlen,30.09.2028,4,FALSE,878,#REF!,Kreuzkümmel gemahlen,📦 Trockenware
14.10.2025 00:00:00,104,4005967533093,ROS,Kümmel,31.03.2028,4,FALSE,695,#REF!,Kümmel,📦 Trockenware
14.10.2025 00:00:00,105,4012346127187,LEB,Kümmel gemahlen,01.05.2027,2,FALSE,360,#REF!,Kümmel gemahlen,📦 Trockenware
14.10.2025 00:00:00,106,4012346121482,LEB,Kurkuma gemahlen,30.09.2027,1,FALSE,512,#REF!,Kurkuma gemahlen,📦 Trockenware
14.10.2025 00:00:00,107,4012346121482,LEB,Kurkuma gemahlen,31.03.2028,3,FALSE,695,#REF!,Kurkuma gemahlen,📦 Trockenware
14.10.2025 00:00:00,108,4022381219204,SPI,Lasagneblätter Hartweizen,17.01.2028,9,FALSE,621,#REF!,Lasagneblätter Hartweizen,📦 Trockenware
14.10.2025 00:00:00,109,4022381219204,SPI,Lasagneblätter Hartweizen,14.04.2028,10,FALSE,709,#REF!,Lasagneblätter Hartweizen,📦 Trockenware
14.10.2025 00:00:00,110,9004145003774,STN,Laune gut alles gut,31.03.2028,4,FALSE,695,#REF!,Laune gut alles gut,📦 Trockenware
14.10.2025 00:00:00,111,,,Liebstöckel,30.09.2027,7,FALSE,512,#REF!,Liebstöckel,📦 Trockenware
14.10.2025 00:00:00,112,4019339646113,DAV,Linsen im Glas,31.12.2028,3,FALSE,970,#REF!,Linsen im Glas,📦 Trockenware
14.10.2025 00:00:00,113,9004145003354,STN,Lorbeerblätter,31.03.2028,3,FALSE,695,#REF!,Lorbeerblätter,📦 Trockenware
14.10.2025 00:00:00,114,22004512,SDS,Maisgrieß für Polenta,30.07.2026,1,FALSE,85,#REF!,Maisgrieß für Polenta,📦 Trockenware
14.10.2025 00:00:00,115,22004512,SDS,Maisgrieß für Polenta,24.08.2026,4,FALSE,110,#REF!,Maisgrieß für Polenta,📦 Trockenware
14.10.2025 00:00:00,116,4260752752862,SPC,Majoran,30.09.2028,6,FALSE,878,#REF!,Majoran,📦 Trockenware
14.10.2025 00:00:00,117,8718754500470,YAK,Mie Nudeln,02.04.2027,1,FALSE,331,#REF!,Mie Nudeln,📦 Trockenware
14.10.2025 00:00:00,118,4009309471470,KLD,Mungo Bohnen Sprossen,24.10.2026,6,FALSE,171,#REF!,Mungo Bohnen Sprossen,📦 Trockenware
14.10.2025 00:00:00,119,9004145003286,STN,Nelken,31.03.2028,4,FALSE,695,#REF!,Nelken,📦 Trockenware
14.10.2025 00:00:00,120,22000187,WBI,Oregano,30.09.2028,3,FALSE,878,#REF!,Oregano,📦 Trockenware
14.10.2025 00:00:00,121,4012346181103,LEB,Paprika scharf gemahlen,30.09.2028,6,FALSE,878,#REF!,Paprika scharf gemahlen,📦 Trockenware
14.10.2025 00:00:00,122,4019339220047,BVO,Parboiled Langkornreis,21.06.2026,1,FALSE,46,#REF!,Parboiled Langkornreis,📦 Trockenware
14.10.2025 00:00:00,123,4019339220047,BVO,Parboiled Langkornreis,03.10.2026,2,FALSE,150,#REF!,Parboiled Langkornreis,📦 Trockenware
14.10.2025 00:00:00,124,4019339220047,BVO,Parboiled Langkornreis,29.11.2026,4,FALSE,207,#REF!,Parboiled Langkornreis,📦 Trockenware
14.10.2025 00:00:00,125,4019339220047,BVO,"Parboiled Langkornreis 1,0kg",06.09.2026,3,FALSE,123,#REF!,"Parboiled Langkornreis 1,0kg",📦 Trockenware
14.10.2025 00:00:00,126,9004145003149,STN,Petersilie geschnitten,31.03.2027,2,FALSE,329,#REF!,Petersilie geschnitten,📦 Trockenware
14.10.2025 00:00:00,127,9004145003149,STN,Petersilie geschnitten,30.09.2027,3,FALSE,512,#REF!,Petersilie geschnitten,📦 Trockenware
14.10.2025 00:00:00,128,4012346119687,LEB,Pfeffer schwarz,30.09.2028,4,FALSE,878,#REF!,Pfeffer schwarz,📦 Trockenware
14.10.2025 00:00:00,129,4012346119885,LEB,Pfeffer schwarz gemahlen,31.03.2028,5,FALSE,695,#REF!,Pfeffer schwarz gemahlen,📦 Trockenware
14.10.2025 00:00:00,130,9004145003422,STN,Pfeffer weiß,31.03.2027,1,FALSE,329,#REF!,Pfeffer weiß,📦 Trockenware
14.10.2025 00:00:00,131,9004145003422,STN,Pfeffer weiß,30.09.2027,6,FALSE,512,#REF!,Pfeffer weiß,📦 Trockenware
14.10.2025 00:00:00,132,4012346120386,LEB,Pfeffer Weiß gemahlen,01.09.2027,4,FALSE,483,#REF!,Pfeffer Weiß gemahlen,📦 Trockenware
14.10.2025 00:00:00,133,9004145008786,VNI,Pfefferbund,31.03.2028,5,FALSE,695,#REF!,Pfeffer bunt,📦 Trockenware
14.10.2025 00:00:00,134,9004145008786,VNI,Pfefferbund,30.09.2028,5,FALSE,878,#REF!,Pfeffer bunt,📦 Trockenware
14.10.2025 00:00:00,136,4260261492044,WOH,Pfifferlinge getrocknet,30.07.2026,6,FALSE,85,#REF!,Pfifferlinge getrocknet,📦 Trockenware
14.10.2025 00:00:00,137,4012346160108,LEB,Pommes Gewürz Al ze,01.08.2027,2,FALSE,452,#REF!,Pommes Gewürz Al ze,📦 Trockenware
14.10.2025 00:00:00,138,4038507011928,GOV,Protein Chunks,01.02.2027,7,FALSE,271,#REF!,Protein Chunks,📦 Trockenware
14.10.2025 00:00:00,139,9004145073012,STN,Rapunzel Blüten Salz,15.06.2026,3,FALSE,40,#REF!,Rapunzel Blüten Salz,📦 Trockenware
14.10.2025 00:00:00,140,4035626002677,WBI,Rapunzel penne,22.10.2027,2,FALSE,534,#REF!,Rapunzel penne,📦 Trockenware
14.10.2025 00:00:00,141,4035626002677,WBI,Rapunzel Penne,12.05.2028,6,FALSE,737,#REF!,Rapunzel Penne,📦 Trockenware
14.10.2025 00:00:00,142,8718754504089,YAK,Reis Papier,01.12.2027,15,FALSE,574,#REF!,Reis Papier,📦 Trockenware
14.10.2025 00:00:00,143,4022381508209,SPI,Reismischung mit Wildreis,24.08.2026,3,FALSE,110,#REF!,Reismischung mit Wildreis,📦 Trockenware
14.10.2025 00:00:00,144,5202423123211,MAN,Rosa Pfeffer,01.02.2028,5,FALSE,636,#REF!,Rosa Pfeffer,📦 Trockenware
14.10.2025 00:00:00,145,4250206103111,CHI,Rosmarin geschnitten,30.09.2027,4,FALSE,512,#REF!,Rosmarin geschnitten,📦 Trockenware
14.10.2025 00:00:00,147,4260650731044,CPO,Rote Beete,31.12.2026,9,FALSE,239,#REF!,Rote Beete,📦 Trockenware
14.10.2025 00:00:00,148,4009309522318,8PB,Rotkohl im Glas groß,31.12.2027,7,FALSE,604,#REF!,Rotkohl im Glas groß,📦 Trockenware
14.10.2025 00:00:00,149,4000433031844,FUN,Rotkohl im Glas klein,31.12.2027,4,FALSE,604,#REF!,Rotkohl im Glas klein,📦 Trockenware
14.10.2025 00:00:00,151,4022381503204,SPI,Rund Korn Reis 500 g,03.10.2026,4,FALSE,150,#REF!,Rund Korn Reis 500 g,📦 Trockenware
14.10.2025 00:00:00,152,4022381004893,SPI,Rund Kornreis 1 kg,25.06.2026,4,FALSE,50,#REF!,Rund Kornreis 1 kg,📦 Trockenware
14.10.2025 00:00:00,153,,,Russell Hannod,31.03.2028,4,FALSE,695,#REF!,Russell Hannod,📦 Trockenware
14.10.2025 00:00:00,154,4012346160900,LEB,Safranfäden,31.03.2027,6,FALSE,329,#REF!,Safranfäden,📦 Trockenware
14.10.2025 00:00:00,155,4012346161105,LEB,Salatdressing Garten Kräuter,01.06.2027,5,FALSE,391,#REF!,Salatdressing Garten Kräuter,📦 Trockenware
14.10.2025 00:00:00,156,4009309622643,MAR,Salatdressing Gurkensalat,01.09.2027,6,FALSE,483,#REF!,Salatdressing Gurkensalat,📦 Trockenware
14.10.2025 00:00:00,157,4012346161204,LEB,Salatdressing italienische Kräuter,01.06.2027,5,FALSE,391,#REF!,Salatdressing italienische Kräuter,📦 Trockenware
14.10.2025 00:00:00,159,4009309024300,MAR,Sauerkraut im Glas,31.12.2028,4,FALSE,970,#REF!,Sauerkraut im Glas,📦 Trockenware
14.10.2025 00:00:00,160,4000433031844,FUN,Sauerkraut im Glas klein,31.12.2028,6,FALSE,970,#REF!,Sauerkraut im Glas klein,📦 Trockenware
14.10.2025 00:00:00,162,4009309555613,MAR,"Schabzigerklee, geschnitten",01.04.2027,6,FALSE,330,#REF!,"Schabzigerklee, geschnitten",📦 Trockenware
14.10.2025 00:00:00,163,9004145003781,STN,Scharfmacher,31.03.2028,5,FALSE,695,#REF!,Scharfmacher,📦 Trockenware
14.10.2025 00:00:00,164,4005561536018,BOL,Schwarzkümmel,30.09.2027,5,FALSE,512,#REF!,Schwarzkümmel,📦 Trockenware
14.10.2025 00:00:00,165,4016249270988,ALO,Senfkörner gelb,31.03.2028,1,FALSE,695,#REF!,Senfkörner gelb,📦 Trockenware
14.10.2025 00:00:00,166,4019736017981,ZWE,Senfkörner schwarz,30.09.2026,4,FALSE,147,#REF!,Senfkörner schwarz,📦 Trockenware
14.10.2025 00:00:00,167,4260360272516,NPU,Silberzwiebeln,31.12.2026,8,FALSE,239,#REF!,Silberzwiebeln,📦 Trockenware
14.10.2025 00:00:00,168,4016249150365,ALO,Smokie Paprika,30.09.2028,4,FALSE,878,#REF!,Smokie Paprika,📦 Trockenware
14.10.2025 00:00:00,169,,,Sojaschnitzel,10.08.2026,3,FALSE,96,#REF!,Sojaschnitzel,📦 Trockenware
14.10.2025 00:00:00,170,9004145003989,STN,Sternanis,30.09.2027,1,FALSE,512,#REF!,Sternanis,📦 Trockenware
14.10.2025 00:00:00,171,4018462253205,BYO,Sumach Früchte geschrottet,11.04.2027,5,FALSE,340,#REF!,Sumach Früchte geschrottet,📦 Trockenware
14.10.2025 00:00:00,172,4260651251015,SFF,Sunflower Hug,30.09.2026,3,FALSE,147,#REF!,Sunflower Hug,📦 Trockenware
14.10.2025 00:00:00,173,4018462143100,BYO,Tagliatelle grün,11.12.2026,5,FALSE,219,#REF!,Tagliatelle grün,📦 Trockenware
14.10.2025 00:00:00,175,4009309555613,MAR,Thymian geschnitten,31.03.2028,7,FALSE,695,#REF!,Thymian geschnitten,📦 Trockenware
14.10.2025 00:00:00,176,4012346112404,LEB,Tomaten Gewürz Salz,01.04.2028,5,FALSE,696,#REF!,Tomaten Gewürz Salz,📦 Trockenware
14.10.2025 00:00:00,178,42431749,AGA,Tonka Bohnen,30.09.2026,6,FALSE,147,#REF!,Tonka Bohnen,📦 Trockenware
14.10.2025 00:00:00,180,4019339192139,DAV,Tricolore Spirelli,28.06.2028,13,FALSE,784,Rapunzel,Tricolore Spirelli,📦 Trockenware
14.10.2025 00:00:00,181,4260651481122,JTT,Udon Nudeln,18.11.2026,6,FALSE,196,Rapunzel,Udon Nudeln,📦 Trockenware
14.10.2025 00:00:00,182,4024297330202,NAT,Vanillepulver,31.03.2027,5,FALSE,329,Rapunzel,Vanillepulver,📦 Trockenware
14.10.2025 00:00:00,184,4035626102711,WBI,Volante,15.01.2027,1,FALSE,254,Rapunzel,Volante,📦 Trockenware
14.10.2025 00:00:00,185,4035626102711,WBI,Volante,06.11.2027,8,FALSE,549,Rapunzel,Volante,📦 Trockenware
14.10.2025 00:00:00,186,4006182007352,SOM,Vollkorn Lasagneblätter,30.01.2028,9,FALSE,634,Rapunzel,Vollkorn Lasagneblätter,📦 Trockenware
14.10.2025 00:00:00,187,4006182007352,SOM,Vollkorn Lasagneblätter,29.04.2028,14,FALSE,724,Rapunzel,Vollkorn Lasagneblätter,📦 Trockenware
14.10.2025 00:00:00,188,4035626113496,WBI,Vollkorn Penne,16.07.2026,7,FALSE,71,Rapunzel,Vollkorn Penne,📦 Trockenware
14.10.2025 00:00:00,189,4015141015062,D™R,Wachholderbeeren,31.03.2028,4,FALSE,695,Rapunzel,Wachholderbeeren,📦 Trockenware
14.10.2025 00:00:00,191,9004145012790,STN,Wild Kräutersalz,31.03.2028,3,FALSE,695,Rapunzel,Wild Kräutersalz,📦 Trockenware
14.10.2025 00:00:00,192,4012346154206,LEB,Zimt gemahlen,31.03.2028,4,FALSE,695,Rapunzel,Zimt gemahlen,📦 Trockenware
14.10.2025 00:00:00,193,4028112077518,SDL,Zimtgans,31.03.2028,1,FALSE,695,Rapunzel,Zimtgans,📦 Trockenware
14.10.2025 00:00:00,194,4009309654477,MAR,Zucker Mais,31.12.2028,9,FALSE,970,Rapunzel,Zucker Mais,📦 Trockenware
14.10.2025 00:00:00,195,4009309654477,MAR,Zucker Mais klein,31.12.2028,6,FALSE,970,Rapunzel,Zucker Mais klein,📦 Trockenware
14.10.2025 00:00:00,196,4016249016395,ALO,Zwergenwiese Gemüse Curry,11.04.2027,5,FALSE,340,Rapunzel,Zwergenwiese Gemüse Curry,📦 Trockenware
14.10.2025 00:00:00,197,4016249600525,ALO,Zwiebeln getrocknet,30.09.2026,3,FALSE,147,Rapunzel,Zwiebeln getrocknet,📦 Trockenware
15.05.2026 08:22:27,b25340a7,4035626114622,,"b*Milch Demeter 1,5% Flasche",22.05.2026,4,,,,,🥛MoPro
15.05.2026 08:24:53,164cc9b2,4035626114608,,"b*Vollmilch Demeter 3,8% Flasche",22.05.2026,1,,,,,🥛MoPro
15.05.2026 08:26:17,352135b5,4017194462220,,"Joghurt Natur mild 3,5%",23.06.2026,6,,,,,🥛MoPro
15.05.2026 08:27:17,d6a6d7a3,4035626114509,,"b*Joghurt mild 1,8% Demeter Glas",16.06.2026,6,,,,,🥛MoPro
15.05.2026 08:27:52,76360bc2,4008471492894,,"Kefir mild 1,5%",11.06.2026,6,,,,,🥛MoPro
15.05.2026 08:28:22,4d4bd5fd,4035626111645,,"b*Joghurt mild 3,5% Demeter Glas",11.06.2026,6,,,,,🥛MoPro
15.05.2026 08:28:59,f19d39bf,4035626002035,,b*Skyr Natur,18.06.2026,6,,,,,🥛MoPro
15.05.2026 08:29:47,4b48dc63,4035626100274,,"b*Vollmilch 3,7% Karton",25.05.2026,3,,,,,🥛MoPro
15.05.2026 08:51:15,6e4a5ab4,4104060025969,,"Lassi Himbeere 3,5%",04.06.2026,6,,,,,🥛MoPro
15.05.2026 08:51:44,fa9b619d,4028332323013,,Kreta Frische Creme,18.06.2026,6,,,,,🥛MoPro
15.05.2026 08:52:31,9f7f5918,4035626003018,,b*Speisequark/Topfen halbfett 20%,25.06.2026,6,,,,,🥛MoPro
15.05.2026 08:52:55,069e9b43,4035626113274,,b*Schlagsahne 30% - im Becher,08.06.2026,10,,,,,🥛MoPro
15.05.2026 08:59:40,ed2d3c58,4260067150599,,Griechischer Ziegen Weichkse mariniert,27.06.2026,3,,,,,🥛MoPro
15.05.2026 09:00:19,abacac1f,4260067150193,,"Original griechischer Feta, mariniert",27.06.2026,1,,,,,🥛MoPro
15.05.2026 09:01:09,c3d42722,4260067150193,,"Original griechischer Feta, mariniert",05.07.2026,2,,,,,🥛MoPro
15.05.2026 09:02:58,15c88445,4012359113405,,Black Forest Tofu,21.08.2026,8,,,,,🥛MoPro
15.05.2026 09:04:00,64d55b5d,4260669270022,,Love craft Kraut - Kurkuma & Curry,27.12.2026,6,,,,,🥛MoPro
15.05.2026 09:04:41,b4b076c0,4260423370203,,Kurt das Schaf Frischkäse Kräuter/Knoblauch,21.06.2026,4,,,,,🥛MoPro
15.05.2026 09:05:15,18a594b7,4260423370265,,Fanti das Schaf Fetacreme mit Paprika,21.06.2026,4,,,,,🥛MoPro
15.05.2026 09:10:43,abafc6ae,8008161501772,,Ital. Prosciutto Arrosto alle erbe,11.06.2026,5,,,,,❄️Kühlware
15.05.2026 09:11:25,0e626c3b,8008161501796,,Ital. Mortadella,07.06.2026,5,,,,,❄️Kühlware
15.05.2026 09:29:29,594cf8f5,8058056170910,,La Rusticana - Pinsa Teig (2x250g),21.06.2026,8,,,,,❄️Kühlware
15.05.2026 09:34:16,c4c76e6e,4035661162336,,b*Frischkäse Natur,03.07.2026,6,,,,,🥛MoPro
15.05.2026 09:34:48,00dd85bc,4035661163395,,b*Frischkäse Kräuter,02.07.2026,6,,,,,🥛MoPro
15.05.2026 09:36:09,e093b94f,4032277012475,,Wheaty Superhero Burger 2.0,06.10.2026,5,,,,,🥛MoPro
15.05.2026 09:36:50,6509ef93,4008471514558,,Reibekäse Quattro formaggi,10.07.2026,10,,,,,🥛MoPro
15.05.2026 09:47:13,125d5ce4,4035626111607,,b*griechischer Feta g.U.,30.09.2026,6,,,,,🥛MoPro
15.05.2026 09:47:44,1492a62e,4008471492115,,"Joghurt Mango-Vanille 3,8%",20.06.2026,6,,,,,🥛MoPro
15.05.2026 09:48:34,bc90c768,4008471507024,,Schoko Pudding,07.06.2026,6,,,,,🥛MoPro
15.05.2026 09:49:04,cab62b14,4008471507505,,Milchreis Natur,15.06.2026,6,,,,,🥛MoPro
15.05.2026 09:49:34,b6421662,4035626001373,,b*Schmand 24% - im Becher,21.06.2026,10,,,,,🥛MoPro
15.05.2026 09:50:42,600a8e66,4035626001397,,b*Creme fraiche 30% - im Becher,22.05.2026,7,,,,,🥛MoPro
15.05.2026 09:51:53,56163bcb,8714685907531,,Hummus,13.07.2026,6,,,,,❄️Kühlware
15.05.2026 10:17:57,a6ea80b5,4031829256107,,Rahmspinat,10.09.2027,6,,,,,🧊 TK
15.05.2026 10:18:55,d3af6935,4250073451377,,"Fischstäbchen, paniert",20.07.2027,10,,,,,🧊 TK
15.05.2026 10:21:53,fa1a0de8,4026584103353,,Sauerkirschen,12.01.2028,6,,,,,🧊 TK
15.05.2026 14:54:16,81643a4f,4035626101219,,b*Wildblütenhonig cremig,08.12.2027,6,,,,,📦 Trockenware
15.05.2026 14:56:17,47d1affe,4031829230800,,Geflügelwürstchen im Glas,17.10.2027,6,,,,,📦 Trockenware
15.05.2026 14:59:29,98886bb1,4005496224004,,Tortellini Käse,11.02.2027,10,,,,,📦 Trockenware
15.05.2026 15:01:23,069acf6d,4260515260085,,Vegane Art Leberwurst mit feinen Zutaten,29.10.2027,6,,,,,📦 Trockenware
15.05.2026 15:02:54,3cff362c,4260515260023,,Vegane Art Teewurst mit feinen Zutaten,27.03.2028,6,,,,,📦 Trockenware
15.05.2026 15:07:11,e3c6e50b,4044889005325,,Vollmilch Kuvertüre,01.03.2027,12,,,,,📦 Trockenware
15.05.2026 15:10:16,2e5d6a11,4013320185803,,Weiáe Schokolade Caf‚ Blanc,01.03.2027,10,,,,,📦 Trockenware
15.05.2026 15:11:37,6320c3c9,4035626001892,,b*Dinkelmehl 630,27.04.2027,8,,,,,📦 Trockenware
15.05.2026 15:13:54,6e38920e,4035626110617,,b*Feigen,16.03.2027,10,,,,,📦 Trockenware
15.05.2026 15:15:36,ee2b055e,4035626000437,,b*Basmati Reis,01.12.2027,6,,,,,📦 Trockenware
15.05.2026 15:17:23,6f25209b,4038507011768,,Vegane Pralin‚s Mokka Nougat,28.02.2027,10,,,,,📦 Trockenware
15.05.2026 15:18:39,4b471918,4019736000679,,Bolognese vegetarisch,10.03.2029,6,,,,,📦 Trockenware
15.05.2026 15:21:00,01622b64,4250073451223,,Thunfisch in Sonnenblumen”l MSC,02.09.2030,8,,,,,📦 Trockenware
15.05.2026 15:56:39,0e8fcbc0,8053323641179,,Pesto al limone,02.07.2028,6,,,,,📦 Trockenware
15.05.2026 15:58:28,36a7907d,4260221611614,,Franz”sische Vinaigrette,30.03.2027,6,,,,,📦 Trockenware
15.05.2026 16:32:32,d490a1fe,4035626110754,,b*Datteln entsteint,13.04.2027,10,,,,,📦 Trockenware
15.05.2026 16:34:26,b2cf5093,4019736017271,,Erdbeere Fein,14.05.2027,6,,,,,📦 Trockenware
15.05.2026 16:37:16,89d793a1,4026968015203,,Sardinen mit Gräten in Oliven”l MSC,30.6.2030,10,,,,,📦 Trockenware
15.05.2026 16:41:42,4ecf2e9d,4035626102711,,b*Volanti,03.03.2029,12,,,,,📦 Trockenware
15.05.2026 16:44:47,cf75592a,4260360271502,,Kichererbsen,30.12.2029,6,,,,,📦 Trockenware
15.05.2026 16:46:53,b277c0c2,4035626001830,,b*Weizenmehl 550,24.04.2027,8,,,,,📦 Trockenware
15.05.2026 16:49:27,e2f0f03d,4019736014607,,Streichïs drauf Currika,17.09.2027,6,,,,,📦 Trockenware
15.05.2026 16:56:05,7d8748d7,4038375025928,,Mandeldrink Natural ungesüát,19.03.2027,8,,,,,📦 Trockenware
15.05.2026 16:57:57,bb14170e,4019736014683,,Streichïs drauf Papayango,27.02.2028,6,,,,,📦 Trockenware
18.05.2026 08:53:42,4abec60a,4260712620019,,Natur Joghurt Bioland Schauhof,06.06.2026,12,,,,,🥛MoPro
19.05.2026 11:06:22,74985f69,4030917063801,,Brotaufstrich Fenchel Toskana,30.01.2028,1,,,,,📦 Trockenware
19.05.2026 11:09:52,062b7437,4016512950425,,Rinderbouillon hf,30.07.2027,1,,,,,📦 Trockenware
19.05.2026 11:11:53,7df1cc6d,4005394104606,,Vanille Pudding,30.09.2028,1,,,,,📦 Trockenware
19.05.2026 11:13:49,0be78de1,4005394200902,,Vanille Pudding,30.09.2028,10,,,,,📦 Trockenware
19.05.2026 11:16:47,24a7bcb8,4012346174303,,Ofenkartoffeln PB,30.10.2027,10,,,,,📦 Trockenware
19.05.2026 11:17:52,b1ee904e,8053323641155,,Pesto mit Trüffel,13.06.2028,6,,,,,📦 Trockenware
19.05.2026 11:19:59,c62412c1,8711823193504,,Double Choc Cookies,20.10.2026,10,,,,,📦 Trockenware
19.05.2026 11:24:02,93f496aa,4044889001082,,Pralin‚ Nougat,30.01.2027,10,,,,,📦 Trockenware
19.05.2026 11:25:28,493080,4044889001082,,Pralin‚ Nougat,30.01.2027,10,,,,,📦 Trockenware
19.05.2026 11:26:54,db325241,4012346204505,,Zeit für Gemütlichkeit TB,30.01.2028,5,,,,,📦 Trockenware
19.05.2026 11:28:22,9378b296,4012346205700,,Zeit zum Krafttanken TB,30.01.2027,5,,,,,📦 Trockenware
19.05.2026 11:35:16,af0b2264,4009176314245,,American Schoko Cookies,30.12.2026,10,,,,,📦 Trockenware
19.05.2026 11:38:04,3acb7dc6,4260360271991,,Gewürzgurken süá sauer,31.12.2029,6,,,,,📦 Trockenware
19.05.2026 11:40:18,bce6abf9,4260100870019,,Ziegen Frischkäse Natur 100g,5.6.2026,6,,,,,🥛MoPro
19.05.2026 11:41:01,7d790925,4260100870033,,Unbekannt,06.06.2026,6,,,,,🥛MoPro
19.05.2026 11:42:14,8c406e38,3296651110671,,"Brillat Savarin IGP Affin‚, 5x100g",9.6.2026,6,,,,,🥛MoPro
19.05.2026 11:47:14,75b29f3e,9007833008440,,Schafquark Natur,11.07.2026,6,,,,,🥛MoPro
19.05.2026 11:47:51,8b00c64a,4008471491057,,Sahnekefir auf Pflaume-Walnuss - Weidemilch,08.06.2026,6,,,,,🥛MoPro
19.05.2026 11:48:26,49e2d872,4008471491002,,Sahnekefir auf Himbeere - Weidemilch,15.06.2026,6,,,,,🥛MoPro
19.05.2026 11:48:55,1372affa,4008471507031,,Vanille-Pudding,07.06.2026,3,,,,,🥛MoPro
19.05.2026 11:49:54,78b44a59,4028332320111,,Weiáenhorner Kräutercreme,20.07.2026,6,,,,,🥛MoPro
19.05.2026 11:51:39,badb19e2,4000915104592,,Aioli Classico,22.9.2026,6,,,,,🥛MoPro
19.05.2026 11:52:10,f22c0b52,4260067150193,,"Original griechischer Feta, mariniert",05.07.2026,3,,,,,🥛MoPro
19.05.2026 11:52:57,3f888727,4051147009810,,Griebenschmalz im Glas,25.7.2027,1,,,,,🥛MoPro
19.05.2026 11:54:10,8c42a2ed,4051147009803,,Schmalz im Glas,24.07.2027,1,,,,,🥛MoPro
19.05.2026 11:55:45,e866bbd0,4260028360425,,Hefepaste Bioreal,14.06.2026,12,,,,,🥛MoPro
19.05.2026 11:56:27,833672ea,4035661162527,,b*Brat”l Olive,23.05.2027,6,,,,,🥛MoPro
19.05.2026 11:57:15,1b7e16db,4035626113410,,b*Vollkorn Spaghetti,10.05.2027,12,,,,,🥛MoPro
19.05.2026 11:58:00,c9cb095c,4035626103510,,b*Beeren Müsli,23.2.2027,6,,,,,🥛MoPro
19.05.2026 11:59:09,c639c437,4035626103602,,b*Bircher Müsli,9.3.2027,6,,,,,🥛MoPro
19.05.2026 12:09:42,4d467113,4012359111104,,Räuchertofu klassik,04.08.2026,8,,,,,🥛MoPro
19.05.2026 12:10:13,d07997a2,4035626002974,,"b*Speisequark/Topfen Magerstufe 0,1%",20.06.2026,6,,,,,🥛MoPro
19.05.2026 12:11:33,6f7af70d,4035626100274,,"b*Vollmilch 3,7% Karton",29.05.2026,10,,,,,🥛MoPro
19.05.2026 12:12:12,c7c565bf,4035626113274,,b*Schlagsahne 30% - im Becher,15.06.2026,10,,,,,🥛MoPro
19.05.2026 12:12:42,81d2ea0d,4035626000949,,"b*Schlagsahne 0,5 l Flasche",03.06.2026,6,,,,,🥛MoPro
19.05.2026 12:13:12,2cda549a,4035626103824,,b*Hafer Jogh.altern. Natur VEGANI,15.10.2026,6,,,,,🥛MoPro
19.05.2026 12:15:32,04ec4037,4035626114608,,"b*Vollmilch Demeter 3,8% Flasche",27.05.2026,6,,,,,🥛MoPro
19.05.2026 12:18:34,253a679c,4008471507031,,Vanille-Pudding,07.06.2026,6,,,,,🥛MoPro
19.05.2026 12:19:51,01b15aa1,4002824150943,,Landkrone Bio Veganer Block,17.08.2026,12,,,,,🥛MoPro
19.05.2026 12:20:22,ef280971,4035626001205,,"b*Joghurt Stracciatella 3,5%",18.06.2026,6,,,,,🥛MoPro
19.05.2026 12:25:22,d3a6ea0d,4260423370586,,Freches Frollein Ziege Sweet Curry,21.06.2026,4,,,,,🥛MoPro
19.05.2026 12:26:11,77a14b03,4260423370395,,Wanda Frischkse Walnuss/Karamell,08.06.2026,4,,,,,🥛MoPro
19.05.2026 12:30:53,99086048,4035626002554,,b*Tofu geräuchert VEGANI,26.06.2026,8,,,,,🥛MoPro
19.05.2026 12:32:18,9e47eea5,4260669270008,,Love craft Kraut - Rote Beete & Ingwer,07.02.2027,6,,,,,🥛MoPro
19.05.2026 12:33:03,cdd61989,4260669270831,,Classic Kimchi,19.12.2026,6,,,,,🥛MoPro
19.05.2026 12:33:36,dcccef8e,4035626002356,,b*Rahmjoghurt mild 10%,10.06.2026,6,,,,,🥛MoPro
19.05.2026 12:34:02,aaad2039,4035626002035,,b*Skyr Natur,18.06.2026,12,,,,,🥛MoPro
19.05.2026 12:35:12,6f690d4c,4000915103410,,Frische Gnocchi Originale,03.08.2026,6,,,,,🥛MoPro
19.05.2026 12:35:54,4bb216a6,4000915105049,,Ravioli mit Rucola & Ricotta,14.07.2026,6,,,,,🥛MoPro
19.05.2026 12:36:29,eca28aa0,4015533052361,,RAW Kombucha Ingwer Lemongras,20.12.2026,10,,,,,🥛MoPro
19.05.2026 13:15:49,711cc1ad,4035661162756,,b*Butter Sauerrahm,11.07.2026,16,,,,,🥛MoPro
22.05.2026 08:20:21,1b73141f,4260100261749,,Pizza Margherita,06.02.2027,10,,,,,📦 Trockenware
22.05.2026 08:20:53,c84ee82c,4260100262807,,Pizza Salame,3.2.2027,10,,,,,📦 Trockenware
22.05.2026 08:21:42,3c281a8c,4026813050076,,Jumbo Pommes Frites,23.09.2026,6,,,,,📦 Trockenware
22.05.2026 08:22:12,d5c4a24a,4026584104312,,Süákartoffel-Fritten,01.07.2027,6,,,,,📦 Trockenware
22.05.2026 08:22:47,46fa62e9,4250073453654,,Lachs Filets,17.12.2027,10,,,,,📦 Trockenware
22.05.2026 08:28:53,c047520d,4031829254141,,"Knusper Pommes Original,12x12mm",08.09.2027,12,,,,,📦 Trockenware
22.05.2026 09:46:31,c331d90e,4260712620002,,Unbekannt,28.05.2026,12,,,,,🥛MoPro
22.05.2026 09:46:56,56dc1a34,4035626114622,,"b*Milch Demeter 1,5% Flasche",29.05.2026,6,,,,,🥛MoPro
22.05.2026 09:50:19,174d9a85,4035626101394,,"b*Milch 1,5% Karton",01.06.2026,10,,,,,🥛MoPro
22.05.2026 09:50:44,210bf0ea,4035626100274,,"b*Vollmilch 3,7% Karton",01.06.2026,10,,,,,🥛MoPro
22.05.2026 09:52:04,75482acb,4035626100274,,"b*Vollmilch 3,7% Karton",01.06.2026,10,,,,,🥛MoPro
22.05.2026 10:41:18,ee5e72ba,4030068015513,,Putenschinken a.d. Putenbrust,3.6.2026,3,,,,,❄️Kühlware
22.05.2026 10:59:25,1a3400b3,4035661162336,,b*Frischkäse Natur,09.07.2026,6,,,,,🥛MoPro
22.05.2026 10:59:54,e525c45c,3296651110671,,"Brillat Savarin IGP Affin‚, 5x100g",17.06.2026,6,,,,,🥛MoPro
22.05.2026 11:02:02,063e4e0b,3254550032807,,Camembert D'Isigny,17.06.2026,3,,,,,🥛MoPro
22.05.2026 11:03:12,86e77895,8008161501772,,Ital. Prosciutto Arrosto alle erbe,11.06.2026,6,,,,,🥛MoPro
22.05.2026 11:10:19,86c537c1,4035626113274,,b*Schlagsahne 30% - im Becher,15.6.2026,10,,,,,🥛MoPro
22.05.2026 11:14:47,28c7e466,4104060025969,,"Lassi Himbeere 3,5%",19.06.2026,6,,,,,🥛MoPro
22.05.2026 11:15:20,47f62a7a,4104060027659,,"Lassi Mango 3,5%",16.06.2026,10,,,,,🥛MoPro
22.05.2026 11:15:56,5a1ce225,4008471492122,,"Joghurt Pfirsich-Maracuja 3,8%",20.06.2026,6,,,,,🥛MoPro
22.05.2026 11:16:23,82512cb0,4008471491002,,Sahnekefir auf Himbeere - Weidemilch,15.06.2026,6,,,,,🥛MoPro
22.05.2026 11:16:45,e7891c5b,4008471507505,,Milchreis Natur,22.06.2026,6,,,,,🥛MoPro
22.05.2026 11:17:07,709db0b0,4008471507024,,Schoko Pudding,21.6.2026,6,,,,,🥛MoPro
22.05.2026 11:17:49,023946bc,4000915103373,,Crostello Brat- & Grillkäse mariniert,11.10.2026,12,,,,,🥛MoPro
22.05.2026 11:21:16,1b334d1b,4035626114509,,"b*Joghurt mild 1,8% Demeter Glas",23.05.2026,6,,,,,🥛MoPro
22.05.2026 11:21:38,fecd22c1,4008471497042,,"Joghurt Zitronencreme 7,5%",24.06.2026,6,,,,,🥛MoPro
22.05.2026 11:22:05,f3ca6ef4,4035626114585,,"b*Quarkzubereitung Magerstufe 0,3%",28.06.2026,6,,,,,🥛MoPro
22.05.2026 11:23:10,a8b8d181,4008471505006,,"Weidemilchjoghurt ABC 3,8%",22.06.2026,6,,,,,🥛MoPro
22.05.2026 11:23:35,10a7a952,4012359113108,,Räuchertofu Mandel-Sesam,21.08.2026,6,,,,,🥛MoPro
22.05.2026 11:24:53,eeb454e0,4035661162756,,b*Butter Sauerrahm,11.07.2026,16,,,,,🥛MoPro
22.05.2026 11:35:54,b8188e57,4013320185803,,Weiáe Schokolade Caf‚ Blanc,31.03.2027,10,,,,,📦 Trockenware
22.05.2026 11:38:56,b124c902,4005394200643,,Sauce Hollandaise,30.04.2027,15,,,,,📦 Trockenware
22.05.2026 11:40:22,10b804d9,9004145009059,,Griechischer Bergtee lose,30.09.2029,6,,,,,📦 Trockenware
22.05.2026 11:44:50,3a2537c1,4022381027595,,Haferflocken Kleinblatt gf,08.04.2027,6,,,,,📦 Trockenware
22.05.2026 12:02:46,b7d88aad,4260355580930,,Schwarzkümmel”l nativ,28.02.2027,4,,,,,📦 Trockenware
22.05.2026 12:08:06,e33cdddb,4035626113397,,b*Spaghetti,19.05.2028,12,,,,,📦 Trockenware
22.05.2026 12:13:14,4c3357eb,4035626101318,,b*Frühstückshonig flüssig,21.11.2027,6,,,,,📦 Trockenware
22.05.2026 12:16:42,300d8901,8718754506854,,Erdnuss Flips,14.11.2026,8,,,,,📦 Trockenware
22.05.2026 12:22:34,e621e92c,8717496903990,,Tortilla Wraps,08.09.2026,16,,,,,📦 Trockenware
22.05.2026 12:33:41,bdf33d74,8018759001546,,Pesto Basilikum Pecorino,07.11.2027,6,,,,,📦 Trockenware
22.05.2026 12:35:39,8bcd669a,4035661163517,,b*Tomatensauce Ricotta & Parmigiano Reggiano,03.02.2029,6,,,,,📦 Trockenware
22.05.2026 12:38:48,918491000,4044889001051,,Pfefferminz,31.8.2027,10,,,,,📦 Trockenware
22.05.2026 12:41:06,99b827b5,4044889005301,,Weiáe Knusper,31.05.2027,12,,,,,📦 Trockenware
22.05.2026 12:42:50,a01c6472,4260311984932,,Quetschie Himbeere,26.01.2027,10,,,,,📦 Trockenware
22.05.2026 12:44:33,fbe1897c,4022381501200,,Naturreis Rundkorn,15.07.2027,4,,,,,📦 Trockenware
22.05.2026 12:45:30,92cec633,8718754505048,,Hummus Chips Rosmarin,02.10.2026,6,,,,,📦 Trockenware
22.05.2026 12:48:36,0fcf6e05,4260752751704,,Crunchy Brot Topping,12.01.2028,6,,,,,📦 Trockenware
22.05.2026 12:50:14,72b045ce,8718754500951,,Tortilla Chips Naturel,10.11.2026,10,,,,,📦 Trockenware
22.05.2026 12:52:45,d4e14f3b,4035626001748,,b*Classic Crunch,25.03.2027,6,,,,,📦 Trockenware
22.05.2026 13:11:13,ffc2c628,4015533014147,,Holunderblüten Sirup,18.02.2028,6,,,,,🍾 Getränke
22.05.2026 13:14:14,4252e66b,3445020001915,,Omega Blue,28.02.2027,4,,,,,📦 Trockenware
22.05.2026 13:15:39,85f1f0b2,8018759000341,,Pesto Verde,30.06.2028,6,,,,,📦 Trockenware
22.05.2026 13:19:25,43b2e7db,9004145002104,,Salbei lose,30.09.2029,6,,,,,📦 Trockenware
22.05.2026 13:22:36,750ee648,4044889005288,,Dunkle Nougat,30.04.2027,12,,,,,📦 Trockenware
22.05.2026 13:23:25,6f266ee2,4035626103749,,b*Früchte Müsli,2.4.2027,6,,,,,📦 Trockenware
22.05.2026 13:26:06,c6ff23ac,5200104101602,,"Kalamata-Oliven, ohne Stein",20.2.2029,6,,,,,📦 Trockenware
22.05.2026 13:29:55,00621ceb,4260221613618,,Chili Mayo vegan,09.03.2027,6,,,,,📦 Trockenware
22.05.2026 13:33:31,6f7c52af,4260360270888,,Dinkeltoast,20.10.2026,6,,,,,📦 Trockenware
22.05.2026 13:35:44,be2691bc,4038375024396,,Haferdrink Natural,12.02.2027,8,,,,,📦 Trockenware
22.05.2026 14:02:35,3f8462ba,4019736014546,,Streichïs drauf Mepfel,26.03.2028,8,,,,,📦 Trockenware
22.05.2026 14:04:47,1f58c8c2,4019736004622,,Schw Johannisbeer Fruchtgarten,10.07.2027,6,,,,,📦 Trockenware
22.05.2026 14:06:24,65c30446,4019736004646,,Waldbeere Fruchtgarten,07.04.2027,6,,,,,📦 Trockenware
22.05.2026 14:07:45,d473d195,4006040007999,"Rapunzel,Bionella",Bionella,28.08.2027,6,,,,,📦 Trockenware
22.05.2026 14:10:13,fbc87249,4006040431442,Rapunzel,Steinsalz,29.04.2029,8,,,,,📦 Trockenware
22.05.2026 14:12:16,92ac63e6,4019736004608,,Sauerkirsche Fruchtgarten,16.06.2027,6,,,,,📦 Trockenware
22.05.2026 14:13:47,dd95a59c,4019736008149,,Erdbeere Fruchtgarten,9.4.2027,6,,,,,📦 Trockenware
22.05.2026 14:15:38,e676a495,4019736018025,,Fruchtgelee Quitte,27.02.2028,6,,,,,📦 Trockenware
22.05.2026 14:17:46,40654a50,4006040293279,Rapunzel,Samba dark,04.03.2028,6,,,,,📦 Trockenware
22.05.2026 14:22:14,16e56979,4006040333982,Rapunzel,Krachnuss Müsli,03.03.2027,6,,,,,📦 Trockenware
22.05.2026 14:23:50,a6d8f176,4006040003014,Rapunzel,SAMBA Haselnuss,07.04.2028,6,,,,,📦 Trockenware
22.05.2026 14:24:56,ab34ad61,4019736005544,,Tomaten Ketchup,03.03.2027,6,,,,,📦 Trockenware
22.05.2026 14:26:15,80a99c2e,4019736014843,,Streichïs drauf Sendi,31.03.2028,6,,,,,📦 Trockenware
22.05.2026 14:27:32,3c7c0aa1,4019736008828,,Streich Bärlauch,09.02.2028,6,,,,,📦 Trockenware
22.05.2026 14:38:59,62d0e48c,4006040076896,Rapunzel,Tiger Creme,16.06.2027,6,,,,,📦 Trockenware
22.05.2026 16:05:40,d4b307ab,4006040321392,Rapunzel,Choco Zartbitter Creme,03.08.2027,6,,,,,📦 Trockenware