Barcode,Marke,Produktname
4035626100144,šOX,#NAME?
4035626100151,šOX,#NAME?
4035626100229,šOX,#NAME?
4035626100588,šOX,#NAME?
4032105000032,SBŽ,10-Korn-Schrot
4005561004890,BOL,100% Dinkel Crunchy
8713576282504,TER,100% Naturreisnudeln
4005561002889,BOL,100% Schoko Crunchy
4032105000025,SBŽ,1000 K”rnerkruste
4005967005019,ROS,1001 Nacht Porridge ungesüát
3419390407059,BNR,2 Hamburger Br”tchen mit Sesam
4019339308141,DAV,2 Minuten Polenta gf
4042287505300,WBF,2/4 Piwi Ros‚
4260664930662,NYK,2in1 Deodorant Creme Flowers
4260664930112,NYK,2in1 Deodorant Creme Green Touch
4260664930099,NYK,2in1 Deodorant Creme Kokos ohne Parfum
4260664930655,NYK,2in1 Deodorant Creme Light ocean
4260664930686,NYK,2in1 Deodorant Creme Oriental Wood
4260664930105,NYK,2in1 Deodorant Creme Peach Perfect
4260664931645,NYK,2in1 Deodorant Creme Vitamina
4260664930563,NYK,2in1 Feste Dusche und Pflege Green Touch
4260664930587,NYK,2in1 Feste Dusche und Pflege Intense Red
4260664930594,NYK,2in1 Feste Shampoo + Conditioner Green Touch
4260397795668,HYD,2in1 festes Shampoo & Dusche Maus Apfel
4260664931294,NYK,2in1 Festes Shampoo + Conditioner Sensitiv
4260664930617,NYK,2in1 Festes Shampoo + Conditioner Vitamina
4260397794166,HYD,2in1 Shampoo & Dusche Elefant Sensitiv
4260397794180,HYD,2in1 Shampoo & Dusche Ente Apfel
4260397794142,HYD,2in1 Shampoo & Dusche Maus Pfirsich
4022381311205,SPI,3 Korn Flocken
9004145023215,STN,3 Minze Tee
4021829083131,EOG,"365 Daily Energy 0,33l"
4260631130170,GR™,3in1 Duschgel Energetisierend Hanf Hopfen
4260664930631,NYK,3in1 Feste Dusche K”rper Haare Gesicht
4021457661015,LAV,3in1 Reinigung Pure Beauty
3419390407073,BNR,4 Hamburger Br”tchen mit Sesam
4022381312202,SPI,4 Korn Flocken
4000430002595,WER,4 Korn Rübli Häschen gf
4019736015048,ZWE,4-Frucht Mix
4001638590051,WEL,48H Hydration Creme-Gel
4260664930648,NYK,4in1 Feste Dusche K”rper Haare Gesicht Bart
4260631131757,GR™,4x-Hyaluron-& Q10 Nachtcreme
4012346177403,LEB,5 Gewürze
4022381020268,SPI,5 Korn Flocken zart
4022381314206,SPI,6 Korn Flocken
4022381112185,SPI,6-Korn-Mischung
4260418020335,GNC,7 Kräuterpulver nach B.Heidelberger
4015533000676,VOE,7 Zwerge Kindersaft
4015533004674,VOE,7 Zwerge Kindersaft
42226796,ACG,8ø Acht Grad Weinschorle ros‚
42183129,ACG,8ø Acht Grad Weinschorle weiß
4008471503071,S™B,ABC Joghurt mild pur
4106060077306,BEU,ABC Vital PUR Pro
4020829095014,HAU,"Abdeckstift 01 natural 1,9 g"
4020829095021,HAU,"Abdeckstift 02 Sand 1,9 g"
4031779736025,MOI,Abendbrot
9004145005020,STN,Abendtee
4012346283302,LEB,Abendtraum
4007547710207,SNT,Abfüllpumpe für 5l/10l
4002029068401,HOY,Acerola Lutschtabletten
4015533060342,VOE,Acerola Muttersaft
4018462416709,BYO,Aceto Bals IGP Invecchiato
4024297151760,NAT,Aceto Balsamico di Modena
4260355587670,BPL,Aceto Balsamico di Modena
4018462416006,BYO,Aceto Balsamico di Modena IGP
4018462416105,BYO,Aceto Balsamico di Modena IGP
8018759000952,SEL,Aceto Balsamico di Modena IGP
4024297017257,NAT,Aceto Balsamico di Modena IGP Premium
4025089006428,SAN,Active Care Vitamin B12 Zahncreme
4025089006381,SAN,Active Care Vitamin B12 Zahngel
4005906002758,AHZ,Adelholzener Apfel Schorle
4005906002772,AHZ,Adelholzener Apfel Trauben Schorle
4005906002079,AHZ,Adelholzener classic
4005906002123,AHZ,Adelholzener classic
4005906002000,AHZ,Adelholzener naturell
4005906002048,AHZ,Adelholzener naturell
4005906002109,AHZ,Adelholzener naturell
4005906002062,AHZ,Adelholzener sanft
4005906002116,AHZ,Adelholzener sanft
9004145012141,STN,Adios Salz Gartengemüse
9004145012134,STN,Adios Salz mediterran
9004145008243,STN,Adios Salz Scharfe Gemüsemisch
7804320150611,EML,Adobe Cabernet Sauvignon rot
7804320150604,EML,Adobe Carmenere Reserva rot
7804320150628,EML,Adobe Chardonnay Reserva weiß
7804320268170,EML,Adobe Rose Reserva
8003938009772,RAC,Affogato al CaffŠ
8003938009789,RAC,Affogato al CaffŠ
4024297021810,NAT,African Spirit Sauce
4008576401302,NYK,Afrokamm
4260664939580,NYK,"Afrokamm, aus recycelten Tauen"
4260631130491,GR™,After Shave Balsam Feuchtigkeitspflege Hanf Hopfen
4033981742085,ECC,After Sun
4009800012035,SCK,After Sun Lotion
4021457661770,LAV,After Sun Lotion
4260096395725,AGA,Agar Agar
4005394151013,BVE,Agar Agar Gelierfix
4005394285695,BVE,Agaranta
4017645014039,LOG,Age Energy Shampoo Coffein
4055297147033,LOG,AGE PROTECTION Festigendes 2-Phasen Serum
4055297146876,LOG,AGE PROTECTION Regenerierende Nachtcreme
4055297146951,LOG,AGE PROTECTION Straffende Augencreme
4055297146654,LOG,AGE PROTECTION Straffende Tagescreme
4012346169002,LEB,Aglio e Olio
4024297349129,NAT,Ahornsirup Grad A
4024297349334,NAT,Ahornsirup Grad C
4012346179407,LEB,Aioli
4000915100983,ISA,"Aioli Bärlauch, frisch Prepack"
4000915100976,ISA,"Aioli Chili, frisch Prepack"
4000915104592,ISA,Aioli Classico
4000915100990,ISA,"Aioli Classico, frisch Prepack"
4260360271687,NPU,Aioli Sauce
4018462158456,BYO,Aioli vegan
4250073464049,FWO,Airfryer Fishbites Wildlachs Teriyaki Art
4250073464025,FWO,Airfryer Fishbites Zitrone-Kräuter
4027468000034,ERH,Ajvar
4009309592311,MAR,Ajvar mild
4009309592717,MAR,Ajvar mild
4009309595275,MAR,Ajvar scharf
4038507012222,GOV,Akazienfaser
4262417560065,IAA,Akazienhonig
4002029001934,HOY,Akazienhonig m. Frühjahrsblüte
5204845001030,PPK,Akratos Syrah rot
4086900380103,PVL,Aktionsdisplay Bodenaufsteller Gesundwohl
4086900380110,PVL,Aktionsdisplay Thekenaufsteller Gesundwohl
4020829113855,HAU,Aktionspaket Regeneration Handbalsam
4086900383807,PVL,Aktiv Sportgel
4020829080492,HAU,Aktivierendes Tagesfluid
4086900218505,PVL,Aktivwohl Cooling Sport Spray
4086900218208,PVL,Aktivwohl Gelenkwohl Einreibung
4086900218307,PVL,Aktivwohl Muskelwohl Einreibung
4086900218406,PVL,Aktivwohl Sport Gel
4020829069275,HAU,Akut Creme Potentilla
4020829069305,HAU,Akut Creme Potentilla Kleingr”áe
4260026694270,BIT,Akut Hornhaut Balsam
9004145006782,STN,Aladins Kaffeegewürz Tüte
9003309101103,YOU,Alaska Indian Candy
9003309410007,YOU,Alaska Kabeljau Rückenfilet MSC
9003309128865,YOU,Alaska Wildlachs Filet MSC
9003309101301,YOU,Alaska Wildlachs Wild & Pink MSC
9003309101806,YOU,Alaska Wildlachs Wild & Red MSC
9003309101707,YOU,Alaska Wildlachs Wild & Silver MSC
3760253220255,JJY,"Albert- vegane Brie Alternative, SB"
4260266541310,JIS,Aleppo Haarseife
4260266541327,JIS,Aleppo Haarseife
4260266541112,JIS,Aleppo Seife
4260266541129,JIS,Aleppo Seife Block
4260266541501,JIS,Aleppo Seife zum Aufhängen
4000915100303,ISA,Alge & Ingwer Aufstrich
4000915100754,ISA,Algen-Salat mit Sesam & Ingwer
4260664931300,NYK,All-in-One feste Dusche Sensitiv
4004191001002,RAB,Alles Gute Fruchtsaft
9004145006676,STN,Alles im Grünen© Salatgewürz
9004145077379,STN,Alles im Grünen© Salatgewürz
4086900267305,PVL,Alles Liebe Duschbalsam
9004145007383,STN,Alles Liebe Gew BlütenMix Tüte
4086900267404,PVL,Alles Liebe Handcreme
4086900267008,PVL,Alles Liebe K”rper”l
4086900267107,PVL,Alles Liebe K”rperbutter
9004145006430,STN,Alles Liebe Kräutertee ohne Hanf
4007547304000,SNT,Allesreiniger
4007547304208,SNT,Allesreiniger
4260102480155,BSK,Allgäuer Chilikäse aus Heumilch
4260102481954,BSK,Allgäuer Glücksmomente 4 M aus Heumilch
4026913110052,™MA,Allgäuer Käsefondue
4026913153257,™MA,Allgäuer Limburger
4260102481343,BSK,Allgäuer Rosenblütenkäse aus Heumilch
4016249084004,ALO,Allos Frucht Pur Bodensteller
4016249121600,ALO,Allos Milchalternativen Bodensteller leer
4019886000352,SOD,Allzweckreiniger
4104060040016,AND,Almbutter - Sauerrahm
9004584055921,SGM,Almk”nig
22082732,SGM,"Almk”nig, PrePack"
4012346286303,LEB,Almkräuter TB
4012346538402,LEB,Almkräutertee
4270001075307,LNB,Almond Cookie Dough Riegel
4015533055126,VOE,Aloe vera
4044512321006,RAI,Aloe Vera 24h Creme
4260009217649,PVD,Aloe Vera Augen Serum
4044512213004,RAI,Aloe Vera Bio Direktsaft
4044512311007,RAI,Aloe Vera Bio Gel
4005529251717,SAV,aloe vera body lotion sensitiv
4044512314008,RAI,Aloe Vera Cleansing Gel
4032061010090,GEB,Aloe Vera Cream
4032061211398,GEB,Aloe Vera Face Lotion 100ml
4086900746008,PVL,Aloe Vera Gel
4270004219401,ELU,Aloe Vera Gel
4005529220010,SAV,aloe vera gel pur ohne Duft
4005529255012,SAV,aloe vera handcreme
4044512330107,RAI,Aloe Vera Handcreme
4044512323000,RAI,Aloe Vera Hyaluron Serum
4005529233010,SAV,aloe vera hydro repair gel
4005529233515,SAV,aloe vera hydro repair gel ohne Duft
4005529403017,SAV,aloe vera reinigungsemulsion
4005529402010,SAV,aloe vera reinigungsgel
4044512322003,RAI,Aloe Vera Spray
4005529210011,SAV,aloe vera toner classic
4005529216013,SAV,aloe vera toner sensitive
4005529130005,SAV,aloepur Reiner Aloe Vera Saft
4104060026782,AND,Alpenblumenkäse
4104060026294,AND,Alpenblumenkäse in Scheiben
4101530001812,BGL,Alpenbutter mit Butterprägung
4054411014305,BFU,Alpenkräuter Bonbons
4260272987867,LCH,Alpenkräuter Kesselchips
4104060011696,AND,Alpenländer Butterkäse Scheiben
4104060011702,AND,Alpenländer Kräuterkäse Scheiben
4101530008811,BGL,"Alpenmilch laktosefrei 1,5%"
4101530008804,BGL,"Alpenmilch laktosefrei 3,5%"
9004283487016,VAV,Alpenstolz
22048707,VAV,"Alpenstolz, PrePack"
4101530010241,BGL,Alpenzwerg Erdbeere&Knusper Joghurt
4101530003557,BGL,"Alpenzwerg Joghurt Himbeere u. Vanille 3,9%"
4101530007494,BGL,Alpenzwerg Vanille&Knusper Joghurt
4002724000775,ALS,Alsan-Bio Margarine
4008471510369,S™B,Altbierkäse
22400420,S™B,"Altbierkäse, PrePack"
4019578018061,DWE,Alter Weinbrand
42438502,HVM,Alternative zu Quark Natur
4019339190104,DAV,Amaranth
4016249164089,ALO,Amaranth Basis Müsli
4016249164140,ALO,Amaranth Basis Müsli
4016249164133,ALO,Amaranth Beeren Müsli
4016249009243,ALO,Amaranth Crunchy Beerenfrucht
4016249009250,ALO,Amaranth Crunchy Edelnuss
4016249009236,ALO,Amaranth Crunchy Pur
4016249009267,ALO,Amaranth Crunchy Schokolade
4016249164126,ALO,Amaranth Früchte Müsli
4016249164164,ALO,Amaranth Früchte Müsli
4016249164201,ALO,Amaranth Frühstücksbrei Basis
4016249177713,ALO,Amaranth Maiswaffeln Meersalz
4016249164119,ALO,Amaranth Nuss Müsli
4019339291047,DAV,Amaranth Pops
4016249164096,ALO,Amaranth Schoko Müsli
4016249164157,ALO,Amaranth Schoko Müsli
4016249527303,ALO,Amaranth Schokolette Zartbitte
4016249003210,ALO,Amaranth Schokolette Zartbitter
4022381023566,SPI,Amaranthflocken gf
4017194489265,SBG,Amarena Kirsch Eis
8053323642398,SEL,Amaretti
8016448000399,HUA,Amaretto
4019578018245,DWE,Amaretto-Liqueur
4032105001329,SBŽ,Amaretto-Nuss Sahne
4009176202610,LNA,American Hafer Cookies
4009176314245,LNA,American Schoko Cookies
4069098000893,KHD,Amla Volume Conditioner
5600286283538,1CG,Amoreira da Torre rot
4026584103384,SOF,Ananas in Stücken
4015533063800,VOE,Ananassaft
4106060032022,BEU,Ananassaft
4106060032077,BEU,Ananassaft
4011432032916,WSE,Angebotsklemme aus Acryl
4260198094540,BEN,Angled Brush Colour Edition
3360100270107,ANI,Anis Bonbons
4012346156408,LEB,Anis ganz Tüte
4012346128603,LEB,Anis gemahlen Tüte
4025089081296,SAN,ANTI AGING Handcreme Gänsebl. & Q10
4018874042015,ARI,Anti Bettwanzen
7611916558252,WEL,Anti Falten Augen- & Lippenpfl. Enzian & Edelweiß
7611916163241,WEL,Anti Falten Serum Blauer Enzian & Edelweiß
4018874010168,ARI,Anti Mück Pflegestift
4018874010465,ARI,Anti Mück Pump Spray
4260026693198,BIT,Anti R”tungs Gesichtscreme
5016383018001,WSE,Anti Rutsch Sockel
4021457660230,LAV,Anti UV-Fluid LSF 30
4018874010663,ARI,Anti Zeck Pump Spray
4005120801038,LUK,Anti-Aging Creme-Maske
4260026694027,BIT,Anti-Fett Shampoo
4017645008021,LOG,Anti-Fett Shampoo Zitronenmelisse
4001638590723,WEL,Anti-Pigmentflecken Glow Serum
4260026691354,BIT,Anti-Schuppen Balance Shampoo
4260026694065,BIT,Anti-Schuppen Shampoo
4017645008014,LOG,Anti-Schuppen Shampoo Wacholder”l
4004191005291,RAB,Antioxidantien Direktsaft
4018462417553,BYO,Apfel Balsam
4260355586864,BPL,Apfel Balsam aus Italien
7640230490801,HOL,Apfel Banane Aprikose
7640230491693,HOL,Apfel Banane mit Dinkel
4015637843131,BAK,Apfel Bananenmark ungesüát
7640230490849,HOL,Apfel Birne
7640230491020,HOL,Apfel Birne mit Hafer
4015637824772,BAK,Apfel Birnenmark ungesüát
4015533048784,VOE,Apfel Grapefruit Schorle
4005561002414,BOL,Apfel Haferling
4032105001398,SBŽ,Apfel Haferstreusel
7640230490825,HOL,Apfel Heidelbeere
4036388070119,WLL,Apfel Kirsch Saft
4106060032176,BEU,Apfel Kirsch Saft
4106060012376,BEU,Apfel M”hren Saft
4015533010828,VOE,Apfel Mango Saft
4015533011771,VOE,Apfel Mango Saft
4106060012277,BEU,Apfel Mango Saft
4015637843100,BAK,Apfel Mangomark ungesüát
4032105000780,SBŽ,Apfel Nuss Happen Vollkorn
7640230491785,HOL,Apfel Pfirsich
7640230492904,HOL,Apfel Pflaume
7640104956211,HOL,Apfel Pur
4106060072462,BEU,Apfel Rote Bete Ingwer Saft
4015637822136,BAK,Apfel Sanddornmus gesüát
4036388070126,WLL,Apfel schwarze Johannisbeer
4008728046917,SIJ,Apfel Streusel Schnitte
4015533010804,VOE,Apfel Waldbeeren Schorle
4032105091610,SBŽ,Apfel-Nuss Happen VK
4031829256251,™KL,Apfel-Rotkohl
4032105006287,SBŽ,Apfel-Torte
4032105008540,SBŽ,Apfelbobbes
4260126752009,OHM,Apfelchips
4106060075968,BEU,Apfeldicksaft
4018462411063,BYO,Apfelessig klar
4018462411308,BYO,Apfelessig klar
4015533002656,VOE,Apfelessig naturtrüb
4015533031014,VOE,Apfelessig naturtrüb
4015533102653,VOE,Apfelessig naturtrüb
4018462411568,BYO,Apfelessig naturtrüb
4106060018088,BEU,Apfelessig naturtrüb
4106060076026,BEU,Apfelessig naturtrüb
4032105005426,SBŽ,Apfelkuchen mit Zimtdecke
4009309741177,MAR,Apfelmark
4019736014348,ZWE,Apfelmark
4260360271571,NPU,Apfelmark
4260360271588,NPU,Apfelmark
4260360271595,NPU,Apfelmark mit Banane
4260360271601,NPU,Apfelmark mit Mango
4015637842837,BAK,Apfelmark ungesüát
4015637842844,BAK,Apfelmark ungesüát
9004145002005,STN,Apfelminze lose
4009309744178,MAR,Apfelmus
4260360271557,NPU,Apfelmus
4260360271564,NPU,Apfelmus
4015637821351,BAK,Apfelmus gesüát
4015637842943,BAK,Apfelmus gesüát
4020943232692,ARC,Apfelpektin
4106060010518,BEU,Apfelsaft
4106060010570,BEU,Apfelsaft
4260039370802,VNN,Apfelsaft Elstar
4260039370819,VNN,Apfelsaft Elstar
4260039370604,VNN,Apfelsaft Jonagold
4260039370611,VNN,Apfelsaft Jonagold
4015533004490,VOE,Apfelsaft naturtrüb
4015533066320,VOE,Apfelsaft naturtrüb
4015533066344,VOE,Apfelsaft naturtrüb
4036388070010,WLL,Apfelsaft naturtrüb
4260039370871,VNN,Apfelsaft naturtrüb
4106060072349,BEU,Apfelsaft naturtrüb Retro
4015533000027,VOE,"Apfelsaft naturtrüb, heimisch"
4106060046296,BEU,Apfelsaft Streuobst klar
4260039370635,VNN,Apfelsaft Topaz
4106060010525,BEU,Apfelsaft trüb
4260039370406,VNN,Apfelsaft von Streuobstwiesen
4260039370598,VNN,Apfelsaft von Streuobstwiesen
4051147009827,SDS,Apfelschmalz im Glas
4015533025259,VOE,Apfelschorle heimisch naturtrüb
4015533010262,VOE,Apfelschorle naturtrüb
4106060046968,BEU,Apfelschorle naturtrüb
4028112077105,SDL,Apfelstrudel
9001625025158,HGR,Apfelstrudel
4260086780159,CLO,Apfeltischperlwein Apfel&Rose
3301591002358,CNS,Apibul Apfel Maracuja
3301591002204,CNS,Apibul Apfel schwarze Johannisbeere
7610563370002,LUR,Appenzeller 3 M
22081896,LUR,"Appenzeller 3 M, PrePack"
7610563330006,LUR,Appenzeller 4-5 M
4260086780616,CLO,Appl‚ritif Apfel Aronia & Rose feinherb
4015637013343,BAK,Apple Crumble Muffins gf
4032105005976,SBŽ,Apple-Pie
4260086780197,CLO,Appleritif Apfel
4260086780173,CLO,Appleritif Apfel & Rose
4260086780500,CLO,Appleritif Apfel & Rose
4260086780593,CLO,Appleritif Apfel Aronia & Rose feinherb
4260086780517,CLO,Appleritif Apfel Ingwer & Bergamotte
4260086780548,CLO,Appleritif Apfel Ingwer & Bergamotte
4260086780012,CLO,Appleritif Apfel Salz-Pomeranze & Wacholder
4260086780562,CLO,Appleritif Apfel Salz-Pomeranze & Wacholder
4019736017257,ZWE,Aprikose Fein
4260360272424,NPU,Aprikose Fruchtaufstrich
4019736008125,ZWE,Aprikose Fruchtgarten
4106060011973,BEU,Aprikose Pfirsich Saft
4019736014256,ZWE,Aprikosen
5060466500006,TFT,Aprikosen Fruchtaufstrich
4260360272554,NPU,Aprikosen halbe Frucht
4019339865569,DAV,Aprikosen Konfitüre
4020829100633,HAU,Aprikosen Tagescreme
4020829100688,HAU,Aprikosen Tagescreme Kleingr”áe
4086900743519,PVL,Aprikosenkern”l
5998008700655,TAR,Aprikosenmus
4012346168609,LEB,Arabische Küche
4086900742611,PVL,Argan”l
3445020206952,BPL,Argan”l ger”stet
3445020003278,BPL,Argan”l nativ
3537670001206,A™T,Armonia ros‚
3537670001107,A™T,Armonia rot
3537670001152,A™T,Armonia rot
3537670001305,A™T,Armonia weiß
4020829071346,WAN,Arnika Essenz FA
4001638590334,WEL,Arnika Kühlgel
4001638540186,WEL,Arnika Massage Body Butter Sport
4001638590358,WEL,Arnika Salbe 10% FA
4020829071339,WAN,Arnika Wundtuch FA
4086900400320,PVL,Aroma Duftlampe Balance
4086900420601,PVL,Aroma Duftstecker Easy
4086900601154,PVL,Aroma Duftstein Lava
4086900601116,PVL,Aroma Duftstein Lotusblüte
4086900752528,PVL,Aroma Sauna Atemkraft
4086900752535,PVL,Aroma Sauna Energiequelle
4086900752597,PVL,Aroma Sauna Set Frische u Energie
4086900752580,PVL,Aroma Sauna Set Kraft u Ruhe
4086900752566,PVL,Aroma Sauna Tiefenentspannung
4086900752511,PVL,Aroma Sauna Waldgefühl
4086900752542,PVL,Aroma Sauna Wärmekick
4086900752559,PVL,Aroma Sauna Zitrusfreude
4086900420083,PVL,Aroma Vernebler Feel Happy
4086900420076,PVL,Aroma Vernebler Funny Friends
4086900420014,PVL,Aroma Vernebler Petit
4086900420021,PVL,Aroma Vernebler Traveller
4021246101227,LUB,Aronia Fruchtriegel gf
4004191002016,RAB,Aronia Muttersaft
8018759002178,SEL,Artischocken in ™l
4000915105513,ISA,Artischocken mariniert
4000915106954,ISA,Artischockenherzen (geviertelt)
4000915101607,ISA,Artischockenherzen gekräutert
4260067150506,CES,Artischockenherzen natur cotto
4260067150513,CES,Artischockenherzen natur cotto
8053323644668,SEL,Artischockenviertel Lake
4270001585530,HUA,ARTWERK Brandy
4035784002571,GSE,Ashwagandha
4260418020281,GNC,Ashwagandha Kurkuma Kraft Trinkpulver
4260418020298,GNC,Ashwagandha Superfood Trinkpulver
4260012644722,BIN,Asia Salat Mischung
4018462195000,BYO,Asia Sauce
4026813000170,BSI,Asia-Gemüsemix
9004145013162,STN,Asian BBQ Gewürzzubereitung
9004145013155,STN,Asian Sprinkle Gewürzzubereitung
4030917005603,SAC,Asiasauce Thai Chili
4030917026707,SAC,Asiasauce Thai Mango
4012346527109,LEB,Assam Blatt
4019838090257,CDO,Assam Blend
4012346520001,LEB,Assam Broken
4012346525501,LEB,Assam Broken
4022346582336,HEU,Assam Sewpur GFBOP broken
4012346001500,LEB,Assam TB
5204845001009,PPK,Assyrtiko weiß
4004689268740,BMR,"Atlantischer Lachs, geräuchert"
4086900215603,PVL,Atmewohl Baby und Kinder Balsam
4086900215504,PVL,Atmewohl Balsam
4086900381858,PVL,Atmewohl Display Riechstift
4086900215306,PVL,Atmewohl Duftmischung
4086900215207,PVL,Atmewohl Kissenspray bio
4086900215016,PVL,Atmewohl Riech Stick
4260012645460,BIN,Aubergine Zora
8714685902024,FRT,Auberginensalat
4020829007222,HAU,Aufbauende Maske
4012346622002,LEB,Aufbewahrungsbehälter
4012346173405,LEB,Aufbewahrungsbehälter klein
4515284515240,1TR,Aufbewahrungsdose Romantic
4516084516048,1TR,Aufbewahrungsdose Traditional
4016249150334,ALO,Aufs Brot Arrabbiata
4016249172350,ALO,Aufs Brot Avocado
4016249150341,ALO,Aufs Brot Erbse Masala
4016249150372,ALO,Aufs Brot Kirschtomate Basilikum
4016249150358,ALO,Aufs Brot Mango Curry
4016249150365,ALO,Aufs Brot Paprika Chili
4012346113906,LEB,Aufs Brot Topping
4016249150389,ALO,Aufs Brot Toskana
4020829063136,HAU,Augen Make up Entferner
4020829006423,HAU,Augenbalsam
4020829006386,HAU,Augencreme
4260198099040,BEN,Augencreme AUGENLIFTER:IN
4251632600113,AUA,Aurora Gold Brennessel-Zwiebel
4251632600717,AUA,Aurora Gold Butterkäse
4251632600694,AUA,Aurora Gold Butterkäse Cranberry/Ingwer
4251632600830,AUA,"Aurora Gold Demeter ""Mama Kuh"""
4251632600250,AUA,Aurora Gold Jersey
4251632600083,AUA,"Aurora Gold jung, Bioland"
4251632600281,AUA,Aurora Gold M”hre
4251632600656,AUA,Aurora Gold Oriental
4251632600137,AUA,"Aurora Gold Pikant, 4,5kg"
4251632600618,AUA,Aurora Gold Schaf Butterkäse Natur
4251632600304,AUA,Aurora Gold Schaf Gouda jung
22082930,AUA,"Aurora Gold Schaf Gouda jung, PrePack"
4251632600649,AUA,Aurora Gold Schaf Gouda pikant/mittelalt
4251632600120,AUA,Aurora Gold Steinpilz
4251632600526,AUA,Aurora Gold Winterkäse
4251632600601,AUA,Aurora Gold Ziegen Butterkäse Bockshorn
4251632600595,AUA,Aurora Gold Ziegen Butterkäse Natur
22000309,AUA,"Aurora Gold Ziegen Gouda Bockshorn, PrePack"
4251632600571,AUA,Aurora Gold Ziegen Gouda Bockshornklee
4251632600298,AUA,Aurora Gold Ziegen Gouda jung
4251632600625,AUA,Aurora Gold Ziegen Gouda pikant
22082312,AUA,"Aurora Gold Ziegen Gouda, PrePack"
4251632600441,AUA,Aurora Rot Freyas Klee
4251632601431,AUA,Aurora Rot Gaias Zweige (Ziege)
22000507,AUA,"Aurora Rot Gaias Zweige (Ziege), PrePack"
4251632600540,AUA,Aurora Rot Iduns Žpfel
4251632601424,AUA,Aurora Rot Vestas Feuer
4251632600038,AUA,Aurora Ziegenkäse Scheiben
4020829080614,HAU,Ausgleichendes Tagesfluid
4007547700000,SNT,Auslaufhahn für 5l/10l
8718754503044,YAK,Austern Sauce
4005529240209,SAV,av blüte age protect ”l
4005529240308,SAV,av blüte age protect ampullen
4005529240001,SAV,av blüte age protect creme
4005529240407,SAV,av blüte age protect serum
4005529240100,SAV,av blüte age protect toner
4260009210473,PVD,Avocado Handcreme
4260148650444,PUF,Avocado Pestosalat
4260148651410,PUF,Avocado Pestosalat
4012346105505,LEB,Avocado Topping
4260752751681,SPC,Avocado Topping
3445020009089,BPL,Avocado”l
3445020208901,BPL,Avocado”l
4086900743533,PVL,Avocado”l
4017194433008,SBG,"Ayran - 3,5%"
4260703371654,KUU,Ayurveda Kräuterauszug
4016249277475,ALO,Ayurveda Porridge
4260703372286,KUU,Ayurveda Wildkräuter Shot
4100570016237,BEP,Ayurvedische Ghee Butter
4100570016251,BEP,Ayurvedische Ghee Butter
9004145007109,STN,Ayurvedisches Zaubersalz©
4260651481160,JTT,Azuki Soja Spaghetti
5410863020056,CVA,B–che ChŠvrArdennes/Ziegen Weichkäserolle
8714565008303,BAS,B–che de ChŠvre/Ziegen Weichkäserolle affin‚e
4026584132124,SOF,B”rek-R”llchen Spina-Feta
4035661162619,WBI,b* Cashews ger”stet Chili
4035661162657,WBI,b* Cashews ger”stet Salz
4035626000291,WBI,b* Cubetti Tomatenstücke
4035626101028,WBI,b* Cubetti Tomatenstücke
4035661162039,WBI,b* Heimat Badischer Landwein rot
4035661162879,WBI,b* Pistazien ger”stet gesalzen
4016364066978,WSE,b* Schürze blau
4016364066572,WSE,b* Schürze grün
4035661162053,WBI,b* Sehnsucht Badischer Landwein ros‚
4035626102131,WBI,b*10ø weiß
4035626102377,WBI,b*12ø ros‚
4035626001519,WBI,b*18ø rot
4035626101271,WBI,b*Agavendicksaft flüssig
4035626101189,WBI,b*Agavendicksaft flüssig Spender
4035626101301,WBI,b*Agavendicksaft flüssig Spender
4035626114462,WBI,b*Agavendicksaft naturtrüb Spender
4035626112000,WBI,b*Ahornsirup Grad A
4035626112116,WBI,b*Ahornsirup Grad C
4035626115209,WBI,b*Air‚n weiß
4035626101257,WBI,b*Akazienhonig flüssig
4065626115152,WBI,b*Akazienhonig im Spender
4035626001564,WBI,"b*Akazienhonig, flüssig"
4035626111324,WBI,b*Ananasstücke
4035626111348,WBI,b*Ananasstücke
4035626101356,WBI,b*Apfel Mango Saft
4035626110693,WBI,b*Apfelringe getrocknet
4035626115735,WBI,b*Apfelsaft
4035661162398,WBI,b*Apfelsaft
4035626110716,WBI,b*Aprikosen
4035626110730,WBI,b*Aprikosen
4035626114813,WBI,b*Aprikosen
4035626100045,WBI,b*Babouches ros‚
4035626100038,WBI,b*Babouches rot
4035626110839,WBI,b*Bananenchips
4035661162114,WBI,b*Bananenchips
4035661162978,WBI,b*Bananenchips
4065626114926,WBI,b*Bananenchips
4035626103763,WBI,b*Basis Müsli
4035626000406,WBI,b*Basmati Reis
4035626000437,WBI,b*Basmati Reis
4035626000451,WBI,b*Basmati Reis
4035626002073,WBI,"b*Bauernschinken, gekocht SB"
4035626103510,WBI,b*Beeren Müsli
22010018,WBI,b*Beinscheibe vom Rind
4035661163159,WBI,b*Belugalinsen
4035626101141,WBI,b*Berghonig
4035661163142,WBI,b*Berglinsen
4035626103602,WBI,b*Bircher Müsli
22000101,WBI,b*Blaues Wunder
22000118,WBI,"b*Blaues Wunder, PrePack"
4035626112925,WBI,b*Blutorangenmarmelade
22089601,WBI,"b*Blutwurst im Ring, Theke"
4035661162480,WBI,b*Brat”l
4035661162527,WBI,b*Brat”l Olive
4035626114646,WBH,"b*Bruderhahn Eier, M/L, 30 x 6 Stück"
22000422,WBI,b*Burger Patties vom Rind
4035626102070,WBI,b*Burger vom Rind TK
4035661162756,WBI,b*Butter Sauerrahm
4035661162770,WBI,b*Butter Süárahm
4035626114387,WBI,b*Butterkäsescheiben
4035661162145,WBI,b*Camembert
4035626111201,WBI,b*Cashew Cranberry Mix
4035661163005,WBI,b*Cashew Cranberry Mix
4035626110891,WBI,b*Cashewkerne
4035626114790,WBI,b*Cashewkerne
4035661162794,WBI,b*Cashewkerne
4035661163357,WBI,b*Cashewkerne
4035626110914,WBI,b*Cashewkerne Bruch
4035626110938,WBI,b*Cashewkerne Bruch
4035626114691,WBI,b*Cashewkerne Bruch
4035661162800,WBI,b*Cashewkerne Bruch
4035626110877,WBI,b*Cashewkerne ganz
4035626114288,WBI,b*Cashewkerne Kleinbruch
4035626112574,WBI,b*Cashewmus
4035661162862,WBI,b*Cashews gebrannt
4035661162909,WBI,b*Cashews ger”stet Chili
4035661162893,WBI,b*Cashews ger”stet gesalzen
4035626002318,WBI,"b*Cervelatwurst, geschnitten"
22000491,WBI,b*Cevapcici halb & halb
4035626115247,WBI,b*Chardonnay weiß
4035626001748,WBI,b*Classic Crunch
4035626110815,WBI,b*Cranberries gesüát
4035626112130,WBI,b*Cranberries gesüát
4035626114851,WBI,b*Cranberries gesüát
4035626001397,WBI,b*Creme fraiche 30% - im Becher
4035626102032,WBI,b*Curryketchup
4035626002219,WBI,b*Cuv‚e rose
4035626002226,WBI,b*Cuv‚e rot
4035626002059,WBI,b*Datteln entsteint
4035626110754,WBI,b*Datteln entsteint
4035626110778,WBI,b*Datteln entsteint
4035626115100,WBI,b*Datteln entsteint
4035626002653,WBI,b*Dinkel Fusilli hell
4035626002677,WBI,b*Dinkel Penne hell
4035626002691,WBI,b*Dinkel Spaghetti hell
4035626002462,WBI,b*Dinkelmehl 1050
4035626001892,WBI,b*Dinkelmehl 630
4035626002486,WBI,b*Dinkelvollkornmehl
4065626114452,WBI,b*Dreifruchtsaft rot
4035626002813,WBI,"b*Edelsalami, geschnitten"
4035626002448,WBI,"b*Eier, Gr”áe M/L, abgep. 16 x 6 Stück"
4035626002455,WBI,"b*Eier, Gr”áe M/L, abgep. 8 x 10 Stück"
4035626002585,WBI,"b*Eier, Gr”áe M/L, lose"
4065626114902,WBI,b*Eiscreme Schoko
4065626114889,WBI,b*Eiscreme Vanille
4035661162886,WBI,b*Erdnüsse ger”stet gesalzen
4035626115810,WBI,b*Erdnüsse in der Schale '8/10er
4035626115841,WBI,b*Erdnüsse in der Schale '8/10er
4035626115865,WBI,b*Erdnüsse in der Schale '8/10er
4035661162855,WBI,b*Erdnüsse mit Honig & Salz
4035626112536,WBI,b*Erdnussmus
4035626103589,WBI,b*Espresso ganze Bohne
4035661163548,WBI,b*Espresso ganze Bohne
4035626103565,WBI,b*Espresso gemahlen
4035626101233,WBI,b*Familienhonig flüssig Sp
4035626111546,WBI,b*Familienhonig flüssig Spender
4065626114766,WBI,b*Farfalle
4035626110617,WBI,b*Feigen
4035626110631,WBI,b*Feigen
4035626114738,WBI,b*Feigen
4035626003124,WBI,b*Feigen aus Spanien
4035626100533,WBI,b*Feigenkonfitüre extra
22001719,WBI,b*Filet vom Schwein
22010216,WBI,b*Filets vom Rind 2 Stück
4035626115469,WBI,b*Fleischkäse
4035626115711,WBI,b*Fleischwurst mit Knoblauch
4035626115605,WBI,b*Fleischwurst ohne Knoblauch
4035626003087,WBI,b*Flohsamenschalen
22000552,WBI,b*Frikadelle vom Geflügel
22000545,WBI,b*Frikadelle vom Rind
22000538,WBI,b*Frikadelle vom Schwein
22069016,WBI,b*Frische Bratwurst m.Kräutern
22063816,WBI,b*Frische Bratwurst v. Schwein
4035661163395,WBI,b*Frischkäse Kräuter
4035661162336,WBI,b*Frischkäse Natur
4035626103749,WBI,b*Früchte Müsli
4035626102780,WBI,b*Frühstückshonig cremig
4035626101318,WBI,b*Frühstückshonig flüssig
4035626102773,WBI,b*Frühstückssaft
4035626113434,WBI,b*Fusilli
4035626113939,WBI,b*Gaston halbtrocken rot
4035626002097,WBI,b*Geflüg.-Mortadella-Pistazie
4065626114520,WBI,b*Geflügelfond
4065626114483,WBI,b*Gemüsefond
4035626002899,WBI,b*Gipfelstolz
22000514,WBI,"b*Gipfelstolz, PrePack"
4013584672118,WBI,b*Glühwein Glühkehlchen rot
4035626000666,WBI,b*Glühwein Glühkehlchen weiß
22000163,WBI,b*Gouda Basilikum Knoblauch
22000170,WBI,"b*Gouda Basilikum Knoblauch, 1/2 Laib"
22082879,WBI,"b*Gouda Basilikum Knoblauch, PrePack"
28877554,WBI,b*Gouda jung
28877455,WBI,b*Gouda jung 10 kg
22490247,WBI,"b*Gouda jung, PrePack"
22000361,WBI,"b*Gouda jung, PrePack … ca. 500g"
22000156,WBI,b*Gouda mittelalt/pikant 10 kg
22000132,WBI,"b*Gouda mittelalt/pikant 4,5 kg"
22082770,WBI,"b*Gouda mittelalt/pikant, PrePack"
22000187,WBI,b*Gouda Tomate Oregano Paprika
22000194,WBI,"b*Gouda Tomate Oregano Paprika, 1/2 Laib"
22082886,WBI,"b*Gouda Tomate Oregano Paprika, PrePack"
4035626114349,WBI,b*Goudascheiben jung
4035626114363,WBI,b*Goudascheiben mittelalt/pikant
4035626002189,WBI,b*Grauburgunder weiß
4035626111607,WBI,b*griechischer Feta g.U.
22011619,WBI,b*Gulasch vom Rind
22001917,WBI,b*Gulasch vom Schwein
22011510,WBI,b*Hackfleisch vom Rind
22380913,WBI,"b*Hackfleisch, gemischt"
4035626103824,WBI,b*Hafer Jogh.altern. Natur VEGANI
4035626002752,WBI,b*Haferdrink Natur
4035626001793,WBI,b*Haferflocken Groáblatt
4035626001816,WBI,b*Haferflocken Kleinblatt
22088130,WBH,b*Hähnchen-Drumsticks 4 St.
22964717,WBI,"b*Hähnchen, ganz"
22957115,WBI,b*Hähnchenbrust
4035626002325,WBI,"b*Hähnchenbrust gegart, geräuchert"
22088093,WBH,b*Hähnchenbrustfilet 1 St.
22088086,WBH,b*Hähnchenbrustfilet 2 St.
22931719,WBI,b*Hähnchenflügel
22088123,WBH,b*Hähnchenflügel 4 St.
22051615,WBI,"b*Hähnchenflügel, gewürzt"
22088109,WBH,b*Hähnchenk.-Steaks 2er
22088116,WBH,b*Hähnchenkeule 2 St.
22579317,WBI,b*Hähnchenkeulen
4035626112451,WBI,b*Haselnuss Schokocreme 13%
4035626110952,WBI,b*Haselnusskerne
4035626110976,WBI,b*Haselnusskerne
4035626114677,WBI,b*Haselnusskerne
4035661162824,WBI,b*Haselnusskerne
4065626113905,WBI,b*Haselnusskerne ger”stet gehackt
4065626113882,WBI,b*Haselnusskerne natur gemahlen
4035626112628,WBI,b*Haselnussmus
22000330,WBI,b*Helle Freude
22000347,WBI,"b*Helle Freude, PrePack"
4065626114056,WBI,"b*Heumilch Kuh & Kalb Demeter 3,8% Flasche"
4035626111522,WBI,b*Hochlandkaffee ganze Bohne
4035626111522,WBI,b*Hochlandkaffee ganze Bohne
4035661163531,WBI,b*Hochlandkaffee ganze Bohne
4035626103619,WBI,b*Hochlandkaffee gemahlen
4065626114544,WBI,b*Hühnerbrühe mit Einlage
4035661163692,WBI,b*Hühnerfrikassee
4065626113752,WBI,b*Hüttenkäse (K”rniger Frischkäse)
4035626000284,WBI,b*Ingwerstücke kandiert
4035626114080,WBI,b*Ingwerstücke kandiert
4035626002301,WBI,b*Jagdwurst vom Geflügel
4035626001113,WBI,"b*Joghurt Erdbeere 3,5%"
4035626001489,WBI,b*Joghurt m. ABC Kulturen
4035626001243,WBI,"b*Joghurt Mango-Vanille 3,5%"
4035626114509,WBI,"b*Joghurt mild 1,8% Demeter Glas"
4035626111645,WBI,"b*Joghurt mild 3,5% Demeter Glas"
4035626101486,WBI,"b*Joghurt Natur mild 1,5%"
4035626112338,WBI,"b*Joghurt Natur mild 3,8%"
4035626001137,WBI,"b*Joghurt Pfirsich-Maracuja 3,5%"
4035626001205,WBI,"b*Joghurt Stracciatella 3,5%"
4035626001212,WBI,"b*Joghurt Vanille 3,5%"
4035626100021,WBI,b*Juli n rot
4035626112390,WBI,b*Julian klein rot
4035626103541,WBI,b*Kaffee 100% Arabica
4035626114103,WBI,"b*Kaffee kräftig, gemahlen"
4035626113526,WBI,"b*Kaffee mild, gemahlen"
4065626114728,WBI,b*Kamut© Fusilli
4065626114742,WBI,b*Kamut© Penne
4065626114704,WBI,b*Kamut© Spaghetti
4035626002080,WBI,"b*Kasseler Braten, Aufschnitt"
22081131,WBI,"b*Kasseler Lachsbraten, Theke"
22080813,WBI,"b*Kasseler, Lachs v. Schwein"
22048714,WBI,"b*Kasseler, Nacken v. Schwein"
4035626001595,WBI,b*Kerniger Nuss Mix
4035626111188,WBI,b*Kerniger Nuss Mix
4035626114899,WBI,b*Kerniger Nuss Mix
4035661162992,WBI,b*Kerniger Nuss-Mix
22080615,WBI,b*Kochschinken SB
4035626000000,WBI,b*Kokos Jogh.altern. Natur VEGANI
4065626113349,WBI,b*Kokos”l nativ
4065626113387,WBI,b*Kokos”l nativ
4065626115329,WBI,b*Kokos”l nativ
4035626110990,WBI,b*Kokoschips
4035626111263,WBI,b*Kokosmilch
4035626111287,WBI,b*Kokosmilch
4035626001571,WBI,b*Kokosmilch fettarm 9%
4065626113325,WBI,b*Kokosmus
4035626111027,WBI,b*Kokosraspel
22000149,WBI,b*Kolumbus
22082299,WBI,"b*Kolumbus, PrePack"
22006714,WBI,b*Kotelett vom Schwein
4035626112192,WBI,b*Krakauer v. Schwein & Rind
4035626100595,WBI,b*Kräutersalz Beutel
4035626100427,WBI,b*Kräutersalz Streudose
4009044316937,WSE,b*Kreuzbodenbeutel groá
4009044316913,WSE,b*Kreuzbodenbeutel klein
4009044316920,WSE,b*Kreuzbodenbeutel mittel
4035626001311,WBI,b*Kürbiskerne natur
4035626001465,WBI,b*Kürbiskerne natur
4035661163197,WBI,b*Kürbiskerne natur
4035626000918,WBI,b*Lammfond
4035626102537,WBI,b*Lasagneplatten
4035626102346,WBI,b*Leberwurst Pfälzer Art
4035626002905,WBI,b*Lein”l nativ
4035626001991,WBI,b*Leinsamen
4035661163210,WBI,b*Leinsamen
4035626002011,WBI,b*Leinsamen geschrotet
4035661163227,WBI,b*Leinsamen geschrotet
22083043,WBI,b*Leonardo da Vinci
22400819,WBI,"b*Leonardo da Vinci, PrePack"
4035626101165,WBI,b*Lindenblütenhonig cremig
4035661162077,WBI,b*Lust Badischer Landwein weiß
4065626114063,WBI,b*Lyoner Kinderwurst Max&Moritz
4035626000871,WBI,b*M”hre Orange Ingwer Saft
4035626111089,WBI,b*Macadamianüsse
4035661162947,WBI,b*Macadamianüsse
4035626002370,WBI,b*Macadamianüsse Bruch
4065626113943,WBI,b*Mandelblättchen
4035626112697,WBI,b*Mandelmus
4035626112710,WBI,b*Mandelmus
4035626112666,WBI,b*Mandelmus weiß
4035626112680,WBI,b*Mandelmus weiß
4035626111041,WBI,b*Mandeln
4035626111065,WBI,b*Mandeln
4035626114912,WBI,b*Mandeln
4035661162930,WBI,b*Mandeln
4065626114001,WBI,b*Mandeln blanchiert ganz
4065626113929,WBI,b*Mandeln blanchiert gehackt
4035626113724,WBI,b*Mandeln gebrannt
4035661162848,WBI,b*Mandeln gebrannt
4035661162916,WBI,b*Mandeln ger”stet gesalzen
4065626113981,WBI,b*Mandeln natur gemahlen
4065626113967,WBI,b*Mandelstifte
4035626113083,WBI,b*Mangopüree
4035661162312,WBI,b*Mangosorbet
4035626111683,WBI,b*Mangostücke
4035626110594,WBI,b*Mangostücke Am‚lie
4035661163418,WBI,b*Mangostücke Am‚lie
4035661162299,WBI,b*Mangostücke Brooks
4065626114940,WBI,b*Mangostücke Brooks
4035626103497,WBI,b*Manukahonig MGO 300 +
4065626113431,WSE,"b*Mehrweg Eier-Box ""MeiBox"""
4035626115360,WBI,b*Merlot rot
4035626101127,WBI,b*Mettenden
22080967,WBI,"b*Mettwurst, im Ring"
4035626112376,WBI,b*Michele klein weiß
4035626100175,WBI,b*Michele weiß
4035626101394,WBI,"b*Milch 1,5% Karton"
4035626114622,WBI,"b*Milch Demeter 1,5% Flasche"
4035626000413,WBI,b*Milchreis
4035626000475,WBI,b*Milchreis
4035626000499,WBI,b*Milchreis
22004918,WBI,b*Minutensteak vom Schwein
4035626002141,WBI,b*Mortadella vom Geflügel
4035626111614,WBI,"b*Mozzarella Kugel, 100g"
4035626101363,WBI,b*Multisaft
22001016,WBI,b*Nackensteak vom Schwein
4035661162503,WBI,b*Oliven”l nativ extra
4035626001014,WBI,b*Orangen-Zitronen Marmelade
4035626100496,WBI,b*Orangenmarmelade
4035626100366,WBI,b*Orangensaft
4035626111126,WBI,b*Paranusskerne
4035626114752,WBI,b*Paranusskerne
4035661162923,WBI,b*Paranusskerne
4035626002394,WBI,b*Paranusskerne Bruch
4035626000512,WBI,b*Parboiled Reis
4035626000536,WBI,b*Parboiled Reis
4035626002417,WBI,b*Pekannusskerne Bruch
4035626113687,WBI,b*Pekannusskerne Hälften
4065626115282,WBI,b*Pelati geschälte Tomaten
4065626115305,WBI,b*Pelati geschälte Tomaten
4035626113472,WBI,b*Penne
22087034,WBI,b*Pfannengeschnetzeltes Curry v. Hähnchen
22080936,WBI,b*Pfannengeschnetzeltes Gyros
4035626114653,WBI,b*Pflaumen franz”sisch
4035626111102,WBI,b*Pinienkerne
4035626112246,WBI,b*Pinienkerne
4065626113707,WBI,b*Pistazien ger”stet & gesalzen
4065626113721,WBI,b*Pistazien ger”stet & gesalzen
4035626114776,WBI,b*Pistazien ger”stet&gesalzen
4035626001359,WBI,b*Popcornmais
4035661163302,WBI,b*Popcornmais
4035626002103,WBI,"b*Putenbrust gegart, geräuchert"
22081087,WBI,b*Putenbrustfilet
22081094,WBI,"b*Putenbrustfilet, Familienpa."
22081063,WBI,b*Putenfiletstreifen
4065626114094,WBI,b*Putenfleischwurst SB
22081056,WBI,b*Putengulasch a. d. Oberkeule
4065626114087,WBI,b*Putenleberwurst SB
22081070,WBI,b*Putensteak a.d. Oberkeule
4035626116008,WBI,b*Putenwiener
4035626114585,WBI,"b*Quarkzubereitung Magerstufe 0,3%"
4035626002356,WBI,b*Rahmjoghurt mild 10%
4035626001175,WBI,b*Raps”l nativ
4035626101110,WBI,b*Räucherlinge
22081148,WBI,"b*Räucherlinge, Theke"
4035626002202,WBI,b*Riesling weiß
22082664,WBI,"b*Rinder-Knabberst”ckle, Theke"
4065626114568,WBI,b*Rinderfond
4035626002820,WBI,"b*Rindersalami, geschnitten"
4035626000598,WBI,b*Risottoreis
4035626001878,WBI,b*Roggenmehl 1150
4065626113448,WBI,b*Rosario klein rose
4035626111942,WBI,b*Rosario rose
4035626101035,WBI,b*Rostbratwurst
4035626102117,WBI,b*Rostbratwurst vom Geflügel
4035626115773,WBI,b*Rostbratwürstchen
4035661163135,WBI,b*Rote Linsen
22000071,WBI,b*Rotes Gold
22000040,WBI,"b*Rotes Gold, PrePack"
22012418,WBI,b*Roulade vom Rind 2 Stk.
22012913,WBI,b*Rumpsteak vom Rind
4035626100014,WBI,b*Salvador rot
4065626113776,WBI,b*Sauerkirschen
4035661162008,WBI,b*Saure Sahne 10% - im Becher
4035626115186,WBI,b*Sauvignon Blanc weiß
4035626000949,WBI,"b*Schlagsahne 0,5 l Flasche"
4035626113274,WBI,b*Schlagsahne 30% - im Becher
4035626114561,WBI,b*Schlagsahne 32% Demeter 250g
4035626001373,WBI,b*Schmand 24% - im Becher
22013712,WBI,b*Schmorbraten vom Rind
22004116,WBI,b*Schnitzel vom Schwein
4035626001762,WBI,b*Schoko Crunch
4035626103633,WBI,b*Schoko Müsli
4035626002943,WBI,b*Schwarzkümmel”l nativ
22004017,WBI,b*Schweinebraten
4035626114233,WBI,b*Secco weiß
4035626002929,WBI,b*Sesam”l ger”stet
4035626002035,WBI,b*Skyr Natur
4035626103800,WBI,b*Soja Jogh.altern. Natur VEGANI
4035661162466,WBI,b*Sonnenblumen”l nativ
4035626101172,WBI,b*Sonnenblumenhonig cremig
4035626001335,WBI,b*Sonnenblumenkerne
4035661163203,WBI,b*Sonnenblumenkerne
4035626113397,WBI,b*Spaghetti
4035626002769,WBI,b*Spaghettini
4035626003018,WBI,b*Speisequark/Topfen halbfett 20%
4035626002974,WBI,"b*Speisequark/Topfen Magerstufe 0,1%"
4035626002998,WBI,"b*Speisequark/Topfen Magerstufe 0,1%"
4035661162107,WBI,b*Speisequark/Topfen Vollfettstufe 40%
4035626102827,WBI,b*Spirali hell
4035626103695,WBI,b*Spirali Tricolore
4035626111164,WBI,b*Studentenfutter
4035626111430,WBI,b*Studentenfutter
4035626114936,WBI,b*Studentenfutter
4035661162985,WBI,b*Studentenfutter 47% Nuss
4035626114424,WBI,b*Studentenfutter 56% Nuss
4035626114448,WBI,b*Studentenfutter 70%Nuss m. Cranb.
4035626110655,WBI,b*Sultaninen
4035626110679,WBI,b*Sultaninen
4065626113462,WBI,b*Sultaninen
22013217,WBI,b*Suppenfleisch vom Rind m. Knochen
4035626115223,WBI,b*Syrah rot
4035626102599,WBI,b*Tagliatelle
4065626114025,WBI,b*Tahin
4035661163166,WBI,b*Tellerlinsen
4035626115124,WBI,b*Tempranillo ht ros‚
4035626115148,WBI,b*Tempranillo rot
4035626002516,WSE,b*Tiefkühltragetasche
4035626002554,WBI,b*Tofu geräuchert VEGANI
4035626002530,WBI,b*Tofu natur VEGANI
4035626110853,WBI,b*Tomaten getrocknet
4035626101004,WBI,b*Tomaten Passata
4065626114865,WBI,b*Tomaten-Paprikamark
4035626102025,WBI,b*Tomatenketchup
4035626101011,WBI,b*Tomatenmark
4065626114841,WBI,b*Tomatenmark
4035626002615,WBI,b*Tomatenmark Tube
4035626100991,WBI,b*Tomatensauce Arrabbiata
4035626102568,WBI,b*Tomatensauce Basilico
4035626101936,WBI,b*Tomatensauce Classico
4065626115244,WBI,b*Tomatensauce für Kinder
4065626114827,WBI,b*Tomatensauce Knoblauch Thymian
4035626112963,WBI,b*Tomatensauce Pizza & Pasta
4035661163517,WBI,b*Tomatensauce Ricotta & Parmigiano Reggiano
4035626001717,WSE,b*Tragetaschen groá
4035626001700,WSE,b*Tragetaschen klein
4035626102513,WBI,b*Traubensaft
4035626112260,WBI,b*Vegetarische Bolognese
4035626102711,WBI,b*Volanti
4035626113458,WBI,b*Vollkorn Fusilli
4035626113496,WBI,b*Vollkorn Penne
4035626113410,WBI,b*Vollkorn Spaghetti
4035626000550,WBI,b*Vollkornreis
4035626000574,WBI,b*Vollkornreis
4035626100274,WBI,"b*Vollmilch 3,7% Karton"
4035626114608,WBI,"b*Vollmilch Demeter 3,8% Flasche"
4035626101202,WBI,b*Waldhonig flüssig
4035626002592,WBI,b*Walnusskerne Bruch
4035661162121,WBI,b*Walnusskerne Bruch
4035661162954,WBI,b*Walnusskerne Bruch
4065626114438,WBI,b*Walnusskerne Bruch
4035626111140,WBI,b*Walnusskerne Hälften
4035661162138,WBI,b*Walnusskerne Hälften
4035661162961,WBI,b*Walnusskerne Hälften
4035626002196,WBI,b*Weiáburgunder weiß
4035626111416,WBI,b*Weinbeeren
4035626001854,WBI,b*Weizenmehl 1050
4035626001830,WBI,b*Weizenmehl 550
4035626101103,WBI,b*Wiener Würstchen
4035626101219,WBI,b*Wildblütenhonig cremig
4035626101226,WBI,b*Wildblütenhonig cremig
4065626114506,WBI,b*Wildfond
4035626115797,WBI,b*Zitronensorbet
4035626000369,WBI,b*Zucker
4260148659973,PUF,Baba Ganoush
4033981732093,ECC,Baby & Kids Sonnencreme 50+ LSF
4021457660636,LAV,Baby & Kind Pflegecreme
4021457666546,LAV,Baby & Kind Pflegecreme hauchzart
4021457660599,LAV,Baby & Kind Waschlotion & Shampoo
4021457660612,LAV,Baby & Kind Wundschutzcreme
4021457660414,LAV,Baby & Kind Wundschutzcreme Kleingr”áe
4008576400466,NYK,Baby & Kinderhandbürste
4001638095082,WEL,Baby Bäuchlein”l
7640104959519,HOL,Baby Dinkel Zwieback
4008576404426,NYK,Baby Nagelschere Solingen Vitaloy
4021457660650,LAV,Baby Pflege”l
782126200112,NAC,Baby Pflegetücher
4033981732079,ECC,Baby Sonnencreme 45 LSF
4008576401012,NYK,Baby- und Kinderschwamm
4008576405157,NYK,Babyhaarbürste aus Buchenholz
8017955000063,PLG,Bacaretto Prosecco
4026913124004,™MA,Back-Camembert
4026913124202,™MA,Back-Feta
4260158470094,BAC,Backensholzer Hofkäse
4022381033770,SPI,Backmischung Bauernbrot VK
4015637822990,BAK,Backmischung Brownies gf
4022381033817,SPI,Backmischung Dinkel Pizzateig
4015637824918,BAK,Backmischung Dinkel Schoko Muffins
4015637821146,BAK,Backmischung Dinkel Streuselkuchen
4022381033794,SPI,Backmischung Haferbrot gf
4015637824895,BAK,Backmischung Schoko Kuchen
4015637824796,BAK,Backmischung Schwarzbrot gf
4039468033844,MEM,Backpapier Zuschnitte 30 B”gen
4260096393370,AGA,Backpulver
4005394285411,BVE,Backpulver Meister Backpulver
4260687038512,BUG,Bacon Chunks Vegan
4262437698212,KLY,Bad + WC Reiniger
4007547301504,SNT,Bad Reiniger
4007547301603,SNT,Bad Reiniger Nachfüller
4515584515544,1TR,Badablage Romantic
4516384516342,1TR,Badablage Traditional
4037892325504,RED,Badebürste mit Stiel Fibre
4250023492085,SAI,Badeherz Lavendel
4250023492047,SAI,Badeherz Rose
4260491223722,BDN,Badesalz Cornflower
4260491223739,BDN,Badesalz Lavender
4260491223746,BDN,Badesalz Rose
4028719633001,CMD,Badesalz vom Toten Meer
4260620682048,OFZ,Badetabs Disney FROZEN
4260620682413,OFZ,Badetabs Disney VAIANA
4007547301702,SNT,Badreiniger
4024884006909,HEB,Baglie Sesam (Bagel)
4260360271052,NPU,Baguette Br”tchen
4260360271076,NPU,Baguette Classic
4028112059019,SDL,Baguettebr”tchen (Goldstückchen)
4028112060091,SDL,Baguettestangen
4019838090134,CDO,Bai Mu Dan Weiáer Tee
4005529239906,SAV,bakuchiol drops
4260631131696,GR™,Bakuchiol- & Spirulina-Serum
4260631131733,GR™,Bakuchiol-Augenserum
4260631131818,GR™,Bakuchiol-Serum
4025089086185,SAN,BALANCE Bodylotion Aloe Vera & Mandel”l
4025089006541,SAN,BALANCE Duschgel
4017645020610,SAN,BALANCE Feste Duschpflege Aloe Vera & Mandel”l
4260026697318,BIT,Balancedusche Reine Liebe
4260012646047,BIN,Balkon Tomate Rotkäppchen
4015533067907,VOE,Ballaststoff Shot
4026584133503,SOF,Bällis Mediterran
8018759001294,SEL,Balsamcreme di Modena IGP
8018759002277,SEL,Balsamcreme mit Kakao
4024297000167,NAT,Balsamico Bianco Condimento
4014807207650,ST™,Baltik Lager
4028112077204,SDL,Bamberger Buttercroissant
4260397793466,HYD,Bamboo Sonic Professional Aufsteckbürste
4260664930228,NYK,Bambus Zahnbürste Animal Protection
4260664930235,NYK,Bambus Zahnbürste Climate Protection
4260664930211,NYK,Bambus Zahnbürste Disaster Relief
4260664930259,NYK,Bambus Zahnbürste Kids
4260620681799,OFZ,Bambus Zahnbürste Kids Disney DSCHUNGELBUCH
4260620682291,OFZ,Bambus Zahnbürste Kids Disney VAIANA
4260664930242,NYK,Bambus Zahnbürste Ocean Protect
4009309680612,MAR,Bambussprossen
4015637024899,BAK,Banana Bread Muffins
4004790046510,BCE,Banane Drink Limited Edition
4021246001619,LUB,Banane Mandel Riegel
4015533063923,VOE,Banane Nektar
4106060076767,BEU,Banane-Vanille
4026813423559,DFE,Bananen Scheiben
4032061011974,GEB,BAOBAB Foot Balm
4032061011981,GEB,Baobab Foot Cream
4018462196007,BYO,Barbecue Sauce
4260221616411,EMS,Barbecue Sauce
8033055280686,1LR,Barbera Piemonte rot
4025174551109,SOB,Bärchen mit Gelatine
4025174554551,SOB,Bärchen mit Gelatine
4025174561108,SOB,Bärchen mit Gummi Arabicum
4025174563058,SOB,Bärchen mit Gummi Arabicum
4000799110788,MOU,Barista Bodendisplay
4013320106174,GEP,Barista Espresso entkoffeiniert gemahlen
4013320106259,GEP,Barista Espresso ganze Bohne
4013320106235,GEP,Barista Espresso gemahlen
618455599668,BQC,Barista Oat Base 3L
4004790043281,BCE,Barista ohne Zucker
4012346153506,LEB,Bärlauch geschn u getrocknet
4022346301920,HEU,Bärlauch geschnitten Tüte
4000915104561,ISA,"Bärlauch i. ™l, frisch"
4000915106718,ISA,Bärlauch Pesto vegan
4260102480018,BSK,Bärlauchkäse aus Heumilch
4021457658831,LAV,Barrier Balance 2-Phasen Mizellenwasser
4021457658893,LAV,Barrier Balance Augenpflege
4021457660322,LAV,Barrier Balance Bodymilk
4021457658749,LAV,Barrier Balance Nachtpflege
4021457658770,LAV,Barrier Balance Serum
4021457658718,LAV,Barrier Balance Tagespflege
4260012647723,BIN,Bartnelke
9004145005761,STN,Basen Fastenzeit Tee
9004145025646,STN,Basen Fastenzeit Tee TB
9004145005150,STN,Basen Kräutertee
9004145025158,STN,Basen Kräutertee TB
4012346242606,LEB,Basenkräuter
9004145007154,STN,Basenkräuter Gewürz Mix Tüte
4012346261508,LEB,Basenkräuter TB
4022346301821,HEU,Basilikum gereb Südita Tüte
4260752753302,SPC,Basilikum gerebelt
4012346144184,LEB,Basilikum gerebelt und getrocknet
4260012643275,BIN,Basilikum groáblättrig
4000915104578,ISA,"Basilikum in ™l, frisch"
4000915106749,ISA,Basilikum Pesto vegan
4012346154503,LEB,Basilikum Tüte
9004145003170,STN,Basilikum Tüte
4031829253403,™KL,"Basilikum, fein geschnitten"
4021457638307,LAV,basis Anti Falten Feuchtigkeitscreme Q 10
4021457638338,LAV,basis Anti Falten Nachtcreme Q10
4021457638369,LAV,basis Augencreme Q10
4022381023641,BUM,Basis Müsli
4022381039000,BUM,Basis Müsli
4022381040365,SPI,Basis Müsli
4005561008942,BOL,Basis Müsli Saaten
4005967005088,ROS,Basis Müsli ungesüát
4005967005095,ROS,Basis Müsli ungesüát
4021457637416,LAV,Basis Sensitiv Bodylotion Express
4021457637454,LAV,Basis Sensitiv Bodylotion Straffend
4021457637485,LAV,Basis Sensitiv Bodymilk Reichhaltig
4021457637478,LAV,basis sensitiv Creme
4021457648429,LAV,basis sensitiv Cremedusche
4021457613700,LAV,basis sensitiv Fuácreme
4021457645022,LAV,Basis Sensitiv Handcreme
4021457665501,LAV,Basis Sensitiv Lippenbalsam
4021457632855,LAV,basis sensitiv milde Pflegeseife
4021457650095,LAV,basis sensitiv Mildes Gesichtswasser
4021457650705,LAV,basis sensitiv Mundspülung Complete Care Fluoridfr
4021457648412,LAV,basis sensitiv Pflegedusche 2in1
4021457650064,LAV,basis sensitiv Reinigungsmilch
4021457649914,LAV,basis sensitiv Reinigungsschaum
4021457650033,LAV,basis sensitiv Waschgel
4021457649853,LAV,basis sensitv Beruhigende Feuchtigkeitscreme
4021457652471,LAV,basis sensitv Beruhigende Nachtcreme
4021457649945,LAV,basis sensitv Feuchtigkeitscreme
4021457649976,LAV,basis sensitv Reichhaltige Feuchtigkeitscreme
4019339226209,DAV,Basmati & Wildreis Mischung
4019339235041,DAV,Basmati Reis weiß Kochbeutel
4022381022521,SPI,Basmatireis
4022381022507,SPI,Basmatireis natur
4022381022569,SPI,Basmatireis natur
4022381025065,SPI,Basmatireis Weiá
4022381022583,SPI,Basmatireis weiß
8714565003049,BAS,Bastiaansen Blau (bisher Brabanter Blauschimmel)
4086900387706,PVL,Bauchstreichler Massage”l
4051900004069,BIR,Bauern Quargel
4031829231616,™KL,Bauernfrühstück Gourmet Qualität im Glas
4000345043652,ERN,Bauernhof Klare Suppe
22002273,SDS,Bauernsalami luftgetrocknet
4260112294773,MKS,"Bauernsenf, k”rnig"
4022381004824,SPI,Bauernspätzle
4022381471206,SPI,Bauernspätzle hell
4046203434521,KFH,Baumkerzen weiß Stearin
4015537420395,HMO,Baumkuchen in Vollmilchschokolade gf
4005967003398,ROS,Baumkuchenringe Vollmilch
4005967003381,ROS,Baumkuchenringe Zartbitter
4032067703569,ROM,Baumstämme in Tüte
4039468024798,MEM,Baumwollbeutel für Brot 2er Set
4039468023036,MEM,"Baumwollbeutel für O&G, 2er Set"
4101530001188,BGL,Bayerischer Topfen/Quark halbfett
4101530001171,BGL,Bayerischer Topfen/Quark mager
4101530000518,BGL,Bayerischer Topfen/Quark Rahmstufe
4003247201755,VTQ,Bazza - Aufstrich nach Obazda Art - vegan
4260272987928,LCH,BBQ Kesselchips
4260112295213,MKS,BBQ Sauce
4033548000139,SHE,Be Friends rose
4033548000238,SHE,Be Together rot
8711812419578,RIT,Bean Sticks Meersalz
8711812419714,RIT,Bean Sticks Paprika
4035784002342,GSE,Beauty Haut Haare Nägel Boost
4260198097282,BEN,Beauty ID Refill Leerpalette
4260198097299,BEN,Beauty ID Refill Leerpalette
4260198097329,BEN,Beauty ID Refill Palette Marrakesch
4260198097336,BEN,Beauty ID Refill Palette New York
4021457637508,LAV,Beauty K”rper”l
4035784001949,GSE,Beauty Kollagen-Boost
4035784001956,GSE,Beauty Retinol AE Boost
4024967228723,RIE,Becco Merlot halbtrocken rot
4024967228600,RIE,Becco Montepulciano rot
4024967228402,RIE,Becco Pinot Grigio
4024967228853,RIE,Becco Rosato
4024967228501,RIE,Becco Trebbiano
4000345045106,NCO,Becher Asia Gemüsesuppe m. Nud
4000345045113,NCO,Becher Asia Hühnersuppe m. N
4048885045453,NCO,Becher Pasta Napoli
9004998002085,LAG,Beeren in dreierlei Schokoladen
4005967511763,ROS,Beeren Müsli
4022381023689,BUM,Beeren Müsli
9004998003952,LAG,Beeren Selektion für Dich
4012346206301,LEB,Beeren und Waldmeister TB
4012346252704,LEB,Beeren Waldmeistertee
4026584103438,SOF,Beerenmischung
4026813024008,DFE,"Beerenmischung, 4x2,5 kg"
4260091350033,DBB,Beerentraum Fruchtaufstrich
4260026696267,BIT,Befeuchtungsschaum für Toilettenpapier
9004145012127,STN,Beifuá geschnitten
7640104959717,HOL,Beikost ™l
4046871002992,BNA,Bel Nature Pads
4046871002879,BNA,Bel Nature Watte
4046871003029,BNA,Bel Nature Wattestäbchen
4001638095716,WEL,Belebendes Haar Tonikum Rosmarin
4260360270611,NPU,Belgische Vanillewaffeln
4260360270161,NPU,Belgische Waffeln gf
4009309595633,MAR,Beluga Linsen
4260360272042,NPU,Beluga Linsen
4260360272608,NPU,Beluga Linsen
4019339489109,DAV,Beluga Linsen schwarz
4013392016210,QUE,Bemmchen
9004145009691,STN,Bengelchen Joghurtfrüchte
4260168399170,XUR,Bentheimer Leberwurst grob
4260168399187,XUR,Bentheimer Schmierwurst fein
4086900105041,PVL,Benzoe Siam bio
4015016002050,BWQ,Berg. Waldq. medium Glas
4015016016248,BWQ,Berg. Waldq. PET medium
4015016016040,BWQ,Berg. Waldq. PET still
4015016016071,BWQ,Berg. Waldq. PET still
4015016002104,BWQ,Berg. Waldq. prickelnd Glas
4015016002067,BWQ,Berg. Waldq. still Glas
4015016002081,BWQ,Berg. Waldq. still Glas
4015016002173,BWQ,Berg. Waldq. still Glas Gastro
4086900102392,PVL,Bergamotte bio
4086900102408,PVL,Bergamotte bio
4020829100169,HAU,Bergamotte Lemongrass K”rpermilch
22081643,BOM,"Bergkäse g.U. 3 M, PrePack"
4026913174061,™MA,Bergkäse Scheiben
4104060029134,AND,Bergkäse Scheiben
9004283492508,BWI,Bergkäse Scheiben
9008281006231,BOM,Bergkäse Scheiben aus Tirol
4019339494103,DAV,Berglinsen
4260360272035,NPU,Berglinsen
8718976002943,DOI,Berglinsen
4022346302453,HEU,Bergtee
4260435771487,SPC,Berliner Curry
4014807001067,ST™,Bernstein Weizen alkoholfrei
4026813110213,NCL,Berry Mix
9004145006836,STN,Bertram gemahlen
4020829007284,HAU,Beruhigende Maske
4020829080546,HAU,Beruhigendes Tagesfluid
4260102481916,BSK,Beschwipste Anna Blond aus Heumilch
4260102481909,BSK,Beschwipste Anna Rot aus Heumilch
4022381054003,SPI,Beta Glucan Flocken
4046203418002,KFH,Bienenwachskerze Stumpen 60x45mm
4046203418026,KFH,Bienenwachskerze Stumpen 75x64mm
4046203418019,KFH,Bienenwachskerze Stumpen 95x45mm
4046203669015,KFH,Bienenwachskerze Stumpen rot 75x64mm
4046203418842,KFH,Bienenwachskerze Stumpen rot 95x45mm
4260012642384,BIN,Bienenweide Blumenmischung
4170000217121,1GE,Bienenweide Honig
2900000990036,5WP,Bierfass Pinkus 15 l - leer
2900000991057,5WP,Bierfass Pinkus 50 l
4250206103036,CHI,Bierschinken geschnitten
4250073457843,FWO,Big Pizza Mediterrana
4015533000744,VOE,Bio C Orangensaft
4015533001741,VOE,Bio C Orangensaft
4260735070006,DOQ,Bio Ginger Beer
4001453335004,LNA,Bio Kuss
4046896504518,VAV,"Bio Lisa, 1/2 Laib"
4008471514589,S™B,Bio Milde Marie Scheiben
4260735070013,DOQ,Bio Tonic Water
4015533014963,VOE,Bio Zisch Bitter Lemon
4015533100680,VOE,Bio Zisch Bitter Lemon
4015533014499,VOE,Bio Zisch Blutorange
4015533020810,VOE,Bio Zisch Blutorange
4015533015182,VOE,Bio Zisch Guarana Cola
4015533015595,VOE,Bio Zisch Guarana Cola
4015533012921,VOE,Bio Zisch Himbeer Cassis
4015533014970,VOE,Bio Zisch Himbeer Cassis
4015533022814,VOE,Bio Zisch Holunderblüte
4015533019586,VOE,Bio Zisch Ingwer
4015533057403,VOE,Bio Zisch light Himbeer Cassis
4015533058165,VOE,Bio Zisch light Maracuja Orange
4015533058202,VOE,Bio Zisch light Mate Cola
4015533057465,VOE,Bio Zisch light Nature Energy
4015533057427,VOE,Bio Zisch light Zitrone naturtrüb
4015533025419,VOE,Bio Zisch Matcha
4015533064005,VOE,Bio Zisch Matcha Grapefruit
4015533067648,VOE,Bio Zisch Matcha Grapefruit
4015533064128,VOE,Bio Zisch Matcha Mango
4015533023620,VOE,Bio Zisch Mate
4015533014956,VOE,Bio Zisch Natur Orange
4015533100291,VOE,Bio Zisch Natur Orange
4015533017834,VOE,Bio Zisch Rhabarber
4015533017858,VOE,Bio Zisch Rhabarber
4015533015786,VOE,Bio Zisch Rosenblüte
4015533023231,VOE,Bio Zisch Rosenblüte
4015533012358,VOE,Bio Zisch Zitrone
4015533025297,VOE,Bio Zisch Zitrone naturtrüb
7640230491518,HOL,Bio-Honey Minis Babyzwieback Honig & Butter
4025174570001,SOB,BioBärchen mit Pektin
4015533032424,VOE,BioC Antioxidantien
4015533064340,VOE,bioC Antioxidantien Saft
4015533032448,VOE,BioC Immunkraft
4015533064326,VOE,bioC Immunkraft Saft
4260133141018,BBF,biofix Brokkoli Gratin
4260133141087,BBF,biofix Chicken Kashmir
4260133141049,BBF,biofix Chili con Carne
4012346748801,LEB,BioFix Display
4260133141353,BBF,biofix Gebratene Nudeln
4260133141100,BBF,biofix Gyros
4260133141162,BBF,biofix Lachsgratin
4260133141117,BBF,biofix Madras Curry
4260133141063,BBF,biofix Paprika Hähnchen
4260133141001,BBF,biofix Pasta Asciutta
4260133141131,BBF,biofix Spaghetti Bolognese
4260133141056,BBF,biofix Tajine Marokko
4260133141070,BBF,biofix Thai Curry
4260133141025,BBF,biofix Toskana Gemüse
4012852203375,BKR,BioKristall medium
4012852203429,BKR,BioKristall medium
4012852203368,BKR,BioKristall still
4012852203412,BKR,BioKristall still
4026367043104,UBM,Bioland Harzer mit Kümmel
4026367043111,UBM,Bioland Harzer Natur
4104060028052,AND,Bioländer in Scheiben
4026913921016,WSE,BioPap-Wrap Käse/Wurstpapier klein 25x35cm
4035447622221,HES,Bioperle alkoholfrei
42100263,REA,Bioreal Trockenhefe
8588004638310,BSU,Biosaurus Cheese gf
8588004638327,BSU,Biosaurus Ketchup gf
8588004638334,BSU,Biosaurus Sea Salt
8016448100747,HUA,Biostilla Sambuca
4022381023702,BUM,Bircher Müsli
4022381040389,SPI,Bircher Müsli
4028332430209,WMF,Bircher Müsli Classic
7640230491532,HOL,Birchermüsli
4020829007727,HAU,Birke Arnika Pflege”l
4001638590044,WEL,Birken Aktiv Getränk
4001638500821,WEL,Birken Cellulite ™l 100 ml
4106060049280,BEU,Birne Apfelsaft
4260091351436,DBB,Birne Kardamom Fruchtaufstrich
4032105003675,SBŽ,Birne Mohn Bobbes
7640104956235,HOL,Birne Pur
4019736015093,ZWE,Birnen
4009309759172,MAR,Birnen halbe
4260360272622,NPU,Birnen halbe Frucht
4020943242622,ARC,Birnen Klax
4026813423436,DFE,Birnen Würfel
4106060030677,BEU,Birnensaft
4020829071315,WAN,Bitter Elixier FA
4270000741845,KUU,Bitter Kräuterauszug
4260735070020,DOQ,Bitter Lemon
4260703370541,KUU,Bitter Shot Wildkräuter
4022346309551,HEU,Bittergewürz Dose
4019736005865,ZWE,Bitterorange Fruchtgarten
9004145012868,STN,Bitterpulver Natürlich Bitter
9004145012875,STN,Bitterspray Natürlich Bitter
9004145012882,STN,Bittertee Natürlich Bitter
4260651480057,JTT,Black Bean Spaghetti
9120047400067,LGI,Black Betty red
4012359113405,TAI,Black Forest Tofu
4250073450462,FWO,Black Tiger Garnelen
4037865000209,SND,Blanc de Noir weiß
4025174125287,SOB,Blatt Gelatine
4013044100151,BTH,Blatt Gelatine weiß
4260229160015,DST,Blätterteig
4031779803369,MOI,"Blätterteig, vegan"
4250073456662,FWO,Blattspinat
4026813004499,DFE,"Blattspinat Pellets, 4x2,5kg"
4026813044273,DFE,"Blattspinat Pellets, 4x2,5kg"
4026813004505,DFE,"Blattspinat Pellets, gehackt"
4026813000125,BSI,Blattspinat port. im Beutel
4026813020079,NCL,Blattspinat portioniert
7391961111038,LIS,Blau & Himbeerkonfitüre
7391961111908,LIS,Blaubeerkonfitüre
5701975802167,TMJ,Blaue Kornblume
9120001709311,SMU,Blaufränkisch halbtrocken rot
4019339427064,DAV,Blaumohn
4007547103719,SNT,Bleichmittel
4007547103917,SNT,Bleichmittel
4019886000550,SOD,Bleichzusatz & Fleckensalz
4019886055079,SOD,Bleichzusatz & Fleckensalz
4260198094533,BEN,Blending Brush Colour Edition
4046896105081,VAV,Bleu de Bourgogne
3277594687017,VAV,Bleu dïAuvergne AOP
611816318922,BQC,Blue Farm Forever Bottle and Spoon
4046896467004,VAV,"Blue Stilton PDO, Cropwell Bishop"
3380380044908,BLU,Blumenbrot Buchweizen gf
3380380057953,BLU,Blumenbrot Buchweizen ohne Salzzusatz gf
3380380076534,BLU,Blumenbrot Erdmandel
3380380078019,BLU,Blumenbrot Hafer gf
3380380074073,BLU,Blumenbrot Kakao
3380380057960,BLU,Blumenbrot Kastanie
3380380113697,BLU,Blumenbrot Mandel gf
3380380069956,BLU,Blumenbrot Mehrkorn gf
3380380044915,BLU,Blumenbrot Quinoa gf
3380380096327,BLU,Blumenbrot Tomate Paprika gf
3380380074042,BLU,Blumenbrot Zwiebel gf
4260512462055,AYA,Blumengarten Shampoo
4026813020017,NCL,Blumenkohl
4026813004277,DFE,Blumenkohl 40-60mm
4031829263020,™KL,Blumenkohl Cremesuppe
4026813000736,BSI,Blumenkohl Falafel
4250096906366,KBH,Blumenkohlsuppe Suppenliebe
4260012644654,BIN,Blumenmischung Blühender Balkon
4260012642360,BIN,Blumenmischung Essbare Blüten
4020829098565,HAU,Blush 01 raspberry
4020829098589,HAU,Blush 02 apricot
4020829042407,HAU,Blusher Brush
4260512462246,AYA,Blütenglanz Shampoo Glanz & Pflege
4260033050021,IMK,Blütenhonig
4260033050106,IMK,Blütenhonig mit Akazie
4260033050038,IMK,Blütenhonig mit Linde
4260033050069,IMK,Blütenhonig mit Wald
4012346282800,LEB,Blütenkuss TB
4016249008482,ALO,Blütenpollen
4086900105027,PVL,Blutorange bio
4015533063824,VOE,Blutorangensaft kühlfrisch
4106060045510,BEU,Blutorangensaft Multifruchtcocktail
4035447910007,BGP,Bobal y Merlot rot
4035447900015,BGP,Bobal y Tempranillo rot
4022346103319,HEU,Bockshornklee ganz
9004145007338,STN,Bockshornklee gemahlen
4031829230770,™KL,Bockwürstchen in Eigenhaut
4007547309401,SNT,Boden Wischpflege
4019886077026,SOD,Boden Wischpflege
4000433934053,FUN,Bodendisplay Ostern
4100570017555,BEP,"Bodenseer Block, mit weißer Edelpilzrinde"
4016249092917,ALO,Bodensteller Herzhafte Aufstriche
4016249175245,RIT,Bodensteller herzhafte Snacks
4016249435608,ALO,Bodensteller Mix Gemüse Käse Aufstriche
4016249435615,ALO,Bodensteller ungesüáte Müslis
4260672893829,KHD,Body Butter Pink Lotus
4260672893812,KHD,Body Butter Rose Love
4260672893171,KHD,Body Butter Shatavari Everyoung
4260198099224,BEN,Bodybutter Macadamia
4021457637423,LAV,Bodylotion Erfrischend
4260026697370,BIT,Bodylotion Genuss-Moment
4260026697387,BIT,Bodylotion Pure Lebensfreude
4021457644513,LAV,Bodylotion Regenerierend
4021457637461,LAV,Bodylotion Sanft
4260026697394,BIT,Bodylotion Süáes Versprechen
4021457637447,LAV,Bodylotion Vitalisierend
4260026697400,BIT,Bodylotion Zarte Berührung
4260026697363,BIT,Bodylotion Zitrus-Kuss
4260360271540,NPU,Bohnen Mischung
4019339487150,DAV,Bohnen Mix
4019339451106,DAV,Bohnen weiß
4022346202883,HEU,Bohnenkraut Dose
4012346154602,LEB,Bohnenkraut Tüte
9004145003132,STN,Bohnenkraut Tüte
9004145012608,STN,Bolognese Gewürz
4019736000679,ZWE,Bolognese vegetarisch
4025089006947,SAN,Bond With Me Conditioner
3760023090033,1EB,Bordeaux rose
3760041090107,1CH,Bordeaux rot
3760041090602,1CJ,Bordeaux rot
3760023090019,1EB,Bordeaux Sup‚rieur rot
3760041090206,1CH,Bordeaux weiß
8017955001404,PLG,Borgo Faveri rot
8017955000919,PLG,Borgo Faveri weiß
4016512020159,ERN,Bouillon mit Rindfleisch
4005394115664,BVE,Bourbon Vanille gemahlen
4012346100807,LEB,Bourbon Vanille gemahlen
4005394201244,BVE,Bourbon Vanille Paste
4012346168005,LEB,Bourbon Vanille Schote
4008471521518,S™B,Bourbon Vanille Soáe mit Sahne
4024297330202,NAT,Bourbon Vanillepulver
4005394200797,BVE,Bourbon Vanilleschoten
4013044110020,BTH,Bourbon Vanillezucker
4013044120029,BTH,Bourbon Vanillezucker mit deutschem Rübenzucker
4005394200780,BVE,Bourbon-Vanille Extrakt
4000430002694,WER,Br”sel Paniermehl Dinkel VK
4260360271045,NPU,Br”tchenkorb
4024297018193,NAT,Brasilien Feinbitter 70%
4260355586529,BPL,Brat & Back”l Mehrweg
4000915030990,ISA,Brat & Grillkäse (Schaf & Ziege)
4018462400708,BYO,Brat Olive Mediterran
4018462401507,BYO,Brat Olive mild
3445020001755,BPL,Brat Oliven”l
3445020001779,BPL,Brat Oliven”l
4260355586512,BPL,Brat Oliven”l Mehrweg
7640166792758,ZFK,Brat- & Grillkäse Provencal
3445020204507,BPL,Brat- und Back”l
3445020204705,BPL,Brat- und Back”l
3445020904346,BPL,Brat”l Box
3445020001854,BPL,Brat”l gedämpft desodoriert
4018462400654,BYO,Brat”l Klassik desodoriert
4018462400609,BYO,Brat”l klassisch
4260355581722,BPL,Brat”l mit Ghee
3445020008754,BPL,Brat”l mit Olive
4260355586758,BPL,Brat”l mit Olive Mehrweg
4018462401408,BYO,Brat”l mit Sesam”l
4018462400302,BYO,Brat”l Raps
4086900197121,PVL,Bratapfel Airspray
22004154,SDS,Bratenkasseler geschnitten
4031829262221,™KL,Bratensauce Bio-Gemüse
4031829262207,™KL,Bratensauce vom Bio-Rind
4012359144102,TAI,Bratfilets Bärlauch
4012359144508,TAI,Bratfilets Black Forest
4012359144003,TAI,Bratfilets Japanische Art
4018462107492,BYO,Bratgenuss Leerdisplay
4012346169101,LEB,Brathähnchen Gewürz
4026968016507,FON,Brathering Filet in Marinade
4260687039878,BUG,Bratling BBQ Style Vegan
4260687039977,BUG,Bratling BeefyStyle Vegan
4260687033142,BUG,Bratling Chickin Vegan
4260687039779,BUG,Bratling FungiStyle Vegan
4031829255025,™KL,Bratnudeln mit Gemüse
4031829255032,™KL,Bratreis mit Gemüse
4031829230114,™KL,Bratwurst -Superwurst
4031829237533,™KL,Bratwurst Salsiccia Art (4 Stück)
4031829230244,™KL,Bratwürstchen
4019339413104,DAV,Braune Leinsaat
4019339413043,DAV,Braune Leinsaat geschrotet
4019339413050,DAV,Braune Leinsaat geschrotet
4260360272011,NPU,Braune Teller Linsen
4000430009396,WER,Braunhirse Flakes gf
4000430009488,WER,Braunhirse Flocken VK gf
4000430006647,WER,Braunhirse ganz keimfähig gf
4000430006555,WER,Braunhirse Mehl gf
4000430006579,WER,Braunhirse Mehl gf
4000430006821,WER,Braunhirse Taler Schoko VK gf
4000430007538,WER,Braunhirse Toastbrot gf
4022381027878,SPI,Braunhirsebällchen gf
4022381027670,SPI,Braunhirseflocken gf
4015637822891,BAK,Braunhirsemehl gf
4022381027496,SPI,Braunhirsemehl gf
4022993046090,STZ,Bread Less gf Saatenbrot
4025089006701,SAN,BREATHE Duschgel
4046896172519,VAV,"Brebis Basque, 1/2 Laib"
4026813000446,NCL,Brechbohnen
4026813020024,NCL,Brechbohnen
4260360271458,NPU,Brechbohnen
4260360271465,NPU,Brechbohnen
4026813004567,DFE,"Brechbohnen, 4x2,5 kg, 30-40 mm"
4022381013826,SPI,Breite Bandnudeln 18mm
4022381041812,BUM,Breite Bandnudeln mit Ei
4022381013925,SPI,Breite Dinkel Bandnudeln
4012346242804,LEB,Brennnessel
4022346103081,HEU,Brennnessel
9004145002029,STN,Brennnessel lose
4260418020175,GNC,Brennnessel Superfood Trinkpulver
9004145025523,STN,Brennnessel Tee TB
4012346282602,LEB,Brennnessel Zitrone TB
9004145023475,STN,Brennnessel Zitrone TB
4000381030258,HUO,Brezel Kinder Dinkel
3770017221268,VAV,Brie de Meaux AOP
4046896109119,VAV,"Brie de Meaux AOP, 1/2 Laib"
4026913125902,™MA,"Brie Ecke, Demeter"
4100570017616,BEP,"Brie Ecke, Demeter"
4046896108105,VAV,Brie France de Sa“ne
3267031660062,VAV,Brie Petit Normand
4010303045635,WSE,Briemesser 15cm - blauer Griff
4010303045642,WSE,Briemesser 15cm - roter Griff
4010303045628,WSE,Briemesser 15cm - weißer Griff
3350968953298,VAV,Brietorte Monts–rais
4260065960558,GUS,Bright
3296651110671,VAV,"Brillat Savarin IGP Affin‚, 5x100g"
3419390041925,BNR,Brioche Burger Buns
4026813000095,NCL,Brokkoli
4026813000163,BSI,Brokkoli
4260100263774,BCO,Brokkoli
4260012643800,BIN,Brokkoli Calinaro
4031829263013,™KL,Brokkoli Cremesuppe
4012346541501,LEB,Brokkoli Kartoffel Gratin
4032105002494,SBŽ,Brokkoli Quiche (4er)
4026813004956,DFE,"Brokkolir”schen, 30-60 mm, 4x2,5 kg"
4260155021107,JOO,Brokkolisuppe mit Cashewkernen u. Datteln
4260091350057,DBB,Brombeere Fruchtaufstrich
4026584103346,SOF,Brombeeren
7391961112042,LIS,Brombeerkonfitüre
4002029030705,HOY,BRONCHIWOHL© Honigsirup
4020829099197,HAU,Bronzing Powder 01 bronze
4001638590655,WEL,Bronzing Serum Drops
4056114006007,SOM,Brot Chips mit Knobi und Kräuter
4022993047103,STZ,Brot Grainy
4022993300222,STZ,Brot Hafer
4056114005741,SOM,Brot-Chips mit Paprika & Chili
4056114005758,SOM,Brot-Chips mit Salz & Pfeffer
4030917044800,SAC,Brotaufstrich Antipasti Arrabbiata
4030917065508,SAC,Brotaufstrich Antipasti Arrabbiata
4030917045005,SAC,Brotaufstrich Antipasti Bruschetta
4030917063108,SAC,Brotaufstrich Antipasti Bruschetta
4030917034702,SAC,Brotaufstrich Antipasti Kapern
4030917063306,SAC,Brotaufstrich Antipasti Kapern
4030917034504,SAC,Brotaufstrich Antipasti Olive
4030917062903,SAC,Brotaufstrich Antipasti Olive
4030917001605,SAC,Brotaufstrich Basilikum Romana
4030917065102,SAC,Brotaufstrich Basilikum Romana
4030917028305,SAC,Brotaufstrich Cheesana Jalape¤o
4030917063900,SAC,Brotaufstrich Cheesana Jalape¤o
4030917028503,SAC,Brotaufstrich Cheesana Rauch Zwiebel
4030917065706,SAC,Brotaufstrich Cheesana Rauch Zwiebel
4030917026103,SAC,Brotaufstrich CrŠme Aubergine
4030917065300,SAC,Brotaufstrich CrŠme Aubergine
4030917059507,SAC,Brotaufstrich Curry
4030917064709,SAC,Brotaufstrich Curry
4030917033309,SAC,Brotaufstrich Fenchel Toskana
4030917063702,SAC,Brotaufstrich Fenchel Toskana
4030917059309,SAC,Brotaufstrich Honig Senf
4030917064501,SAC,Brotaufstrich Honig Senf
4030917059101,SAC,Brotaufstrich Jalapeno
4030917064303,SAC,Brotaufstrich Jalapeno
4030917059705,SAC,Brotaufstrich R”stzwiebel
4030917064907,SAC,Brotaufstrich R”stzwiebel
4030917002008,SAC,Brotaufstrich Roter Paprika
4030917063504,SAC,Brotaufstrich Roter Paprika
4030917002206,SAC,Brotaufstrich Sonnentomate
4030917062705,SAC,Brotaufstrich Sonnentomate
4260515261068,HED,BROTGENUSS Bruschetta
4260515261075,HED,BROTGENUSS India-Style
4260515261082,HED,BROTGENUSS Toscana-Style
4012346154404,LEB,Brotgewürz gemahlen
9004145006973,STN,Brotgewürz gemahlen Tüte
4032105012004,SBŽ,Brottüten groá - 16x6x35cm
4032105011991,SBŽ,Brottüten klein - 12x5x28cm
4032105012011,SBŽ,Brottüten XL - 20x7x41cm
4020829098626,HAU,Brow and Lash Gel 00 translucent
4022381033671,SPI,Brownies Backmischung gf
4016512051115,ERN,Brühwürfel Typ Rind
8032130033100,TEP,Brunello di Montalcino rot
8018759002215,SEL,Bruschetta Dunkle Olive
8053323643845,SEL,Bruschetta Frische Tomate
8018759002246,SEL,Bruschetta Tomate
8053323642404,SEL,Brutti ma buoni alle nocciole
8032692482804,OVO,Bucefalo Primitivo Apassite rot
8032692480268,OVO,Bucefalo rot
8032692482798,OVO,Bucefalo weiß
4000345043645,ERN,Buchstaben Klare Suppe
4019339184172,DAV,Buchweizen
4022381029650,SPI,Buchweizen
4022381513203,SPI,Buchweizen
4000430006494,WER,Buchweizen Flakes gf
4019339184103,DAV,Buchweizen geschält
4000430003066,WER,Buchweizen Mandel Taler Schoko VK gf
4022381039093,SPI,Buchweizen Porridgeflocken
4032105000704,SBŽ,Buchweizenbrot
4022381010962,SPI,Buchweizenflocken
4022381027632,SPI,Buchweizenflocken gf
4022381027458,SPI,Buchweizengrieá gf
4022381017015,SPI,Buchweizenmehl VK
8713576282559,TER,Buchweizennudeln mit Süákartoffel
4026968016101,FON,Bücklingsfilet in ™l
4260377840012,1BS,"Büffel Mozzarella Kugel 125g im Becher, SB"
4019339303122,DAV,Bulgur
4022381180207,SPI,Bulgur
4019339641064,DAV,Bulgur Salat
4260148651809,PUF,Bulgursalat nach Tandoori-Art
4260148650123,PUF,Bulgursalat nach Tandoori-Art GV
4019339499108,DAV,Bunte Hülsenfrüchte
4260360272080,NPU,Bunte Hülsenfrüchte
4260012643268,BIN,Bunte Salatplatte
4026813020062,NCL,Bunter Gemüsemix
9120009120347,LUZ,Bunter Krautsalat
4260012643725,BIN,Bunter Mangold Rainbow
4012346158501,LEB,Bunter Pfeffer ganz Tüte
4031829251812,™KL,Buntes Ofengemüse
7640101096644,ZFK,Bura laktosefrei
4260229234532,FOD,Burger Erdbeere
9004145012585,STN,Burger Gewürz
4260229234501,FOD,Burger Haselnuss Kakao
4024297021452,NAT,Burger Sandwich Sauce
4003247705611,VTQ,Burger Sauce American Style vegan
4260360272523,NPU,Burgergurken
4026584132131,SOF,Burrito-R”llchen
4260012641554,BIN,Buschbohne grün
4260012641073,BIN,Buschbohne Marona
4003247102106,VTQ,But Better - vegane Butteralternative
8437007451030,2CM,Butibalausi Negre D.O.
4019339487211,DAV,Butter Beans
8711823493000,RIT,Butter Brezeln
4260360271038,NPU,Butter Croissant
4031779102059,MOI,Butter Croissant SB
7640166790976,ZFK,Butter laktosefrei 125 g
4017194009609,SBG,Butter Süárahm
4031779102813,MOI,Buttercroissant franz. Art
9004283492706,BWI,Butterkäse Scheiben
22400215,AUA,"Butterkäse, PrePack"
4015537002607,HMO,Butterkekse gf
4026367044064,UBM,Buttermilch
4250017300617,GLM,"Buttermilch 1,0%"
4017194009319,SBG,Buttermilch 6x500g
4260026433169,GLM,Buttermilchdrink Beeren Power
4056479582239,HAM,Buttermilchdrink Heidelbeere
4056479582031,HAM,Buttermilchdrink Himbeere
4260026431455,GLM,Buttermilchdrink Zitrone
4003514000333,SNW,Butterschmalz
3380330000145,JFR,C“tes du Rh“ne Contreforts du Delta
3416470121195,SAY,C“tes du Rh“ne rot
22506139,MAX,Cabanossi (2 St.)
4042287106132,WBF,Cabernet blanc weiß
4013320334829,GEP,Caf‚ Bassaja ganze Bohne
4013320350744,GEP,Caf‚ Bergisch mild gemahlen
4012346166902,LEB,Caf‚ de Paris
4013320034101,GEP,Caf‚ Org nico Softpack
4019578018115,DWE,Caf‚-Creme Liqueur
80540380,RAC,Cafe Eis
4013320034453,GEP,CaffŠ Crema Org nico Bohne
4012346533803,LEB,CaffŠ Crema Solea© ganze Bohne
4012346460109,LEB,CafŠ Dia
4086900105133,PVL,Cajeput bio
4270003947121,COO,Cake Bar Cashew Cream Tart
4270003947107,COO,Cake Bar Strawberry Cheesecake
4035784161100,GSE,Calcium & Magnesium Complex
4032061011035,GEB,Calendula Cream
4001638590433,WEL,Calendula Erkältungszeit Bad
4001638590679,WEL,Calendula Gesichtscreme Parfümfrei
4001638500838,WEL,Calendula Massage”l
4001638098946,WEL,Calendula Pflanzenseife
4001638096560,WEL,Calendula Pflege”l unparfümier
4001638523172,WEL,Calendula Pflegecreme K”rper & Gesicht
4001638523134,WEL,Calendula Pflegemilch
4260026691088,BIT,Calendula Salbe
4001638590440,WEL,Calendula Schlaf Gut Bad
4001638523127,WEL,Calendula Waschlotion Shampoo
4001638523196,WEL,Calendula Wind Wetterbalsam
4001638523165,WEL,Calendula Wundschutzcreme
4001638590235,WEL,Calendula Wundschutzcreme parfümfrei
4001638098014,WEL,Calendula Zahncreme
4001638530248,WEL,Calendula Zauberbalsam
4086900743540,PVL,Calendula”l
4026913121751,™MA,California Frischkäse Kräuter
4026913121706,™MA,California Frischkäse Natur
4020829115620,HAU,Calm and Balance Ampoules
4020829115668,HAU,Calm and Balance Ampoules
4026913121508,™MA,Cambera Ros‚
4032105000117,SBŽ,Camelina-Roggenmischbrot
4026913125971,™MA,Camembert
4104060011641,AND,Camembert
4100570017432,BEP,Camembert Classic
3254550032807,VAV,Camembert D'Isigny
3267031605001,VAV,Camembert de Normandie AOP
3267031601010,VAV,"Camembert Gillot, 150g"
3267031600105,VAV,"Camembert Gillot, 250g"
4026913125896,™MA,"Camembert, Demeter"
4024967301327,PAR,CAMINO Rosado
8437001679997,PAR,Camino rot Bag in Box
4024967301303,PAR,Camino tinto rot
8024586006005,LBJ,Campo Buri Barrique rot
4035447100071,HES,Cana weiß
4056114006069,SOM,Canestrelli
4022346309186,HEU,Cannabistee
4018462142004,BYO,Cannelloni semola
8053323642381,SEL,Cantucci alle mandorle
8012206001042,3PA,Cap del Priu rot
4000799100024,MOU,Cappuccino in der Dose
4005967003541,ROS,Cappuccino Schnitte
4044889001075,VNI,Cappuccino Schokolade
4035447900077,BGP,Capricho rot
3440777970002,VAV,"CapriïCitron, 4 x ca. 80g"
3440777960003,VAV,"CapriïFigue, 4 x ca. 80g"
4044889003253,VNI,Caramel Inka Salz
4024297022350,NAT,Caramel Salt Schokoriegel
4022346303757,HEU,Cardamon grün gemahlen Tüte
4015533067228,VOE,Care Bitter Kräuter Getränk
4015533040825,VOE,Care Darmwohl
4015533031601,VOE,Care Pflaume
4015533067204,VOE,Care Stangensellerie Getränk
4260423370487,JMH,Carlo Frischkäse Curry/Dattel
22500007,MAX,"Carpaccioschinken, Theke"
4018462148808,BYO,Casarecce Reis Mais gf
4005967006603,ROS,Cashew Butterkeks Snack
4270001544353,LNB,Cashew Caramel Pralinis
4270001075321,LNB,Cashew Choc Crunch Riegel
4270001075383,LNB,Cashew Coconut Riegel
4045800716238,GRH,Cashew Creme - Dattel-Curry
4045800716245,GRH,Cashew Creme - Knobl.-Sambal Oelek
4021246555556,LUB,Cashew Dattel Riegel gf
9020200031889,NTM,Cashew Drink
4005967003602,ROS,Cashew Quinoa Ecke
9004998007684,LAG,Cashew Rosmarin
4019736018117,ZWE,Cashew Schmelz
4270001544322,LNB,Cashew Spread
4026584131608,SOF,Cashew-Black Bean Burger
4260576710710,BVO,Cashewkerne gesalzen Curry
4260576710734,BVO,Cashewkerne mit Tamari und Sesam
4005967003664,ROS,Cashewknacker
9004998015726,LAG,Cashews in Vollmilch Schokolade mit Salz Karamell
9004998002580,LAG,Cashews Kokos Curry
9004998013999,LAG,Cashews Wasabi
9004998002511,LAG,Cashews Würzig
4015533014116,VOE,Cassis Sirup
4260508211322,PBK,Cassis Soda
4260508211339,PBK,Cassis Soda mit Koffein
4019578018153,DWE,Cassis-Liqueur
8421216187682,MAA,Castillo de Alicante rose
8421216113117,MAA,Castillo de Alicante rot
8034115190242,PSP,Catarratto Pinot Grigio
8034115195551,PSP,Catarratto Pinot Grigio
8437003662379,2UM,Cava Circell Brut
8437003662393,2UM,Cava Circell Brut rose
4022346304242,HEU,Cayennepfeffer gem Dose
4012346175904,LEB,Cayennepfeffer gemahlen
4012346157009,LEB,Cayennepfeffer Tüte
4018462148600,BYO,Cellentani grüne Erbse gf
4046896437106,VAV,Cerr¢n Ziege Rosmarin
4012346520025,LEB,Ceylon Schwarztee TB
4012346520407,LEB,Ceylon Tee
4260435770992,SPC,Ceylon Zimt
4260752752961,SPC,Ceylon Zimt
4012346154206,LEB,Ceylon Zimt gemahlen Tüte
3354240000014,1DB,Chablis weiß
9004145077546,STN,Chai Küsschen Blütenzucke Dose
746052793391,BQC,Chai Oat Latte
9004145005921,STN,Chai Sirup
9004145012158,STN,Chakalaka Gewürzmischung
3551871910976,2FL,Champagne Brut EXCLUSIV Fleury
3770001037004,2CL,Champagner brut
4009309556214,MAR,Champignon K”pfe
4031829262306,™KL,Champignon Rahmsauce
4032105002265,SBŽ,Champignon-Bratling - pikant
4260261494192,WOH,Champignons geräuchert
4009309555613,MAR,Champignons geschnitten
4026813000248,BSI,"Champignons, Scheiben"
4000345043669,ERN,Champignonsuppe
4024830102235,2KP,Chardonnay VDP. Gutswein
4037865002005,SND,Chardonnay weiß
42201861,CHT,Chari Tea Black
42201878,CHT,Chari Tea Green
42254300,CHT,Chari Tea Mate
42404958,CHT,Chari Tea Mate Ingwer
42201885,CHT,Chari Tea Red
8711842242474,BAS,Charmeux Bockshorn
22081728,BAS,"Charmeux Bockshorn, PrePack"
8711842242498,BAS,Charmeux mit 3 Sorten Pfeffer
8711842242504,BAS,Charmeux mit R”stzwiebeln
8711842242481,BAS,Charmeux Schwarzkümmel
4019339481103,DAV,Chateau Linsen
4046896461156,VAV,Cheddar mature 6-8 M
4046896461071,VAV,Cheddar mild 3-5 M
4046896461255,VAV,Cheddar vintage 14 M
4046896462108,VAV,Cheddar Waxed Vintage 400g
5060107461826,VAV,Cheddar Waxed Vintage Chilli 200g
5060107461857,VAV,Cheddar Waxed Vintage Smoked
8718754505147,TFO,Cheese Flips
4015637013329,BAK,Cheesecake Brownies gf
4260096395305,AGA,Cheesecakecreme
4250073462557,FWO,Cheesy Creamy Carbonara Noodles
4019339414002,DAV,Chia
4032105095458,SBŽ,Chia -Dinkelkrusti
4022993045253,STZ,Chia und Quinoabrot gf
4032105006027,SBŽ,Chia-Schrotling
8031642000365,FSM,Chianti Colli Fiorentini
8021091000061,1FR,Chianti Riserva rot
8021091000016,1FR,Chianti rot
4038507003442,GOV,Chiasamen
4038507005606,GOV,Chiasamen
22010513,SDS,Chicken Crispies 9 Stück
3422210438331,LPI,Chicken Nuggets
4260100263422,BCO,Chicken Nuggets
4260100263439,BCO,Chicken Wings
4033423000186,BAU,Chiemgauer Frischkäse Natur
5765228838709,URT,Childrenïs Shampoo Calendula
4031829232804,™KL,Chili con Carne
4012346174501,LEB,Chili con Carne PB
4022346204450,HEU,Chili crushed
4012346106809,LEB,Chili extra scharf gemahlen
4012346169408,LEB,Chili Flocken
9004145008717,STN,Chili Flocken
4022346304099,HEU,Chili ganz Bird's eye Tüte
9004145003545,STN,Chili gemahlen
4260012643985,BIN,Chili Lila Luzi
4260272987881,LCH,Chili Mango Kesselchips
4260221613618,EMS,Chili Mayo vegan
4018462194003,BYO,Chili Paprika Sauce
9004145003996,STN,Chili Schoten ganz Tüte
4260148650628,PUF,Chili Sin Carne
4250442400807,MAX,Chili-Fenchel Salamisticks
4030068001608,CHI,Chili-Salami geschnitten
4012346155906,LEB,Chilies ganz
4009309116517,MAR,Chiligurken pikant
4019838090325,CDO,China Grüntee mild
4022346608333,HEU,China Gunpowder Temple of Heaven
4019838090240,CDO,China Half Gunpowder
4022346638743,HEU,China Jasmin Grüntee
4019838090196,CDO,China Jasmine
4019838090943,CDO,China Sencha Duan Xin
4260012647662,BIN,Chinakohl Granat
8718754502214,TFO,Chips extra natives Oliven”l
8718754502030,TFO,Chips gesalzen Kartoffel
8718754502054,TFO,Chips Paprika Kartoffel
8718754502115,TFO,Chips Salz und Essig
8718754502313,TFO,Chips Sauerrahm Zwiebel
8718754507158,TFO,Chips Ungarisch
4035784170546,GSE,Chlorella 240 Tabletten
4035784170522,GSE,Chlorella 80 Tabl … 500 mg
4044889005387,VNI,Choc Drops
5425038430400,TUE,Choco Balls
4015637019147,BAK,Choco Balls gf
4044889004601,ICH,Choco Cookie
4015637019185,BAK,Choco Igel Hafer gf
4038857401110,™KV,Choco Lini mini
42462972,HVM,Chocolate & Salted Caramel Dessert
42462965,HVM,Chocolate Dessert
5060002043868,BXO,Chocolate Salted Caramel Trüffel Mini
42486107,HVM,Chocolate Tiramisu Protein Pudding
4000915108620,ISA,"Chorizo- Paprika- Salami, Theke"
4000915108422,ISA,Chorizo-Paprika-Salami Aufschnitt
3760013208578,VAV,ChŠvre du Quercy
4030917001407,SAC,Chutney Mango
4260360271212,NPU,Ciabattas
3301592000537,CNS,Cidre Brut Herb
3301592000568,CNS,Cidre Demi Sec bouch‚ halbtrocken
3301592000490,CNS,Cidre Doux Mild
5425038430486,TUE,Cinnamon Bites gf
4044889004878,ICH,Cinnamon Roll
4022346304631,HEU,Cistus Tee geschnitten
4012346537603,LEB,Citronella
4086900105089,PVL,Citronella bio
4035784518201,GSE,CitroPlus Bio
4035784512209,GSE,CitroPlus© 1200 forte
4001638495233,WEL,Citrus 24h Deo Roll-On
4001638097079,WEL,Citrus Deodorant
4001638097086,WEL,Citrus Deodorant Nachfüllfl.
4001638500845,WEL,Citrus Erfrischungs”l
4001638098243,WEL,Citrus Erfrischungsbad
4001638081306,WEL,Citrus Hand und Nagelcreme
8032692480183,OVO,Civitas Pecorino weiß
4017645016149,LOG,CLASSIC 3 in 1 Reinigungsmilch Aloe Vera
4055297149174,LOG,CLASSIC Feste Gesichtsreinigung Aloe Vera
4017645019751,LOG,CLASSIC Feuchtigkeitsspendende Tagescreme Aloe Ver
4017645019744,LOG,CLASSIC Hyaluron Hydro Fluid Aloe Vera & Hyaluron
4260669270831,SUU,Classic Kimchi
4017645019799,LOG,CLASSIC Milder Augen Make-up Entferner Aloe Vera
4017645019829,LOG,CLASSIC Tiefenreinigendes Mizellenwasser Aloe Vera
4017645016156,LOG,CLASSIC Tiefenreinigendes Waschgel Aloe Vera
4260418020236,GNC,Clean Green Superfood Trinkpulver
4086900273009,PVL,Cleansing Gel 2 in 1 Deep Cleanse
4086900273108,PVL,Cleansing Milk Soft u Delicate
4086900273306,PVL,Cleansing Oil Calming u Softening
4106060072868,BEU,Clementinensaft
7611650816076,HUA,Clouds Gin
4024967395005,RIE,ÇO Tinto
4003655055858,MWO,Coburger Brietorte
4003655053847,MWO,Coburger Butterkäserolle
4003655050662,MWO,Coburger Frankendammer
4030917059903,SAC,Cocktailsauce
4260229230992,FOD,Coco Caramella
8718976020183,AMI,Coco crispy rolls
8718976020206,AMI,Coco crispy rolls Schoko
42341673,DAT,Coco Water PUR
4260183213079,DAT,Coco Water Pur Fairtrade
4024297022374,NAT,Cocoa Coffee Schokoriegel
4260183211334,AQV,Coconut Concentrate Pur
4260183213215,AQV,Coconut Concentrate Pur
4024297022336,NAT,Coconut Cream Schokoriegel
4270003151665,CDI,Coconut Creme Riegel
4085900001124,VNA,Cocos Schnitte
3760050180059,VAV,Coeur de Neufchatel AOP
3760013200060,VAV,Coeur de Paille
4013320098998,GEP,Coffee crunch fairness
4012346639390,LEB,"Coffee to go Becher 0,3 l"
4012346639499,LEB,"Coffee to go Deckel 0,3 l"
4260026694072,BIT,Coffein Shampoo
4260026696212,BIT,Coffein Shampoo
7611650710039,HUA,Cognac Guy Pinard VS
4038857116618,™KV,Cola Bottles
4025174581502,SOB,Cola Fläschchen Gummi Arabicum
4025174581205,SOB,Cola Fläschchen mit Gelatine
22002266,SDS,Colbassa luftgetrocknet
4031829235317,™KL,Colbassa luftgetrocknet
4012346783109,LEB,Cold Brew Display 2026
4012346200606,LEB,Cold Brew Fruchtiger Apfel
4012346200507,LEB,Cold Brew Süáe Kräuter
4012346200705,LEB,Cold Brew Weiáer Hibiskus
4001638590129,WEL,Cold Cream Gesichtscreme
4260148650116,PUF,Coleslaw BBQ-Style GV
4005529239708,SAV,collagen drops
4017645017559,LOG,Color Fix Nachbehandlung
5425038430387,TUE,Color Loops gf
4019886015363,SOD,Color Sensitiv Waschmittel Bag in Box
4019886015097,SOD,Color Waschmittel Lavendel
4019886015165,SOD,Color Waschmittel Lavendel Bag in Box
4019886015066,SOD,Color Waschmittel Limette
4019886015264,SOD,Color Waschmittel Limette Bag in Box
4019886015301,SOD,Color Waschmittel Sensitiv
4019886050722,SOD,Color Waschpulver
4019886050821,SOD,Color Waschpulver Sensitiv
4020829098633,HAU,Colour Correcting Powder 00 translucent
4020829098657,HAU,Colour Correcting Powder 01 activating
4020829098671,HAU,Colour Correcting Powder 02 calming
4260198091174,BEN,Compact blush mallow rose
4260198091181,BEN,Compact blush sassy salmon
4020829099159,HAU,Compact Powder 00 translucent
4260198091143,BEN,Compact Powder porcellaine
4260198091150,BEN,Compact Powder sand
4046896151255,VAV,Comt‚ AOP 12 M+ r‚serve
22082237,VAV,"Comt‚ AOP 5 M+, M. Petite, PrePack"
4020829098695,HAU,Concealer 01 macadamia
4020829098701,HAU,Concealer 02 chestnut
4260198090733,BEN,Concealer beige
4018462416501,BYO,Condimento Bianco
4018462416600,BYO,Condimento bianco
8018759001249,SEL,Condimento Bianco
4018462416556,BYO,Condimento Rosso
4260672890163,KHD,Conditioner Coconut Shikakai
4260672893225,KHD,Conditioner Color Finish
5701058014777,URT,Conditioner Nordic Berry Rich Repair
4260672893218,KHD,Conditioner Rose Revolution
5701058006574,URT,Conditioner Soothing Lavender
4260418982244,RRT,ConditionerBit extra reichhaltig
4270003947152,COO,Cookie Bar Peanut Caramel
4005561001783,BOL,Cookie Dinkel Haselnuss
4005561001790,BOL,Cookie kerniger Hafer
4005561008881,BOL,Cookie Vollmilch ZB
4005561001806,BOL,Cookie ZB Schoko
4056114006137,SOM,Cookies Choco Cashew gf
4056114006144,SOM,Cookies Cranberry gf
4056114006113,SOM,Cookies Hafer-Schoko-Nuss gf
4006182007352,SOM,Cookies Vollkorn-Hafer gf
4086900105140,PVL,Copaiba bio
4021234402336,BHO,Cornflakes
4015637026046,BAK,Cornflakes gf
4015637823744,BAK,Cornflakes gf
4022381355223,SPI,Cornflakes gf
4019339291016,DAV,Cornflakes natural gf
4009309114476,MAR,Cornichons
4009309114766,MAR,Cornichons
4009309114681,MAR,Cornichons ohne Zuckerzusatz
4260012641035,BIN,Cosmea
8032692482095,OVO,Coste di Moro Riserva rot
8032692480251,OVO,Coste di Moro rot
4026913121607,™MA,Cottage Cheese (K”rniger Frischkäse)
7640101092547,ZFK,Cottage Cheese (K”rniger Frischkäse)
7640101096682,ZFK,"Cottage Cheese (K”rniger Frischkäse), laktosefrei"
7640166798880,ZFK,"Cottage Drops, 6 x 200g"
4026813110510,NCL,Country Kroketten
4026813050007,NCL,Country Potatoes Wedges
4260009210121,PVD,Couperose Bio Complex
4260009214648,PVD,Couperose d`Aqua
4260009211005,PVD,Couperose Soft Fluid
4019339306109,DAV,Couscous
4022381415200,SPI,Couscous
7640161876705,HOL,Couscous
4019339147078,DAV,Couscous & Linse Kochbeutel
4015637026558,BAK,Couscous Bowl Curry
4015637026534,BAK,Couscous Bowl mit Linsen
4015637026503,BAK,Couscous Bowl Taboul‚ gf
4015637026572,BAK,Couscous Bowl Tomate gf
4005561007860,BOL,Couscous Linsen Salat
4005561007877,BOL,Couscous Orient Salat
4005561007853,BOL,Couscous Taboul‚ Salat
4000915100570,ISA,Couscous-Salat
4260148651700,PUF,Couscoussalat
4260148650086,PUF,Couscoussalat GV
7804320081496,EML,Coyam rot
3760050293001,HHM,Cr‚mant de Bourgogne brut
8713576004021,TER,Cräcker mit Sesam und Rosmarin
4004191022106,RAB,Cranberry Muttersaft
4015533060243,VOE,Cranberry Muttersaft
4015533014703,VOE,Cranberry pur
4028112059576,SDL,Cranberry-Kart”pfelchen©
4270000873607,COO,Cream Bites Coconut Choc
4270000873621,COO,Cream Bites Hazelnut Choc
4270000873683,COO,Cream Bites Raspberry
4270000873645,COO,Cream Bites Salted Caramel
4086900275102,PVL,Cream Fluid Mattifying
4260717840580,LNB,Creamy Coconut Pralinis
4013320098875,GEP,Creamy espresso fairness
4260198090269,BEN,Creamy Make up caramel
4260198098425,BEN,Creamy Make up cream
4260198090146,BEN,Creamy Make up honey
4260198090252,BEN,Creamy Make up nude
4260198098418,BEN,Creamy Make up vanilla
4018462416020,BYO,Crema con Aceto Bals IGP
4024297010449,NAT,Crema con Aceto Balsamico
4013320091517,GEP,Crema Das faire Pfund Bohne
4013320059623,GEP,Crema Das faire Pfund gemahlen
4000799111440,MOU,Crema Honduras ganze Bohne
4260289420579,THV,Creme Duo Pudding vegan
4008471500483,S™B,Creme fraiche 30% - im Becher
4026367042640,UBM,Creme fraiche 30% - im Becher
4017194009548,SBG,Creme fraiche 32%
4017194450104,SBG,Creme fraiche 32% 5kg
4005529222519,SAV,creme light
4005529222014,SAV,creme light ohne Duft
4005529232013,SAV,creme medium
4005529235014,SAV,creme medium ohne Duft
4005529234017,SAV,creme rich
4005529234512,SAV,creme rich ohne Duft
4026968017689,FON,Cremige Wildlachs Suppe
4101530000464,BGL,"Cremiger Quark 0,2%"
4044889005400,VNI,Cremosini Espresso
4044889005394,VNI,Cremosini Minze
4038375024600,NTM,CreSoy Cuisine
4026813050083,NCL,Crinkle Pommes Frites
4056114005840,SOM,Cro–tons Kräuter - ger”stete Brotwürfel
4056114005857,SOM,Cro–tons Natur- ger”stete Brotwürfel
4028112077228,SDL,Croissant Schokocreme
4031779109812,MOI,"Croissant, vegan"
4013320009789,GEP,Crossita Haselnusswaffelriegel
4000915103373,ISA,Crostello Brat- & Grillkäse mariniert
3440771074003,VAV,Crottin affin‚e Ziegenkäse
3422290000220,VAV,Crottin fermier
4044889004793,VNI,CrŠme Br–l‚e Riegel
4005561005491,BOL,Crunch Keks
4016249134815,ALO,Crunchy Beere
4260752751704,SPC,Crunchy Brot Topping
4016249134808,ALO,Crunchy Nuss
4016249134839,ALO,Crunchy Schoko
7640230493611,HOL,Crunchy Snack Hafer Himbeere
7640161879355,HOL,Crunchy Snack Hirse Mango
4260065960282,GUS,Crush NAT weiß
8437008467313,PAR,Cuesta Colora SO2 zusatzfrei rot
4012346519104,LEB,Cumin Koriander Muskatnuss
4022346304440,HEU,Curcuma gemahlen Dose
8437000043195,JGA,Curi¢s rot
8437000043188,JGA,Curi¢sa rose
4012346132501,LEB,Curry englisch
4012346113005,LEB,Curry golden
4012346132389,LEB,Curry indisch
4018462157107,BYO,Curry Ketchup
4019736006121,ZWE,Curry Ketchup
4030917048600,SAC,Curry Mango Grillsauce
4018462193006,BYO,Curry Mango Sauce
4024297022824,NAT,Curry Mayo vegan
4260752752985,SPC,Curry mild
4022346204856,HEU,Curry mild Dose
4030917040505,SAC,Curry Palak
4012346113203,LEB,Curry rot
9004145008793,STN,Curry scharf gemahlen Tüte
9004145008762,STN,Curry süá gemahlen Tüte
4045800773798,GRH,Curry-Geflügelsalat
4030917005207,SAC,Currypaste Green Thai
4030917004200,SAC,Currypaste Korma
4030917005009,SAC,Currypaste Red Thai
4030917004804,SAC,Currypaste Tandoori
4030917046200,SAC,Currypaste Yellow Thai
4022346304662,HEU,Currypulver extra Dose
4022346304693,HEU,Currypulver extra Tüte
4012346158709,LEB,Currypulver indisch Tüte
4012346159706,LEB,Currypulver klassisch Tüte
4012346159805,LEB,Currypulver mild Tüte
4030917021108,SAC,Currysauce Red Thai
4030917010706,SAC,Currysauce Tikka Masala
3760041090404,1CH,Cuv‚e Bacchus Bordeaux rot
3380330000947,JFR,Cuv‚e deL'Ancien Courrier CorbiŠres rot
3380330001234,JFR,Cuvee le Soleiller rose
3380330001241,JFR,Cuvee le Soleiller weiß
9004145077379,STN,D-Alles im Grünen© Salatgewürz
4260133141094,BBF,D-biofix Chicken Tandoori
4260133141889,BBF,D-biofix Chicken Tikka
4260133141865,BBF,D-biofix Chop Suey
4000433131810,FUN,D-Edelmarzipan Eier dunkel
4000433231817,FUN,D-Edelmarzipan Eier hell
4000433131834,FUN,D-Edelmarzipan Hasen dunkel
4000433231831,FUN,D-Edelmarzipan Hasen hell
4000433031776,FUN,D-Edelmarzipan Kartoffeln
9004145076921,STN,D-Eierspeisgewürz Streudose
4260355585799,BPL,D-Fresh & Fruity ™lziehkur
4260355580213,BPL,D-Fresh ™lziehkur
9004145012998,STN,D-Frohe Ostern Kekse
4020829078055,HAU,D-Gesichtstonikum Sondergr”áe Tester
9004145005853,STN,D-Grüne Neune Tee
9004145025851,STN,D-Grüne Neune Tee TB
9004145009592,STN,D-Honigherzen Kekse gf
9004145025738,STN,D-Ingwer Tee TB
4000345033066,ERN,D-Kokos Gemüsesuppe Asia
9004998002597,LAG,D-Mandeln Tomate Kräuter
4000433031929,FUN,D-Marzipan Hase mit M”hre in Tüte
4000433031820,FUN,D-Marzipan Küken groá
4000433031844,FUN,D-Marzipan Küken klein
4000433031868,FUN,D-Marzipan M”hren
4000433031943,FUN,D-Marzipan Rübli Torte
4000433031462,FUN,D-Marzipan Schmusebär
9004145073012,STN,D-Meister Lampes Blütensalz Streudose
4018462161852,BYO,D-Milder Senf
4020829096516,HAU,D-Moor Lavendel Bad Sonderedition (aufräumen)
4019339646113,DAV,D-Noodle Cup Linsen Bolo
4260229231067,FOD,D-Nussriegel Rock O Choc
9004145013131,STN,D-Oster Eierei Gewürzmischung Streudose
4020829113824,HAU,D-Regeneration Handbalsam
4020829007970,HAU,D-Reinigungsmaske Sachet
4020829096523,HAU,D-Rosen Bad Sonderedition (verw”hnen)
4018462158203,BYO,D-Salatcreme
4020829096509,HAU,D-Salbei Bad Sonderedition (warm machen)
4250073462748,FWO,D-Stieleis Mango-Passionsfrucht FIGGO
4005967510964,ROS,D-Vollmilch Schoko Eier mit Nougat gefüllt
4020829096530,HAU,D-Wind und Wetter Sonderedition (durchatmen)
4260155021015,JOO,Daal - Indisches Linsengericht
4260650730948,CPO,daikon kimchi (scharf)
782126003546,NAC,Damenbinden bei Blasenschwäche Plus
782126003508,NAC,Damenbinden bei leichter Blasenschwäche Slim
782126003041,NAC,Damenbinden Maxi Nacht
782126003027,NAC,Damenbinden Maxi normal
782126003034,NAC,Damenbinden Maxi super
782126003201,NAC,Damenbinden Ultra Extra Lang
782126003256,NAC,Damenbinden Ultra Extra Normal
782126003287,NAC,Damenbinden Ultra Extra Super
782126003058,NAC,Damenbinden Ultra normal
782126003089,NAC,Damenbinden Ultra Super
4250442400814,MAX,Damhirsch Salamisticks
5425026791445,DCV,Damse Brie Marigold (Ringelblume)
5425026790066,DCV,Damse Kräuterbrie
5425026111106,DCV,Damse Kräuterbrie Ziege
5425026790325,DCV,"Damse Mokke, klein"
5425026790738,DCV,Damse Pfefferbrie
5425026790332,DCV,"Damse Schaf Mokke, klein"
5425026790073,DCV,Damse Ziegen Brie
5425026790769,DCV,"Damse Ziegen Mokke, klein"
4030917048402,SAC,Dänische Burgersauce
5701975111115,TMJ,Dänische Butter
4031779405815,MOI,Dänische Butter Birkes
5701975001225,TMJ,Dänische Butter gesalzen
9004145025608,STN,Dankesch”n Kräutertee TB
4012346242408,LEB,Darjeeling
4012346527406,LEB,Darjeeling
4012346528106,LEB,Darjeeling
4022346569726,HEU,Darjeeling Bio Kampagne
4019838090233,CDO,Darjeeling Broken
4019838090011,CDO,Darjeeling First Flush
4012346528212,LEB,Darjeeling Grüntee
4019838090226,CDO,Darjeeling Grüntee
4012346532301,LEB,Darjeeling Himalaya Blatt
4022346574331,HEU,Darjeeling Himalaya Classic
4022993045444,STZ,Dark Chocolate Muffins gf
4260516390118,ICE,Dark-Chocolate Eis
4022381053969,SPI,Darm Wohl Flocken
4260418020472,GNC,Darmflora Trinkpulver Probiotika u. Präbiotika
9004145006492,STN,Das Beste für Reste
4054411015401,BFU,Das fruchtige Duo
4016249198275,ALO,Das Ungesüáte Beeren Müsli
4016249198282,ALO,Das Ungesüáte Nuss Müsli
4016249198299,ALO,Das Ungesüáte Protein Müsli
4016249076498,ALO,Das Ungesüáte Protein Müsli Sample
4016249277444,ALO,Das Ungesüáte SchokoMüsli
4015637824253,BAK,Das zarte Kilo
4005967008089,ROS,Dattel Blaubeer Blondie
4020943242653,ARC,Dattel Klax
4021246001312,LUB,Dattel Kokos Konfekt
4038507011676,GOV,Dattel Rohmasse
4002317083499,MKR,Dattel Schokolade Dunkel 72%
4002317116777,MKR,Dattel Schokolade Dunkle Mandel 68%
4002317177211,MKR,Dattel Schokolade Edelbitter 80%
4002317083505,MKR,Dattel Schokolade Haselnuss 56%
4002317190265,MKR,Dattel Schokolade Himbeere 57%
4002317074107,MKR,Dattel Schokolade Natur 59%
4002317137734,MKR,Dattel Schokolade Nougat 50%
4262452220016,MKR,Dattello Schokocreme
4260096393189,AGA,Dattelsirup
4086900276604,PVL,Day Cream Ultimate New Aging
4016249374495,RIT,De Rit Bodensteller herzhafte Snacks
5016383010791,WSE,Deckel für Feinkostschale 1/4
2900000990883,5WP,Deckel für IFCO-Kiste
4001638590259,WEL,Deep Cleansing Gel
4055297224475,SAN,Deep Repair Maske
4055297221283,SAN,Deep Repair Shampoo Squalan
4055297220088,SAN,Deep Repair Spülung Squalan
4025089005933,SAN,Deep Repair Wonder Mask Sachets
4020829098718,HAU,Defining Mascara 01 black
4020829098725,HAU,Defining Mascara 02 brown
4260158470216,BAC,Deichkäse alt 12 M
28000266,BAC,"Deichkäse, klein"
28001942,HMW,DeJonker Gouda Aphrodite
28000334,HMW,DeJonker Gouda mittelalt
28002031,HMW,DeJonker Gouda Rucola-Pinienkerne
28001836,HMW,DeJonker Gouda Walnuss-Bockshornklee
4032105003712,SBŽ,Dekor groá
4032105003699,SBŽ,Dekor klein
9002540817323,,Dekorblütenmix WIEBERG
4031829230510,™KL,Del. Fleischwurst
4031829230695,™KL,Del. Geflügel Fleischwurst
4031829230688,™KL,Del. Geflügel Wiener 5 St.
4031829230572,™KL,Del. Rinder-Bratwürstchen 9 St
4031829230589,™KL,Del. Rinder-Wiener 5 Stück
4026913157996,™MA,Delicette Ofenkäse
4018462158005,BYO,Delikatess Mayonnaise
4018462158654,BYO,Delikatess Mayonnaise
4260360271632,NPU,Delikatess Mayonnaise
4018462158104,BYO,Delikatess Mayonnaise Tube
4024297006305,NAT,Delikatess Mayonnaise Tube
4024297006268,NAT,Delikatess Senf Tube
4030068029015,CHI,Delikatess-Leberwurst fein mit Honig
4019339479100,DAV,Delikatesslinsen grün
4024297001010,NAT,Demerara Rohrohrzucker
4024297340355,NAT,Demerara Rohrohrzucker
8714811143109,ZUZ,Demeter Gouda Alt
8714811143185,ZUZ,"Demeter Gouda jung, 10 kg"
8714811143062,ZUZ,"Demeter Gouda jung, 5 kg"
8714811143086,ZUZ,Demeter Gouda mittelalt
7640166794325,ZFK,"Demeter Heumilch Mozzarella Kugel, 100g"
4026913152021,™MA,Demetros Schafkäse in Salzlake
4251191898624,APR,Dentalpulver Minze + Fluorid
4260491222213,BDN,Deo Coco Mania
4260418984347,RRT,Deo Creme Gute Laune
4260418984361,RRT,Deo Creme Meeresfrische
4260418984385,RRT,Deo Creme Rosentau
4260491222220,BDN,Deo Green Fusion
4260491222244,BDN,Deo Mint
4260491222275,BDN,Deo Persian Lime
4260491220875,BDN,Deo Persian Lime Metalldose
4260491222282,BDN,Deo Pink Grapefruit
4260491220899,BDN,Deo Pink Grapefruit Metalldose
4021457638789,LAV,Deo Roll on Invisible
4021457638765,LAV,Deo Roll on Refresh
4021457638758,LAV,Deo Roll on Sensitive
4021457638796,LAV,Deo Roll on Strong
4021457638932,LAV,Deo Spray Basis Sensitive
4260631130309,GR™,Deo Spray Erfrischend Hanf Hopfen
4021457638949,LAV,Deo Spray Refresh
4021457638956,LAV,Deo Spray Strong
8720254504728,WLP,Deo Stick Chic Magnolia
8720254504476,WLP,Deo Stick Fresh Citrus
4021457668571,LAV,Deo Stick Natural & Strong
8720254504872,WLP,Deo Stick Soft Almond
8720254504254,WLP,Deo Stick Sweet Rose
8720254504667,WLP,Deo Stick Wild Lavender
8720254504759,WLP,Deo Stick Zesty Lime
4260491222237,BDN,Deo Urban Black
8720254504919,WLP,Deocreme Fresh Citrus
8720254504933,WLP,Deocreme Soft Almond
8720254504902,WLP,Deocreme Sweet Rose
8720254504926,WLP,Deocreme Zesty Lime
4104060025044,AND,Der Bio-Cremige 200g
4026913152878,™MA,Der Büffel Camembert di Bufala
9004145002227,STN,Der feine Earl Grey Tee
9004145022188,STN,Der feine Earl Grey Tee TB
4026913123502,™MA,Der leichte Camembert 30%
4015637821498,BAK,Der schnelle Käsekuchen
9004145000711,STN,Der Starke Manukahonig
4016249236908,ALO,Der Ungesüáte 3 Korn Brei
4020829079601,HAU,Desodorierende Fuácreme
7611650901048,HUA,Destillate
4024297023104,NAT,Deutsches Steinsalz
4260040174079,NHU,Deutsches Steinsalz fein naturbelassen
4260040174147,NHU,Deutsches Steinsalz fein naturbelassen im Eimer
4260012641103,BIN,Dicke Bohne Hangdown
4056479483031,HAM,Dickmilch
9004145006577,STN,Die blumige Jasmin Tee
9004145022270,STN,Die edle Pai Mu Tan Tee TB
4104060025907,AND,Die kleinen Joghurts Himbeere (4x100g)
4104060025921,AND,Die kleinen Joghurts Natur (4x100g)
4104060025914,AND,Die kleinen Joghurts Vanille (4x100g)
4018462161906,BYO,Dijon Senf
4020943230223,ARC,Dijon Senf
4024297011606,NAT,Dijon Senf Tube
4260112294834,MKS,Dijonsenf
4260012641431,BIN,Dill
9004145003262,STN,Dill geschnitten
4031829253502,™KL,"Dill, fein gehackt"
4022346105726,HEU,Dillspitzen
4012346154701,LEB,Dillspitzen Tüte
4019339144183,DAV,Dinkel
4022381104067,SPI,Dinkel
4022381104142,SPI,Dinkel
4022381104166,SPI,Dinkel
4022381104180,SPI,Dinkel
4056114005383,SOM,Dinkel 3 Ingwer Cookies
4032105000414,SBŽ,Dinkel Alles Drin
4056114005390,SOM,Dinkel Amaretti mit Mandeln
4031779317811,MOI,Dinkel Apfelfranzbr”tchen vegan
4260360271267,NPU,Dinkel Baguette
4260311981399,MGL,Dinkel Bällchen Tomate Karotte
4022381013949,SPI,Dinkel Bandnudeln 9mm
4024297062639,NAT,Dinkel Bandnudeln gewalzt hell
4022381041218,SPI,Dinkel Bauernspätzle hell
4031779808302,MOI,Dinkel Blätterteig
4260360271021,NPU,Dinkel Br”tchen 73% VK
4260311980262,MGL,Dinkel Brezeln
4024297005056,NAT,Dinkel Buchstaben hell
4022381013987,SPI,Dinkel Buchstabennudeln
4022381182201,SPI,Dinkel Bulgur
4006182005082,SOM,Dinkel Butter Herzen
4021496015701,VNA,Dinkel Butter Kekse
4006182005143,SOM,Dinkel Butter Zwieback
4006182007222,SOM,Dinkel Butterherzen mit Bourbon Vanille
4014051002193,WIK,Dinkel Butterkeks
4016249012700,ALO,Dinkel Butterkeks
4005967006719,ROS,Dinkel Butterkekse Snack
4006182005013,SOM,Dinkel Cantuccini
4006182007277,SOM,Dinkel Cantuccini Orange
4028112060053,SDL,Dinkel Ciabatta
4260360271014,NPU,Dinkel Croissant
4014051007488,WIK,Dinkel Doppelkeks
4016249143732,ALO,Dinkel Drink Naturell
4009176342415,LNA,Dinkel Eierplätzchen
4260360270635,NPU,Dinkel Frischeiwaffeln
4000381076119,ERD,Dinkel Grissini
4005967004968,ROS,Dinkel Guten Morgen Müsli
4005561532652,BOL,Dinkel Hafer Kekse
4021496015923,VNA,Dinkel Heidesand
4016249006785,ALO,Dinkel Honig Poppies
4015637822341,BAK,Dinkel Kaiserschmarrn
4014051007976,WIK,Dinkel Kakao Doppelkeks mit Kakaocreme
4056114005802,SOM,Dinkel Kinder Pizzaparty Stängel
4056114005819,SOM,Dinkel Kinder Waldtiere
4028112040611,SDL,Dinkel Kirschmürbchen
4015637823874,BAK,Dinkel Kleie
4005967004715,ROS,Dinkel Knusper Waffeln Vollmilch
4031779613357,MOI,Dinkel Krustis SB
4009176048409,LNA,Dinkel L”ffelbiscuits
4031779724350,MOI,Dinkel La Flute mini SB
4022381019767,SPI,Dinkel Lasagne hell
4032105095168,SBŽ,Dinkel Laugenbrezel
4024297006329,NAT,Dinkel Maccaroni kurz hell
4006182005327,SOM,Dinkel Mandel Aprikose
4005561532386,BOL,Dinkel Mandel Heidesand
4018722014775,ALU,Dinkel Maultaschen mit Fleisch
4018722308942,AGO,Dinkel Mie Noodles
4006748008304,MAY,Dinkel Mini Brezel
4022381015950,SPI,Dinkel Muschelnudeln
4056114005826,SOM,Dinkel Müsli-Keks mit Haselnüssen
4015637822310,BAK,Dinkel Müzli Beerenzart
4015637822228,BAK,Dinkel Müzli Früchtezart
4015637822211,BAK,Dinkel Müzli Knusperzart
4015637823713,BAK,Dinkel Müzli Schokozart
4005967004661,ROS,Dinkel Nougat Waffeln
4005967004746,ROS,Dinkel Nougatcreme Waffeln
4005967585689,ROS,Dinkel Osterhasen Kekse mit Vollmilchschokolade
4005967008041,ROS,Dinkel Osterhasen Kekse mit Zartbitterschokolade
4006182005754,SOM,Dinkel Paniermehl
4015637822129,BAK,Dinkel Paniermehl / Br”sel
4022381019705,SPI,Dinkel Penne hell
4022381039413,SPI,Dinkel Penne hell
4024297062615,NAT,Dinkel Penne hell
4015637822334,BAK,Dinkel Pfannkuchen
4260360270956,NPU,Dinkel Pita Taschen 4 Stück
4019339291122,DAV,Dinkel Pops
4022381029230,SPI,Dinkel Porridgeflocken Klassik
4022381019743,SPI,Dinkel R”hrchen hell
4006182005389,SOM,Dinkel Rübli Kekse
4006182007239,SOM,Dinkel Rübli Kekse mit Karotten und Butter
4022381041393,SPI,Dinkel Ruchbrotmehl
4000915105278,ISA,Dinkel Saccottini m. Burrata/Spinat
4005394282694,BVE,Dinkel Sauerteig flüssig
4005967004678,ROS,Dinkel Schoko Brezeln Vollmilch
4014051002209,WIK,Dinkel Schoko Butterkeks
4006182005020,SOM,Dinkel Schoko Cookies
4005561532393,BOL,Dinkel Schoko Heidesand
4021496015770,VNA,Dinkel Schoko Kekse
4005967006733,ROS,Dinkel Schoko Kekse Snack
4006182005280,SOM,Dinkel Schoko Orange Cookies
4006182005105,SOM,Dinkel Schoko Split
4021496015916,VNA,Dinkel Schwarzweiß Gebäck
4022381019729,SPI,Dinkel Spaghetti hell
4022381038812,SPI,Dinkel Spaghetti VK
4022381012690,SPI,Dinkel Spätzlemehl 630
4022381014007,SPI,Dinkel Spiralen hell
4022381039376,SPI,Dinkel Spiralen hell
4000381007281,ERD,Dinkel Spritzgebäck
4005561006580,BOL,Dinkel Tierlix
4006182005068,SOM,Dinkel Vanille Kipferl
4005561532362,BOL,Dinkel Vanillekipferl
4032105003415,SBŽ,Dinkel Vital
4022381022088,SPI,Dinkel Vollkorn Couscous
4022381014045,SPI,Dinkel Vollkorn R”hrchen
4022381039352,SPI,Dinkel Vollkorn Spiralen
4005967004630,ROS,Dinkel Waffelblättchen Vollmilch
4005967004647,ROS,Dinkel Waffelblättchen Zartbitter
4015637822358,BAK,Dinkel Waffeln
4005967004708,ROS,Dinkel Waffelr”llchen Natur
4005967004685,ROS,Dinkel Waffelr”llchen Vollmilch
4005967004692,ROS,Dinkel Waffelr”llchen Zartbitter
4019339147047,DAV,Dinkel wie Reis im Kochbeutel
4019339147061,DAV,Dinkel wie Reis mit Gourmet Berglinsen
4000381071978,ERD,Dinkel Wolkenzwieback
4015637824901,BAK,Dinkel Zitronenkuchen
4006182005044,SOM,Dinkel Zwieback
3419390403730,BNR,Dinkel-Baguettes
4028112060169,SDL,Dinkel-Baguettestange
4260229160428,KRI,Dinkel-Blätterteig
4032105000889,SBŽ,Dinkel-Croissant
4028112059897,SDL,Dinkel-Fitnessbr”tchen VK
4028112040048,SDL,Dinkel-Käset”rtchen
4028112060176,SDL,Dinkel-Kornbaguettestange
4026813330536,BSI,Dinkel-Mini-Pizza Caprese vegan
4026813330352,BSI,Dinkel-Mini-Pizza Spinaci vegan
4028112040116,SDL,Dinkel-Mohnt”rtchen
4032105002258,SBŽ,Dinkel-Nuss-Bratling (4er)
4250073457669,FWO,Dinkel-Pizza Funghi
4250073453586,FWO,Dinkel-Pizza Vegetariana
4250073456075,FWO,Dinkel-Pizza Verdura vegan
4032105091306,SBŽ,Dinkel-Saaten VK
4032105000445,SBŽ,Dinkel-Saaten-Brot
4032105000063,SBŽ,Dinkel-Schrotling
4018722830306,ALU,Dinkel-Schupfnudeln frisch
4011849804007,PAN,"Dinkel-Schupfnudeln hell, frisch"
4018722830290,ALU,Dinkel-Spätzle frisch
4011849801303,PAN,"Dinkel-Spätzle hell, frisch"
4032105000421,SBŽ,Dinkel-Spezial
4024884010685,HEB,Dinkelbr”tchen
4260360271205,NPU,Dinkelbr”tchen
4028112059903,SDL,Dinkelbr”tchen VK
4032105091108,SBŽ,Dinkelbr”tchen VK
4032105000902,SBŽ,Dinkelbr”tchen Vollkorn
4000381007151,ERD,Dinkelbrezel
4032105000407,SBŽ,Dinkelbrot
4013392016326,QUE,Dinkelchen Mini
4013392016340,QUE,Dinkelchen Vollmilch
4038375025140,NTM,Dinkeldrink Mandel
4038375025027,NTM,Dinkeldrink Natural
4019339291207,DAV,Dinkelflakes
4022381358224,SPI,Dinkelflakes
4022381305204,SPI,Dinkelflocken Groáblatt
4022381001892,SPI,Dinkelflocken Kleinblatt
4015637822204,BAK,Dinkelflocken Zartblatt
4022381014823,SPI,Dinkelflocken Zartblatt
4022381232203,SPI,Dinkelgrieá
4024297000341,NAT,Dinkelkaffee Instant
4024297013105,NAT,Dinkelkaffee Instant
4056114005345,SOM,Dinkelkekse Hanf Schoko mit Macawurzel
4260013330013,ATX,Dinkelkissen groá 7 Kammern
4260013330037,ATX,Dinkelkissen klein 4 Kammern
4022381025300,SPI,Dinkelkleie grob
4028112059781,SDL,Dinkelkorniss©
4022381024662,BUM,Dinkelmehl 1050
4022381231060,SPI,Dinkelmehl 1050
4022381231169,SPI,Dinkelmehl 1050
4022381231183,SPI,Dinkelmehl 1050
4015637821368,BAK,Dinkelmehl 630
4022381002097,SPI,Dinkelmehl 630
4022381011426,BUM,Dinkelmehl 630
4022381039055,BUM,Dinkelmehl 630
4022381234184,SPI,Dinkelmehl 630
4015637009407,BAK,DinkelNuss Burger
4032105000452,SBŽ,Dinkelr”schen Brot
4024884012696,HEB,Dinkelrusti
4028112059798,SDL,Dinkelrustic
4028112059705,SDL,Dinkelrustiss©
4028112008796,SDL,Dinkelrustiss© (4 St) SB
4005967533093,ROS,Dinkels Kümmel Cräcker
4005967533390,ROS,Dinkels Parmesan Cräcker
4005967533499,ROS,Dinkels Tomaten Cräcker
4032105004023,SBŽ,Dinkelschiffchen
4260360270888,NPU,Dinkeltoast
4024884045601,HEB,Dinkeltoast 250 g
4024884045656,HEB,Dinkeltoast 500 g
4022381011440,BUM,Dinkelvollkornmehl
4022381230186,SPI,Dinkelvollkornmehl
4260051655017,BAH,Dinkelvollkorntoast
4260051655024,BAH,Dinkelvollkorntoast
4028112059750,SDL,Dinkiss©
4260112292236,MKS,Dirty Harry Classic BBQ
4015637026640,BAK,Display Veganuary
4000915020656,ISA,Dolmades aus Griechenland
4032105001305,SBŽ,Donauwelle
4032105060210,SBŽ,Donauwelle
4260198090597,BEN,Doppelanspitzer
4014051003671,WIK,Doppelkeks mit Kakaocreme
4014051006092,WIK,Doppelkeks mit Zartbittercreme
4037865000308,SND,Dornfelder rot
4260039372134,VNN,"Dornfelder, Traubensaft rot"
4260039372165,VNN,"Dornfelder, Traubensaft rot"
4007547702004,SNT,Dosier Waschkugel
4018462160978,BYO,Dosierspender
8711823193504,RIT,Double Choc Cookies
42486114,HVM,Double Chocolate Protein Pudding
4013320098912,GEP,Double milk fairness
4044889005103,VNI,Drag‚es Cashew
4044889005097,VNI,Drag‚es Cranberry
4044889005110,VNI,Drag‚es Espresso
4022381013864,SPI,Dreh H”rnchen
4016249435936,ALO,Drei Nuss Drink
4018462417317,BYO,Dressing Sylter Art
9004145006447,STN,Druiden Trank ohne Hanf
4016249010201,ALO,Duetto Doppelkekse
4016249013615,ALO,Duetto Zartbitter
4019886016100,SOD,Duft und Pflegespülung
4086900444805,PVL,Duftende Hausapotheke
4086900601147,PVL,Duftstein Energy
4086900601130,PVL,Duftstein Ornament
4086900600812,PVL,Duftstein Rosenblüte
4086900410053,PVL,Duftstein Simply Silent
4024297016878,NAT,Dunkle Edel VM Schokolade 50%
4024297020356,NAT,Dunkle Edelvollmilch Madagaskar 55%
4016512032213,ERN,Dunkle Feinkostsoáe Vorratsdose
4044889005288,VNI,Dunkle Nougat
4000345048336,NCO,Dunkle Sauce feink”rnig
4044889002560,VNI,Dunkle Vollmilch 50% Cacao
4024297020455,NAT,Dunkle Vollmilch Schokolade Brasilien 50%
9004145026490,STN,Durchatmen im Wald TB
9004145012806,STN,Durchatmen im Wald Tee lose
9004145026407,STN,Durchschlafen Tee Happiness is
22001300,SDS,Durchwachsener Speck 220 g
4019886019569,SOD,Dusch Badreiniger
4019886019552,SOD,Dusch Badreiniger Nachfüllkonzentrat
4021457648689,LAV,Dusch-Peeling
4020829068506,HAU,Duschcreme
4260198097848,BEN,Duschgel 2in1 (K”rper u Haare) ZIRBELKIEFER
4260198096247,BEN,Duschgel 2in1 Gin GIB DEINER DUSCHE EINEN GIN
4260198096223,BEN,Duschgel 2in1 Hanf LASS GRAS DRšBER WACHSEN
4260198096216,BEN,Duschgel 2in1 Minze FšR EIN FRISCHES MINZEINANDER
4260198096230,BEN,"Duschgel 2in1 Olive GEDUSCHT, NICHT GERšHRT"
4260491223821,BDN,Duschgel Berry Infusion in der Aluflasche
4260491223838,BDN,Duschgel Blue Lagoon in der Aluflasche
4260198095974,BEN,Duschgel FAMILY Fruity Beauty Mango Orange
4260198095981,BEN,Duschgel FAMILY Garden Pleasure Apple Grape
4260198095967,BEN,Duschgel FAMILY Wellness Moment Aloe Melissa
4260198096193,BEN,Duschgel Grüntee ALLES IM GRšNEN BEREICH
4260198096209,BEN,Duschgel Hafer DEINE DUSCHE IM KORNFELD
4260198096186,BEN,Duschgel Ingwer Zitrone LOST UNTERM LEMONTREE
4260198096155,BEN,Duschgel Lavendel URLAUB IN DER PROVENCE
4260491223845,BDN,Duschgel Magnolia Breeze in der Aluflasche
4260198096179,BEN,Duschgel Pampelmuse DU BIST MEINE PAMPEL MUSE
4260198096162,BEN,Duschgel Wildrose ENTDECKE DIE WILDE ROSE IN DIR
4260620682031,OFZ,Duschseife Disney DSCHUNGELBUCH
4260620682130,OFZ,Duschseife Disney FROZEN
4260620682475,OFZ,Duschseife Disney VAIANA
4280001996076,NIA,Duschseife Lemon Eukalyptus
4280001996045,NIA,Duschseife Limette Lavendel
4280001996069,NIA,Duschseife Melisse Salbei
4280001996052,NIA,Duschseife Oliven”l Salz
4019838090042,CDO,Earl Grey
4013320033340,GEP,Earl Grey Blanc
4012346523804,LEB,Earl Grey classic
4012346520124,LEB,Earl Grey Mild
4012346524108,LEB,Earl Grey mild
4012346524207,LEB,Earl Grey Mild
4012346204901,LEB,Earl Grey TB
4012346206103,LEB,Earl Grün TB
9004145013179,STN,Easy Goreng Gewürzzubereitung
7612534070706,FAF,Eau de Cologne Frangipani
7612534070690,FAF,Eau de Cologne Mandarine
7612534070843,FAF,Eau de Cologne Rose
7612534070935,FAF,Eau de Cologne Waldzauber
7612534070904,FAF,Eau de Parfum Alpine Blue
7612534070713,FAF,Eau de Parfum Aura 1968
7612534283137,FAF,Eau de Parfum Collection
7612534071086,FAF,Eau de Parfum Sonnenglück
7612534070775,FAF,Eau de Parfum Vanilla Nuvola
7612534070768,FAF,Eau de Parfum Woody Bergamot
4019339236109,DAV,Echter Basmati Reis VK
4019339236185,DAV,Echter Basmati Reis VK
4024297005193,NAT,Ecuador 42%
4009309522660,MAR,Edamame
4026813000279,BSI,Edamame ohne Schale
4260651480019,JTT,Edamame Spaghetti
4044889004106,VNI,Edel Bitter 100% und Nibs
4044889004755,VNI,Edel Bitter Blutorange
4044889005240,VNI,Edel Bitter Cranberry
4044889005226,VNI,Edel Bitter mit 70% Cacao
4044889005257,VNI,Edel Vollmilch mit 37% Cacao
4044889005233,VNI,Edelbitter Chili
4024297005131,NAT,Edelbitter Ecuador 70%
4024297011668,NAT,Edelbitter Indien 85%
4024297013624,NAT,Edelbitter Karibik 90%
4024297016854,NAT,Edelbitter Lateinamerika 100%
4024297005155,NAT,Edelbitter Peru 75%
4013320066379,GEP,Edelbitter Schokolade 85%
4024297007593,NAT,Edelkakao Lateinamerika
4002029001279,HOY,Edelkastanien Honig
4030068012000,CHI,Edelrinderschinken Bündner Art
4030068012055,CHI,"Edelrinderschinken Bündner Art, Theke"
4030068004074,CHI,Edelsalami geschnitten
4260027921757,XXX,"Edelstahl Proviantdose 0,9 L"
4260027928909,XXX,Edelstahl-Lunchbox mit Trennsteg und Dichtung
4001638098274,WEL,Edeltannen Erholungsbad
8718754500470,YAK,Eier Mie Nudeln - Egg Noodles
4032523174919,BKH,Eier ™TZ M/L 16 x 6 Stück
4019578018221,DWE,Eier-Liqueur
4000915106060,ISA,Eier-Spätzle
7611650600507,HUA,Eierlik”r
4032067705655,ROM,Eierlik”rzipfel in Tüte
4032067605641,ROM,Eierlik”rzipfel Theke
4045800773118,GRH,Eiersalat
4026813333315,DFE,Eierspätzle
9004145006928,STN,Eierspeisgewürz
9004145027077,STN,Eine Mütze voll Schlaf©
4260012641196,BIN,Einfache Kresse
4011162194106,WCK,Einkochringe 100 mm
4011162054110,WCK,Einkochringe 60 mm
4011162074118,WCK,Einkochringe 80 mm
4022381012751,SPI,Einkorn
4032105004948,SBŽ,Einkorn pur
4022381012850,SPI,Einkornflocken
4022381012812,SPI,Einkornmehl
9004145012660,STN,Einlege Gewürz
4260012645453,BIN,Einlegegurke Liefje
5016383021971,WSE,Einlegeschale für 1/4 Antipasti - Fleur Crock
5016383028406,WSE,Einlegeschale für 1/6 Antipasti - Fleur Crock
4011432029176,WSE,Einschubtasche für A2-Plakat
4000345298816,EVP,Eintopf Erbse Karotte
4000345298823,EVP,Eintopf Kartoffel Lauch
4000345298809,EVP,Eintopf Linse-Kartoffel
4011162090552,WCK,Einweck© Klammern
4250367550298,GEC,Eis am Stiel Mandel Multipack
8006040710208,NTT,Eis im H”rnchen auf Sojabasis
8006040710918,NTT,Eis Kakao-Vanille auf Kokosbasis
8006040710055,NTT,Eis Ministicks auf Kokosbasis
8006040710086,NTT,Eis Ministicks auf Reisbasis
8006040710932,NTT,Eis Vanille-Himbeere auf Reisbasis
4250367550021,GEC,Eiscreme Bourbon Vanille
4250367550229,GEC,Eiscreme Eissterne Zimt-Apfel
4250367550045,GEC,Eiscreme Schokolade
4250367550069,GEC,Eiscreme Tricolore
4250367550205,GEC,Eisdessert im Glas
4035784160400,GSE,Eisen & Vitamin C Complex
4015533065903,VOE,Eisen Shot
4035784161407,GSE,Eisen Vital Complex
4032586001016,BHŽ,Eïsener Dinkelbrot
8713576002591,TSI,Eislollies Frucht
4250367550632,GEC,Eispraline Himbeere vegan
4250367550151,GEC,Eispraline Kokos vegan
4250367550175,GEC,Eispraline Mango Maracuja vegan
4250367550885,GEC,Eispraline Vanille
4015533027734,VOE,Eistee mit Himbeere Hibiskus
4015533027758,VOE,Eistee mit Matcha
4015533027710,VOE,Eistee mit Mate und Zitrone
4032067706812,ROM,Eiswaffel H”rnchen 125 mm x 48 mm
4032067706928,ROM,Eiswaffel Taler rund 60 mm
4037273005056,EHN,Elbling Cr‚mant Brut weiß
4037273005926,EHN,Elbling Sekt Brut weiß
4037273003021,EHN,Elbling sur lie weiß
4026913174054,™MA,Emmentaler Heumilch Scheiben
9004283492607,BWI,Emmentaler Scheiben
9008281004879,BOM,Emmentaler Scheiben aus Tirol
9004584051930,SGM,Emmentaler Stange
22400161,SGM,"Emmentaler, PrePack"
4022381012775,SPI,Emmer
4018462147405,BYO,Emmer Volanti
4022381012836,SPI,Emmerflocken
4022381012799,SPI,Emmermehl
4086900755406,PVL,Energie Kick Duft Roll-On
4260026697288,BIT,Energiedusche Pure Erfrischung
4086900195042,PVL,Energiekick Raumspray
4025089086192,SAN,ENERGY Bodylotion Zitrone & Quitte
4025089006626,SAN,ENERGY Duschgel
7611916164606,WEL,Energy Shower Gel Ingwer
7611916260735,WEL,Energy Shower Gel Ingwer
4024967012858,RIE,Engel Rieslingsekt alkoholfrei
4024967000794,RIE,Engel Rieslingsekt extra dry
4024967004044,RIE,Engelchen Rieslingsekt extra dry
4012346525709,LEB,English Breakfast Tea
4012346001531,LEB,English Breakfast Tea TB
4012346520155,LEB,English Breakfast Tee
8437004217677,1FE,Enguera Tempranillo
4016249153786,ALO,Entdecker Kekse Kakao
23413702,XBE,"Ente ganz, mit Hals&Innereien"
23401082,XBE,Entenbrustfilet 1 St.
23401099,XBE,Entenkeule 1 St.
4007547102712,SNT,Enthärter
4007547102910,SNT,Enthärter
4019886000604,SOD,Enthärter
4019886017503,SOD,Entkalker
9004145011045,STN,Entkoffeinierter Kaffee gemahl Wiener Verführung©
3760023090026,1EB,Entre deux MŠrs weiß
23013513,CHI,Entrec“te-Steak v.Rind natur
9004145023178,STN,Entspannungszeit
4026813020031,NCL,Erbsen
4260360271397,NPU,Erbsen
4260360271403,NPU,Erbsen
4260360271410,NPU,Erbsen
4260360271809,NPU,Erbsen & M”hren
4260360271816,NPU,Erbsen & M”hren
4031829263037,™KL,Erbsen Cremesuppe
4019339435106,DAV,Erbsen grün
4260360272103,NPU,Erbsen grün
4000915100921,ISA,Erbsen Guacamole
4026813000194,NCL,Erbsen und Fingerm”hrchen
4026813004994,DFE,"Erbsen zart, 4x2,5 kg"
4250096907936,KBH,Erbseneintopf Eintopfliebe
4260148650598,PUF,Erbsensuppe
4031829232101,™KL,Erbsensuppe mit Würstchenscheiben
4031829232156,™KL,Erbsensuppe mit Würstchenscheiben
4005967006580,ROS,Erdbeer Cheesecake Snack
4017194489029,SBG,Erdbeer Eis
5060466500051,TFT,Erdbeer Fruchtaufstrich
4021246555655,LUB,Erdbeer Fruchtriegel gf
4019736004684,ZWE,Erdbeer Rhabarber Fruchtgarten
8711521345793,ICF,Erdbeere Cone
4019736017271,ZWE,Erdbeere Fein
4260091350019,DBB,Erdbeere Fruchtaufstrich
4260360272431,NPU,Erdbeere Fruchtaufstrich
4019736008149,ZWE,Erdbeere Fruchtgarten
9004998003976,LAG,Erdbeere für Dich
9004998002061,LAG,Erdbeere in Vollmilch Schokolade
9004998007615,LAG,Erdbeere in Zartbitter Schokolade
4260506610165,DFI,Erdbeere und Minze Sorbet
4026584103315,SOF,Erdbeeren
4026813110237,NCL,Erdbeeren
9004998005857,LAG,Erdbeeren gefriergetrocknet
9004998015757,LAG,Erdbeeren in weißer Zitronen Beeren Schokolade
4026813423092,DFE,"Erdbeeren, 1x10 kg"
8711542151304,TER,Erdbeerschlange Giraffe
80603023,RAC,Erdbeersorbet Eis
80625452,RAC,Erdbeersorbet Eis
4000430007729,WER,Erdmandel Flocken gf
4000430008917,WER,Erdmandel Taler
4038507002421,GOV,Erdmandelcreme
4022381027694,SPI,Erdmandelflocken gf
4038507001943,GOV,Erdmandeln gemahlen
4016249191016,ALO,Erdnuss Drink
8711812928667,RIT,Erdnuss Flips
8718754506854,TFO,Erdnuss Flips
4270003151603,CDI,Erdnuss Karamell Riegel
3445020004824,BPL,Erdnuss”l ger”stet
3445020260909,BPL,Erdnuss”l nativ
4019339311226,DAV,Erdnussmus
8713576003413,TER,Erdnussmus crunchy
8713576003420,TER,Erdnussmus crunchy
8713576003468,TER,Erdnussmus fein
8713576003475,TER,Erdnussmus fein
4030917011208,SAC,Erdnusssauce Sat‚ Sauce
4001638095723,WEL,Erfrischende 2in1 Reinigung
4086900381506,PVL,Erkältungszeit Pflegebalsam
4019886005159,SOD,Ersatz Sticks
8713638005133,WSE,Ersatzdraht Kaas-O-Maat
4037892225415,RED,Ersatzkopf für Spülbürste Fibre 4 cm
4037892225514,RED,Ersatzkopf Spülbürste Fibre
4037892206414,RED,Ersatzkopf Spülbürste Roáhaar
4260000231255,WSE,Ersatzschneiderädchen Folienabroller
4013320334843,GEP,Espresso Ankole ganze Bohne
4000799110658,MOU,Espresso Barista ganze Bohne
4044889004502,VNI,Espresso Biscotti Riegel
4013320225189,GEP,Espresso Das faire Pfund Bohne
4000799109348,MOU,Espresso ganze Bohne
4000799110832,MOU,Espresso ganze Bohne entkoffeiniert
4000799109386,MOU,Espresso ganze Bohne Softpack
4000799109553,MOU,Espresso gemahlen entkoffeiniert
4000799109591,MOU,Espresso gemahlen Softpack
4000799111433,MOU,Espresso Honduras ganze Bohne
4000799110818,MOU,Espresso Instant
4012346460703,LEB,Espresso Instant
4024297016021,NAT,Espresso instant
9004145011038,STN,Espresso Kaffee ganze Bohne Wiener Verführung©
4044889005141,VNI,Espresso Milch 38 %
4012346456300,LEB,Espresso Minero gemahlen
4012346461403,LEB,Espresso Minero Pads
4012346455808,LEB,Espresso Minero© ganze Bohne
4044889005158,VNI,Espresso Pistacchio Dark
4024297013303,NAT,Espresso Sticks Instant
4019886001007,SOD,Essigreiniger
4012346153407,LEB,Estragon Tüte
4086900106093,PVL,Eukalyptus citriodora bio
4086900105188,PVL,Eukalyptus globulus bio
4086900102200,PVL,Eukalyptus radiata bio
4001638088381,WEL,EVERON Lippenpflege
9004145022164,STN,Everybody's Darjeeling TB
9004145002210,STN,Everybody's Darjeeling Tee
4038857116311,™KV,Exotik Mix
4025089081289,SAN,EXPRESS Handcreme Madel”l & Weiáe Tonerde
4001638523028,WEL,Express Handcreme Sanddorn
4017645017252,LOG,EXTRA FRISCHE Pfefferminz Zahncreme
4005529239012,SAV,extra rich beauty elixier
4017645017269,LOG,EXTRAFRISCHER RUNDUMSCHUTZ Pfefferminz Zahncreme
4260198095219,BEN,Eybrow Gel brunette
4020829098732,HAU,Eye and Brow Palette 01 stone
4032061011110,GEB,Eye Care Cream
4086900276208,PVL,Eye Cream Brightening
4086900277205,PVL,Eye Cream for Face Cell Renewing
4005529238015,SAV,eye creme ohne Duft
4020829098756,HAU,Eye Definer 01 black
4020829098763,HAU,Eye Definer 02 brown
4020829098770,HAU,Eye Definer 05 taupe
4020829042476,HAU,Eye Definer Brush
4086900274204,PVL,Eye Roll On Instantly Cooling
4020829097018,HAU,Eyebrow Definer 01 light brown
4020829097032,HAU,Eyebrow Definer 02 dark brown
4260198091600,BEN,Eyebrow Designer blond
4260198090627,BEN,Eyebrow Designer braun
4260198090634,BEN,Eyebrow Designer gentle brown
4260198095202,BEN,Eyebrow Gel ash brown
4260198095196,BEN,Eyebrow Gel clear
4020829098787,HAU,Eyeshadow 04 verdelite
4020829098800,HAU,Eyeshadow 07 aquamarine
4020829098824,HAU,Eyeshadow 08 golden topaz
4260198091525,BEN,Eyeshadow Base prime fine
4020829042445,HAU,Eyeshadow Blender Brush
4260198094526,BEN,Eyeshadow Brush Colour Edition
4086900274402,PVL,Face Cream Ultra soft u Calming
4086900274105,PVL,Face Fluid Pollution Protection
4086900275003,PVL,Face Toner Clarifying u Pore Minimizing
4086900274006,PVL,Face Toner Ultra Hydrating
4024297006367,NAT,Fadennudeln Dinkel hell
4086900755505,PVL,Fahr fit Duft Roll-On
4086900185050,PVL,Fahr fit Duftmischung
4015533040627,VOE,Fair Eistee Pfirsich Zitrone
4032105002302,SBŽ,Falafel (4er)
4026584131202,SOF,Falafel Burger
4022381035903,SPI,Falafel gf
4026584133633,SOF,Falafel Levante Kitchen
4026584133541,SOF,Falafel Oriental
4026584133534,SOF,Falafel Sesam-Minze
4026584133640,SOF,Falafel Traditionell
4015637822952,BAK,Falafelmischung gf
8032130034084,TED,Falko Rosso rot
4250820602847,WSE,Falthandtücher 1-lagig 25 x 23cm
8024929009496,WSE,Falthandtücher 2-lagig 23 x 25cm
4005967005071,ROS,Familien Müsli ungesüát
4032105000230,SBŽ,Familienbrot
4032105003934,SBŽ,Familienbrot - Roggensaft
4032105002005,SBŽ,Familienbrot - Saatenfrisch
4016249012748,ALO,Familienkeks
4000799100031,MOU,Family Cappuccino
4260026691415,BIT,Family Shampoo & Duschbad
4260423370265,JMH,Fanti das Schaf Fetacreme mit Paprika
4260026694089,BIT,Farbglanz blond Shampoo
4260026694218,BIT,Farbglanz blond Spülung
4260026694096,BIT,Farbglanz rot Shampoo
4017645008984,LOG,Farbreflex Shampoo Blond Kamille
4017645008977,LOG,Farbreflex Shampoo Braun-Schwarz Haselnuss
4017645008960,LOG,Farbreflex Shampoo Rot-Braun mit Henna
4005394145104,BVE,Farbspaá Färbende Lebensmittel
4260512463809,AYA,Farbtonkarte
8015197010611,IRI,Farfalle
4045800773125,GRH,Farmersalat mit Karotten
2900000990845,5WP,Fass Lammsbräu leer
2900000990890,5WP,Fass St”rtebeker leer
4250017300921,GLM,Fassbutter Sauerrahm gesalzen
4250017300914,GLM,Fassbutter Sauerrahm natur
4015533022937,VOE,Fastenkasten
4012346223001,LEB,Fastenkräuter
4005561007914,BOL,Favabohnen Burger
2900000996502,5WP,Federbodenwagen
610585219508,FEE,Feel Munich Dry Gin
9004145025387,STN,Feierabend Kräutertee TB
8000298005444,LLF,Feige & Senf-Sauce 18 x 40 g
4016249236915,ALO,Feige Himbeer Porridge
22500243,MAX,"Feigen Salami, Theke"
4250442401675,MAX,"Feigen Salami, Theke"
4018462161401,BYO,Feigen Senf
4260112294872,MKS,Feigensenf
4262437698311,KLY,Fein Waschmittel
4024297005179,NAT,Feinbitter Panama 80%
4044889005271,VNI,Feine Bitter
4044889004335,VNI,Feine Bitter Caramel Flor de Sal 62% Cacao
4044889005455,VNI,Feine Bitter Dattel 80%
4044889005318,VNI,Feine Bitter Kuvertüre
4044889004342,VNI,Feine Bitter Mallorca Flor de Sal 75% Cacao Panama
40843087,VNI,Feine Bitter Minitafeln
4044889002713,VNI,Feine Bitter mit 75% Cacao
4044889005264,VNI,Feine Bitter mit 85% Cacao
4044889002249,VNI,Feine Bitter mit 92% Cacao
4044889002904,VNI,Feine Bitter mit 99% Cacao
4044889002263,VNI,Feine Bitter Naps im Spender
4031829261101,™KL,Feine Kräuterleberwurst
22004703,SDS,Feine Leberwurst
4031829261002,™KL,Feine Leberwurst
22505088,MAX,"Feine Leberwurst m. Preiselbeeren, Theke"
4250442405109,MAX,"Feine Leberwurst mit Kalbfleisch, Theke"
4031829261408,™KL,Feine Puten Lyoner
4031829261507,™KL,Feine Puten-Leberwurst
4031829261200,™KL,Feine Schinkenwurst
4015637836072,BAK,Feine Speisestärke aus Mais gf
4019736006428,ZWE,Feiner Senf
4019339177129,DAV,Feinkorn Hirse
4019339177204,DAV,Feinkorn Hirse
4019339177044,DAV,Feinkorn Hirse im Kochbeutel
5016383008996,WSE,Feinkost Servierzange schwarz
5016383008040,WSE,Feinkostl”ffel Antipasti mit Schlitzlochung
5016383008057,WSE,Feinkostl”ffel Antipasti ohne Lochung
5016383017783,WSE,Feinkostschale Antipasti 1/4 (2 L.) Fleur Crock
5016383017844,WSE,Feinkostschale Antipasti 1/6 (1L.) - Fleur Crock
4260012641110,BIN,Feldsalat
9008281004916,BOM,Felsenkeller Bergkäse Plangger 15 M
4002029030804,HOY,Fenchel & Thymian Honigsirup
4012346279107,LEB,Fenchel Anis Kümmel
9004145013148,STN,Fenchel Anis Kümmel lose
9004145026148,STN,Fenchel Anis Kümmel TB
4012346277004,LEB,Fenchel Anis Kümmel Tee TB
4012346147789,LEB,Fenchel ganz
4012346155609,LEB,Fenchel ganz Tüte
4022346307304,HEU,Fenchel ganz Tüte
9004145003224,STN,Fenchel ganz Tüte
9004145025530,STN,Fenchel Tee TB
22002259,SDS,Fenchelsalami luftgetrocknet
4031829235218,™KL,Fenchelsalami luftgetrocknet
4012346537108,LEB,Fencheltee
4012346000404,LEB,Fencheltee TB
4012346000404,LEB,Fencheltee TB
4260112342092,MYY,Ferment Bulgarisch
4260112342030,MYY,Ferment Lacto Pro
4260112342054,MYY,Ferment Lacto Pro Inulin
4260435776208,SPC,Fermentierter Pfeffer
4260026696434,BIT,Feste Dusche Hibiskus
4260026696458,BIT,Feste Dusche Sandelholz
4260026696441,BIT,Feste Dusche Vanille-Tonkabohne
4260026696427,BIT,Feste Dusche Zitronengras-Minze
4260664930624,NYK,Feste Gesichtsreinigung Patchouli
4021457648016,LAV,Feste Pflegedusche High Vitality
4021457648030,LAV,Feste Pflegedusche Hydro Feeling
4021457655373,LAV,Festes Pflegeshampoo Feuchtigkeit
4021457655397,LAV,Festes Pflegeshampoo Volumen und Kraft
4260026696373,BIT,Festes Shampoo Anti-Fett
4025089085041,SAN,Festes Shampoo Feuchtigkeit
4262361260028,HLI,festes Shampoo Feuchtigkeit
4017645020108,LOG,Festes Shampoo Hanf & Brennessel
4260026696380,BIT,Festes Shampoo Repair
4260026696397,BIT,Festes Shampoo Volumen
4262361260011,HLI,festes Shampoo Volumen
7611916163234,WEL,Festigende Nachtpflege Blauer Enzian & Edelweiß
7611916163227,WEL,Festigende Tagespflege Blauer Enzian & Edelweiß
4000915030976,ISA,Feta in Kräutermarinade
4026913152168,™MA,"Feta PDO Tharros, laktosefrei"
4000915103328,ISA,Feta-Creme Bärlauch
4000915103335,ISA,Feta-Creme Knobi/Peperoni
4260067150360,CES,"Feta-Oliven-Mix, mariniert"
4000915100464,ISA,Feta-Würfel mit Kräutern
4012359180001,TAI,FETO Natur
4026367040172,UBM,"Fettarme Milch 1,5% - Karton"
4056479184105,HAM,"Fettarme Milch 1,5%, länger haltbar"
4017194462121,SBG,"Fettarmer Joghurt 1,8 %"
782126203137,NAC,Feuchtes Toilettenpapier
4005120801014,LUK,Feuchtigkeits Maske
4017645019683,LOG,Feuchtigkeits Spülung Aloe Vera
4017645014046,LOG,Feuchtigkeits-Shampoo Aloe Vera
4055297186223,LOG,Feuchtigkeitsspendendes Gesichtswasser
4260198099057,BEN,Feuchtigkeitsspendendes Serum HYDRIERER:IN
4260012642346,BIN,Feuerbohne
4008471510246,S™B,Feuerkäse
4008471514510,S™B,Feuerkäse Scheiben
4260102480100,BSK,Feurige Susi aus Heumilch
4018462142905,BYO,Filini Suppennudeln semola
7640166799672,ZFK,Filona Kräuter - vegane Frischcreme
7640166799603,ZFK,Filona Natur - vegane Frischcreme
8437004217646,1FE,Finca Enguera Crianza rot
8437004217714,1FE,Finca Enguera Reserva rot
8001505007015,RDA,Fiordifrutta Aprikosen Fruchtaufstrich
8001505007039,RDA,Fiordifrutta Bittere Orange Fruchtaufstrich
8001505007176,RDA,Fiordifrutta Erdb. u. Wald Erdbeeren Aufstrich
8001505007022,RDA,Fiordifrutta Himbeeren Fruchtaufstrich
8001505007121,RDA,Fiordifrutta Pfirsich Fruchtaufstrich
8001505007169,RDA,Fiordifrutta Wild Heidelbeer Fruchtaufstrich
8001505007190,RDA,Fiordifrutta Zitronen Fruchtaufstrich
4250073463387,FWO,Fisch Curry mit Reis MSC
4250073460614,FWO,Fisch Nuggets
4046102115651,FWO,Fisch Nuggets GV
4026813280176,WOC,Fisch-Burger
4012346158808,LEB,Fischgewürz Tüte
9120081090392,GKO,Fischsauce
4250073451377,FWO,"Fischstäbchen, paniert"
4015533010057,VOE,Fitness Cocktail
4260360270673,NPU,Fl–tes Gruy‚re
4260360270680,NPU,Fl–tes salzig
4007547303300,SNT,Flächendesinfektion
4019886019255,SOD,Flächendesinfektion
4007547303201,SNT,Flächendesinfektion Nachfüller
4019886019200,SOD,Flächendesinfektion Sprayer
4007547303102,SNT,Flächendesinfektion Sprühflasche
4015637023779,BAK,Fladenbrot
4015637009049,BAK,Flammkuchen gf
4260281116012,FLJ,Flammkuchenb”den Dinkel
4260281114018,FLJ,Flammkuchenb”den Dinkelvollkorn
4260281115015,FLJ,Flammkuchenb”den Weizen
4037892234561,RED,Flaschenbürsten Set
4019886018098,SOD,Fleckengel
4007547200005,SNT,Fleckenspray
22502964,MAX,Fleischkäse - SB (2 Scheiben)
4250206103043,CHI,Fleischkäse geschnitten
7610612004735,SNA,"Fleischkäse-Alternative, vegan"
4045800773217,GRH,Fleischsalat
4051147002606,SDS,Fleischsalat SB 150g
4051147004303,SDS,Fleischwurst
22004512,SDS,Fleischwurst für Kinder
4260168395004,XUR,Fleischwurst mit Knoblauch im Ring
4012346130804,LEB,Fleur de Sel Dose
4022346351666,HEU,Fleur de Sel Tüte
4024967702308,RIE,Fleur et Sekt
9004145006737,STN,Flohsamen ganz
4038507000809,GOV,Flohsamenschalen
9004145006478,STN,Flohsamenschalen
4038507012888,GOV,Flohsamenschalen gemahlen
4038507012307,GOV,Flohsamenschalen-Kapseln
4262361260103,HLI,Floraseife Blumenwiese
4262361260110,HLI,Floraseife Gartenbeere
4262361260134,HLI,Floraseife Kräutergarten
4262361260097,HLI,Floraseife Laubwald
4262361260141,HLI,Floraseife Nadelwald
4262361260127,HLI,Floraseife Nordseedüne
4005967003640,ROS,Florentiner
4032105001473,SBŽ,Florentiner
4005967008805,ROS,Florentiner Duo
4015537002423,HMO,Florentiner mit ger”steten Mandeln und Haselnuss
9004145003767,STN,FlowerPower Gew BlütenMix Tüte
4019886077163,SOD,Flüssigseife Citrus Olive
4019886077361,SOD,Flüssigseife Citrus Olive
4019886079167,SOD,Flüssigseife Lavendel Olive
4019886079365,SOD,Flüssigseife Lavendel Olive
4019886076166,SOD,Flüssigseife Rose Olive
4019886076364,SOD,Flüssigseife Rose Olive
4019886075169,SOD,Flüssigseife sensitive
4019886075367,SOD,Flüssigseife sensitive
4024297011743,NAT,Flüssigwürze Flasche hf
4032105009929,SBŽ,Flyer Steinofenbäcker
4022993047073,STZ,Focaccia gf
4260360271137,NPU,Focaccia Rosmarin
4031779726026,MOI,Focaccia Tomate
4260000230463,WSE,Folientrenngerät 30cm
4260000230708,WSE,Folientrenngerät spezial
4035784161308,GSE,Folsäure
4001638589574,WEL,For Men 5in1 Multi-Action Serum
7611916153600,WEL,For Men Active Fresh Duschgel
4260266542164,JIS,For Men Aleppo Seife
4001638589567,WEL,For Men Energy 2in1 Face
7611916558283,WEL,For Men Energy Fresh Duschgel
4001638086561,WEL,For Men Feuchtigkeitscreme
4260198097794,BEN,for men only Deo Stick
4260198097770,BEN,for men only Gesichtscreme
4260198097787,BEN,for men only Hand- und K”rperseife
4260198097763,BEN,for men only Handcreme
4001638098809,WEL,For Men Rasiercreme
4001638098816,WEL,For Men Rasierwasser
4004689027101,BMR,"Forellen-Filet, geräuchert"
4000915108156,ISA,"Forellen-Filet, kaltgeräuchert"
4020829098336,HAU,Foundation 001 cashew
4020829098350,HAU,Foundation 002 pine
4020829098374,HAU,Foundation 01 macadamia
4020829098398,HAU,Foundation 02 almond
4020829098411,HAU,Foundation 03 chestnut
4020829098435,HAU,Foundation 04 hazelnut
4020829098459,HAU,Foundation 05 nutmeg
4020829098473,HAU,Foundation 06 walnut
4020829042384,HAU,Foundation Brush
4260198094502,BEN,Foundation Brush Colour Edition
4031829230701,™KL,Frankfurter im Glas
4032105005945,SBŽ,Frankfurter Schnitte
4032105060227,SBŽ,Frankfurter Schnitte
4260221611614,EMS,Franz”sische Vinaigrette
22000521,1FM,"Franz”sischer Bergkäse ""de Besac"" 6-9 M, Keil"
4031779704529,MOI,Franz”sisches Landweißbrot
4031779304415,MOI,Franzbr”tchen (Zimt-Zucker Schnecke)
3445020221634,BPL,FraŒcheur Oliven”l
9004145025790,STN,Frau sein Tee Happiness is
4035784161452,GSE,Frauen Vital Complex
9004145023291,STN,Frauenmantel
9004145004818,STN,Frauenmantel lose
4012346223209,LEB,Frauentee
4086900217102,PVL,Frauenwohl Hitzewallungsspray
4086900217300,PVL,Frauenwohl Intim Sensitiv ™l
4086900217508,PVL,Frauenwohl Zyklus Akut Roll On
4086900217201,PVL,Frauenwohl Zyklus Balance ™l
4028108882522,BDH,Fräulein Peschke
4260423370562,JMH,Freches Frollein Ziege Kräuter & Knoblauch
4260423370555,JMH,Freches Frollein Ziege Pepita Chili & Paprika
4260423370579,JMH,Freches Frollein Ziege Sweet Curry
4014807001036,ST™,Frei Bier alkoholfrei
9004145027046,STN,Frei von der Leber weg©
4260012641578,BIN,Freilandgurke Persika
4260198092584,BEN,Fresh Bronzing Duo ibiza nights
4260355581869,BPL,Fresh ™lziehkur
4260158470568,BAC,Friesisch Blue
22006943,SDS,Frikadellen SB 2 Stück
4250096906304,KBH,Frikassee vom Huhn
4004689510740,BMR,Frischcreme Forelle & Meerrettich
4260041293151,ROG,Frischcreme Honig-Meerrettich
4260041293250,ROG,"Frischcreme Honig-Meerrettich, Theke"
4260041293120,ROG,Frischcreme Kräuter
4004689500550,BMR,Frischcreme Lachs
4062681013102,ROG,Frischcreme Lauch
7610612003547,SNA,Frischcreme Soja Kräuter-Knoblauch
4004689520930,BMR,Frischcreme Wildlachs & Chili
4101530001164,BGL,"Frische Alpenmilch 1,5% Flasche"
4101530003274,BGL,"Frische Alpenmilch 1,5% Tetra"
4101530001157,BGL,"Frische Alpenmilch 3,5% Flasche"
4101530003212,BGL,"Frische Alpenmilch 3,5% Tetra"
4101530009573,BGL,"Frische Alpenmilch 3,5% Tetra Top"
4000915101157,ISA,Frische Bärlauch-Nockerl
4101530010234,BGL,Frische Buttermilch - Tetra Top Flasche
4000915105285,ISA,Frische Dinkel Tagliatelle
4000915103427,ISA,Frische Dinkel-Nockerl
4260623220209,SWL,"Frische Gemüsebrühe mediterran, Rohkost"
4260623220414,SWL,"Frische Gemüsebrühe mild, Rohkost"
4260623220018,SWL,"Frische Gemüsebrühe, roh und hefefrei"
4260623220032,SWL,"Frische Gemüsebrühe, roh und hefefrei"
4260623220025,SWL,"Frische Gemüsebrühe, roh, hefefrei"
4000915103410,ISA,Frische Gnocchi Originale
4000915103403,ISA,Frische Kürbis-Nockerl
4000915029246,ISA,Frische Lasagne Platten
4000915105063,ISA,Frische Linguine
4086900185104,PVL,Frische Luft Duftmischung
4086900195103,PVL,Frische Luft Raumspray
4017194009159,SBG,"Frische Milch 1,5% Flasche"
4000915106039,ISA,Frische Nockerl
4056479382006,HAM,Frische Sahne 38% - im Becher
4000915029154,ISA,Frische Tagliatelle - Bandnudeln
4000915105056,ISA,Frische Tagliolini - dünne Bandnudeln
4000915029239,ISA,Frische Tortelloni mit Bärlauch
4017194009111,SBG,"Frische Vollmilch 3,8% Flasche"
9011497841442,GHR,Frischecreme Bärlauch
9011497121452,GHR,Frischecreme Gegrillter Paprika
9011574160381,GHR,Frischecreme Natur
9011600010741,GHR,Frischecreme Pomodori Secchi
9011600010758,GHR,Frischecreme Schnittlauch
4056479884005,HAM,Frischer Haferdrink
4056479884043,HAM,"Frischer Haferdrink 0,5l"
4011162090415,WCK,Frischhaltedeckel 100 mm
4011162090460,WCK,Frischhaltedeckel 80 mm
4039416840128,WSE,Frischhaltefolie 30 cm
4039416840142,WSE,Frischhaltefolie 45 cm
4104060025563,AND,Frischkäse Kräuter
7640166796169,ZFK,"Frischkäse Kräuter, laktosefrei"
4104060025556,AND,Frischkäse Natur (mit Jogurt)
7640166796787,ZFK,"Frischkäse Natur, laktosefrei"
4028112059941,SDL,Frischkeimbr”tchen
9004145018693,STN,Frohe Ostern Bodendisplay 2026
9004145018686,STN,Frohe Ostern Pultdisplay 2026
9004145005778,STN,Frohe Ostern Tee lose
9004145025776,STN,Frohe Ostern Tee TB
9004145012059,STN,Frosch im Hals© Bonbons Wieder gut
9004145027022,STN,Frosch im Hals© Tee
8005020009752,RAC,Frozen Tiramisu-Cafe-Dessert
4101530007456,BGL,Frucht & Knusper Banane
4101530002826,BGL,Frucht & Knusper Himbeere
4101530002802,BGL,Frucht & Knusper Vanille
4016249139360,ALO,Frucht Pur Amarenakirsche
4016249280000,ALO,Frucht Pur Aprikose
4016249281601,ALO,Frucht Pur Erdbeere
4016249282806,ALO,Frucht Pur Heidelbeere
4016249282813,ALO,Frucht Pur Himbeer
4016249284800,ALO,Frucht Pur Mango
4016249003463,ALO,Frucht Pur Orange
4016249286002,ALO,Frucht Pur Pflaume
4016249287214,ALO,Frucht Pur Sauerkirsche
4016249287207,ALO,Frucht Pur Sch Johannisbeere
4016249039110,ALO,Frucht Pur Waldfrucht
4260039372608,VNN,Frucht-Secco Apfel Quitte
4260039372639,VNN,Frucht-Secco Apfel-Quitte
4260039372615,VNN,Frucht-Secco Traube
4250096904010,KBH,Fruchtaufstrich Erdb Rhabarber
4250096904003,KBH,Fruchtaufstrich Erdbeer
4250096904027,KBH,Fruchtaufstrich Heidelbeere
4250096904034,KBH,Fruchtaufstrich Pflaumenmus
4250096904614,KBH,Fruchtaufstrich Sauerkirsch
9004145009707,STN,Früchtchen vegan
4260229234587,FOD,Fruchtchips Ananas
4260229234341,FOD,Fruchtchips Ananas Mango Apfel
4005967511657,ROS,Früchte Müsli
4005967511664,ROS,Früchte Müsli
4022381023665,BUM,Früchte Müsli
4022381039048,BUM,Früchte Müsli
4022381040402,SPI,Früchte Müsli
4005967004999,ROS,Früchte Porridge ungesüát
4032105000711,SBŽ,Früchtebrot mit Kokos
8711521021987,ICF,Fruchteis Fruit Peak 6 x 60 ml
8711521020836,ICF,Fruchteis Fruit Wave 8 x 40 ml
4012346250007,LEB,Früchtetee
4012346250212,LEB,Früchtetee
4012346542409,LEB,Früchtetee
9004145025493,STN,Früchtetraum TB
4019736017967,ZWE,Fruchtgelee Himbeere
4019736018049,ZWE,Fruchtgelee Holunderblüte
4019736018025,ZWE,Fruchtgelee Quitte
4019736018001,ZWE,Fruchtgelee rote Johannisbeere
4019736017981,ZWE,Fruchtgelee schwarze Johannisbeere
9004145013124,STN,Fruchtige Ostern Tee TB
4012346113500,LEB,Fruchtige Vielfalt
4012346226002,LEB,Fruchtiger Frühling TB
4101530003205,BGL,Fruchtquark Erdbeere 20%
4101530002833,BGL,Fruchtquark Heidelbeere 20%
4104060028694,AND,Fruchtquark Himbeere 20%
4104060028687,AND,Fruchtquark Mango-Vanille 20%
4104060028427,AND,Fruchtquark Pfirs.-Mango-Maracuja
4104060028229,AND,Fruchtquark Vanille 20%
4104060029219,AND,Fruchtquark Vanille 20%
4104060029226,AND,Fruchtquark Zitrone 20%
4016249068233,ALO,Fruchtriegel Blaubeere
4016249068257,ALO,Fruchtriegel Mango
3301594002836,CNS,Fruchtzauber Pflaumen Kompott
4262417560058,IAA,Frühjahrshonig
4170000217138,1GE,Frühjahrstracht Honig
4000345033028,ERN,Frühling Klare Suppe
4012346224008,LEB,Frühlingsbote TB
9004145009745,STN,Frühlingskuss© Kräutertee lose
9004145022638,STN,Frühlingskuss© Kräutertee TB
4026584130007,SOF,Frühlingsrolle China-Style
4026584130014,SOF,Frühlingsrolle Thai-Style
4026584109232,SOF,Frühlingsrollen
4012346766003,LEB,Frühlingstee Display 2025
4012346777306,LEB,Frühlingstee Display 2026
4012346555201,LEB,Frühlingszauber TB
4038857115512,™KV,Fruit Frites
7640230493192,HOL,Fruit Mix
4038857101119,™KV,Frutti Mellows
4038857120417,™KV,Frutti Worms
4032105009868,SBŽ,Frz. Landbrot (Pain Nature)
4251191843501,APR,Fuá u Hornhaut Aktiv Balsam
4001638905305,WEL,Fuábalsam
4020829006317,HAU,Fuácreme
4008576400794,NYK,Fuáfeile aus Buchenholz
4260198095158,BEN,Fun Size Mascara black onyx
8713576473629,TER,Furikake
9004145027015,STN,Fürs Bauchgefühl© Tee TB
8032804431836,FEL,Fusili Buchweizen gf Felicia
8015197010581,IRI,Fusilli
8015197025271,IRI,Fusilli bunt
8032804431652,FEL,Fusilli Mehrkorn gf Felicia
4018462149607,BYO,Fusilli Protein Plus
8015197053250,IRI,Fusilli Vk
504,STH,G-Gulasch a 500g
4022381015936,SPI,Gabel Spaghetti
4012346171401,LEB,Galgant gemahlen
9004145003446,STN,Galgant gemahlen
4022346308158,HEU,Galgantwurzel gemahlen Dose
4007547203006,SNT,Gallseife flüssig
22078450,SDS,"Gänsebrust 1er, vakuum"
4051147009841,SDS,Gänseschmalz im Glas
4086900185036,PVL,Ganz entspannt Duftmischung
4086900195035,PVL,Ganz entspannt Raumspray
4026813004420,DFE,"Ganze Bohnen, Prinzessbohnen, 8-9 mm, 4x2,5kg"
4019736006466,ZWE,Ganzkorn Senf
3277594887042,VAV,Gaperon
4012346168807,LEB,Garam Masala
4013320295854,GEP,Garam Masala
4260435771395,SPC,Garam Masala
4022346307977,HEU,Garam Masala Dose
9004145006416,STN,Garam Masala Gewürz Tüte
4260229230220,FOD,Garden Gusto
4007604257317,RIS,Garnelen gekocht
4004689268825,BMR,Garnelen mit Kräutern und Knoblauch
4004689268849,BMR,Garnelen Natur
4007604257331,RIS,Garnelen Provencal (Shrimps)
4250073450752,FWO,Garnelen roh
4008576400596,NYK,Garten Handwaschbürste
4012346173887,LEB,Gartenkräuter geschnitten getrocknet
4012346155203,LEB,Gartenkräuter Mischung Tüte
4031829253205,™KL,"Gartenkräuter, fein gehackt"
4019838090295,CDO,Garucha Matcha
4019838090301,CDO,Garucha Matcha
8033055280679,1LR,Gavi weiß
4260148654015,PUF,Gebackene Aubergine in Kräuter”l
9004145005372,STN,Geburtstagstee
9004145024090,STN,Geburtstagstee TB
4031829230794,™KL,Geflügel Bockwürstchen im Glas
22003614,SDS,Geflügel Bratwurst
4031829230640,™KL,Geflügel Bratwürstchen (9 St.)
3422210438324,LPI,Geflügel Cordon Bleu
4051147004600,SDS,Geflügel Fleischwurst
4031829231722,™KL,Geflügel Frühstücksfleisch Gourmet Qualität
4260100263446,BCO,Geflügel Hackbällchen
22004734,SDS,Geflügel Leberwurst
4031829231777,™KL,Geflügel Leberwurst Gourmet Qualität im Glas
4260168395073,XUR,Geflügel-Jagdwurst
4031829231784,™KL,Geflügel-Leberpastete Gourmet Qualität
4260168395059,XUR,Geflügel-Mortadella
22004659,SDS,Geflügelfleischkäse SB
22004215,SDS,Geflügeljagdwurst geschnitten
4030068029510,CHI,Geflügelleberwurst
4045800773095,GRH,Geflügelsalat
3422210448460,LPI,"Geflügelschnitzel, paniert"
22505385,MAX,"Geflügelsülze m. Ananas/Cranberry, Theke"
22505378,MAX,"Geflügelsülze mit Gemüse, Theke"
4031829230800,™KL,Geflügelwürstchen im Glas
4032105007017,SBŽ,gefüllter Mandelkuchen
4260067150186,CES,Gefüllter Oliven-Mix mariniert
4260067150353,CES,Gefüllter Oliven-Mix mariniert
4260272987829,LCH,Gegrillte Paprika Kesselchips
4260148654008,PUF,Gegrillter Fenchel in Orangenschalen-Sud
9004145023161,STN,Geistesblitz Tee
4025174125119,SOB,Gelatine vom Schwein
4260360272097,NPU,Gelbe Orient Linsen
4260012645170,BIN,Gelbe Zucchini Solara
4262415020042,KRK,Gelber Smoothie
4002029030538,HOY,Gelee Royale im Honig
4260418020366,GNC,Gelenk Fit Trinkpulvermischung Vital.
4013044100182,BTH,Geliermittel
4005394158005,BVE,Gelierzucker 2:1
4024297340751,NAT,Gelierzucker 2:1
4260096395770,AGA,Gelierzucker 2:1
4005394285404,BVE,Gelierzucker 3:1
4260096395787,AGA,Gelierzucker 3:1
4005394154700,BVE,Gelierzucker ohne Kochen
9120047400432,LGI,Gemischter Satz weiß
4022381041430,SPI,Gemüse Bratlinge
4024297015284,NAT,Gemüse Brühwürfel hf
4106060071496,BEU,Gemüse Direktsaft mit Pastinake
4012346160306,LEB,Gemüse Kartoffel Gewürzsalz Streudose
4000345033042,ERN,Gemüse Nudelsuppe Asia
4260752751711,SPC,Gemüse Power
4031829251713,™KL,Gemüse-Curry
4031829251102,™KL,Gemüse-Kartoffel-Pfanne
4031829255223,™KL,Gemüse-Lachs-Pfanne
4031829232316,™KL,Gemüse-Nudelsuppe
4031829251416,™KL,Gemüse-Pilz-Pfanne
4026584133206,SOF,Gemüse-Reis Taler
4031829251201,™KL,Gemüse-Reis-Pfanne
7640230491471,HOL,Gemüseallerlei
4016512020005,ERN,Gemüsebrühe
4031829262023,™KL,Gemüsebrühe
4024297013822,NAT,Gemüsebrühe Bio Hefe Nachfüllp
4016512051054,ERN,Gemüsebrühe Dose hf
4016512020050,ERN,Gemüsebrühe hf
4018462601105,BYO,Gemüsebrühe hf
4024297000990,NAT,Gemüsebrühe hf
4016512050507,ERN,Gemüsebrühe in der Dose
4024297011682,NAT,Gemüsebrühe Kräuter hf
4016512050552,ERN,Gemüsebrühe mediterran
4024297014942,NAT,Gemüsebrühe mediterran hf
4024297013846,NAT,Gemüsebrühe mit Bio Hefe
4024297001263,NAT,Gemüsebrühe Nachfüll hf
4016512051047,ERN,Gemüsebrühe Nachfüllb hf
4016512050521,ERN,Gemüsebrühe Nachfüllbeutel
4016512051207,ERN,Gemüsebrühwürfel
4016512051214,ERN,Gemüsebrühwürfel hf
4015637019284,BAK,Gemüseburger gf
4037892026029,RED,Gemüsebürsten
4106060070376,BEU,Gemüsecocktail m Pastinake
4250096906311,KBH,Gemüsefond
8018759001638,SEL,Gemüsefond hf
4026584131066,SOF,Gemüsefrikadellen
4012346171708,LEB,Gemüsegewürz
4015533000423,VOE,Gemüsemost milchsauer
4032105002500,SBŽ,Gemüsequiche rund
7640230490962,HOL,Gemüserisotto
4015533000416,VOE,Gemüsesaft feldfrisch
4015533061929,VOE,Gemüsesaft feldfrisch
4015533000225,VOE,Gemüsesaft Komposition milchsauer
4031829232309,™KL,Gemüsesuppe mit Huhn
4016249600518,ALO,Genieáer Schmalz
4020943134170,ARC,Genmai Miso
8713576270143,TER,Genmai Miso mit Schraubverschluss
8713576173253,TER,Genmai Su - Sushi-Essig (ungesüát)
4024967013954,SAP,Gens et Pierres Chardonnay weiß alkoholfrei
3760206310620,RIE,Gens et Pierres Nord Sud Blanc
3760206311016,RIE,Gens et Pierres Sud Sud Ros‚
3760206311030,RIE,Gens et Pierres Sud Sud Rouge
4260289421064,THV,Genuss Scheiben Pfeffer (Käsealternative)
4260289421026,THV,Genuss Scheiben Schnittlauch (Käsealternative)
4260752753012,SPC,Geräucherte Paprika
9001969013316,HGR,Germkn”del mit Pflaumenfüllung
4022381302203,SPI,Gerstenflocken
4260418020212,GNC,Gerstengras Superfood Trinkpulver
4019339133101,DAV,Gerstengraupen
4022381321204,SPI,Gerstengraupen
4020943134378,ARC,Gerstenmalz
4024297015857,NAT,Geschälte Tomaten
4024297158219,NAT,Geschälte Tomaten
4009800005570,MSP,Geschenkseife Für Dich
4019886190466,SOD,Geschenkseife LOVE
4019886190473,SOD,Geschenkseife THANX
4086900444454,PVL,Geschenkset Alles Liebe
4021457664542,LAV,Geschenkset Baby & Kinder Waschlotion & Pflege”l
4032061035925,GEB,Geschenkset Happy Winter mit Kosmetiktasche
4260198096896,BEN,Geschenkset Mini Nicht nur für Warmduscher
4260198096889,BEN,Geschenkset Mini Party unter der Dusche
4260198098142,BEN,Geschenkset Mini Reiseset
4260198093307,BEN,Geschenkset Nagellack Classic Red
4260198093604,BEN,Geschenkset Nagellack Essentials
4260198093611,BEN,Geschenkset Nagellack Mystic Forest
4260198093291,BEN,Geschenkset Nagellack Nude Obsession
4260198093314,BEN,Geschenkset Nagellack Pretty in Pastel
4007547305908,SNT,Geschirrspülmittel Calendula
4007547306400,SNT,Geschirrspülmittel Calendula
4007547306509,SNT,Geschirrspülmittel Calendula
4007547307001,SNT,Geschirrspülmittel Lemon
4007547307209,SNT,Geschirrspülmittel Lemon
4007547307308,SNT,Geschirrspülmittel Lemon
4007547307605,SNT,Geschirrspülmittel Lemon
4007547306707,SNT,Geschirrspülmittel sensitiv
4007547306806,SNT,Geschirrspülmittel sensitiv
4007547306905,SNT,Geschirrspülmittel Sensitive
4039468022978,MEM,Geschirrtücher aus Bio Baumwolle 50 x 70 cm 2 Set
4012346174808,LEB,Geschnetzeltes PB
4260198097855,BEN,Gesichts- und K”rpercreme 2in1 BUTTER BEI DIE HAUT
4020829071414,HAU,Gesichts”l
4260198097640,BEN,Gesichts”l Argan”l ALLESK™NNER:IN
4260198097657,BEN,Gesichts”l Granatapfelkern”l SCH™NE:R
4260198097633,BEN,Gesichts”l Karottenmazerat SONNENSTRAHLER:IN
4020829006362,HAU,Gesichts”l Kleingr”áe
4260198097688,BEN,Gesichts”l Wildrosen”l WEICHZEICHNER:IN
4008576405119,NYK,Gesichtsbürste weich
4260198097169,BEN,Gesichtscreme Mandel MIMOSE:R
4260198097213,BEN,Gesichtscreme Shea FEUCHT:ER
4020829004993,HAU,Gesichtsdampfbad
4260198097862,BEN,"Gesichtsfluid Aloe Vera NICHT LANG SCHNACKEN, PFLE"
4260198097206,BEN,Gesichtsfluid Wildrose HARMONISIERER:IN
4260198099033,BEN,Gesichtsreinigungsschaum
4008576401029,NYK,Gesichtsschwamm
4260198097190,BEN,Gesichtsserum Hyaluronsäure AUFBšGLER:IN
4020829005198,HAU,Gesichtstonikum
4020829005259,HAU,Gesichtstonikum klärend
4020829038844,HAU,Gesichtstonikum Kleingr”áe
4020829005136,HAU,Gesichtswaschcreme
4020829101821,HAU,Gesichtswaschcreme Kleingr”áe
4021457661046,LAV,Gesichtswasser Pure Beauty
4031829234914,™KL,Gestreifter Speck geschnitten
4004191000098,RAB,Gesunder Blutdruck
4020829088955,HAU,Get”nte Sonnencreme Gesicht LSF 30
4260009210206,PVD,Get”ntes Gesichts”l
4012346460000,LEB,Getreidekaffee
4024297440420,NAT,Getreidekaffee Aufguss
4024297440680,NAT,Getreidekaffee Cappu Instant
4024297013082,NAT,Getreidekaffee Instant
4024297440130,NAT,Getreidekaffee Instant
4024297440154,NAT,Getreidekaffee Instant
4024297018650,NAT,Getreidekaffee Zimt und Kardamom
4000915101652,ISA,Getrocknete Tomaten gekräutert
8713576230116,TER,getrocknete Tomaten in der Tüte
5202423180047,MAN,Getrocknete Tomaten in Oliven”l
4000915105520,ISA,getrocknete Tomaten mariniert
4260067150438,CES,"Getrocknete Tomaten, mariniert"
4260067150445,CES,"Getrocknete Tomaten, mariniert"
8018759000570,SEL,Gewürfelte Tomaten Cubettato
9004145023390,STN,Gewürz Chai
4018462157510,BYO,Gewürz Ketchup
4009309114384,MAR,Gewürzgurken
4009309191071,MAR,Gewürzgurken 40/60
4009309114544,MAR,Gewürzgurken ohne Zuckerzusatz
4260360271984,NPU,Gewürzgurken süá sauer
4260360271991,NPU,Gewürzgurken süá sauer
4260512460006,AYA,Ghassoul Marokkanische Lavaerde
4260512460037,AYA,Ghassoul Marokkanische Lavaerde
4260512460143,AYA,Ghassoul Waschcreme Marokkanische Lavaerde
4260506610141,DFI,Gianduia Nuss-Nougat Eis
4000915020663,ISA,Gigantes Riesenbohnen aus Griechenland
4019339487198,DAV,Gigantes Riesenbohnen in Tomatensauce
4270002438422,GOF,Ginger Sound Ingwer Lik”r
4032061010083,GEB,Ginseng Cream
4000915105407,ISA,Girasoli alla Carbonara
4260026694034,BIT,Glanz Shampoo
4260026696182,BIT,Glanz Shampoo
4017645004580,LOG,Glanz Shampoo Argan”l
4260026694188,BIT,Glanz Spülung
4017645004597,LOG,Glanz Spülung Argan”l
4046203418149,KFH,Glashalter f. Teelichter
4008576400831,NYK,Glasnagelfeile
4020943132459,ARC,Glasnudeln
8713576003918,TER,Glasnudeln Vermicelli
4007547301207,SNT,Glasreiniger
4262437698229,KLY,Glasreiniger
4007547301108,SNT,Glasreiniger Nachfüller
4007547301009,SNT,Glasreiniger Sprühflasche
4019886019002,SOD,Glasreiniger Sprühpistole
7611916163876,WEL,Glättende Augenpflege Wildrose & Weiáer Tee
4001638590518,WEL,Glättende Body Lotion Wildrose
7611916163890,WEL,Glättende Nachtpflege Wildrose & Weiáer Tee
7611916164026,WEL,Glättende Tagespflege Wildrose & Weiáer Tee
4035447110254,HES,Gleisweiler Riesling Buntsandstein
5016383082910,WSE,Glocke mit Zink-Griff
4055297220620,SAN,Glossy Shine Haarmaske Birke
4055297220262,SAN,Glossy Shine Shampoo Birke
4021457663705,LAV,Glow By Nature Body Lotion
4021457664207,LAV,Glow by Nature Fluid LSF 50
4021457664290,LAV,Glow by nature Illuminating Eye Cream
4021457664320,LAV,Glow by nature Liquid Illuminating Refiner
4021457664238,LAV,Glow by nature Vitamin C 3in1 Creme
4021457664269,LAV,Glow by nature Vitamin C Boost Serum
4001638590617,WEL,Glow Serum Drops
9004145007390,STN,Glücks Gewürz Blüten Tüte
4026584133305,SOF,Glücks Sterne
4086900268500,PVL,Glücksgefühle Deo Creme
4086900185074,PVL,Glücksgefühle Duftmischung
4086900268302,PVL,Glücksgefühle Duschbalsam
4086900268401,PVL,Glücksgefühle Handcreme
4086900268005,PVL,Glücksgefühle K”rper”l
4086900268104,PVL,Glücksgefühle K”rperlotion
4086900195073,PVL,Glücksgefühle Raumspray
4085900006914,VNA,Glückskäfer mit Nougatfüllung Zartbitter
9004145005228,STN,GlücksTee lose
9004145025226,STN,Glückstee TB
9004145023024,STN,Glühweingewürz rot TB
4026813330147,BSI,Glutenfreie Pizza Margherita
4011849870002,PAN,"Gnocchetti/Nockerl, frisch"
4026813334428,DFE,Gnocchi
4012346179209,LEB,Gnocchi Gemüsepfanne
4011849900006,PAN,Gnocchi Gluten frei
4011849885006,PAN,Gnocchi Kürbis
4011849856006,PAN,Gnocchi mit Süákartoffeln
4018462145203,BYO,Gnocchi Sardi semola
4011849850004,PAN,Gnocchi traditionelle Rezeptur
4260650731044,CPO,goji rote beete
8713576236231,TER,Gojibeeren
4019339175118,DAV,Gold Hirse
4015637823522,BAK,Gold Leinsaat geschrotet gf
4260266546223,JIS,Gold Sheabutter
4019838090028,CDO,Golden Banana Wildtee
4251632601653,AUA,Golden Dutch
9004145025172,STN,Goldener Kurkuma Tee TB
4019339416068,DAV,Goldgelbe Leinsaat
4019339416105,DAV,Goldgelbe Leinsaat
4022381113069,SPI,Goldhirse
4022381113205,SPI,Goldhirse
4022381514187,SPI,Goldhirse
4022381027793,SPI,Goldleinsamen
8713576008869,TER,Gomasio
269581,CAG,"Gorgonzola DOP ""cremoso""0,75kg"
4000915100006,ISA,Gorgonzola DOP Azzurro dolce
4000915100013,ISA,"Gorgonzola DOP Azzurro dolce, 125g egalisiert"
8714565061193,BAS,Gouda Bärlauch
8711842242320,BAS,Gouda Basilikum-Knoblauch
8711842337705,BAS,Gouda Gewürzgurke & Dill
8711842338719,BAS,Gouda Ingwer & Limette
8711842242337,BAS,Gouda Italiano
8711842242252,BAS,"Gouda Jong, 10-12 kg"
8711842336067,BAS,"Gouda Jong, 4 kg"
8714565000543,BAS,"Gouda jung, Demeter"
8711842336074,BAS,Gouda M”hre
8714565000901,BAS,Gouda Old
8711842242269,BAS,"Gouda Pikant mittelalt, 10-12 kg"
8714565000406,BAS,"Gouda Pikant mittelalt, 4 kg"
8714565000581,BAS,"Gouda Pikant mittelalt, Demeter"
22081636,HMW,"Gouda Rucola-Pinienkerne, PrePack"
4008471514527,S™B,Gouda Scheiben
4026913174023,™MA,Gouda Scheiben
4026913573055,™MA,Gouda Scheiben
4104060029073,AND,Gouda Scheiben
9004283493000,BWI,Gouda Scheiben
8711842302215,BAS,Gouda Schwarzer Knoblauch
9004584057215,SGM,Gouda Stange/Block
8711842338627,BAS,Gouda Tex-Mex (hot)
4026913128019,™MA,"Gouda, gerieben 5kg"
8711842242405,BAS,Gourmet
4012346461809,LEB,Gourmet CaffŠ Crema entk Pads
4012346461700,LEB,Gourmet CaffŠ Crema klass Pads
4012346454702,LEB,Gourmet Kaffee entkoff gem
4012346045726,LEB,Gourmet Kaffee gemahlen
4012346456102,LEB,Gourmet Kaffee klassisch Bohne
4012346454801,LEB,Gourmet Kaffee kräftig gem
4250073452343,FWO,"Gourmet Prawns, Riesengarnelen, blanchiert"
8714565002844,BAS,Gourmet Superieur
8057829684456,FDM,Gran Murgiano (veggi Alternative Hartkäse)
4000915107838,ISA,Grana Padano DOP
4000915107821,ISA,Grana Padano DOP 125g
4000915107814,ISA,Grana Padano DOP gerieben
4001638400206,WEL,Granatapfel 24h Deo Roll-On
4018462416358,BYO,Granatapfel Balsam
4004191002061,RAB,Granatapfel Muttersaft
4015533060267,VOE,Granatapfel Muttersaft
4012346273402,LEB,Granatapfel Orange Früchtetee
4012346210100,LEB,Granatapfel Orange TB
4015533023002,VOE,Granatapfel pur
4001638500852,WEL,Granatapfel Regenerations ™l
4026813420206,BSI,Granatapfelkerne
4260039374138,VNN,Granatapfelsaft
4013320328330,GEP,Grand Chocolat Fleur de Sel Noir
4260506610127,DFI,Grand Cru Schokolade Eis
4260506611155,DFI,Grand Cru Schokolade Eis
4106060077467,BEU,Grande Shot Ingwer Mango
4005561007198,BOL,Granola Himbeer
5425038430653,TUE,Granola Pekannuss & Ahornsirup
5425038430646,TUE,Granola Schokolade & Haselnuss
4086900101487,PVL,Grapefruit bio
4015533063862,VOE,Grapefruitsaft
4106060074985,BEU,Grapefruitsaft
8023376761308,HUA,Grappa Barbera Affinata
8023376860308,HUA,Grappa Moscato
8023376862302,HUA,Grappa Nebbiolo
4260004910705,™WR,"Grauburgunder Premium aus dem Holzfass, weiß"
4260491972392,WCX,Grauburgunder trocken weiß
4033548000825,SHE,Grauburgunder weiß
4035447110230,HES,Grauburgunder weiß
4260004910507,™WR,Grauburgunder weiß
4004689268788,BMR,Gravad-Dill-Lachs
7610612004261,SNA,Greekstyle Kräuter & Oliven”l-alternative zu Feta
4015533014659,VOE,Grenadine Sirup
4008471507314,S™B,Grieápudding mit Vanille
4008471507307,S™B,Grieápudding Traditionell
4008471507383,S™B,Grieápudding Traditionell
4051147009810,SDS,Griebenschmalz im Glas
4260067150315,CES,"Griech. Kalamata Oliven ohne Stein, mariniert"
4260067150063,CES,"Griech. Kalamata Oliven, ohne Stein natur"
4260067150148,CES,"Griech. Kalamata Oliven, ohne Stein, marin."
4260067150131,CES,"Griech. Kalamata-Oliven, mit Stein, mar."
4260067150766,CES,"Griech. Oliven grün o Stein, mariniert, ohne Knob."
4260067150049,CES,Griech. Oliven grün o. Stein natur
4260067150773,CES,"Griech. Oliven grün, mariniert ohne Stein"
4260067150179,CES,"Griech. Oliven m Knoblauch, mariniert"
4260067150094,CES,Griech. Oliven m Mandeln
4260067150162,CES,"Griech. Oliven m Paprika, mariniert"
4260067150988,CES,Griech. Oliven m. Zitrone gefüllt natur
4260067150346,CES,Griech. Oliven mit Knoblauch gefüllt
4260067150261,CES,Griech. Oliven mit Mandeln gefüllt
4012346112206,LEB,Griechische Küche
4012346537900,LEB,Griechischer Bergtee
9004145009059,STN,Griechischer Bergtee lose
4000915230819,ISA,"Griechischer Feta g.U. Salzlake, 2 kg"
4000915030853,ISA,"Griechischer Feta g.U., vakuum"
4000915030839,ISA,"Griechischer Mini-Feta g.U., vakuum"
4260067150599,CES,Griechischer Ziegen Weichkäse mariniert
4260067150582,CES,Griechischer Ziegen Weichkäse Natur
9004145012172,STN,Griechisches Salatgewürz
4008471511205,S™B,Grienkenschmied
4008576400626,NYK,Griffkamm Buchenholz
4260664939597,NYK,"Griffkamm groá, aus recycelten Tauen"
4260664939603,NYK,"Griffkamm klein, aus recycelten Tauen"
4018462161104,BYO,Grill & Fondue Senf
4015637023526,BAK,Grill Display
4012346779706,LEB,Grill Display 2025
4012346782904,LEB,Grill Display 2026
4018462198001,BYO,Grill und Burger Sauce
4012346133508,LEB,Grill und Pfannengewürz
4030917007904,SAC,Grill und Würzsauce Barbecue
4012346768007,LEB,Grillgewürz Display
4012346158907,LEB,Grillgewürz Tüte
4012346104201,LEB,Grillmeister
4030917016401,SAC,Grillsauce Cajun Island
4030917002800,SAC,Grillsauce H”llenfeuer Sauce
4030917035501,SAC,Grillsauce Louisiana
4030917016203,SAC,Grillsauce Mexican Salsa
4018462180006,BYO,Grissini Classico
4022993045987,STZ,Grissini Sesam gf
4005967977385,ROS,Groáes Display Frühling/Ostern
8005020009431,RAC,Groágebinde Vanille Eiscreme
4019339471494,DAV,Grobe Soja-Schnetzel
2900000991453,5WP,Grosskiste für Žpfel
4025089006824,SAN,Grow Mode On Shampoo
4022346609040,HEU,Grün Tee Aktion China
5202423201025,MAN,Grüne & Kalamata Oliven al Naturale entkernt
4260067152494,CES,Grüne Amphissa Oliven mit Kräutern entsteint
4260100263750,BCO,Grüne Bohnen
4027468000768,ERH,Grüne Currypast
4260360272059,NPU,Grüne Delikatess Linsen
3283950927963,CAT,Grüne Heilerde Maske
4260418020250,GNC,Grüne Kraft Superfood Trinkpulvermischung
5202423200042,MAN,Grüne Oliven entkernt
5200104106737,EPI,Grüne Oliven m Knoblauch
4000915101645,ISA,Grüne Oliven mit Knoblauch
4000915103212,ISA,Grüne Oliven mit Knoblauch
4000915107111,ISA,Grüne Oliven mit Knoblauch
5202423123211,MAN,Grüne Oliven mit Koriander u rosa Pfeffer mit Stei
4000915104110,ISA,Grüne Oliven mit Mandeln
4000915107104,ISA,Grüne Oliven mit Mandeln
5200104106836,EPI,Grüne Oliven mit Mandeln
4000915105568,ISA,"Grüne Oliven mit Mandeln, mariniert"
8018759001300,SEL,Grüne Oliven mit Stein
4000915101621,ISA,Grüne Oliven o.St gekräutert
4000915106978,ISA,Grüne Oliven oh. Stein
4000915103816,ISA,Grüne Oliven ohne Stein
5200104102005,EPI,Grüne Oliven ohne Stein
5200104106430,EPI,Grüne Oliven ohne Stein
4000915105537,ISA,"Grüne Oliven ohne Stein, mariniert"
5200104109134,EPI,"Grüne Oliven, ohne Stein, Rohkost"
4260067151923,CES,Grüne Peperoni in Lake
5202423123228,MAN,Grüne u Kalamata Oliven Chili u Kräutern mit Stein
4262415020240,KRK,Grüner Smoothie
4019838090172,CDO,Grüner Tee
4068871097082,UFN,Grüner Tee TB
9120001701100,SMU,Grüner Veltliner Heideboden weiß
9120047400531,LGI,Grüner Veltliner weiß
4019339154106,DAV,Grünkern
4022381105200,SPI,Grünkern
4022381035880,SPI,Grünkern Bratlinge
4015637004945,BAK,Grünkern Burger
4019339672464,DAV,Grünkern Dinkelbrot
4019339153109,DAV,Grünkernschrot
4022381021845,SPI,Grünkernschrot
4009309572504,MAR,Grünkohl
4026813000118,NCL,Grünkohl
4260012643664,BIN,Grünkohl Lerchenzungen
4026813004444,DFE,"Grünkohl portioniert, 20 g,4x2,5 kg"
4250096904225,KBH,Grünkohleintopf Eintopfliebe
4012346242903,LEB,Grüntee China Blatt
4022346608746,HEU,Grüntee Chun Mee
4012346533704,LEB,Grüntee Darjeeling Blatt Ambootia
4012346521602,LEB,Grüntee Darjeeling TB
4012346523606,LEB,Grüntee Earl Grey
4012346536002,LEB,Grüntee Gunpowder
4012346525105,LEB,Grüntee Ingwer Zitrone TB
4012346536507,LEB,Grüntee Jasmintee
4012346519005,LEB,Grüntee Marokkanische Minze TB
4012346533407,LEB,Grüntee Sencha
4012346527000,LEB,Grüntee Sencha TB
4015533028793,VOE,GS Grünkohl Mango Spinat Ingwe
4015533026065,VOE,GS Rote Bete Grünkohl Spinat
4012346181509,LEB,Guacamole
4000915100709,ISA,Guacamole (Avocado-Creme)
4260148659966,PUF,Guacamole mit Tomaten u. Limetten
4260418020137,GNC,Guarana Superfood Trinkpulver
4020943232197,ARC,Guarkernmehl
4012346450001,LEB,Guatemala Kaffee ganze Bohne
4012346460901,LEB,Guatemala Kaffee gemahlen
4031829232408,™KL,Gulaschsuppe ung. Art
4012346536101,LEB,Gunpowder Blatt
4009309622643,MAR,Gurkensalat
4009309251072,MAR,Gurkenschnitzel
4009309111215,MAR,Gurkentopf
4009309121078,MAR,Gurkenwürfel 10x10mm
4019736014485,ZWE,Gut Aufgelegt Rote Bete Meerrettich
4019736014461,ZWE,Gut Aufgelegt Senf Dill
4019736014447,ZWE,Gut Aufgelegt Tomate Basilikum
4086900755000,PVL,Gute Laune Duft Roll-On
4086900185005,PVL,Gute Laune Duftmischung
4260102481039,BSK,Gute Laune Käse aus Heumilch
9004145005051,STN,Gute Laune Kräutertee
9004145022560,STN,Gute Laune Kräutertee TB
4086900195004,PVL,Gute Laune Raumspray
4026584133312,SOF,Gute Laune Sterne
4022346331101,HEU,Gute Nacht
4012346222806,LEB,Gute Nacht Tee
4002029004508,HOY,Gute Nacht Trunk
4260248770035,HAD,Gutedel weiß
9004145023253,STN,GuTEE Besserung
9004145025011,STN,Guten Morgen Kräutertee TB
9004145005013,STN,Guten Morgen Tee
4062681064449,ROG,GV-Bergblütenkäse Scheiben
9008281004640,BOM,GV-Bergkäse Scheiben
4251632600809,AUA,GV-Butterkäse Scheiben
4046896690211,VAV,GV-Red Cheddar Scheiben
4101530007418,BGL,"H-Alpenmilch 1,5% laktosefrei"
4101530002567,BGL,"H-Alpenmilch 1,5%, Tetra"
4101530007401,BGL,"H-Alpenmilch 3,5% laktosefrei"
4101530002505,BGL,"H-Alpenmilch 3,5%, Tetra"
4065400004085,13:00,"H-Kochsahne 15%, 5kg"
4008471499947,S™B,"H-Kuhmilch 1,5% laktosefrei"
4008471499893,S™B,"H-Kuhmilch 3,5% laktosefrei"
4065400004047,13:00,"H-Milch 1,5%"
4065400004016,13:00,"H-Milch 1,5%, 10l"
4065400004054,13:00,"H-Milch 3,8%"
4065400004092,13:00,"H-Schlagsahne 30%, 5 kg"
4026913155039,™MA,H-Tee- und Kaffeesahne 10%
4065400004030,13:00,"H-Vollmilch 3,8%, 10l"
4260026432544,GLM,"H-Weidemilch 1,5%, Tetra"
4260026432551,GLM,"H-Weidemilch 3,8%, Tetra"
4104060031526,AND,H-Ziegenmilch 3% Elopak
4024297006343,NAT,H”rnchen Dinkel hell
8015197010604,IRI,H”rnchen Mini geriffelt
4018462144503,BYO,H”rnchen semola
20489076,FPF,Hä-Geschnetzeltes a.d.Keule 6x350g
4015016000155,HAA,Haaner Fein Perlend Glas
4015016003170,HAA,Haaner Felsenquelle Gastro
4260378043184,KHD,Haar ™l Color Care
4260378042224,KHD,Haar ™l Rose Repair
4260378042217,KHD,Haar ™l Strong Amla
4260378042231,KHD,Haar ™l Vitality Grow
4020829077546,HAU,Haar”l
4260026697158,BIT,Haar”l
4260631131801,GR™,Haar”l
4270000814464,AFL,Haar”l Afrolocke
4001638590839,WEL,Haar”l Elixir Shine Boost
4001638093620,WEL,Haar”l Rosmarin
4008576400473,NYK,Haarbürste groá mit Holznoppen
4008576400503,NYK,Haarbürste klein mit Holznoppen
4008576400497,NYK,Haarbürste länglich mit Holznoppen
4260512460907,AYA,Haarfarbe Bordeauxrot
4260512460600,AYA,Haarfarbe Chilirot
4260512460341,AYA,Haarfarbe Dunkelblond
4260512460648,AYA,Haarfarbe Hellbraun
4260512460204,AYA,Haarfarbe Honigblond
4260512460808,AYA,Haarfarbe Kaffeebraun
4260512460303,AYA,Haarfarbe Karamellblond
4260512460402,AYA,Haarfarbe Kupferrot
4260512460501,AYA,Haarfarbe Maronenrot
4260512460242,AYA,Haarfarbe Saharablond
4260512460846,AYA,Haarfarbe Schokobraun
4260512461003,AYA,Haarfarbe Schwarzbraun
4260512461102,AYA,Haarfarbe Tiefschwarz
4260512460709,AYA,Haarfarbe Zimtbraun
4260512460105,AYA,Haarkur Cassia
4260026694201,BIT,Haarkur Repair
4021457655427,LAV,Haarkur Repair und Tiefenpflege
4260378042330,KHD,Haarmaske Deep Charcoal Cleanse
4262361260165,HLI,Haarmaske Feuchtigkeit
4262361260158,HLI,Haarmaske Reparatur
4260378042309,KHD,Haarmaske The Power of Amla
4009800006164,MSP,Haarseife
4260026696137,BIT,Haarspray
4260631131771,GR™,Haarspülung Glanz & Feuchtigkeit
4260198098586,BEN,Haarspülung Normales Haar GANZ RELAXT
4260631131764,GR™,Haarspülung Reparatur & Pflege
4260198098593,BEN,Haarspülung Reparatur ZUM ABSCHNEIDEN ZU SCHADE
4260198098609,BEN,Haarspülung Volumen VOLUME 2
4020829077508,HAU,Haartonikum
4031829259603,™KL,Hackfleisch gemischt
4031829259702,™KL,Hackfleisch vom Rind
4026813000644,NCL,"Hackspinat, portioniert"
9020200031308,NTM,Hafer Alge Calcium Drink
4001638095624,WEL,Hafer Aufbau Shampoo
4001638095587,WEL,Hafer Aufbau Spülung
4015637023748,BAK,Hafer Baguette
4004790023764,BCE,Hafer Barista Drink
4016249127107,ALO,Hafer Barista Drink
4015637019420,BAK,Hafer BBQ Burger gf
4022381053709,SPI,Hafer Buchstabennudeln gf
4009176034556,LNA,Hafer Cookies
4005561002872,BOL,Hafer Crunchy 100%
4015637019109,BAK,Hafer Crunchy Beere gf
4005967005385,ROS,Hafer Crunchy Kakao
4005967005392,ROS,Hafer Crunchy Natur
4015637019123,BAK,Hafer Crunchy Schoko Nuss
4015533048821,VOE,Hafer Cuisine
4016249207007,ALO,Hafer Cuisine
4038375025065,NTM,Hafer Cuisine
4016249225100,ALO,Hafer Drink 0% Zucker
4004790023795,BCE,Hafer Drink glutenfrei
4260313280100,STR,Hafer Drink Natur Pur
4016249143725,ALO,Hafer Drink Naturell
4004790037358,BCE,Hafer Drink Ohne Zucker
4019339124185,DAV,Hafer entspelzt
4022381029254,SPI,Hafer Erdmandel Porridgeflocken
4016249184926,ALO,Hafer Flapjack Nuss
4016249184902,ALO,Hafer Flapjack Schoko
4022381029636,SPI,Hafer geschält
4022381106061,SPI,Hafer geschält
4022381320184,SPI,Hafer geschält
42418702,HVM,Hafer Jogh.altern. Blueberry Vanilla
42434788,HVM,Hafer Jogh.altern. Himbeere
42418696,HVM,Hafer Jogh.altern. Mango Maracuja
9010179000245,MML,Hafer Jogh.altern. Natur
4260289420456,THV,Hafer Joghurt Mango-Maracuja Alternative
4260289420418,THV,Hafer Joghurt Natur Alternative
4260289420432,THV,Hafer Joghurt Vanille Alternative
4260289420494,THV,Hafer Joghurt Waldfrucht Alternative
4015637019048,BAK,Hafer Knusper Müsli Mango
4015637019024,BAK,Hafer Knusper Müsli Schoko
4004790026949,BCE,Hafer Mandel Drink
4038375025997,NTM,Hafer Mandel Natural
8032804431874,FEL,Hafer Mezzi Rigatoni gf
4005561008065,BOL,Hafer Moment Erdmandel Honig
4005561008058,BOL,Hafer Moment Preiselbeere Zitrone
4005561008072,BOL,Hafer Moment Schoko Chai
4015637018812,BAK,Hafer Müsli Beeren gf
4015637018881,BAK,Hafer Müsli Bircher
4015637018942,BAK,Hafer Müsli Früchte gf
4015637018850,BAK,Hafer Müsli Hofmischung gf
4015637018904,BAK,Hafer Müsli Protein gf
4015637018799,BAK,Hafer Müsli Schoko Flakes gf
4015637018928,BAK,Hafer Müsli Schoko gf
4015637018980,BAK,Hafer Müsli Schoko gf
4015637018966,BAK,Hafer Müzli Nussgenuss gf
4015637022390,BAK,Hafer Pancakes
4019339241004,DAV,Hafer Porridge Flocken Zartblatt
4022381029216,SPI,Hafer Porridgeflocken Klassik
4022381039130,SPI,Hafer Rigatoni gf
4032105001374,SBŽ,Hafer Sahne Trüffel
4005967006672,ROS,Hafer Schoko Kekse Snack
4260026696045,BIT,Hafer Shampoo
4022381039116,SPI,Hafer Spiralen gf
4056114006151,SOM,Hafer Zitronen Kringel
4032105000193,SBŽ,Hafer-Dinkel
4026584133596,SOF,Hafer-Karotten Bällchen
4016249143527,ALO,Hafer-Mandel Drink ungesüát
4260289420555,THV,Haferblock Butter Alternative
4024884010494,HEB,Haferbr”tchen
4015537002454,HMO,Haferbrezeln
4015637007250,BAK,Haferbrot Backmischung gf
4016249332921,ALO,Hafercrrrunch Riegel Frucht
4016249332907,ALO,Hafercrrrunch Riegel mit Nüssen
4016249332853,ALO,Hafercrrrunch Riegel Schoko
4015533041525,VOE,Haferdrink
4015533046766,VOE,Haferdrink
4015533043703,VOE,Haferdrink Barista
4038375026116,NTM,Haferdrink Barista
9020200031032,NTM,Haferdrink Choco
4038375025461,NTM,Haferdrink Glutenfrei
9020200029763,NTM,Haferdrink Kaffee
4004790017565,BCE,Haferdrink Natural
4038375024396,NTM,Haferdrink Natural
4016249024260,ALO,Haferdrink ohne ™l
9020200030257,NTM,Haferdrink Omega-3
4260313281909,STR,Haferdrink Pulver
4038375024419,NTM,Haferdrink Vanille
9020200031391,NTM,Haferdrink Zero
4019339242001,DAV,Haferflocken Groáblatt
4019339242018,DAV,Haferflocken Groáblatt
4022381020350,BUM,Haferflocken Groáblatt
4022381029810,SPI,Haferflocken Groáblatt
4022381303064,GEH,Haferflocken Groáblatt
4022381303163,SPI,Haferflocken Groáblatt
4022381303187,SPI,Haferflocken Groáblatt
4022381303200,SPI,Haferflocken Groáblatt
4015637824819,BAK,Haferflocken Groáblatt gf
4022381027571,SPI,Haferflocken Groáblatt gf
4022381037358,SPI,Haferflocken Groáblatt gf
4015637883120,BAK,Haferflocken Kleinblatt
4019339240007,DAV,Haferflocken Kleinblatt
4019339240014,DAV,Haferflocken Kleinblatt
4022381020398,BUM,Haferflocken Kleinblatt
4022381029834,SPI,Haferflocken Kleinblatt
4022381304061,GEH,Haferflocken Kleinblatt
4022381304160,SPI,Haferflocken Kleinblatt
4022381304184,SPI,Haferflocken Kleinblatt
4022381304207,SPI,Haferflocken Kleinblatt
4015637823645,BAK,Haferflocken Kleinblatt gf
4015637827407,BAK,Haferflocken Kleinblatt gf
4022381027595,SPI,Haferflocken Kleinblatt gf
4022381037334,SPI,Haferflocken Kleinblatt gf
4022381037396,SPI,Haferflocken Porridge Klassik gf
4015637822242,BAK,Haferflocken Zartblatt
4022381002158,SPI,Haferflocken Zartblatt
4022381020220,SPI,Haferflocken Zartblatt
4022381037419,SPI,Haferflocken Zartblatt
4015637003344,BAK,Haferflocken Zartblatt gf
4022381037310,SPI,Haferflocken Zartblatt gf
4022381037372,SPI,Haferflocken Zartblatt gf
4008728046900,SIJ,Hafergebäck Kokos
4021496015800,VNA,Haferkekse
4019339313107,DAV,Haferkleie
4022381241205,SPI,Haferkleie
4032105000070,SBŽ,Haferling
4005561532409,BOL,Haferlinge
4022381024709,SPI,Hafermehl gf
4015637007915,BAK,Hafermehl VK gf
4015637018775,BAK,Hafermüsli Basis
4015637018836,BAK,Hafermüsli Früchte Flakes gf
4015637824420,BAK,Haferpops gf
4032105001756,SBŽ,Haferstangen (10)
4022346308820,HEU,Hafertee grün geschnitten
4031779605345,MOI,Haffys Pur
4031779606342,MOI,Haffys Sonnenblumenkerne
4031779607349,MOI,Haffys Vitalsaaten
4019736005889,ZWE,Hagebutte Fruchtgarten
4012346000602,LEB,Hagebutte Hibiskus Tee TB
4022346308936,HEU,Hagebutten Pulver
4260418020304,GNC,Hagebutten Superfood Trinkpulver
4012346260006,LEB,Hagebuttentee
28180135,FPF,Hähnchen ganz
20489045,FPF,"Hähnchen ganz 3x1,8kg"
4036396900026,FPF,Hähnchen Kinder Dinos
4036396900637,FPF,Hähnchen Knusper Flügel
4036396901153,FPF,Hähnchen Nuggets
4260100263842,BCO,Hähnchen Schnitte Wiener Art
27068137,BKH,"Hähnchen, ohne Innereien"
27068014,BKH,Hähnchenbrust 2 St.
20488826,FPF,Hähnchenbrustfilet 2er
20489052,FPF,Hähnchenbrustfilet 2er 6x300-400g
27068045,BKH,Hähnchenflügel 4 St.
20488871,FPF,Hähnchenflügel 4er
4042025014651,BKH,Hähnchenhackfleisch
27068038,BKH,Hähnchenkeule 2 St.
20488840,FPF,Hähnchenkeulen
20489069,FPF,Hähnchenkeulen 2er 4x500-600g
27069257,BKH,Hähnchenleber
27068076,BKH,Hähnchensteaks 2 St.
5701058013046,URT,Hair & Body Wash Men
4019339434109,DAV,Halbe Schälerbsen
4260360272066,NPU,Halbe Schälerbsen
4046896602009,1GR,Halloumi g.U. Grill- und Bratkäse
4012346222301,LEB,Halsschmeichler
4012346222301,LEB,Halsschmeichler
4016249003531,ALO,Halva
4086900741317,PVL,Hamameliswasser
4086900383401,PVL,Hämatom & Narben Pflege”l
4028112059026,SDL,Hamburger Br”tchen
4260360271236,NPU,Hamburger Br”tchen
4022993046076,STZ,Hamburger buns gf
4032061213033,GEB,Hand Cream
4019886000208,SOD,Hand Geschirrspülmittel Lemon & Lime
4019886000239,SOD,Hand Geschirrspülmittel Lemon & Lime
4262437698106,KLY,Hand Spülmittel
8718754502399,TFO,Handcooked Chips Meersalz
8718754505659,TFO,Handcooked Chips Paprika
8718754502177,TFO,Handcooked Chips Rosmarin
8718754502412,TFO,Handcooked Chips Salz Pfeffer
8718754502559,TFO,Handcooked Chips Sweet Chili
4020829005662,HAU,Handcreme
4260198098906,BEN,Handcreme Aprikose HANDLICH
4260198096322,BEN,Handcreme Hafer DU HAND SCHMEICHLER DU
4017645001183,LOG,Handcreme intensiv
4020829101845,HAU,Handcreme Kleingr”áe
4260198098920,BEN,Handcreme Lavendel HOCH DIE HŽNDE!
4260198096339,BEN,Handcreme Pampelmuse DU HAST DIE HŽNDE SCH™N
4260198097527,BEN,Handcreme Sheabutter ICH BIN DANN MAL NEUTRAL
4019886019330,SOD,Handdesinfektion Euroflasche
4007547209008,SNT,Händedesinfektion
4007547209305,SNT,Händedesinfektion
4019886019354,SOD,Händedesinfektion
4007547209206,SNT,Händedesinfektion Nachfüller
4007547209107,SNT,Händedesinfektionsmittel
4051900004090,BIR,"Handkäse g.g.A., Thekenware"
4007547206502,SNT,Handseife Calendula Nachfüller
4007547206403,SNT,Handseife Calendula Spender
4007547302600,SNT,Handseife Citrus
4007547302501,SNT,Handseife Citrus Nachfüllfl
4007547302402,SNT,Handseife Citrus Spender
4007547302907,SNT,Handseife Lavendel
4007547302808,SNT,Handseife Lavendel Nachfüllfl
4007547302709,SNT,Handseife Lavendel Spender
4007547205208,SNT,Handseife Rose
4007547205109,SNT,Handseife Rose Nachfüllfl
4007547205000,SNT,Handseife Rose Spender
4007547206205,SNT,Handseife Rosmarin
4007547206106,SNT,Handseife Rosmarin Nachfüllfl
4007547206007,SNT,Handseife Rosmarin Spender
4007547301801,SNT,Handseife sensitiv Nachfüllfl
4007547301900,SNT,Handseife sensitiv Spender
4007547204805,SNT,Handseifen Geschenk-Set
4019886023566,SOD,Handspülmittel sensitiv
4008576400671,NYK,Handwaschbürste doppelseitig aus Buchenholz
4008576400527,NYK,Handwaschbürste grob
4038507003275,GOV,Hanf Proteinpulver
4026584133565,SOF,Hanf-Emmer Bällchen
4019339431054,DAV,Hanfsamen
4019339431078,DAV,Hanfsamen geschält
4038507002391,GOV,Hanfsamen geschält
4022381040044,SPI,Hanfsamen ungeschält
4086900745551,PVL,Hanfsamen”l
4032105001435,SBŽ,Hanftaler Florentiner Art
4025089086178,SAN,HAPPINESS Bodylotion Orange & Mango
4025089006589,SAN,HAPPINESS Duschgel
9004145023130,STN,Happiness is Probier mal
7611916161759,WEL,Happiness Shower Gel Grapefruit
4032061012087,GEB,Happy Aging Cleanser
4032061010175,GEB,Happy Aging Cream
4032061101736,GEB,Happy Aging Cream Kleingr”áe
4032061012308,GEB,Happy Aging Face Lotion
4032061012209,GEB,Happy Aging Tonic
4262436240375,NIA,Happy Birthday-Seife Lemon Eykalyptus
4086900195134,PVL,Happy Lemongrass Raumspray
8718924685204,JER,Happy Mrs Jersey 12 M
4012346112008,LEB,Harissa
4027468000041,ERH,Harissa
4260752753029,SPC,Harissa
4015637824833,BAK,Harissa Falafel gf
4022346309216,HEU,Harissa Gewürz gemahlen Dose
9004145012189,STN,Harissa Gewürzmischung
8714685907425,FRT,Harissa mild
4022381219204,SPI,Hartweizengrieá
5060002043035,BXO,Haselnuss Crunch Trüffel Mini
80603054,RAC,Haselnuss Eis
8005020000940,RAC,Haselnuss Eis
4260506610134,DFI,Haselnuss Piemont Eis
4005967556399,ROS,Haselnuss Waffelriegel
4017194989154,SBG,Haselnuss-Nougat Eis
4032105000377,SBŽ,Haselnussbrot mit Mohn
4005967003657,ROS,Haselnussknacker
4021246000063,LUB,Haselnussnougat Lieblinge
4020943134187,ARC,Hatcho Miso
9008281005449,BOM,Hatzenstädter Heubauernkäse 25%
9008281004978,BDL,Haus-Bergkäse 5 M
4262437698205,KLY,Haushaltsreiniger
4039468030638,MEM,Haushaltsreinigungstuch aus Bio Baumwolle
4051147009605,SDS,Hausm. Leberwurst im Glas
4051900004052,BIR,Hausmacher Bauernhandkäse g.g.A.
4250442410271,MAX,Hausmacher Leberwurst
4030068002612,CHI,Haussalami geschnitten
280266,CHI,"Haussalami Stange, Theke"
4260166240276,HUC,Haussecco weiß
4012346537504,LEB,Haustee
4012346544007,LEB,Haustee TB
4260166240146,HUW,Hauswein rot
4260166240122,HUW,Hauswein weiß
4086900385405,PVL,Haut Intensiv Balsam
4008576400718,NYK,Hautschere Solingen Vitaloy
4260026691019,BIT,Hautschutz Salbe
4260026691057,BIT,Hautschutz Salbe
4008576400725,NYK,Hautzange Solingen Vitaloy
4260516390170,ICE,Hazel Choc Eis
4013320099087,GEP,Hazel nougat fairness
4270001544360,LNB,Hazelnut Choco Nougat Pralinis
42486091,HVM,Hazelnut Chocolate Protein Pudding
4024297022251,NAT,Hazelnut Crisp Schokoriegel
4270001075314,LNB,Hazelnut Nougat Choc Riegel
4270001544315,LNB,Hazelnut Spread
9004145025943,STN,Heavy Metal Tee Happiness is
4024884030454,HEB,Hefeh”rnchen
4260028360425,REA,Hefepaste Bioreal
4260028361521,REA,Hefepaste Bioreal
4022381037891,SPI,Hefezopf gf Backmischung
4024297013129,NAT,Heiáe Schokolade
4024297018537,NAT,Heiáe Schokolade Nachfüllbeutel
4106060047675,BEU,Heiáer Apfel
4260166240191,HHI,Heiáer Hirsch Bag in Box rot
4260166240269,HHI,Heiáer Hirsch Bag in Box weiß
4260166240658,HHI,Heiáer Hirsch ros‚
4260166240061,HHI,Heiáer Hirsch rot
4260166240221,HHI,Heiáer Hirsch weiß
5060466500013,TFT,Heidelbeer Fruchtaufstrich
4021246101203,LUB,Heidelbeer Fruchtriegel gf
4106060075630,BEU,Heidelbeer Muttersaft
4005967003299,ROS,Heidelbeer Vanille Müsli ungesüát
4019736017295,ZWE,Heidelbeere Fein
4260091350354,DBB,Heidelbeere Fruchtaufstrich
4260360272448,NPU,Heidelbeere Fruchtaufstrich
4019736008163,ZWE,Heidelbeere Fruchtgarten
4021246000070,LUB,Heidelbeere Lieblinge
4026813420220,NCL,Heidelbeeren
9004998006199,LAG,Heidelbeeren gefriergetrocknet
4005120803018,LUK,Heilerde aufbauendes Gesichtsfluid
4005120163327,LUE,"Heilerde Bitterquell Plus Kapseln, Verdauung"
4005120665050,LUV,Heilerde Cholesterin mikrofein Kapseln
4005120170332,LUV,Heilerde extrafein akut FA säurebd. Magenbeschw.
4005120170356,LUV,Heilerde extrafein akut FA säurebd. Magenbeschw.
4005120000158,LUV,"Heilerde Gastrosan Kapseln Blähungen, Schmerzen"
4005120163310,LUE,Heilerde Haar und Nagel Plus Kapseln
4005120163303,LUE,Heilerde Haut Plus Kapseln
4005120202019,LUV,Heilerde hautfein Akne
4005120163075,LUV,Heilerde imutox Granulat bindet Schadstoffe
4005120163143,LUV,Heilerde imutox Kapseln bindet Schadstoffe
4005120163044,LUV,Heilerde imutox Pulver bindet Schadstoffe
4005120414016,LUV,Heilerde magenfein Granulat Reizdarm
4005120411015,LUV,Heilerde magenfein Reizdarm
4005120205058,LUV,Heilerde mikrofein Cholesterin
4005120170370,LUV,Heilerde mikrofein Durchfall Pulver FA
4005120170493,LUV,Heilerde ultrafein akut Sodbrennen FA
4005120170523,LUV,Heilerde ultrafein akut Sodbrennen FA
4005120805012,LUK,Heilerde Waschcreme
4260012647754,BIN,Heiliges Basilikum
4015533067143,VOE,Heimische Aronia mit Acerola
4015533025693,VOE,Heimischer Apfelsaft Elopak
4106060073858,BEU,Heimischer Multi
4015533066108,VOE,Heimischer Multi Birne Mirabellen Saft
4260166240436,LCC,Helga LIEBLINGSSECCO
4038857112214,™KV,Helix Lakritzschnecken
8018759001393,SEL,Helle Balsamcreme
8018759000716,SEL,Helle Balsamcreme mit Zitrone
4016512032114,ERN,Helle Feinkostsoáe Vorratsdose
4260485633506,FAQ,Helle mit Salz & Karamell
4000345048329,NCO,Helle Sauce
4026968015708,FON,Heller Thunfisch in Oliven”l
8412439285040,PDM,Heller Thunfisch in Oliven”l
4026968015609,FON,Heller Thunfisch in ™l
4026968015807,FON,Heller Thunfisch naturell
8412439285187,PDM,Heller Thunfisch naturell
4260435775126,SPC,Hello Mediterraneo
4260435775119,SPC,Hello Mexico
8437007732597,1SI,HELLOW Garnacha rose 9%
8437007732580,1SI,HELLOW Sauvignon Blanc 9%
4002029067121,HOY,herbafresh Classic Mint Pastil
4001638099271,WEL,Herbal Fresh Deodorant Salbei
4001638099219,WEL,Herbal Fresh Deodorant Salbei Nachfüllfl.
4026968005853,FON,Heringfilets in Paprika Chilli Creme
4026968005754,FON,Heringfilets in Senf Dill Creme
4026968005709,FON,Heringfilets in Tomatencreme
4250073451704,FWO,Herings Filets Senfsauce
4250073451728,FWO,Herings Filets Tomatensauce
4000915108323,ISA,Herings-Salat Dill-Jogh- Sahne
4000915108330,ISA,Herings-Salat Rote Beete
4000915108354,ISA,Herings-Salat Senf-Marinade
4045800773132,GRH,Heringshäppchen in Dill-Sauce
4026968005808,FON,Heringsplatte m Gemüsebeilage
3380330005621,JFR,Herisson Floreal weiß
3380330005577,JFR,Herisson Le Nat rot
3380330005751,JFR,Herisson Orange
3380330003115,JFR,Herisson Syrah rose
4086900185081,PVL,Herzenswärme Duftmischung
4086900195080,PVL,Herzenswärme Raumspray
4026367040356,UBM,"Hessische Weidemilch 3,7% Karton"
4104060029851,AND,"Heumilch (Vollmilch) 3,8% - Elopak"
4104060029868,AND,"Heumilch Joghurt 3,8% - im Becher"
4104060030727,AND,"Heumilch Joghurt 3,8% mild Natur"
9006545451513,KRB,"Heumilch-Butter Sauerrahm, g.t.S."
9004145002326,STN,Hibiskus (Rote Malve)
4012346242101,LEB,Hibiskusblüten
4012346240503,LEB,Hibiskusblütentee
4055297232357,SAN,High Coverage Natural Foundation 04 Cool Beige
4022381053983,SPI,High Protein Flocken
4020829098848,HAU,Highlighter 01 illuminating
4022346309988,HEU,Hildegarten Gewürzmisch Dose
4260040174055,NHU,Hima Kristallsalz Granul Tüte
4260040174000,NHU,Himal Kristallsalz Brock Tüte
4260040174017,NHU,HimalajaKristallsalz fein Tüte
4019339235119,DAV,Himalaya Basmati Reis weiß
4260040174031,NHU,Himalaya Kristallsalz fein im Streuer
4260040174062,NHU,Himalaya Kristallsalz grob in Keramik Mühle
4019339235195,DAV,Himalaya Reis Basmati weiß
4016512062296,ERN,Himalaya Ur Salz feink”rnig
4016512062302,ERN,Himalaya Ur Salz feink”rnig
4016512062364,ERN,Himalaya Ur Salz grob
4260040174543,NHU,Himalaya Zahncreme Minze Eukalyptus Kamille
4260040174536,NHU,Himalaya Zahncreme Nelke
4260040174529,NHU,Himalaya Zahncreme Salbei
4086900105324,PVL,Himalayakiefer
4086900105317,PVL,Himalayazeder bio
4018462417409,BYO,Himbeer Balsam
4085900001223,VNA,Himbeer Cassis Schnitte
4000430103810,WER,Himbeer Kokos Träumchen gf
4019339864531,DAV,Himbeer Konfitüre
4005967008287,ROS,Himbeer Maracuja Müsli
4260096395282,AGA,Himbeer Mousse
4005967005002,ROS,Himbeer Porridge ungesüát
4015533014109,VOE,Himbeer Sirup
4005967005453,ROS,Himbeer Splitter
4022346310069,HEU,Himbeerblätter
4012346106601,LEB,Himbeerdressing
4019736017318,ZWE,Himbeere Fein
4260091350194,DBB,Himbeere Fruchtaufstrich
4260360272455,NPU,Himbeere Fruchtaufstrich
4019736008187,ZWE,Himbeere Fruchtgarten
9004998003945,LAG,Himbeere für Dich
9004998002054,LAG,Himbeere in Beeren Schokolade
9004998002030,LAG,Himbeere in Zartbitter Schokolade
4026584103308,SOF,Himbeeren
4026813024046,DFE,Himbeeren
4026813110206,NCL,Himbeeren
9004998005864,LAG,Himbeeren gefriergetrocknet
9004998015740,LAG,Himbeeren in Zartbitterschokolade
4018462441800,BYO,Himbeeressig
8711542152301,TER,Himbeerschlange Giraffe
80540397,RAC,Himbeersorbet Eis
80603030,RAC,Himbeersorbet Eis
4019339177105,DAV,Hirse
4019339177181,DAV,Hirse
4000430003073,WER,Hirse Kokos Taler mit Schoko gf
4001638095556,WEL,Hirse Pflege Shampoo
4022993045055,STZ,Hirse Schnitten gf
4038375025287,NTM,Hirsedrink Natural
4022381010184,SPI,Hirseflocken
4022381027656,SPI,Hirseflocken gf
4022381010160,SPI,Hirsegrieá
7640101097399,ZFK,"Hirtenkäse, laktosefrei"
4017645004887,LOG,Hitzeschutz Spray Aloe Vera
4260026697165,BIT,Hitzeschutzspray
4086900384606,PVL,Hitzewallungspray
4002029030415,HOY,Hochland Blütenpollen
4016249131883,ALO,Hof Müsli Bircher
4016249131913,ALO,Hof Müsli Bircher
4016249131876,ALO,Hof Müsli Hildegards
4016249140700,ALO,Hof Pastete Champignon
4016249140656,ALO,Hof Pastete Classico
4016249140663,ALO,Hof Pastete Grüner Pfeffer
4016249140670,ALO,Hof Pastete Kräuter
4016249108519,ALO,Hofgemüse Champignon Zwiebel
4000345033103,ERN,Hofgemüse Cremesuppe
4016249016395,ALO,Hofgemüse Curry Zucchini
4016249108540,ALO,Hofgemüse Erbse Basilikum
4016249132354,ALO,Hofgemüse Olive Tomate
4016249017071,ALO,Hofgemüse Paprika Trio
4016249017057,ALO,Hofgemüse Rote Bete Meerettic
4016249108571,ALO,Hofgemüse Rucola Kirschtomate
4016249132361,ALO,Hofgemüse scharfe Tomate
4016249017033,ALO,Hofgemüse Spinat Pinienkerne
4016249132330,ALO,Hofgemüse Tomate Bärlauch
4260012643978,BIN,Hohe Strohblume
8718754503082,YAK,Hoisin Sauce
4260012641219,BIN,Hokkaido Kürbis Red Kuri
22003300,SDS,Holsteiner Bratwurst SB
4012346282503,LEB,Holunder Minze TB
4106060044759,BEU,Holunder Punsch
4260065961180,GUS,Holunder Secco alkoholfrei
4260065961197,GUS,"Holunder Secco alkoholfrei 0,2l"
4015141048176,LDM,Holunderblüte Lik”r
9004145004726,STN,Holunderblüten lose
4015533014147,VOE,Holunderblüten Sirup
4015533058042,VOE,Holundersaft
4260752751728,SPC,Holy Guacamoly
9004145008632,STN,Holy Veggie Grillgewürz
7611243205959,WSE,Holz Eisspaten
8059513501377,LLF,Holzdisplay Lazzaris + Befüllung
4037865000575,SND,Holzkelter GS rot
4250073453388,FWO,Holzofen-Minis Margherita
4250073453401,FWO,Holzofen-Minis Spinacio
4026813330208,BSI,Holzofen-Pizza 3 Formaggi
4026813330192,BSI,Holzofen-Pizza Margherita
4026813330390,BSI,Holzofen-Pizza Pesto vegan
4026813330253,BSI,Holzofen-Pizza Tricolore Ziege
4026813330215,BSI,Holzofen-Pizza Verdura
4013320098578,GEP,Honey almond fairness
5425038430394,TUE,Honey Balls
4013320247778,GEP,Honig Cashew Cookies
4013320225905,GEP,Honig Das faire Pfund
4260221611010,EMS,Honig Senf Dressing
4024297021759,NAT,Honig Senf Sauce
8711812436803,RIT,Honigkuchen
4021246001244,LUB,Honigmarzipan
4021246301351,LUB,Honigmarzipan
4260168399125,XUR,Honigschinken
4260112295077,MKS,Honigsenf
8711258847027,HOI,"Hooidammer Jersey, Mini - 280 g"
8711258940056,HOI,"Hooidammer Supreme, 1/2 Laib"
4018722014454,AGO,Hoppel Hasen Pasta
4046815002903,HBG,Hornberger medium
4046815002927,HBG,Hornberger medium
4046815002804,HBG,Hornberger naturelle
4046815002828,HBG,Hornberger naturelle
4260360271243,NPU,Hot Dog Br”tchen
4015637825403,BAK,Hot Hafer Apfel Zimt gf
4015637825427,BAK,Hot Hafer Basis
4015637825410,BAK,Hot Hafer Beere gf
4015637022130,BAK,Hot Hafer Golden Milk Porridge
4015637022543,BAK,Hot Hafer Protein Porridge
4015637825458,BAK,Hot Hafer Schoko gf
4015637826424,BAK,Hot Hirse Yogi Fit gf
4018462157206,BYO,Hot Ketchup
4000915109658,ISA,Hot Pepper Sauce
4250073462571,FWO,Hot Spicy Chili Noodles
4260166240412,LCC,Hugo LIEBLINGSSECCO
4018722014447,AGO,Huhn und Hahn Pasta
7640104952695,HOL,Hühnchenfleisch
4250096906335,KBH,Hühner Bouillon
4016512051153,ERN,Hühner Brühwürfel
4000345043638,ERN,Hühner Nudel Suppe
4026739670006,DFE,Hühner Vollei pasteurisiert
4016512050309,ERN,Hühnerbouillon
4016512050323,ERN,Hühnerbouillon hf
4250096906281,KBH,Hühnerbrühe
4031829262115,™KL,Hühnerfleisch in Brühe
4250096906328,KBH,Hühnerfond
4031829255117,™KL,Hühnerfrikassee
4012346179605,LEB,Hummus
4260148659980,PUF,Hummus
8713576198010,TER,Hummus
8714685907531,FRT,Hummus
8718754505024,TFO,Hummus Chips Meersalz
8718754505062,TFO,Hummus Chips Paprika
8718754505048,TFO,Hummus Chips Rosmarin
4000915100563,ISA,Hummus Ginger
8714685906398,FRT,Hummus Jalape¤o
4260148659263,PUF,Hummus Klassisch GV
4000915100631,ISA,Hummus Kürbis-Sesam
8714685907593,FRT,Hummus Mango Curry
9011600002722,GHR,Hummus Marrakesch
9011600023086,GHR,Hummus Natur
8714685903373,FRT,Hummus Pikant
8714685907562,FRT,Hummus Pinienkerne
4000915100662,ISA,Hummus Rote Beete
4000915100556,ISA,Hummus Tahini
4000915100600,ISA,Hummus Tomate-Basilikum
8714265071768,YAR,Hund Dose Br”ckchen Huhn
8714265071904,YAR,Hund Dose Br”ckchen Huhn
8714265973925,YAR,Hund Dose Br”ckchen Huhn u. Rind
8714265973949,YAR,Hund Dose Br”ckchen Huhn u. Rind
8714265270765,YAR,Hund Dose Pastete Huhn getreidefrei
8714265002168,YAR,Hund pflanzliche Dental-Sticks
8714265973116,YAR,Hund Schale Pastete Huhn getreidefrei
8714265973123,YAR,Hund Schale Pastete Huhn u. Truthahn getreidefrei
8714265002311,YAR,Hund Schale Pastete Huhn und Ente getreidefrei
8714265973130,YAR,Hund Schale Pastete Rind getreidefrei
8714265971716,YAR,Hund Snack Kaustange mit Rind
8714265975127,YAR,Hund Snack Mini
8714265000232,YAR,Hund Trockenfutter Erwachsene Huhn
8714265000263,YAR,Hund Trockenfutter Erwachsene Huhn
8714265000331,YAR,Hund Trockenfutter Senior Huhn
4260158470117,BAC,"Husumer, klein"
4030068014301,CHI,Hüttenschinken v. Schwein
4005529238206,SAV,Hyaluron + serum
4260009219018,PVD,Hyaluron Anti-Aging Serum
4005529239401,SAV,Hyaluron duo treatment
4005529238107,SAV,Hyaluron eye serum
4260198099019,BEN,Hyaluron Lip Balm Blister
4260631131719,GR™,Hyaluron Serum
4086900277007,PVL,Hyaluron Serum Destressing u Regenerating
4001638590594,WEL,Hyaluron Serum Drops
4260418987201,RRT,Hyaluron Serum Hydra Lift
4260009211449,PVD,Hydra Boosting Vitamin C Face Mask
4001638590464,WEL,Hydrating Body Lotion Citrus
4001638590822,WEL,Hydration Conditioner Alpine Flax
4001638590815,WEL,Hydration Shampoo Alpine Flax
4021457663712,LAV,Hydro Refresh Body Lotion
4021457653522,LAV,Hydro Refresh Mizellenwasser
4021457653508,LAV,Hydro Refresh Serum
4260009213313,PVD,Hydroaktive Rosencreme
4260026691033,BIT,Hydrolotion
4260491970404,APT,Hyggelig Bio Aperitivo
16160289,,IBUaristo
4022569310006,LHQ,Ich bin-Quelle /still
4044889004625,ICH,iChoc Crunchy Hazelnut
2900000991668,5WP,IFCO BLL
4020829099173,HAU,Illuminating Fluid
28006800,D™R,Ilsebär Ziegenweichkäse
28006794,D™R,"Ilsebunt, Ziegentaler Mix (6 x 4 x ca. 30g)"
4260060160144,D™R,Ilsekrem Ziegenfrischkäse Kapern & Zwiebeln
4260060160120,D™R,Ilsekrem Ziegenfrischkäse mit Curry
4260060160113,D™R,Ilsekrem Ziegenfrischkäse mit Rucola
4260060160007,D™R,Ilsekrem Ziegenfrischkäse mit Tomate
4260060160137,D™R,Ilsekrem Ziegenfrischkäse Natur
28006787,D™R,"Ilsewittchen, Ziegentaler Natur (6 x 4 x ca. 30g)"
9004145025844,STN,Im Wechsel Tee Wieder gut TB
4086900741324,PVL,Immortellenwasser
4035784162701,GSE,Immun Complex
4260703370008,KUU,Immun Kräuterauszug
4015533065880,VOE,Immun Shot
4260703370534,KUU,Immun Shot Wildkräuter
4004191025824,RBŽ,Immunstark Fruchtsaft
4004191055821,RBŽ,Immunstark Mini Fruchtsaft
4086900185111,PVL,In Balance Duftmischung
4086900195110,PVL,In Balance Raumspray
4000345298847,EVP,Indian Linsen Dal
4012346459806,LEB,Indien Espresso Kaapi Kerala gemahlen
4012346529202,LEB,Indien Gold Broken
4012346520803,LEB,Indien Gold TB
4012346462509,LEB,Indien Kaapi Kerala Espresso Bohne
7640101098396,ZFK,Indischer Grill-/Bratkäse Paneer Natur
4260012645859,BIN,Infobroschüre Leidenschaftlich Gärtnern
3360100290105,ANI,Ingwer Bonbons
9004145025745,STN,Ingwer Energietee TB
4012346156507,LEB,Ingwer gemahlen Tüte
9004145006799,STN,Ingwer gemahlen Tüte
9004998002023,LAG,Ingwer in Zartbitter Schokolade
4054411014206,BFU,Ingwer Kräuter Bonbons
9004145025714,STN,Ingwer Kurkuma Tee TB
4054411014800,BFU,Ingwer Limette und Ingwer Orange Bonbons
4054411014404,BFU,Ingwer Mango Bonbons
4004191005192,RAB,Ingwer Mix Direktsaft
4012346282701,LEB,Ingwer Orange TB
4012346282701,LEB,Ingwer Orange TB
9004145025707,STN,Ingwer Ruhe Tee TB
4015533058684,VOE,Ingwer Shot Zitrone Honig
4015533050848,VOE,Ingwer Sirup
4012346542508,LEB,Ingwer TB
9004145025721,STN,Ingwer Zitrone Tee TB
9004145005969,STN,Ingwer Zitronen Sirup
4020943135313,ARC,Ingwerreibe (Porzellan)
4015533030895,VOE,Ingwersaft
4106060074602,BEU,Ingwersaft
8437001620005,BOQ,Initium Navarra rot
4260012643442,BIN,Insektenbuffet
4005537021760,ZED,Insektenschutz Sprühlotion
4005537021777,ZED,Insektenschutz Sprühlotion intensiv
7611916125720,WEL,Inspire Shower Cream Granatapfel
7611916164576,WEL,Inspire Shower Cream Granatapfel
4000799109324,MOU,Instant Kaffee entkoffeiniert
4012346461106,LEB,Instant Kaffee Gourmet
4055297220682,SAN,Intense Hydration Haarmaske Hyaluron
4055297221580,SAN,Intense Hydration Shampoo Hyaluron
4017645001794,LOG,Intense Repair Haarmaske Schachtelhalm
4017645001756,LOG,Intense Repair Shampoo Schachtelhalm
4001638088459,WEL,Intensiv Handcreme Granatapfel
4260026693341,BIT,Intensiv-Handcreme
4025089081319,SAN,INTENSIVE REPAIR Handcreme Sheabutter & Macadamia”
4086900030541,PVL,Intim Pflege”l
4260026691279,BIT,Intim Salbe
4260026691262,BIT,Intim Wasch Gel
4260026691347,BIT,Intim Wasch Schaum
4260026697011,BIT,Intim Waschstück
4001638590099,WEL,Iris Feuchtigkeitscreme
4001638590105,WEL,Iris Nachtpflege
4001638590112,WEL,Iris Tagespflege
4000915109504,ISA,"Irischer Atlantik Lachs, ger."
4260100261138,BLR,Irischer Lachs
4260100261954,BLR,"Irischer Lachs, mit Haut"
4106060046883,IIS,isis bio Alpentee
4106060046906,IIS,isis bio Bitter Lemon
4106060048313,IIS,isis bio Cola
4106060049365,IIS,isis bio Cola Orange
4106060071403,IIS,isis bio Ginger Ale
4106060046937,IIS,isis bio Granatapfel
4106060046920,IIS,isis bio Holunderblüte
4106060072929,IIS,isis bio Tonic
4106060046890,IIS,isis Grüner Eistee
4106060076927,IIS,Isis Holunder-Himbeere
4106060221709,IIS,Isis Mischkiste
4106060046913,IIS,Isis Orange
4106060077252,IIS,Isis Wildkräuter
4106060070178,IIS,Isis Zitrone
4016249315894,ALO,Iss mir nicht Wurst Leberwurst
8008161501727,GBR,Ital. Landschinken Crudo
4260067151527,CES,Ital. Leccino Oliven oh. Stein pikant mariniert
4260067151718,CES,Ital. Leccino-Oliven oh. Stein pikant mariniert
4260067151695,CES,Ital. Leccino-Oliven ohne Stein
4260067151497,CES,Ital. Leccino-Oliven ohne Stein mariniert
8008161501796,GBR,Ital. Mortadella
8008161501772,GBR,Ital. Prosciutto Arrosto alle erbe
8008161501802,GBR,Ital. Prosciutto Cotto
8008161501819,GBR,Ital. Salame Milano
8008161501734,GBR,Ital. Speck
8008161501741,GBR,Ital. Variet… di Salumi
4031829253601,™KL,Italienische Kräuter
4260752753005,SPC,Italienische Kräuter
4012346173900,LEB,Italienische Küche
4012346153209,LEB,Italienische Küche Tüte
4260752751926,SPC,Italienisches Topping
4038507010020,GOV,Jackfrucht Fruchtfleisch Geschnetzeltes
4250206103029,CHI,Jagdwurst geschnitten
4031829231418,™KL,Jagdwurst Gourmet Qualität im Glas
4000345048343,NCO,Jägersauce feink”rnig
3760253220057,JJY,"Janis, Alternative zu Feta SB"
4012346276601,LEB,Janosch Faulenzertee TB
4012346559902,LEB,Janosch Süáschnabel
4012346276700,LEB,Janosch Tigertee TB
4012346277806,LEB,Janosch Waldbärentee TB
4022346612132,HEU,Japan Sencha extra fine
4086900111202,PVL,Jasmin 4%
4012346536682,LEB,Jasmin Tee
4019838090936,CDO,Jasmin Traditionell
4012346206202,LEB,Jasmin und Grün TB
4022381022545,SPI,Jasminreis weiß
9120009120361,LUZ,Jausen Gurkerl
3760253220484,JJY,"Jean-Jacques - vegane Alternative, SB"
3760253220330,JJY,"Jeanne - vegane Blauschimmel Alternative, SB"
4019838090431,CDO,Jeju Island Green
4260009210398,PVD,Jeunesse Tagescreme
3760253220378,JJY,"Jil - vegane B–che Alternative, SB"
4038857114010,™KV,Jo Frutti
4047679120017,LHQ,Jod Natur
4017194467607,SBG,"Joghurt 3,5% stichfest 5kg"
4017194464101,SBG,"Joghurt ABC 3,5%"
4017194465306,SBG,"Joghurt Bananensplit 3,5%"
4008471486503,S™B,"Joghurt Blaubeere 3,8%"
4008471492108,S™B,"Joghurt Blaubeere 3,8%"
4104060031854,AND,"Joghurt Bratapfel 3,8%"
4017194468406,SBG,"Joghurt Erdbeere 3,5%"
4017194960412,SBG,"Joghurt Erdbeere 3,5%"
4101530008835,BGL,"Joghurt Erdbeere 3,9%"
4008471495093,S™B,"Joghurt Erdbeere-Guave 3,8%"
4008471495048,S™B,"Joghurt Feige Zimt 3,8%"
4008471500148,S™B,"Joghurt fettarm 1,5%"
4017194462138,SBG,"Joghurt fettarm 1,8%"
4104060028731,AND,"Joghurt Fit mit 0,1%, im Becher"
4104060031427,AND,"Joghurt griechische Art 0,2%"
4104060030642,AND,"Joghurt griechische Art 0,2% (4x100g Cluster)"
4262452080023,GLM,"Joghurt griechische Art Kirsche 7,5%"
4262452080047,GLM,"Joghurt griechische Art Vanille 7,5%"
4008471490753,S™B,Joghurt griechischer Art auf Feige-Sonnenblumenker
4008471490739,S™B,Joghurt griechischer Art auf Honig
4008471490746,S™B,Joghurt griechischer Art auf Orange
4017194460318,SBG,"Joghurt Heidelbeere 3,5%"
4008471492146,S™B,"Joghurt Himbeer-Granatapfel 3,8%"
4104060011184,AND,"Joghurt Himbeer-Holunder 3,8%"
4017194461919,SBG,"Joghurt Himbeere 3,5 %"
4101530001485,BGL,"Joghurt Himbeere 3,9% laktosefrei"
4008471486534,S™B,"Joghurt Himbeere-Granatapfel 3,8%"
4017194468932,SBG,"Joghurt Holunderblüte-Lemon 3,5%"
4017194468840,SBG,"Joghurt Honig-Walnuss 3,5%"
4017194465818,SBG,"Joghurt Kirsche 3,5%"
4017194009487,SBG,"Joghurt Kirsche Holunder 3,5%"
4017194465320,SBG,"Joghurt Kirsche Schokosplits 3,5%"
4008471495109,S™B,"Joghurt Kiwi-Stachelbeere 3,8%"
4104060024726,AND,"Joghurt Latte Macchiatto 3,8%"
4017194469830,SBG,"Joghurt Mango 3,5 %"
4008471493587,S™B,"Joghurt Mango Mousse 7,5%"
4104060011030,AND,"Joghurt Mango Vanille 3,8%"
4008471486510,S™B,"Joghurt Mango-Vanille 3,8%"
4008471492115,S™B,"Joghurt Mango-Vanille 3,8%"
4017194465344,SBG,"Joghurt Matcha Latte 3,5%"
4104060032905,AND,"Joghurt Matcha-Mango 3,8%"
4104060012211,AND,"Joghurt mild 0,1%"
4104060010965,AND,"Joghurt mild 1,8 %"
4104060024740,AND,"Joghurt mild 1,8%, im Becher"
4104060000065,AND,"Joghurt mild 3,8%"
4104060010958,AND,"Joghurt mild 3,8%"
4008471500186,S™B,"Joghurt mild 3,8%, cremig gerührt"
4104060024757,AND,"Joghurt mild 3,8%, im Becher"
4104060000041,AND,"Joghurt mild Erdbeere 3,8%"
4101530003533,BGL,"Joghurt mild fettarm 1,7%, 5kg"
4104060028250,AND,Joghurt mild Heidelbe.-Cassis
4104060029059,AND,"Joghurt mild Heidelbeere 3,8%"
4104060027017,AND,"Joghurt mild Himbeere 3,8%"
4008471507925,S™B,"Joghurt mild Himbeere 7,5%"
4008471507901,S™B,"Joghurt mild Kokos 7,5%"
4104060026386,AND,"Joghurt mild Mango 3,8%"
4104060029066,AND,"Joghurt mild Mango 3,8%"
4104060025679,AND,"Joghurt mild Mango-Vanille 3,8%"
4104060011245,AND,"Joghurt mild Natur 3,8%"
4104060011399,AND,Joghurt mild Pfirsich-Maracuja
4104060028175,AND,"Joghurt mild Stracciatella 3,7%"
4104060027291,AND,"Joghurt mild Stracciatella 3,8%"
4104060026393,AND,"Joghurt mild Vanille 3,8%"
4008471500193,S™B,"Joghurt mild, cremig gerührt"
4017194464217,SBG,"Joghurt Natur - Vollmilch 3,5%"
4008471503040,S™B,"Joghurt Natur 1,5%"
4026367047713,UBM,"Joghurt natur 1,5% cremig gerührt"
4101530002116,BGL,"Joghurt natur 3,5% laktosefrei"
4101530008170,BGL,"Joghurt natur 3,5% laktosefrei"
4026367047706,UBM,"Joghurt natur 3,7% cremig gerührt"
4008471503057,S™B,"Joghurt Natur cremig ger. 1,5%"
4008471503064,S™B,"Joghurt Natur cremig ger. 3,8%"
4008471498414,S™B,"Joghurt Natur cremig gerührt 3,5%"
4017194462220,SBG,"Joghurt Natur mild 3,5%"
4101530008132,BGL,"Joghurt Natur mild 3,5%"
4008471492849,S™B,"Joghurt Natur NRW 3,8%"
4104060032912,AND,"Joghurt Passionsfrucht-Guave 3,8%"
4017194009432,SBG,"Joghurt Pfirsich-Maracuja 3,5%"
4008471486527,S™B,"Joghurt Pfirsich-Maracuja 3,8%"
4008471492122,S™B,"Joghurt Pfirsich-Maracuja 3,8%"
4017194465337,SBG,"Joghurt Pflaume Vanille 3,5%"
4104060032172,AND,"Joghurt Pumpkin Spice 3,8%"
4260026431738,GLM,"Joghurt pur Aprikose 3,5%"
4260026431868,GLM,"Joghurt pur Blaubeere 3,5%"
4260026431547,GLM,"Joghurt pur Himbeere 3,5%"
4262452080139,GLM,"Joghurt pur Mango 3,5%"
4008471504009,S™B,"Joghurt Sanddorn-Orange 3,8%"
4017194464316,SBG,"Joghurt stichfest 3,5%"
4008471500124,S™B,"Joghurt stichfest, 3,8%"
4017194469014,SBG,"Joghurt Stracciatella 3,5%"
4104060032110,AND,"Joghurt Stracciatella 3,8%"
4008471507932,S™B,"Joghurt Stracciatella 7,5%"
4017194007865,SBG,Joghurt Vanille
4017194465016,SBG,"Joghurt Vanille 3,5%"
4008471503996,S™B,"Joghurt Vanille 3,8%"
4104060000058,AND,"Joghurt Vanille 3,8%"
4101530002109,BGL,"Joghurt Vanille 3,9% laktosefrei"
4017194007834,SBG,"Joghurt Vollmilch 3,5%"
4008471495062,S™B,"Joghurt Winter Orange 3,8%"
4008471497042,S™B,"Joghurt Zitronencreme 7,5%"
4260112341040,MYY,Joghurtbereiter stromlos mint
4032105000469,SBŽ,Joghurtbrot - Baloo spezial
4017194464125,SBG,"Joghurtdrink ABC 1,5%"
4032105006409,SBŽ,Johannisbeer-Pie
4005394287392,BVE,Johannisbrotkernmehl
9004145002050,STN,Johanniskraut lose
4086900743564,PVL,Johanniskraut”l
4086900745568,PVL,Johanniskraut”l
4260491971579,WCX,Johanniter trocken weiß
4260491972149,WCX,Johanniter trocken weiß
4086900743571,PVL,Jojoba”l
4086900745575,PVL,Jojoba”l
3760253220118,JJY,"Jos‚phine - vegane Brie Alternative, SB"
4018874023205,ARI,Jubiläums-Mottenbox
4005537024600,ZED,Juckreiz Stop Rollstift
4260198097022,BEN,Jumbo Lipstick apricot affair
4260198097046,BEN,Jumbo Lipstick cherry lady
4260198097015,BEN,Jumbo Lipstick red delight
4260198097039,BEN,Jumbo Lipstick rosy brown
4260198097008,BEN,Jumbo Lipstick warm sunset
4026813050076,NCL,Jumbo Pommes Frites
4031829252406,™KL,"Junge Erbsen, zart und süá"
4017645001442,LOG,Junior Zahngel Cool Mint
4015141060154,LDM,"JuniPaero 0,0 % vol."
4260360270871,NPU,K”rner Toastbrot
4032105090408,SBŽ,K”rnerecke
4104060027789,AND,K”rniger Frischkäse 12 x 200g
4018462161302,BYO,K”rniger Senf
4022993045871,STZ,K”rniges Baguette Grainy gf
4262436240177,NIA,K”rper Peeling
4260198097541,BEN,K”rper”l Aprikosenkern”l REINE GLANZLEISTUNG
4260198097565,BEN,K”rper”l Baobab AUF DIE SANFTE REPARA-TOUR
4260198097572,BEN,K”rper”l Mandel”l DEIN HAUTSCHUTZMANDEL
4260672890767,KHD,K”rper”l Pink Lotus
4260672890781,KHD,K”rper”l Rose Love
4260672890750,KHD,K”rper”l Shatavari Everyoung
4260198096346,BEN,K”rperlotion Hafer ICH GLAUB MICH PPFLEGTDER HAFER
4260198096353,BEN,K”rperlotion Olive FšR DEINEN BODY CREAM INDEX
4260198096360,BEN,K”rperlotion Wildrose ROSIGE AUSSICHTEN
4008576400992,NYK,K”rperschwamm
4008576401005,NYK,K”rperschwamm XXL
7310960028789,DAG,K”ttbullar Fleischbällchen ca. 25 Stück
4012346459905,LEB,Kaapi Kerala Espresso ganze Bohne
4250073450189,FWO,Kabeljau Filets MSC
4250073463882,FWO,Kabeljau Filets MSC
4250073451285,FWO,"Kabeljau Filets, paniert"
4026813280190,WOC,Kabeljau-Filets natur
4026813280022,WOC,"Kabeljau-Filets, mit Panade"
4250073450691,FWO,Kabeljau-Fischstäbchen
4260198094519,BEN,Kabuki Brush Colour Edition
4015141047179,LDM,Kaffee Arabica Lik”r
4013320116432,GEP,Kaffee benita instant fairness
4013320350607,GEP,Kaffee Esperanza gemahlen
4012346463100,LEB,Kaffee Gourmet entkoffeiniert ganze Bohne
4013320042236,GEP,Kaffee Guatemala Pur gemahlen
4013320225196,GEP,Kaffee Kolumbien Pur gemahlen
4013320019696,GEP,Kaffee Organico Bohne
4013320035009,GEP,Kaffee Organico gemahlen
4013320035016,GEP,Kaffee Organico gemahlen entkoffeiniert
4000799109294,MOU,Kaffee Pads
4000799110597,MOU,Kaffee Pads
4013320110539,GEP,"Kaffee Sereno, gemahlen, entkoffeiniert"
4000799109461,MOU,Kaffee und Malz Instant
4017194432216,SBG,"Kaffeedrink Cappuccino 3,8%"
4017194432223,SBG,Kaffeedrink Espresso
4012346630403,LEB,Kaffeefilter Gr 4 Papier
4005967003527,ROS,Kaffeehaus Schnitte
8711823191456,RIT,Kaffeekekse
4008230381506,SLI,Kaffeemilch 4% Fett
4002970002110,DEH,Kaffeesahne 10 %
4008230201507,SLI,Kaffeesahne 10% Fett
4008230202504,SLI,Kaffeesahne 10% Fett
4028112059002,SDL,Kaiserbr”tchen
4260360271175,NPU,Kaiserbr”tchen
9001969457011,HGR,Kaiserschmarrn
4024297467489,NAT,Kakao
8713576239034,TER,Kakao Antioxidant Pulver RAW
4005967007723,ROS,Kakao Bananen Müsli
4005967007648,ROS,Kakao Crunchy Erdbeeren
4024297468417,NAT,Kakao Getränk Instant
4270003151610,CDI,Kakao Karamell Riegel
4260311980026,MGL,Kakao Kekse
4005967004418,ROS,Kakao Mandeln
4015141047070,LDM,Kakao mit Nuss Lik”r
4005561109151,BOL,Kakao Monde
4019339414521,DAV,Kakao Nibs
4005967007662,ROS,Kakao Porridge
4005394202036,BVE,Kakao schwach ent”lt
4024297467380,NAT,Kakao stark ent”lt
4017194009333,SBG,"Kakao-Milch 6x0,5l"
8713576236248,TER,Kakaobohnen RAW
8713576236255,TER,Kakaonibs RAW
4013320214817,GEP,Kakaopulver Amaribe stark ent”lt
4022346351857,HEU,Kala Namak indisch Schwarzsalz
5202423200110,MAN,Kalamata Oliven al Naturale entkernt
5202423200097,MAN,Kalamata Oliven al Naturale mit Stein
5202423200103,MAN,Kalamata Oliven entkernt
4260067150940,CES,Kalamata Oliven in Lake natur ohne Stein
4260067150971,CES,Kalamata Oliven in Oliven”l mit Stein
4260067152470,CES,Kalamata Oliven mit Kräutern ohne Stein
4260067150681,CES,"Kalamata Oliven natur, mit Stein"
5200104106133,EPI,Kalamata Oliven ohne Stein
5200104101107,EPI,Kalamata Oliven ohne Stein schw
4000915105544,ISA,"Kalamata Oliven ohne Stein, mariniert"
5200104109110,EPI,"Kalamata Oliven, ohne Stein, Rohkost"
5202423281836,MAN,Kalamata Olivenpaste
5200104101602,EPI,"Kalamata-Oliven, ohne Stein"
28410065,PBF,Kalbsfilet
4007547303003,SNT,Kalkl”ser
4260423370449,JMH,Kamilla Frischkäse Knofi/Klee
4022346313152,HEU,Kamille
9004145002067,STN,Kamille lose
9004145022133,STN,Kamille TB
4012346277608,LEB,Kamillen Tee TB
4012346222004,LEB,Kamillentee
4026813280329,WOC,Kammmuscheln
4019339122181,DAV,Kamut©
4022381013680,SPI,Kamut© Flocken
4032105003866,KKB,Kamut© Stuten Dattel-Walnuss
4032105002036,KKB,Kamut©-Amaranth
4032105002029,KKB,Kamut©-Amaranth-Schrotling
4032105000568,KKB,Kamut©Kürbis
4032105094703,KKB,Kamutsemmel©
4032105096301,KKB,Kamutsemmel© Saaten
4003488000902,KAN,"Kanne Brolacta© 0,75 l"
4003488000100,KAN,Kanne Brottrunk©
4260198098050,BEN,Kaolin Repair
8018759001911,SEL,Kapern in Essig
4009309522318,MAR,Kapern in Essig im Glas
4000915104615,ISA,Kapern in Essig Sud
5202423201124,MAN,Kapern in Oliven”l
4260012641547,BIN,Kapuzinerkresse
4260012646030,BIN,Kapuzinerkresse
4260096393097,AGA,Karamellsirup agava
4015537003437,HMO,Karamellwaffeln gf
9004145008953,STN,Kardamom ganz
4012346158105,LEB,Kardamom ganz geschält Tüte
9004145008779,STN,Kardamom gemahlen
4012346128702,LEB,Kardamom gemahlen Tüte
4012346178400,LEB,Kardamom Kapseln
4005561006603,BOL,KaribiX Hafer Fruchtkeks
4015533024412,VOE,Karotte Mango
7640161875715,HOL,Karotten
7640230491730,HOL,Karotten Kartoffeln Rind
7640230492294,HOL,Karotten mit Kartoffeln
9120009120354,LUZ,Karotten Selleriesalat
4260155021077,JOO,Karotten-Ingwer-Suppe
4026584104329,SOF,Karotten-Sesam-Fritten
4106060041062,BEU,Karottensaft Rodelika milchsauer
4106060040096,BEU,Karottensaft Rothild/ Rodelika
4028112059552,SDL,Kart”pfelchen©
4028112008772,SDL,Kart”pfelchen© (5 St) SB
4031829232002,™KL,Kartoffel Creme Suppe
4031779628023,MOI,Kartoffel Krusti
4031779628344,MOI,Kartoffel Krusti SB
4260148651205,PUF,Kartoffel Salat mit Gurke in veganer Senfmarinade
4026813334039,DFE,"Kartoffel-Schupfnudeln, 1x5 kg"
4026813154064,DFE,"Kartoffel-Wedges mit Schale, 4x2,5 kg"
4032105003859,SBŽ,"Kartoffelbrot, 500g"
4022381053846,SPI,Kartoffelbrotmehl
4262365210043,JON,Kartoffelchips Gemüsepaprika
8711823122207,RIT,Kartoffelchips Meersalz
8711823122191,RIT,Kartoffelchips Paprika
4262365210050,JON,Kartoffelchips Steinsalz
4262365210067,JON,Kartoffelchips Tomate
4026813153180,DFE,Kartoffelkn”del
4009268006591,BGK,Kartoffelkn”del halb und halb
4022381019088,BUM,Kartoffelkn”del halb&halb
4260435775263,SPC,Kartoffelknaller
4015637821276,BAK,Kartoffelmehl (Stärke) gf
4022381033930,SPI,Kartoffelmehl gf
7640230490948,HOL,Kartoffeln Erbsen Zucchini
4026813150134,NCL,Kartoffelpuffer
4022381019064,BUM,Kartoffelpuffer / Reibekuchen
4022381019040,BUM,Kartoffelpüree
4260148650031,PUF,Kartoffelsalat GV
4045800773163,GRH,Kartoffelsalat mit Essig u. ™l
4045800773170,GRH,Kartoffelsalat mit Mayonnaise
4260155021053,JOO,Kartoffelsuppe
4250096906359,KBH,Kartoffelsuppe Suppenliebe
5016383025955,WSE,"Käse Glocke Dia 27cm x 16,5 cm"
4000381070254,ERD,Käse Grissini
4260360271113,NPU,Käse Kürbis Br”tchen
8711823197045,RIT,Käse Stangen
4032105096103,SBŽ,Käsebr”tchen
4010303045406,WSE,Käsemesser 2 Griffe - 30cm
4260000230661,WSE,Käsepapier Paperlike Rollen
4010303045550,WSE,Käseschneidebogen
4015637823737,BAK,Kastanienmehl gf
22001115,SDS,Katenschinken geschnitten
8714265071362,YAR,Katze Dose Br”ckchen Huhn
8714265071225,YAR,Katze Dose Br”ckchen Huhn u. Rind
8714265071423,YAR,Katze Dose Br”ckchen Huhn u. Truthahn
8714265270383,YAR,Katze Dose Pastete Fisch getreidefrei
8714265270369,YAR,Katze Dose Pastete Huhn getreidefrei
8714265973727,YAR,Katze Katzenstreu
8714265000829,YAR,Katze Pouch Filets mit Huhn in Soáe
8714265000805,YAR,Katze Pouch Truthahn Filets in Soáe
8714265090127,YAR,Katze Schale Br”ckchen Fisch getreidefrei
8714265290350,YAR,Katze Schale Br”ckchen Huhn u. Truthah getreidefr.
8714265002120,YAR,Katze Schale Pastete Huhn Einzelprote getreidefrei
8714265973154,YAR,Katze Schale Pastete Huhn u. Truthahn getreidefrei
8714265002298,YAR,Katze Schale Pastete Huhn und Ente getreidefrei
8714265090523,YAR,Katze Schale Pastete Lachs getreidefrei
8714265973147,YAR,Katze Schale Pastete Rind getreidefrei
8714265000010,YAR,Katze Trockenfutter Huhn
8714265000065,YAR,Katze Trockenfutter Huhn
8714265000072,YAR,Katze Trockenfutter Huhn u. Fisch
8714265000133,YAR,Katze Trockenfutter Huhn u. Fisch getreidefrei
8714265000843,YAR,Katzen Pouch Rind Filets in Soáe
7503011006083,CCZ,Kaugummi Limone
7503011006052,CCZ,Kaugummi Minze
7503010108061,CCZ,Kaugummi Spearmint
4104060031953,AND,"Kefir 1,5% - im Becher"
4260112342023,MYY,Kefir Ferment
4101530010265,BGL,"Kefir Fettarm 1,5 %"
4008471492894,S™B,"Kefir mild 1,5%"
4017194009814,SBG,"Kefir mild 1,5%"
4017194469892,SBG,"Kefir mild 1,5%"
9004145001060,STN,Keimsaat Alfalfa
9004145001183,STN,Keimsaat Bockshornklee
9004145001077,STN,Keimsaat Kresse
9004145001138,STN,Keimsaat Mungbohnen
9004145001107,STN,Keimsaat Radieschen
9004145007833,STN,Keimsaat Sprossen Mix
9004145012318,STN,Keimtrio
4005561007501,BOL,KeksFreunde Schoko
4005561007525,BOL,KeksFreunde Vanille
4005561007518,BOL,KeksFreunde Zitrone
4014807001029,ST™,Keller Bier 1402
4018157130149,XXX,Kellnermesser
4022346313596,HEU,Keltische Kräuterküche Tüte
4022346334300,HEU,Keltischer Haustee
4022346353950,HEU,Keltisches Würzsalz Dose
4022346313657,HEU,Kerbel gerebelt
4007547202115,SNT,Kernseife
4019886079129,SOD,Kernseife pflanzlich
4046203417012,KFH,Kerze im Glas Orange Vanille
4046203417456,KFH,Kerze im Glas Vanille Zimt
4046203417067,KFH,Kerze im Glas Weihnachtstraum
4260026433510,GLM,Kesselmeister Camembert
8713576003383,TER,Ketjap Manis
4005529220102,SAV,KG aloe vera gel pur ohne Duft
4009309552698,MAR,Kichererbsen
4009309553176,MAR,Kichererbsen
4009309553213,MAR,Kichererbsen
4019339440100,DAV,Kichererbsen
4019339487167,DAV,Kichererbsen
4022381034777,SPI,Kichererbsen
4260360271502,NPU,Kichererbsen
4260360271885,NPU,Kichererbsen
4260360272028,NPU,Kichererbsen
8718976002448,DOI,Kichererbsen
4260148650130,PUF,Kichererbsen Currysalat GV
4005561007884,BOL,Kichererbsen Falafel
4260360271519,NPU,Kichererbsen in Tomatensauce
9120081090224,GKO,Kichererbsen Miso
4018462251607,BYO,Kichererbsen Waffeln VM
4018462251508,BYO,Kichererbsen Waffeln ZB
8711812414870,RIT,Kichererbsenchips Meersalz
8711812414597,RIT,Kichererbsenchips Paprika
8711812414733,RIT,Kichererbsenchips Rosmarin
8711812418922,RIT,Kichererbsenchips Sour Cream Onion
4015637824697,BAK,Kichererbsenmehl gf
4022381034791,SPI,Kichererbsenmehl gf
4260651480033,JTT,KicherSoja Fettuccine
4009309512722,MAR,Kidneybohnen
4009309551172,MAR,Kidneybohnen
4009309551264,MAR,Kidneybohnen
4019339487136,DAV,Kidneybohnen
4260360271526,NPU,Kidneybohnen
4001638075107,WEL,Kids 2in1 Shower & Shampoo Limette
4001638075114,WEL,Kids 2in1 Shower & Shampoo Orange
4260397794203,HYD,Kids Hand Schaumseife Maus Pfirsich
4018722302599,AGO,Kids Pasta Dino Nudeln
4018722345152,AGO,Kids Pasta Zoo Dinkel Nudeln
4260397795163,HYD,Kids Zahncreme Maus
4017645001480,LOG,Kids Zahngel Funny Orange
4017645001527,LOG,Kids Zahngel Happy Berry
4000915102024,ISA,Kimchi Das Original - mit Knoblauch
9004145012684,STN,Kimchi Gewürz
4000915102000,ISA,Kimchi Ingwer
4035784161650,GSE,Kinder Aktiv Complex
4019736006169,ZWE,Kinder Ketchup mit Apfelsüáe
4007547207301,SNT,Kinder Schaumseife Calendula
4007547207400,SNT,Kinder Schaumseife Calendula
4260623225082,SWL,Kinder Tomatensauce
4019736003748,ZWE,Kinder Tomatensauce m. Apfelsüáe
4001638081863,WEL,Kinder Zahngel
4012346250700,LEB,Kinderfrüchtetee
7640230493338,HOL,Kinderfrühstück Choco Chipmunk
7640230493314,HOL,Kinderfrühstück Lama Loops
4018462157701,BYO,Kinderketchup
4260397794128,HYD,Kinderzahnbürste Elefant
4260397794104,HYD,Kinderzahnbürste Maus
7611650310048,HUA,"Kirsch 0,02l"
4260360272585,NPU,Kirsch Grütze
4005967003572,ROS,Kirsch Marzipan Schnitte
4032105011106,SBŽ,Kirsch-Nougat Streusel
8000298004232,LLF,Kirsche & Ingwer-Sauce 18 x 40 g
4000915106848,ISA,Kirschpaprika mit Feta-Creme
4260067150025,CES,"Kirschpeperoni pikant, mariniert"
4260067150377,CES,"Kirschpeperoni pikant, mariniert"
4260013330075,ATX,Kirschsteinkissen ca. 800g 7 Kammern
4028112077099,SDL,Kirschstrudel
8717496906182,LBI,Kirschtomaten in Tomatensaft
4019736010128,ZWE,Kl Streich Rote Bete Meerrett
4000345046004,NCO,Klare Gemüsebrühe
4000345046080,NCO,Klare Gemüsebrühe feink”rnig
4000345046110,NCO,Klare Gemüsebrühe fettfrei
4007547308107,SNT,Klarspüler
4019886000802,SOD,Klarspüler
4260623225006,SWL,Klassische Tomatensauce
4022993045857,STZ,Klassisches Baguette gf
8053323644118,SEL,Kleine Geschälte Tomaten
4004191017737,RBŽ,Kleine Pause Tetra
8412439285002,PDM,Kleine Sardinen in Oliven”l
4000430005800,WER,Kleine Tierwelt Dinkel VK
4260158470445,BAC,Kleine Ziege
4019736010005,ZWE,Kleiner Streich 4 Pfeffer
4019736005360,ZWE,Kleiner Streich Arrabitom
4019736010012,ZWE,Kleiner Streich Aubergine
4019736010029,ZWE,Kleiner Streich Bärlauch
4019736010036,ZWE,Kleiner Streich Basilikum
4019736010838,ZWE,Kleiner Streich Basitom
4019736010043,ZWE,Kleiner Streich Brotzeit
4019736005964,ZWE,Kleiner Streich Bruschesto
4019736010067,ZWE,Kleiner Streich Kräuter Tomate
4019736010074,ZWE,Kleiner Streich Kürbis Orange
4019736010081,ZWE,Kleiner Streich Mango Curry
4019736010098,ZWE,Kleiner Streich Meerrettich
4019736005384,ZWE,Kleiner Streich Mepfel
4019736005940,ZWE,Kleiner Streich Papayango
4019736010104,ZWE,Kleiner Streich Paprika Chilli
4019736010142,ZWE,Kleiner Streich Rucola Senf
4019736010135,ZWE,Kleiner Streich Rucola Tomate
4019736010159,ZWE,Kleiner Streich Schnittlauch
4019736005926,ZWE,Kleiner Streich Sendi
4019736010166,ZWE,Kleiner Streich Sonnen Tomate
4019736010111,ZWE,Kleiner Streich Streich Mediterran
4019736010173,ZWE,Kleiner Streich Tomate Olive
4019736010050,ZWE,Kleiner Zwergenstreich
4009268006584,BGK,Kn”delinos (Mini Kartoffelkn”del)
4018722303237,ALU,Kn”pfle frisch
4250073460034,FWO,Knoblauch Baguette
4260752752848,SPC,Knoblauch Granulat
9004145003255,STN,Knoblauch granuliert
5202423124171,MAN,Knoblauch in Oliven”l
4031779708824,MOI,Knoblauch Kruste
4250442400821,MAX,Knoblauch Salamisticks
4018462192009,BYO,Knoblauch Sauce
4024297021414,NAT,Knoblauch Sauce
4012346159409,LEB,Knoblauchgranulat Tüte
4030917060107,SAC,Knoblauchsauce
4260491770936,BOX,Knochenbrühe Huhn
4260491770912,BOX,Knochenbrühe Rind
4031829262016,™KL,Knochenbrühe vom Bio-Huhn
4031829262009,™KL,Knochenbrühe vom Bio-Rind
4260012647327,BIN,Knollensellerie Porthos
4015637823119,BAK,Knusper Frühstück Zartbitter gf
4031829254172,™KL,Knusper Gemüse-Stäbchen
4031829254158,™KL,Knusper Kartoffeltaschen
4031829254110,™KL,Knusper Kroketten
4031829254141,™KL,"Knusper Pommes Original,12x12mm"
4031829254134,™KL,"Knusper Pommes Wellenschnitt,12x12mm"
4031829254165,™KL,Knusper R”sti
4000381003030,HUO,Knusperbrezel
4000381007120,ERD,Knusperbrezel Dinkel mit Sesam
4018462253106,BYO,Knusperecken Mais gf
4018462253205,BYO,Knusperecken Mais Hülsenfrüchte gf
4018462253700,BYO,Knusperecken Rote Linse Protein gf
4018462253403,BYO,Knusperecken Roter Reis Kichererbse gf
5425038430448,TUE,Knusperkissen mit Erdnussfüllung zuckerarm gf
4002317164051,MKR,Knusperpralinen
4260232635074,JOU,Knusperstange Asia vegan Theke
4260232635128,JOU,Knusperstange Bolognese Theke
4260232633667,JOU,Knusperstange Humus Tomate Theke
4260232635470,JOU,Knusperstange Kürbis-Ingwer Theke
4260232635487,JOU,Knusperstange Linse Kichererbse vegan Theke
4260232635111,JOU,Knusperstange Spinat-Käse Theke
4260232635081,JOU,Knusperstange Tomate vegan Theke
4260360270604,NPU,Knusperwaffeln
8053323643807,SEL,Knusprige Fladen Rosmarin
4021234102458,BHO,Knuspy Kids Knusperbällchen
4004790045223,BCE,Kochcreme Hafer
4004790045230,BCE,Kochcreme Soja
4250206101575,CHI,Kochschinken
22004178,SDS,Kochschinken geschnitten
4004689270200,BMR,"Kodiak Alaska Wildlachs, geräuchert"
4260012641165,BIN,Kohlrabi Azur Star
4026813004000,DFE,"Kohlrabi Streifen, 20-80mm, 4x2,5 kg"
4260012643374,BIN,Kohlrabi weiß Orinoko
4051147001500,SDS,Kohlwurst 2 St.
4106060044452,BEU,Kokos Ananas
4016249145330,ALO,Kokos Cuisine
4056114005895,SOM,Kokos Feine Plätzchen
4005561532683,BOL,Kokos Haferlinge
9010179000122,MML,Kokos Jogh.altern. Heidelbeere
9010179000115,MML,Kokos Jogh.altern. Mango-Maracuja
9010179000092,MML,Kokos Jogh.altern. Natur
9010179000153,MML,Kokos Jogh.altern. Natur
9010179000108,MML,Kokos Jogh.altern. Vanille
4106060071786,BEU,Kokos Mango
4005967003626,ROS,Kokos-Cranberry-Ecke
3445020205283,BPL,Kokos”l nativ
3445020205566,BPL,Kokos”l nativ
4260355584242,BPL,Kokos”l nativ
4038507003527,GOV,Kokosblütenzucker
4260355580534,BPL,Kokosfett desodoriert
4260355584280,BPL,Kokosfett mild gedämpft
4022381027519,SPI,Kokosmehl gf
8713576114102,TER,Kokosmilch
8713576114133,TER,Kokosmilch
4009309763209,MAR,Kokosmilch 18 % Fett
4260576710154,BVO,Kokosmilch 22% Fett
42295860,HVM,Kokosmilch Jogh.altern. Mango-Maracuja
42295846,HVM,Kokosmilch Jogh.altern. Natur
42342762,HVM,Kokosmilch Jogh.altern. Natur
42334767,HVM,Kokosmilch Jogh.altern. Schokolade
42295853,HVM,Kokosmilch Jogh.altern. Vanilla
8713576003680,TER,Kokosmilch Schlagcreme
8713576003871,TER,"Kokosnuss Creme, Santen"
4260418020854,WDX,Kollagen Trinkpulver
9008281005869,BOM,Kolsasser Korbkäse Bärlauch aus Heumlich g.t.S.
4015533112133,VOE,Kombucha
4106060035986,BEU,Kombucha
4262421520154,BMJ,Kombucha Cherry
4106060076910,BEU,Kombucha Classic
4262421520130,BMJ,Kombucha Earlybird
4262421520147,BMJ,Kombucha Hybiskus
4262421520123,BMJ,Kombucha Lemondrop
4015533033032,VOE,Kombucha Limette Ingwer
4015533039287,VOE,Kombucha Limette Ingwer
4015533047480,VOE,Kombucha Maracuja Zitrone
4015533033056,VOE,Kombucha Original
4015533033018,VOE,Kombucha Sauerkirsche Minze
4039468031291,MEM,Kompostbeutel aus Recyclingpapier 10 l
9004145012677,STN,Kompott Gewürz
4005394284179,BVE,Konfitura
4005394286012,BVE,Konfitura im Schlauchbeutel
4008576405270,NYK,Konjac Schwamm
8713576002867,TER,Konjak Spaghetti
8713576002874,TER,Konjak Tagliatelle
8713576003697,TER,Konjak-Reis
4086900755208,PVL,Konzentration Duft Roll-On
4086900185029,PVL,Konzentration Duftmischung
4086900195028,PVL,Konzentration Raumspray
4260026694133,BIT,Kopfhaut Serum
4260378042293,KHD,Kopfhaut”l Neem Harmony
4260012644227,BIN,Kopfsalat Lucinde
4086900383302,PVL,Kopfwohl Roll-On
4019838090127,CDO,Korea Genmaicha
4019838090066,CDO,Korea Kukicha
4019838090141,CDO,Korea Sencha
4260012644142,BIN,Koriander
4012346156200,LEB,Koriander ganz Tüte
9004145003217,STN,Koriander ganz Tüte
9004145003644,STN,Koriander gemahlen
4022346214077,HEU,Koriander gemahlen Dose
4022346314098,HEU,Koriander gemahlen Dose
4012346156309,LEB,Koriander gemahlen Tüte
4012346106700,LEB,Korianderblatt geschnitten und getrocknet
4032105006669,SBŽ,Korn an Korn
4260012641028,BIN,Kornblume blau
4032105006683,SBŽ,Kornk”nig
4039468024804,MEM,Kosmetik Pads aus Baumwolle
4020829080119,HAU,Kosmetikschwamm
4020829047815,HAU,Kosmetikspitzer
4039468007814,MEM,Kosmetiktücher Recycling 2-lagig
8718754505956,YAK,Krabbenchips Krupuk
4086900386204,PVL,Kraft & Energie Duftmischung
4270000741807,KUU,Kraft Kräuterauszug
4260703370558,KUU,Kraft Shot Wildkräuter
4086900195172,PVL,Kraft tanken Raumspray
4022381033855,SPI,Kraftbrot gf Backmischung
9004145023154,STN,Kraftsch”pfer Tee
4028112040031,SDL,Krapfen Hiffenmark m. Hagebutte (Berliner)
4028112040017,SDL,Krapfen Himbeere (Berliner)
4028112040161,SDL,Krapfen Marille (Berliner)
4028112040024,SDL,Krapfen Pflaume (Berliner)
4260669270176,SUU,Kraut de Luxe
9004145006812,STN,Kräuter all'Italiana geschnitten Tüte
4260012644630,BIN,Kräuter Allerlei
4250073460027,FWO,Kräuter Baguette
4012346152608,LEB,Kräuter Blüten Dose Topping
4022346209592,HEU,Kräuter der Provence Dose
4012346135908,LEB,Kräuter der Provence geschnitten getrocknet
4012346155302,LEB,Kräuter der Provence Tüte
4022346309612,HEU,Kräuter der Provence Tüte
4016512061107,ERN,Kräuter Flüssigwürze
4016512061152,ERN,Kräuter Flüssigwürze
4251191875151,APR,Kräuter Mundwasser Konzentrat mentholfrei blau
4019736006442,ZWE,Kräuter Senf
4251191875007,APR,Kräuter Zahncreme hom”opatieverträglich
4051147026480,SDS,Kräuterbutter 120g
4018462441602,BYO,Kräuteressig aus Branntwein
9004145012769,STN,Kräuterjodler Sirup
4101530001843,BGL,Kräuterquark
4018462158708,BYO,Kräuterremoulade mit Gewürzgurken
4012346160405,LEB,Kräutersalz Dose
4031829234815,™KL,Kräuterschinken geschnitten
9010029000227,HEF,Kräuterseitling Fungi Pad Italy Style
9010029000562,HEF,Kräuterseitling Fungi Pad Mare
9010029001330,HEF,Kräuterseitling Fungi Pad Natur
9010029000258,HEF,Kräuterseitling Fungi Pad Spicy
4012346537702,LEB,Kräutertee Abendtraum
4012346000107,LEB,Kräutertee Abendtraum TB
4012346000909,LEB,Kräutertee Kräutertraum TB
4012346537801,LEB,Kräutertee Morgengruá
4012346001104,LEB,Kräutertee Morgengruá TB
9004145026216,STN,Kräutertee Probier mal! TB
4012346001302,LEB,Kräutertee Zitronenmelisse TB
4012346537405,LEB,Kräutertraum
4251191898006,APR,Kräuterzahncreme ayurveda
4045800773187,GRH,Krautsalat
22081681,BSK,"Kraxl Max 25% (alt: Uriger Allg. leicht), PrePack"
4260102481794,BSK,Kraxl Max 25% (alt: Uriger Allgäuer leicht)
4004764788033,WSE,"Kreidemarker, rot"
4902778916254,WSE,"Kreidemarker, weiß"
4028332323013,WMF,Kreta Frische Creme
4032105004450,SBŽ,Kreta-Tasche (4er)
4028112077129,SDL,Kretastrudel
4028112077167,SDL,Kretastrudel
4012346163703,LEB,Kreuzkümmel ganz
4260752753241,SPC,Kreuzkümmel ganz
9004145007321,STN,Kreuzkümmel ganz
4012346156606,LEB,Kreuzkümmel ganz Tüte
4022346314685,HEU,Kreuzkümmel ganz Tüte
4012346127187,LEB,Kreuzkümmel gemahlen
4260752752886,SPC,Kreuzkümmel gemahlen
4022346214763,HEU,Kreuzkümmel gemahlen Dose
4012346156002,LEB,Kreuzkümmel gemahlen Tüte
4022346314722,HEU,Kreuzkümmel gemahlen Tüte
9004145007475,STN,Kreuzkümmel gemahlen Tüte
4260096395312,AGA,Kristalline Reissüáe
4250367550939,GEC,Krokant Haselnuss Eis
4021234101215,BHO,Krunchy Amaranth Dinkel Nuss
4021234101338,BHO,Krunchy and Friends Chocolate Chunks
4021234102021,BHO,Krunchy Apfel Zimt
4021234102120,BHO,Krunchy Apfel Zimt
4021234101550,BHO,Krunchy CaffŠ Latte
4021234101567,BHO,Krunchy Chocolate Banana Chunks
4021234102274,BHO,Krunchy Dinkel
4021234008002,BHO,Krunchy Erdbeer
4021234102205,BHO,Krunchy Erdbeer
4021234101574,BHO,Krunchy High Protein
4021234101581,BHO,Krunchy Himbeere
4021234102281,BHO,Krunchy Honig
4021234103400,BHO,Krunchy Joy Cocoa
4021234103424,BHO,Krunchy Joy Nuss
4021234102236,BHO,Krunchy Klassik
4021234101536,BHO,Krunchy Linse Apfel
4021234101246,BHO,Krunchy Low Sugar Crazy Nuts
4021234101260,BHO,Krunchy Low Sugar No Choco
4021234101222,BHO,Krunchy Low Sugar Plain Grain
4021234101253,BHO,Krunchy Low Sugar Silly Seeds
4021234101239,BHO,Krunchy Low Sugar Very Berry
4021234101062,BHO,Krunchy PUR Dinkel
4021234101079,BHO,Krunchy PUR Dinkel
4021234102052,BHO,Krunchy PUR Hafer
4021234102151,BHO,Krunchy PUR Hafer
4021234101017,BHO,Krunchy PUR Waldbeere
4021234102199,BHO,Krunchy PUR Waldbeere
4021234101543,BHO,Krunchy Salted Caramel
4021234160007,BHO,Krunchy Schoko
4021234260936,BHO,Krunchy Schoko
4021234902829,BHO,Krunchy Schoko
4021234102441,BHO,Krunchy Schoko Nuss
4021234102465,BHO,Krunchy Schoko Nuss
4015637827445,BAK,Krustenbrot gf
4019886019866,SOD,Küchenreiniger Spray
4039468025443,MEM,Küchenrollen 3-lagig
4019886080361,SOD,Küchenseife
4010303035155,WSE,Kugelausstecher
4020829077041,HAU,Kühlende Augenampulle
4086900383609,PVL,Kühlendes Hautspray
4012346107202,LEB,Kümmel ganz
4260752753395,SPC,Kümmel ganz
4012346156705,LEB,Kümmel ganz Tüte
4022346314586,HEU,Kümmel ganz Tüte
9004145003026,STN,Kümmel ganz Tüte
4012346155708,LEB,Kümmel gemahlen Tüte
9004145003033,STN,Kümmel gemahlen Tüte
4028108141117,BDH,Kuno Frischkäse mit Kräutern
4037892501205,RED,Kupfer-Topfreiniger 2er Pack
4037892501304,RED,Kupfertuch
4031829263006,™KL,Kürbis Cremesuppe
7640230490986,HOL,Kürbis mit Huhn
7640230492928,HOL,Kürbis mit Reis
7640230491457,HOL,Kürbis Zucchini Kartoffel
4000345020356,ERN,Kürbiscremesuppe
4012346107103,LEB,Kürbisgewürz
3445020202909,BPL,Kürbiskern”l ger”stet
4260355584105,BPL,Kürbiskern”l nativ
4028112059927,SDL,Kürbiskernbr”tchen
4019339604069,DAV,Kürbiskerne
4022381025102,SPI,Kürbiskerne
4022381517225,SPI,Kürbiskerne
9004998002016,LAG,Kürbiskerne in Vollmilch Schokolade
9004998001996,LAG,Kürbiskerne in Zartbitter Schokolade
4260155021022,JOO,Kürbissuppe
4260752752855,SPC,Kurkuma
9004145003552,STN,Kurkuma (Gelbwurzel) gem Tüte
4012346157108,LEB,Kurkuma gem (Gelbwurz) Tüte
4012346121482,LEB,Kurkuma gemahlen
9004145008311,STN,Kurkuma Latte Ingwer Tüte
9004145978324,STN,Kurkuma Latte Vanille Dose
9004145008328,STN,Kurkuma Latte Vanille Tüte
4260423370203,JMH,Kurt das Schaf Frischkäse Kräuter/Knoblauch
9004145026308,STN,Kutz Kutz© für die Kleine TB
9004145005082,STN,Kutz Kutz© Kräutertee los
4035447900022,BGP,L'Angelet rot
4260418020205,GNC,L”wenzahn Superfood Trinkpulver
9004145026414,STN,L”wenzahnblätter TB
8010333004608,LGO,La Gioia Frizzante Mineralwasser
8010333004219,LGO,La Gioia Mineralwasser still
3380330000480,JFR,La Marouette Cabernet Sauvignon rot
3380330001012,JFR,La Marouette Grenache rose
3380330001715,JFR,La Marouette Pinot noir rot
3380330002705,JFR,La Marouette Prestige Merlot
3380330004945,JFR,La Marouette Viognier weiß
8058056170910,RUT,La Rusticana - Pinsa Teig (2x250g)
4250073459854,FWO,Lachs Burger
4250073453654,FWO,Lachs Filets
4250073454552,FWO,"Lachs Filets, mit Haut"
4012346174907,LEB,Lachsgratin PB
22001009,SDS,Lachsschinken geschnitten
4260100262746,BLR,Lagonda Mozzarella
4260100262753,BLR,Lagonda Spinaci
4260316620286,2W™,Lahrer Grauburgunder VDP. Ortswein
8713576163223,TER,Lakritz Confetti
8713576162097,TER,Lakritz Stangen Twist süá
8711542122304,TER,Lakritzschlange Giraffe
22003805,SDS,Lamm-Bratwurst SB
4032816101103,RHF,Lammbert Schaf Weichkäse
4032816101257,RHF,Lammbert Schaf Weichkäse grüner Pfeffer
4032816101301,RHF,Lammbert Schaf Weichkäse Italiano
4032816101202,RHF,Lammbert Schaf Weichkäse Walnuss
4012852001803,NEU,Lammsbräu Bio Aktivmalz alkoholfrei
4012852001643,NEU,Lammsbräu Bio alkoholfrei
4012852001650,NEU,Lammsbräu Bio alkoholfrei
4012852001773,NEU,Lammsbräu Bio alkoholfrei Hollerblüte
4012852001254,NEU,Lammsbräu Bio Dinkel
4012852001018,NEU,Lammsbräu Bio Dunkel
4012852001667,NEU,Lammsbräu Bio Dunkel alkoholfrei
4012852001780,NEU,Lammsbräu Bio Dunkel Zitrone alkoholfrei
4012852001698,NEU,Lammsbräu Bio Glutenfrei
4012852001681,NEU,Lammsbräu Bio Glutenfrei alkoholfrei
4012852001797,NEU,Lammsbräu Bio Glutenfrei Zitrone alkoholfrei
4012852001209,NEU,Lammsbräu Bio Hell
4012852001216,NEU,Lammsbräu Bio Hell
4012852001582,NEU,Lammsbräu Bio Hell alkoholfrei
4012852201746,NEU,Lammsbräu Bio Naturradler
4012852001735,NEU,Lammsbräu Bio Naturradler alkoholfrei
4012852001599,NEU,Lammsbräu Bio Naturtrüb alkoholfrei
4012852001049,NEU,Lammsbräu Bio Pils
4012852001056,NEU,Lammsbräu Bio Pils Zzzisch
4012852201715,NEU,Lammsbräu Bio Radler
4012852001100,NEU,Lammsbräu Bio Urstoff
4012852001520,NEU,Lammsbräu Bio Weiáe
4012852001629,NEU,Lammsbräu Bio Weiáe alkoholfrei
4012852001766,NEU,Lammsbräu Bio Weiáe Grapefruit alkoholfrei
4012852001124,NEU,Lammsbräu Bio Zwickl naturtrüb
4012852001636,NEU,Lammsbräu Dunkle Bio Weiáe alkoholfrei
4012852001612,NEU,Lammsbräu Leichtes Bio Helles
3419390405017,BNR,Landbrot
4012346778808,LEB,Länderküche Display
4002029001941,HOY,Landhonig
4030068006115,CHI,Landjäger
4031829295052,™KL,Landjäger 4 Stk.
28068501,CHI,"Landjäger Rind- 20 Stück, Theke"
28061526,CHI,"Landjäger- 20 Stück, Theke"
4030068006214,CHI,"Landjäger, Rind"
4002824150561,LAN,Landkrone Bio Margarine
4002824153401,LAN,Landkrone Bio Margarine
4002824150615,LAN,Landkrone Bio Plus 3
4002824150943,LAN,Landkrone Bio Veganer Block
4024967012957,RIE,Landpartie alkoholfrei rot
4024967012933,RIE,Landpartie alkoholfrei weiß
4024967512105,RIE,Landpartie ros‚
4024967512204,RIE,Landpartie rot
4024967512006,RIE,Landpartie weiß
4031829234839,™KL,Landschinken geschnitten
4017645004894,LOG,Längen und Spitzenfluid Argan”l
4019339212189,DAV,Langkorn Naturreis
4022381029674,SPI,Langkornreis Natur
4022381036856,SPI,Langkornreis natur
4022381036870,SPI,Langkornreis natur
4022381016919,SPI,Langkornreis Thaibonnet weiß
4022381016957,SPI,Langkornreis Thaibonnet weiß
4022381029711,SPI,Langkornreis weiß
4019838090332,CDO,Laos Golden Saylom Wildtee
4019838090417,CDO,Laothang Curly Schwarztee Wildtee
4086900105386,PVL,Lärche bio
4260100261633,BLR,Lasagne Bolognese
4024297004356,NAT,Lasagne Dinkel hell
4024297021490,NAT,Lasagne Dinkelvollkorn
8015197010628,IRI,Lasagne hell
8015197024069,IRI,"Lasagne hell, Gastronorm"
4018462142813,BYO,Lasagne Platten semola
4018462148402,BYO,Lasagne Reis Mais gf
4260100262821,BLR,Lasagne Vegana
4260100261916,BLR,Lasagne Vegetariana
4086900185128,PVL,Lass los Duftmischung
4104060025969,AND,"Lassi Himbeere 3,5%"
4104060027659,AND,"Lassi Mango 3,5%"
4086900105393,PVL,Latschenkiefer bio
4260100262265,BLR,Lauch Flammkuchen
4260012644081,BIN,Lauchzwiebel Ischikrona
4031779107818,MOI,Laugen 6-Korn Croissant
4028112020033,SDL,Laugen-Buttercroissant
4031779106811,MOI,Laugen-Buttercroissant
4031779711817,MOI,Laugen-Krautrock Vegan
4031779402821,MOI,Laugenbr”tchen mit Sesam vegan
4024884011538,HEB,Laugenbrezel 6er Weizen
4024884053330,HEB,Laugenbrezel Weizen
4032105097810,SBŽ,Laugenecke Sesam
4031779620829,MOI,"Laugenecke Sesam, vegan"
4032105097803,SBŽ,Laugenspitz
4028112020026,SDL,Laugenstange
4031779404214,MOI,"Laugenstange vegan, m. Hagelsalz"
9004145022621,STN,"Laune gut,alles gut© Früchtetee"
9004145003774,STN,"Laune gut,alles gut© Gewürz"
9004145983779,STN,"Laune gut,alles gut© Gewürz"
8004192103305,LTA,Lauretana Wasser mild
8004192103107,LTA,Lauretana Wasser ohne
4017645014510,LOG,Lavaerde Pulver
4017645014527,LOG,Lavaerde Waschcreme Patchouli
4086900105362,PVL,Lavandin bio
4016249610401,ALO,Lavandin”l
4016249610425,ALO,Lavandin”l
4008576400602,NYK,Lavastein
4001638500807,WEL,Lavendel Entspannungs”l
4001638098250,WEL,Lavendel Entspannungsbad
4086900101555,PVL,Lavendel extra Wildsammlung
4086900100428,PVL,Lavendel fein bio
4086900105423,PVL,Lavendel fein bio
4020829009059,HAU,Lavendel Sandelh. K”rperbalsam
9004145002364,STN,Lavendelblüten
4086900741331,PVL,Lavendelwasser
7640230493819,HOL,Lazy Sweetato
3324040209856,VAV,Le Brie Blanc
3422290001289,VAV,Le Chevrolais fermier
4046896105067,VAV,Le Duc de Bourgogne Pfeffer
3296651110367,VAV,Le Duc de Bourgogne/ Weinbergkäse
3760013201197,VAV,Le Paillet de ChŠvre
4026913154667,™MA,Le Petit Brie Chili
4026913155992,™MA,Le Petit Brie Natur
4026913154995,™MA,Le Petit Brie Walnuss
4046896503757,VAV,"Le Poya, 1/2 Laib"
4270000814433,AFL,Leave In Pflege Afrolocke
4086900266308,PVL,Lebensfreude Cremedusche
4086900185203,PVL,Lebensfreude Duftmischung
4086900266506,PVL,Lebensfreude Frischedeo
4086900266100,PVL,Lebensfreude K”rperlotion
4086900195202,PVL,Lebensfreude Raumspray
4086900266001,PVL,Lebensfreude Trocken”l
4086900185098,PVL,Lebenslust Duftmischung
4086900195097,PVL,Lebenslust Raumspray
4260096392908,AGA,Lebensmittelfarben
4031829233511,™KL,Leberwurst fein
4031829231135,™KL,Leberwurst Hausmacher Art Gourmet Qualität im Glas
4003247702412,VTQ,Leberwurst vegan
4010303032161,WSE,"Leberwurstmesser, angewellt"
9004145003613,STN,Lebkuchengewürz gemahlen
4012346252605,LEB,Leckermäulchen
4086900385801,PVL,Leichte Beine Gel
4086900186002,PVL,Leichter lernen
4086900196001,PVL,Leichter lernen Raumspray
3445020003827,BPL,Lein”l nativ
3445020201957,BPL,Lein”l nativ
3445020295901,BPL,Lein”l nativ
4260355580510,BPL,Lein”l nativ
4018462407608,BYO,Lein”l nativ Dose
4260355586475,BPL,Lein”l nativ Mehrweg
4260355586710,BPL,Leindotter”l nativ
4022381027779,SPI,Leinsaat braun
4022381029773,SPI,Leinsaat braun
4019339413067,DAV,Leinsamen
4018462417454,BYO,Lemon Balsam
4044889004861,VNI,Lemon Cheesecake Riegel
4260743410191,LCJ,Lemon Meringue Eis
42254317,LEA,Lemonaid Blutorange
42201854,LEA,Lemonaid Limette
42227281,LEA,Lemonaid Maracuja
4086900102491,PVL,Lemongrass bio
4086900102507,PVL,Lemongrass bio
4015637024882,BAK,Lemonies gf
4022569150008,LHQ,Lichtquelle
9004145003156,STN,Liebst”ckel geschnitten Tüte
4012346154800,LEB,Liebst”ckel Tüte
4020829098862,HAU,Light Reflecting Concealer 00 translucent
4262415020059,KRK,Lila Smoothie
4260651480071,JTT,Lila Süsskartoffel Fettuccine
4086900101937,PVL,Limette bio
4021246000087,LUB,Limette Lieblinge
4015533014130,VOE,Limetten Sirup
4015533014260,VOE,Limettensaft
4015141040644,LDM,Limoncello Artigiano 200 ml
8016448002225,HUA,Limoncello Biostilla
4019578018191,DWE,Limoncello-Liqueur
4260012647785,BIN,Limonen Basilikum
4022346315866,HEU,Lindenblüten ganz
9004145002173,STN,Lindenblüten lose
9004145025561,STN,Lindenblüten TB
4262417560089,IAA,Lindenhonig
4018722344711,AGO,Linguine
8015197025011,IRI,Linguine hell
4260360271533,NPU,Linsen
4016249238179,ALO,Linsen Aufstrich Berglinse Lauch Paprika
4016249270988,ALO,Linsen Aufstrich Gelbe Linse Avocado
4016249270957,ALO,Linsen Aufstrich Gelbe Linse Grillgemüse
4016249238223,ALO,Linsen Aufstrich rote Linse italienische Kräuter
4019339485101,DAV,Linsen braune
4031829232545,™KL,Linsen Gemüse Topf
4022381023801,SPI,Linsen grün
4019339642016,DAV,Linsen Kokos Suppe
4260148651403,PUF,Linsen Salat mit Paprika und Rauch”l
4260148650055,PUF,Linsen Salat mit Paprika und Rauch”l GV
4011849851001,PAN,"Linsen-Gnocchi, frisch"
4031829251355,™KL,"Linsen-Kartoffel-Pfanne, vegan"
4000915100587,ISA,"Linsen-Salat, vegan"
4016249173883,ALO,Linsenaufstrich Belugalinse Balsamico
4016249173890,ALO,Linsenaufstrich Gelbe Linse Curry
4016249173906,ALO,Linsenaufstrich Rote Linse Chili
4016249197759,ALO,Linsenaufstrich Rote Linse Paprika Mango
4250096908483,KBH,Linseneintopf Eintopfliebe
4000345033004,ERN,Linsensuppe
4031829232255,™KL,Linsensuppe m. Würstchenscheiben
4031829232200,™KL,Linsensuppe mit Würstchenscheiben
4032105002890,SBŽ,Linzer Mandel Kirsch
4032061211121,GEB,Lip Balm
4086900277656,PVL,Lip Balm Care and Glow
4086900277601,PVL,Lip Balm Care and Repair
4260198099002,BEN,Lip Balm Hyaluron
4020829042490,HAU,Lip Brush
4260198094557,BEN,Lip Brush Colour Edition
4020829098879,HAU,Lip Line Definer 00 translucent
4020829098886,HAU,Lip Liner 01 tulipwood
4020829098893,HAU,Lip Liner 04 cumaru
4025089004523,SAN,Lip Oil 02 Orange
4260198098968,BEN,Lip Plumper
4260198098951,BEN,Lip Serum
4020829102866,HAU,Lip to cheek 01 apricot
4020829102880,HAU,Lip to cheek 03 rosewood
4020829102897,HAU,Lip to cheek 04 gold
4260198091297,BEN,Lipgloss flamingo
4260198090894,BEN,Lipgloss kiss me
4260198092416,BEN,Lipgloss natural glam
4260198092409,BEN,Lipgloss pink blossom
4260198090320,BEN,Lipgloss ros‚
4260026691026,BIT,Lipidlotion
4260198096964,BEN,Lipliner berry
4260198090559,BEN,Lipliner brown
4260198090245,BEN,Lipliner pink
4260198090238,BEN,Lipliner red
4260198096971,BEN,Lipliner sandalwood
42239574,HAU,Lippengold
42239536,HAU,Lippenkosmetikum
8720254504841,WLP,Lippenpflege Lush Rasperry
8720254504810,WLP,Lippenpflege Silky Coconut
8720254504780,WLP,Lippenpflege Sweet Honey
4280001858015,9RH,Lippische Palme Grünkohl
4020829098909,HAU,Lipstick 02 mandevilla
4020829098923,HAU,Lipstick 03 camellia
4020829098947,HAU,Lipstick 06 azalea
4020829098961,HAU,Lipstick 07 orpine
4020829098985,HAU,Lipstick 10 dahlia
4020829099005,HAU,Lipstick 11 amaryllis
4020829099029,HAU,Lipstick 13 bromelia
4020829099043,HAU,Lipstick 14 caralluma
4020829099067,HAU,Lipstick 22 millionbells
4020829099081,HAU,Lipstick 26 hibiscus
4260198092126,BEN,Lipstick catwalk
4260198090399,BEN,Lipstick hot pink
4260198090498,BEN,Lipstick just red
4260198090887,BEN,Lipstick marry me
4260198093970,BEN,Lipstick muse
4260198090900,BEN,Lipstick peach
4260198090719,BEN,Lipstick pink honey
4260198090702,BEN,Lipstick pink rose
4260198090696,BEN,Lipstick soft coral
4260198093963,BEN,Lipstick very berry
4260198092393,BEN,Lipstick watermelon
4260198093956,BEN,Lipstick Wow
4020829099104,HAU,Liquid Eyeliner 01 black
4021457661169,LAV,Liquid Refiner Pure Beauty
4086900105492,PVL,Litsea bio
5605829000818,1AD,Liv Vinho Verde weiß
4270000814488,AFL,Locken Styling Gel Afrolocke
4008576400510,NYK,Lockenkamm aus Holz
4260664939573,NYK,"Lockenkamm, aus recycelten Tauen"
8032130038044,TED,Lodolaia Syrah Barrique rot
4017194489173,SBG,Lollie Eis Sahne Cassis
4000915040050,ISA,Lombarda Salami Aufschnitt
4020829112292,HAU,Long Lasting Mascara 01 black
4020829112308,HAU,Long Lasting Mascara 02 brown
4000381004129,HUO,Longstick Meersalz
4000381004105,HUO,Longstick Sesam
4020829099111,HAU,Loose Powder 00 translucent
4012346156101,LEB,Lorbeerblatt ganz Tüte
9004145003354,STN,Lorbeerblätter ganz
4012346164885,LEB,Lorbeerblätter ganz getrocknet
4022346316047,HEU,Lorbeerblätter handverl Tüte
9004145025349,STN,Loslassen Kräutertee TB
4260026691378,BIT,Lotuseffekt Shampoo
4260669270152,SUU,Love craft Kraut - Kimchi-Style
4260669270022,SUU,Love craft Kraut - Kurkuma & Curry
4260669270008,SUU,Love craft Kraut - Rote Beete & Ingwer
7611916160769,WEL,Love Shower Cream Rose
4025089006664,SAN,LOVELY Duschgel
4032105001787,SBŽ,Lübecker Makrone
4037892935000,RED,Luffa Seifenkissen oval
4037892935109,RED,Luffa Seifenkissen rund
4260418984101,RRT,Luffascheibe
4008576400565,NYK,Luffastück
8054317280138,2LM,Lugana weiß
8018759001027,SEL,"Luigi Balsamessig, 70% Most"
4009182003300,XXX,Lunchbox 2in1 mit Buchenholzdeckel
4019736017769,ZWE,LupiLove Protein Curry
4019736017868,ZWE,LupiLove Protein Paprika Pfeffer
4019736017806,ZWE,LupiLove Protein Rote Bete
4019736017783,ZWE,LupiLove Protein Thai
4019736017820,ZWE,LupiLove Protein Tomate
4019736017844,ZWE,LupiLove Protein Zwiebel Knobi
4010238792000,ALT,"Lupinen Filet, vegan"
4010238734000,ALT,"Lupinen Geschnetzeltes, vegan"
4010238731009,ALT,"Lupinen Gyros, vegan"
4010238714002,ALT,"Lupinen Rostbratwürstchen,veg."
4010238715009,ALT,Lupinen Vevapcici
4024297016137,NAT,Lupinenkaffee Instant
4024297017158,NAT,Lupinenkaffee Instant Nachfüllbeutel
4024297017134,NAT,Lupinenkaffee zum Filtern
7640119460758,INT,"Luzerner Nussknacker m. Walnussstückchen, 1/2 Laib"
22004093,SDS,Lyoner geschnitten
4015533046407,VOE,M”hre Ingwer Saft
4260012641813,BIN,M”hre Milan
4260012641233,BIN,M”hre Rodelika
4260360271427,NPU,M”hren
4260148651007,PUF,M”hren Apfel Salat mit Ingwer
4260148650017,PUF,M”hren Apfel Salat mit Ingwer GV
4260148650574,PUF,M”hren Ingwer Suppe
4015533000669,VOE,M”hren Sanddorn Saft
4031829232057,™KL,M”hren-Ingwer Cremesuppe
4250096905017,KBH,M”hren-Ingwer Suppe
4032105006751,SBŽ,M”hrenbrot
4015533000362,VOE,M”hrenmost milchsauer
4260039376323,VNN,M”hrensaft
4015533000348,VOE,M”hrensaft feldfrisch
4015533061943,VOE,M”hrensaft feldfrisch
4026813004475,DFE,"M”hrenscheiben, 4-6mm, 4x2,5 kg"
4026813004086,DFE,"M”hrenwürfel, 10x10mm,4x2,5 kg"
4260418020243,GNC,Maca Superfood Trinkpulver
4024297060925,NAT,Maccaroni lang hell HW
8024586005039,LBJ,Madego rot
7640101094671,ZFK,Magerquark laktosefrei
4012346104003,LEB,Magic Dust
4035784161155,GSE,Magnesium Compact
4085900006907,VNA,Maikäfer mit Mandelcreme Zartbitter
4009309654521,MAR,Mais
4022381022101,SPI,Mais Couscous gf
4015637824055,BAK,Mais Paniermehl gf
8032804431850,FEL,Mais Reis Fusilli
4018462250600,BYO,Mais Scheiben mit Meersalz gf
8717496900081,AMI,Maischips Nacho Cheese
8717496904041,AMI,Maischips Naturel 250g
8717496903716,AMI,Maischips Rollen Tomate
4019339309124,DAV,Maisgrieá Polenta gf
4022381237208,SPI,Maisgrieá Polenta gf
4009309642719,MAR,Maisk”lbchen
8711542002323,CND,Maislutscher Erdbeere
8711542002347,CND,Maislutscher Himbeere
8711542002316,CND,Maislutscher Kirsche
8711542002330,CND,Maislutscher Schw Johannisbeere
4015637824871,BAK,Maismehl gf
4022381236201,SPI,Maismehl gf
4009176202634,LNA,Maiswaffeln
4009176202658,LNA,Maiswaffeln Leinsamen
4260752752862,SPC,Majoran gerebelt
4022346117217,HEU,Majoran gerebelt Franken Tüte
4012346146508,LEB,Majoran gerebelt getrocknet
4012346153100,LEB,Majoran Tüte
9004145006683,STN,Majoran Tüte
4260198094564,BEN,Make Up Sponge
4001638590242,WEL,Make-up Removal Cleansing Oil
8015197010703,IRI,Makkaroni geriffelt
4018462149508,BYO,Makkaroni Protein Plus
4026968016606,FON,Makrele Currywurst-Style
4250073461499,FWO,Makrelen Filets in Raps”l
8412439285019,PDM,Makrelenfilet in Oliven”l
4026968005624,FON,Makrelenfilet in Oliven”l FOS
8412439285088,PDM,Makrelenfilet in pikanter Sauce
8412439285248,PDM,Makrelenfilets in Tomatensauce
4000799109430,MOU,Malzkaffee
4260091351283,DBB,Mandarine Fruchtaufstrich
4086900100510,PVL,Mandarine grün bio
4086900101371,PVL,Mandarine rot bio
4032105006416,SBŽ,Mandarinen-Schmand-Schnitte
9020200031377,NTM,Mandel Barista Drink
4016249162443,ALO,Mandel Cuisine
9020200029268,NTM,Mandel Cuisine
4016249143558,ALO,Mandel Drink Naturell
4004790035866,BCE,Mandel Drink ohne Zucker
4016249191023,ALO,Mandel ger”stet Drink
4005967513071,ROS,Mandel Himbeer Krokantmüsli
9010179000054,MML,Mandel Jogh.altern. Natur
4020829009097,HAU,Mandel K”rperbalsam
4005967008065,ROS,Mandel Kokos Splitter
9004998003983,LAG,Mandel Rosenblüte für Dich
4019736018087,ZWE,Mandel Schmelz
4021246001626,LUB,Mandel Vanille Fruchtriegel gf
4085900001155,VNA,Mandel Vanille Schnitte
4005967003619,ROS,Mandel-Amaranth-Ecke
7610612002663,SNA,"Mandel-Schlagcreme, vegan"
4260516390101,ICE,Mandel-Vanille Eis
4086900743588,PVL,Mandel”l
4086900745582,PVL,Mandel”l
3445020005128,BPL,Mandel”l nativ
4038375025928,NTM,Mandeldrink Natural ungesüát
4032105001671,SBŽ,Mandelh”rnchen
4038507005477,GOV,Mandelmehl
9004998015733,LAG,Mandeln in weißer Zitronen Schokolade Rosenblüte
9004998900206,LAG,Mandeln Würzig
4021246000056,LUB,Mandelnougat Lieblinge
8057829684401,FDM,Mandorino (kräftige veggi Alternative Hartkäse)
8057829684715,FDM,Mandorino Pistazie
8057829684746,FDM,Mandorino Schwarzer Trüffel
8057829684722,FDM,Mandorino Walnuss
4018462161456,BYO,Mango Balsamico Senf
4260091351450,DBB,Mango Bitterorange Fruchtaufstrich
4030917017002,SAC,Mango Chutney Gastrolinie
4260435770206,SPC,Mango Curry
4260112295237,MKS,Mango Curry Sauce
5060466500020,TFT,Mango Fruchtaufstrich
4106060049372,BEU,Mango Fruchtcocktail
4260221616916,EMS,Mango Fruchtsauce
4026584103469,SOF,Mango gewürfelt
4106060045602,BEU,Mango Maracuja
4021246000094,LUB,Mango Maracuja Lieblinge
4015533013928,VOE,Mango Multi Elopak
4015533063367,VOE,Mango Nektar
4054411014909,BFU,Mango Orange Bonbons
4085900001230,VNA,Mango Schnitte
4026813420053,NCL,Mango Stücke
4260516390125,ICE,Mango-Sorbet
80603047,RAC,Mangosorbet Eis
80625421,RAC,Mangosorbet Eis
4008576400824,NYK,Maniküre Holzstäbchen
4260198098005,BEN,Manikürset 6er Set
4038507011447,GOV,Maniok-Mehl gf
4000915030952,ISA,"Manouri g.U., griechischer Schaf Molkenkäse"
4000915030969,ISA,"Manouri, SB-Theke"
4086900100459,PVL,Manuka
4021496014339,LGK,Manuka Honig Bonbon
4054411261006,BFU,Manuka Honig Bonbon
4002029040223,HOY,Manuka Honig Propolis Spray
4002029064205,HOY,Manukahonig Halspastillen Zitronenmelisse
4002029064052,HOY,Manukahonig Liquid Sticks
9421903616272,HOY,Manukahonig MGO 250+
9421903616203,HOY,Manukahonig MGO 400+
9421903616036,HOY,Manukahonig MGO 550+
4002029064304,HOY,Manukapastillen Cassis
4002029064403,HOY,Manukapastillen Kräuter
4260423370258,JMH,Mara das Schaf Frischkäse Maulbeere/Zedernuss
4260096395299,AGA,Maracuja Mousse
4015533063886,VOE,Maracuja Nektar
4106060034774,BEU,Maracuja Saft
4260355582040,BPL,Mariendistel”l
4008471510000,S™B,Marienkäse
4260091351405,DBB,Marille Fruchtaufstrich
9002220045503,HGR,Marillenfruchtkn”del
4260012643053,BIN,Markerbse Wunder von Kelvedon
4260012646054,BIN,Markerbse Wunder von Kelvedon
4015637826400,BAK,Marmorkuchen gf
4260067150247,CES,"Marok. Oliven getr. schwarz, mit Stein"
4260067150070,CES,"Marok. Oliven getrocknet, schwarz natur"
4260148650604,PUF,Marokkanischer Kichererbseneintopf
5425038430455,TUE,Marshmallow Crunchies gf
4032067605740,ROM,Marzipan Eier Mix Theke
4000433031936,FUN,Marzipan Hase mit M”hre in Cliptüte
4000433031660,FUN,Marzipan Rübli für die Torte
4000433031806,FUN,Marzipan Schaf
4021246001206,LUB,Marzipanbrot Vollmilchschokolade
4021246301108,LUB,Marzipanbrot Zartbitter Rohrohrzucker
4021246001237,LUB,Marzipanbrot Zartbitterschokolade
4031779327810,MOI,Marzipano Vegan
4260198093932,BEN,Mascara Adorable Lashes deep ocean
4260198093949,BEN,Mascara Glamour Look ultimate black
4260198090573,BEN,Mascara Maximum Length carbon black
4260198090108,BEN,Mascara Maximum Volume deep black
4260198090115,BEN,Mascara Maximum Volume smooth brown
4260198090580,BEN,Mascara Multi Effect black
4260198091617,BEN,Mascara Vegan Volume magic black
4028332310013,WMF,Mascarpone
7640101091052,ZFK,Mascarpone
7640166793885,ZFK,"Mascarpone, laktosefrei"
7640166798804,ZFK,"MascarVone (vegan), 4 x 250g"
4019886024129,SOD,Maschinen Spülmittel Pulver
4019886024280,SOD,Maschinen Spülmittel Tabs
4007547402300,SNT,Maschinenspülmittel
4005120163525,LUK,Maske Hydro Booster 2 Phasen Pflege
4005120163532,LUK,Maske Lifting Booster 2 Phasen Pflege
4008576400633,NYK,Massagegurt aus Sisal
4008576400688,NYK,Massagegurt medium & weich aus Luffa und Baumwolle
4008576400589,NYK,Massagehandschuh aus Luffa & Baumwolle
4008576400541,NYK,Massagehandschuh gestrickt aus Sisal
4008576400664,NYK,Massagehandschuh weich aus Bambusfaser
4008576400480,NYK,Massagepad oval aus Luffa & Baumwolle
4022346756546,HEU,Matcha Bambusbesen
4013320033333,GEP,Matcha Blanc
4260418020311,GNC,Matcha Fresh Superfood Trinkpulver
4019838090318,CDO,Matcha Latte
746052793384,BQC,Matcha Oat Latte
4260717841365,LNB,Matcha Raspberry Pralinis
4015533065866,VOE,Matcha Shot
9004145012912,STN,Matcha Sirup
4022346611074,HEU,Matcha Tee Pulver
4012346216003,LEB,Mate Tee
4260198095356,BEN,Matte Liquid Lipstick bloody berry
4260198095349,BEN,Matte Liquid Lipstick coral kiss
8713576236200,TER,Maulbeeren weiß RAW
4000915105186,ISA,Maultaschen m. Gemüse geschnitten
4000915105179,ISA,Maultaschen mit Fleischfüllung
4000915105117,ISA,Maultaschen mit Gemüsefüllung
4024297022787,NAT,Mayo vegan
4260221613014,EMS,Mayo vegan
4260112294124,MKS,Mayonnaise Delikatess 80 %
4260112295367,MKS,Mayonnaise vegan
4001638590396,WEL,Med 3in1 Pflegelotion Weisse Malve
4001638590365,WEL,Med 3in1 SOS Balsam Weisse Malve
4001638590389,WEL,Med 3in1 Waschbalsam Weisse Malve
4001638590402,WEL,Med 3in1 Wundschutzcreme Weisse Malve
42373452,HAU,MED Akut Lippenpflege
4017645016668,LOG,MED Couperose Pflegecreme
4020829085770,HAU,MED Cremeshampoo Lavaerde
4020829080058,HAU,Med Gesichtscreme Mittagsblume
4020829069770,HAU,"MED Handcreme Mittagsblume, 50 ml"
4020829092020,HAU,Med Intensivcreme Mittagsblume
4020829085800,HAU,MED Kopfhautmaske Kürbiskern
4017645018747,LOG,MED Kühlendes Couperose Spray
4020829103504,HAU,MED Minze Zahncreme forte
4020829069343,HAU,MED Mundspülung Salbei
4020829092051,HAU,MED Pflegelotion Mittagsblume
4020829103535,HAU,MED Sole Zahncreme sensitiv
4008471514503,S™B,Mediterran Kräuterkäse Scheiben
4260148654039,PUF,Mediterrane Grill-Paprika
5202423124102,MAN,Mediterraner Mix
4260650731969,CPO,Mediterranes Kimchi
4027468000010,ERH,Meerrettich
4024297150121,NAT,Meersalz Atlantik fein
4022346351116,HEU,Meersalz Atlantik fein Tüte
4012346108803,LEB,Meersalz fein
4024297022411,NAT,Meersalz fein
4022381012393,SPI,Meersalz fein unjodiert Atlantik
4012346108902,LEB,Meersalz grob
4260272987744,LCH,Meersalz Kesselchips
4024297011927,NAT,Meersalz m jodhaltigen Algen
4015537003253,HMO,Mehl Mix Brot & Br”tchen gf
4015537003246,HMO,Mehl Mix Kuchen & Kekse gf
4015637824604,BAK,Mehl Mix Kuchen gf
4015637824598,BAK,Mehl Mix Universal gf
4022381027557,SPI,Mehlmix Brot dunkel gf
4022381027533,SPI,Mehlmix universal hell gf
4260360271069,NPU,Mehrkorn Baguette Br”tchen
4028112059934,SDL,Mehrkornbr”tchen
5425038430370,TUE,Mehrkornflocken und Schokolade gf
4005561007341,BOL,Mein Crunchy Himbeer Zitrone
4005561007358,BOL,Mein Crunchy Mandel Nuss
4005561007365,BOL,Mein Crunchy Schoko Erdbeer Cassis
4005394285749,BVE,Mein Ei Ersatz gf
4012346535302,LEB,Mein erster Kräutertee
4005394200803,BVE,Mein Krustenbrot Backmischung gf
4005394200186,BVE,Mein Pasta Topping klassisch
4005394287675,BVE,Mein Rührei-Ersatz
4001638590013,WEL,Mein Sanddorn Immungetränk
4005394201329,BVE,Mein Tassenkuchen Salted Caramel Brownie
4005394201312,BVE,Mein Tassenkuchen Schoko
4005394287736,BVE,Mein Wikinger Brod Backmischung gf
4005394201459,BVE,Meine Burger Patties
4005394200889,BVE,Meine Cinnamon Rolls
4005394201664,BVE,Meister Backhefe
4005394104095,BVE,Meister Backpulver 1 kg
9004145011014,STN,Melange Kaffee ganze Bohne Wiener Verführung©
9004145011007,STN,Melange Kaffee gemahlen Wiener Verführung©
4024297015086,NAT,Melasse Hefeflocken
9004145023369,STN,Melisse Verbene Lavendel
4020829008762,HAU,Melissen Tagescreme
4020829008939,HAU,Melissen Tagescreme Kleingr”áe
4260026691217,BIT,Melkfett
4001638495226,WEL,Men 24h Deo Roll-On
4021457661619,LAV,Men 2in1 Gesichtswaschgel
4021457661572,LAV,Men 3in1 Duschgel
4009800003910,SCK,Men Active After Shave Lotion
4009800003859,SCK,Men Active Body Lotion
4009800003835,SCK,Men Active Deo Roll on
4009800003828,SCK,Men Active Deo Spray
4009800003866,SCK,Men Active Deo Stick
4009800003804,SCK,Men Active Duschgel
4009800003941,SCK,Men Active Intensiv Creme
4009800003903,SCK,Men Active Rasiercreme
4009800003927,SCK,Men Active Rasierseife
4009800003811,SCK,Men Active Shampoo
4021457661558,LAV,Men After Shave Balsam
4260198094335,BEN,Men Beard Oil Bart”l
4260198098616,BEN,Men Body Wash 3 in 1
4260198098623,BEN,Men Body Wash 3in1 Sport
4021457661596,LAV,Men Deo Roll on 48h
4260198094328,BEN,Men Deo Spray
4260198094311,BEN,Men Face and Aftershave Balm
4021457661510,LAV,Men Feuchtigkeitscreme
4021457661534,LAV,Men Rasierschaum
4260198094342,BEN,Men Shaving Cream
4260418020359,GNC,Meno Balance Trinkpulvermischung Vital.
4035784000645,GSE,MenoFree
4017645017283,LOG,MENTHOLFREI Rosmarin & Kräuter Zahngel
3523230033299,2CP,Merlin Kräuter
4037865033009,SND,Merlot rot
8017955000377,PLG,Merlot rot
8713638011219,WSE,Messer Käse mit Quergriff 38cm
4002029040117,HOY,Met Honigwein
4250442400869,MAX,Mettenden
4037865001107,SND,Mettenheimer L”ss Riesling
4037865001602,SND,Mettenheimer L”ss Spätburgunder
4031829231524,™KL,Mettwurst gekocht Gourmet Qualität im Glas
3309480000065,VAV,Meule de Savoie Typ GruyŠre
4000345298854,EVP,Mexican Chili Sin Carne
4031829232590,™KL,Mexikanische Bohnensuppe
4012346109701,LEB,Mexikanische Küche
4012346462103,LEB,Mexiko Plantagen Kaffee ganze Bohne
4012346045818,LEB,Mexiko Plantagen Kaffee gemahlen
4018462199503,BYO,Mexiko Salsa Sauce
4000915105421,ISA,Mezzelune Cacio e Pepe
4011849570001,PAN,Mezzelune Steinpilz
4024967210001,RIE,Mezzogiorno Grillo weiß
4024967210209,RIE,Mezzogiorno Nero d'Avola rot
4024967210407,RIE,Mezzogiorno Primitivo rot
4018722305699,AGO,Mie Noodles
8412439285064,PDM,Miesmuscheln in Marinade
42402565,HVM,Milch Alternative Barista
9008281304603,BOM,"Milchbuben Brie ""Chili-Creme"""
9008281004572,BOM,"Milchbuben Brie ""Kräuter-Creme"""
4005967006566,ROS,Milchcreme Kugeln
4037892206018,RED,Milchflaschenbürste
4017194489036,SBG,Milchkaffee Eis
4260096395275,AGA,Milchreis
4008471507505,S™B,Milchreis Natur
4008471507550,S™B,Milchreis Natur
4019339207109,DAV,Milchreis rund weiß
4022381036832,SPI,Milchreis Rundkorn weiß
4022381503204,SPI,Milchreis Rundkorn weiß
4019339207185,DAV,Milchreis weiß
4022381011952,SPI,Milchreis weiß
8018759000433,SEL,Milde Peperoncino in Weinessig
5200104108038,EPI,Milde Peperoni in ™l
4260650730757,CPO,mildes kimchi
4024297022237,NAT,Milk Crunch Schokoriegel
4104060031915,AND,Milkis Apfel-Banane
4104060031922,AND,Milkis Bunte Früchte
4104060031908,AND,Milkis Erdbeere-Banane
4260009215058,PVD,Mille Fleurs Gesichtswasser
4260009215034,PVD,Mille Fleurs Nachtcreme
4260009215065,PVD,Mille Fleurs Reinigungsmilch
4260009215027,PVD,Mille Fleurs Tagescreme
4260198090641,BEN,Mineral Powder light sand
4260198090658,BEN,Mineral Powder medium beige
4260198090061,BEN,Mineral Powder sand
4260198094472,BEN,Mineral Powder translucent
4017645017542,LOG,Mineralerde Vorbehandlung
4017645017276,LOG,MINERALSTOFF Calcium Zahncreme
4031829232521,™KL,Minestrone mit Reis
4006748009301,MAY,Mini Brezel
4005561007242,BOL,Mini Cookie Himbeer Cheesecake
4005561007259,BOL,Mini Cookie Karamell Salz
4005561002421,BOL,Mini Cookie Schoko Haselnuss
4005561004142,BOL,Mini Cookie Schoko Orange
4086900600294,PVL,Mini Duftstein
8714685903625,FRT,Mini Falafel
8711823196239,RIT,Mini Karamellwaffeln
42495840,HVM,Mini Moments Apfel Zimt Jogh.altern.
42495857,HVM,Mini Moments Himbeere Jogh.altern.
42495833,HVM,Mini Moments Mango Jogh.altern.
4026813130013,BSI,Mini Potato Pockets
4032105004405,SBŽ,Mini Sandkuchen Sweetie Orange
4032105004429,SBŽ,Mini Sandkuchen Sweetie Schoko
4032105004412,SBŽ,Mini Sandkuchen Sweetie Vanille
4005561008935,BOL,Mini Snäcke Cheese Onion
4005561008928,BOL,Mini Snäcke Curry Kürbiskern
4005561008904,BOL,Mini Snäcke Laugen Salz
4005561008911,BOL,Mini Snäcke Sesam Dinkel
8711521348114,ICF,Mini Steieleis Seasalt Caramel Multipack
8711521364923,ICF,Mini Stieleis Choc Mix
8711521348107,ICF,Mini Stieleis Mix Cashew vegan
4036396207019,FPF,Mini-Frikadellen v. Bruderhahn
4026584132209,SOF,Mini-Frühlingsrollen China-Style
4026584132230,SOF,Mini-Frühlingsrollen Golden Sun
4026584132223,SOF,Mini-Frühlingsrollen Süá-Sauer
4026584132216,SOF,Mini-Frühlingsrollen Thai-Style
4260455750097,W™T,Mini-Wiener
4038857401455,™KV,Mintelli
8713576173260,TER,Mirin - Süsser Reiswein
4012346229904,LEB,Mischbox Zeit zum Ausprobieren TB
4000345033080,ERN,Miso Gemüsesuppe
4020943134224,ARC,Misobrühe
4022381038355,SPI,Mittelkornreis natur
4018462161050,BYO,Mittelscharfer Senf
4018462161708,BYO,Mittelscharfer Senf
4019736007005,ZWE,Mittelscharfer Senf
4260112293622,MKS,Mittelscharfer Senf
4260112294100,MKS,Mittelscharfer Senf
4260112294117,MKS,Mittelscharfer Senf
4018462161722,BYO,Mittelscharfer Senf Tube
4260360271328,NPU,Mix Mexicane
4260198099026,BEN,Mizellenwasser
4260631131788,GR™,Mizellenwasser
4013320033326,GEP,Mocca Sahne Schokolade
4019578002046,DWE,MoGin
4031779320019,MOI,Mohn Amour vegan
4005967003558,ROS,Mohn Kuchenschnitte
4028112059583,SDL,Mohn-Sesam Kart”pfelchen©
4028112059064,SDL,Mohnz”pfchen
4055297218948,LOG,MOISTURE LIFT Feuchtigkeitscreme Rose & Apfelsamen
4055297218641,LOG,MOISTURE LIFT Feuchtigkeitsmaske
4055297218825,LOG,MOISTURE LIFT get”nte Creme Rose & Apfelsamen
4055297218764,LOG,MOISTURE LIFT Serum-in-Creme Rose & Apfel
5765228837337,URT,Moisturising Shampoo Rose
5765228839362,URT,Moisturizing Conditioner Rose
5765228837719,URT,Moisturizing Shampoo Coconut
5765228837009,URT,Moisturizing Shampoo Rose
9004145012745,STN,Mojito Sirup
4022381040303,SPI,Mond und Sterne Müsli
4022381040327,SPI,Mond und Sterne Müsli
4022381041331,SPI,Mond und Sterne Müsli
4260512462703,AYA,Mondaufgang entspannender Badeschaum
4260344820009,MBC,Mondino Aperitivo Bavarese
4260344820023,MBC,Mondino Aperitivo Bavarese
4260344820146,MBC,Mondino Senza Aperitivo alkoholfrei
4022569130000,LHQ,Mondquelle
4022569140009,LHQ,Mondquelle Vollmond
4104060026164,AND,Mondscheinkäse
4104060026287,AND,Mondscheinkäse in Scheiben
4008471513124,S™B,"Monsieur Jean Bernard würzig, SB-Theke"
4008471513100,S™B,"Monsieur Jean Bernard, würzig 2 x 500g"
4000915103359,ISA,Montello Stick
4000915103311,ISA,"Montello, Keil"
4260155025136,JOO,Moong Daal mit Grünen Linsen
4020829005808,HAU,Moor Lavendel Bad
4020829007802,HAU,Moor Lavendel Pflege”l
4020829034570,HAU,Moor Lavendel Pflege”l Kleingr”áe
2900000992382,5WP,Moprokiste 19%
4046896165351,VAV,"Morbier AOP, 1/4 Laib"
8032130033049,TED,Morellino di Scansano rot
4012346001104,LEB,Morgengruá©TB
4022346317822,HEU,Moringa Blatt Tee ganz
4260418020120,GNC,Moringa Superfood Trinkpulver
4260631131740,GR™,Moringa Tagescreme
4260168399149,XUR,Mortadella
4260168395103,XUR,Mortadella m. Paprika
4260168395035,XUR,Mortadella Natur
8022836000063,PIZ,Moscato Spumante Dolce
4018874023182,ARI,Mottenbox Ersatzset 2er Pack
4018874023106,ARI,Mottlock
4018874023113,ARI,Mottlock Maxi 2er Set
4018874023175,ARI,Mottlock Mottenbox
4000799100130,MOU,Mount Hagen Instant Kaffee
8005020009226,GIL,Mousse al Cioccolato
4018462175804,BYO,Mousse au Chocolat
4025174125867,SOB,Mousse au Chocolat
4260096398023,AGA,Mousse au Chocolat
4028332442011,WMF,Mousse au Chocolat Noir
4028332442851,WMF,Mousse au Chocolat Salted Caramel
4260418984712,RRT,Mousse de Karit‚ Gute Laune
4260418984750,RRT,Mousse de Karit‚ Rosentau
4032105003026,SBŽ,Mousse-au-chocolat Torte
4032067702265,ROM,Mozartzipfel in Tüte
4032067602251,ROM,Mozartzipfel Theke
4026913151758,™MA,Mozzarella 100g
4026913151857,™MA,Mozzarella 125g
8032589051595,VAV,Mozzarella di Bufala Campana DOP
4026913152854,™MA,Mozzarella di Bufala Campana DOP 125g
7640101099485,ZFK,Mozzarella gerieben
7640101099539,ZFK,"Mozzarella Herzli 130g, ca. 10 St."
7640101094831,ZFK,"Mozzarella Kugel 100g, laktosefrei"
7640101096859,ZFK,Mozzarella Stange
7640101099553,ZFK,"Mozzarelline Mini Kugeln 150g, ca. 20 St."
7640166798453,ZFK,"MozzaVella Kugel, 6 x 125g"
8718924685228,MKK,MŠkkerstee Ziege Bockshornklee
8718924685600,MKK,MŠkkerstee Ziege italienische Kräuter
8718924685617,MKK,MŠkkerstee Ziege jung
8718924685563,MKK,"MŠkkerstee Ziege old, 10 M"
8718924685532,MKK,MŠkkerstee Ziege pikant
8718924687093,MKK,"MŠkkertaler, Groálochkäse aus Ziegenmilch"
4018874015101,ARI,Mückenstift Roll on
9120081090354,GKO,Mugi Miso
8713576271447,TER,Mugi Miso nicht pasteurisiert
4015637827438,BAK,Mühlenbrot 7 Saaten gf
4260123533274,XXX,Müllbeutel 20 l
4260123533250,XXX,Müllbeutel 35 l
4260123535483,XXX,Müllbeutel 60 l
4040221010194,CRT,Müller Thurgau weiß
4260004910101,™WR,Müller Thurgau weiß
4260004910101,™WR,Müller Thurgau weiß
4009044013638,WSE,Müllsäcke 120 Liter
4106060074916,BEU,Multi + Eisen Pro
4106060075258,BEU,Multi + Eisen Pro
4021457665280,LAV,Multi Balm 01 Sunset Red
4021457665297,LAV,Multi Balm 03 Sundown Gold
4021457665303,LAV,Multi Balm 04 Sunrise Ros‚
4015533000089,VOE,Multi Natur
4015533004087,VOE,Multi Natur
4106060012673,BEU,Multi Pur
4106060077580,BEU,Multi-Saft
4260198098630,BEN,Multi-Stick be peachy
4260198098654,BEN,Multi-Stick be pinky
4260198098647,BEN,Multi-Stick be rosey
4004191005604,RAB,Multifrucht Direktsaft
4250206102084,CHI,"Münchner Weiáwurst, 4 St."
4251191898181,APR,Mundspray ayurveda
4086900388109,PVL,Mundspülung
4260491220554,BDN,Mundwasser Ben und Anna
4251191898150,APR,Mundwasser Konzentrat ayurveda grün
4086900213111,PVL,Mundwohl Mundspülung
4086900213005,PVL,Mundwohl ™lziehkur
4086900388000,PVL,Mundzieh”l
4260360272134,NPU,Mungbohnen
4009309471470,MAR,Mungbohnensprossen
4260651481184,JTT,Mungo Edamame Fettucc
3304420071273,VAV,Munster AOP Haxaire Grand
3304420071105,VAV,Munster AOP Haxaire Petit
3380330001371,JFR,"Muscat de Rivesaltes, T de Terroirs weiß"
4012346158204,LEB,Muskatblüte Macis gemahlen
4022346118276,HEU,Muskatblüte/Macis gemahlen Dose
9120047400869,LGI,Muskateller lieblich weiß
4086900100565,PVL,Muskatellersalbei bio
4012346153704,LEB,Muskatnuá ganz Tüte
4012346157207,LEB,Muskatnuá gemahlen Tüte
9004145003651,STN,Muskatnuss ganz
4012346145709,LEB,Muskatnuss gemahlen
4022346217986,HEU,Muskatnuss gemahlen Dose
9004145003095,STN,Muskatnuss gemahlen Tüte
4260752752879,SPC,Muskatnüsse ganz
4022346118047,HEU,Muskatnüsse ganz Tüte
4022346318676,HEU,Muskatnüsse ganz Tüte
4005561008959,BOL,Müsli Beeren
4005561008966,BOL,Müsli Früchte
4005561003251,BOL,Müsli Keks
4260311984734,MGL,Müsli Riegel
4005561008973,BOL,Müsli Schoko Vollmilch
4005561008980,BOL,Müsli Schoko ZB
4032105092907,SBŽ,Müslibr”tchen VK
4032105000605,SBŽ,Müslibr”tchen Vollkorn
4021457658251,LAV,MY AGE Augen- und Lippenkonturcreme
4021457663729,LAV,My Age Body Lotion
4021457658374,LAV,MY AGE Intensiv ™l Serum
4021457658220,LAV,MY AGE Nachtpflege
4021457658190,LAV,MY AGE Tagespflege
4086900101876,PVL,Myrte türkisch bio
9004145006423,STN,Mystischer Hexentee ohne Hanf
8713576004052,TER,Naanbrot Knoblauch
8713576004045,TER,Naanbrot naturell
6253802012977,NAS,Nablus Olivenseife Damaskus Rose
6253802010294,NAS,Nablus Olivenseife Salbei
6253802010324,NAS,Nablus Olivenseife Totes Meer Schlamm
4020829087392,HAU,Nach der Sonne
4021457632947,LAV,Nachfüllbeutel basis sensitiv milde Pflegeseife
4021457649761,LAV,Nachfüllbeutel basis sensitiv Pflegedusche 2in1
4021457649778,LAV,Nachfüllbeutel vitalisierende Dusche
4260198097176,BEN,Nachtcreme Argan NACHTTRŽUMER:IN
4260418987171,RRT,Nachtcreme Good Night
4260009210022,PVD,Nachtkerzen Tagescreme
4086900742635,PVL,Nachtkerzensamen”l
4020829005303,HAU,Nachtkur 10 St.
4020829005310,HAU,Nachtkur 50 St.
4020829062627,HAU,Nachtserum
4020829026681,HAU,Nachtserum Kleingr”áe
4022381109185,SPI,Nacktgerste
4019339131107,DAV,Nackthafer
4019339131183,DAV,Nackthafer
4022381021944,SPI,Nackthafer
4022381107068,SPI,Nackthafer
4022381107167,SPI,Nackthafer
4022381107181,SPI,Nackthafer
4260198097992,BEN,Nagelfeile 3er Set
4008576400800,NYK,Nagelfeile mit Holzgriff klein
4008576400770,NYK,Nagelknipser groá aus Edelstahl
4008576400787,NYK,Nagelknipser klein aus Edelstahl
4260198094755,BEN,Nagellack be my baby
4260198095066,BEN,Nagellack bubble gum
4260198094731,BEN,Nagellack cherry red
4260198098036,BEN,Nagellack cotton candy
4260198094724,BEN,Nagellack crystal
4260198094762,BEN,Nagellack hot summer
4260198095080,BEN,Nagellack licorice
4260198098012,BEN,Nagellack lovely lavender
4260198094687,BEN,Nagellack my secret
4260198094786,BEN,Nagellack mystery
4260198095059,BEN,Nagellack nordic blue
4260198094717,BEN,Nagellack oh lala!
4260198094670,BEN,Nagellack peach sorbet
4260198094816,BEN,Nagellack rock it!
4260198098029,BEN,Nagellack sage green
4260198094663,BEN,Nagellack sharp ros‚
4260198096995,BEN,Nagellack sweet plum
4260198094809,BEN,Nagellack vamp
4260198094694,BEN,Nagellack vintage red
4260198094700,BEN,Nagellack wild orchid
4260198094779,BEN,Nagellack you nique
4260198093871,BEN,Nagellackentferner
4008576400701,NYK,Nagelschere Solingen Vitaloy
4008576400732,NYK,Nagelzange Solingen Vitaloy
4260198098043,BEN,Nail Hardener
4260198098067,BEN,Nail Oil
4031829254721,™KL,Nasi Goreng
3445020001601,BPL,Natives Hanf”l
8018759001263,SEL,Natives Oliven”l extra - AUSGEWOGEN
8053323644095,SEL,Natives Oliven”l extra - MILD
8053323643883,SEL,Natives Oliven”l extra Í FRUCHTIG
4005394116210,VEG,Natron
4005394286005,VEG,Natron
4014807211206,ST™,Natur Radler Zitrone
4014807211381,ST™,Natur Radler Zitrone alkoholfrei
4026968004108,FON,Natur Sauerteig
4012561501014,AUR,Natur-Eierfarben
4009800001626,SCK,Natural Aktiv Deo Roll on
4009800001640,SCK,Natural Aktiv Deo Roll on ohne Alkohol
4009800001633,SCK,Natural Aktiv Deo Spray
4009800002647,SCK,Natural Aktiv Duschgel
4009800001206,SCK,Natural Aktiv Shampoo GuV
4260198091549,BEN,Natural BB Cream beige
4260198091532,BEN,Natural BB Cream fair
4260198095325,BEN,Natural BB Cream porcelain
4025089005780,SAN,Natural Care Lip Balm mit Blisterleiste
4260198094267,BEN,Natural CC Concealer
4260198093925,BEN,Natural Compact Powder
4260198091204,BEN,Natural Concealer light
4260198095257,BEN,Natural Cover Stick beige
4260198095264,BEN,Natural Cover Stick vanilla
4260198095165,BEN,Natural Face Primer
4039468026136,MEM,Natural Graphit Bleistifte
4260198093666,BEN,Natural Happy Cleansing Wipes
4260198096957,BEN,Natural Kajal anthracite
4260198090016,BEN,Natural Kajal black
4260198090221,BEN,Natural Kajal bright-blue
4260198090207,BEN,Natural Kajal brown
4260198090191,BEN,Natural Kajal green
4260198090603,BEN,Natural Kajal grey
4260198090214,BEN,Natural Kajal night-blue
4260198090610,BEN,Natural Kajal olive
4260198090801,BEN,Natural Kajal white
4260198093833,BEN,Natural Lip Balm classic
4260198090818,BEN,Natural Liquid Eyeliner
4022381004893,SPI,Naturkornreis rund natur
4260026697356,BIT,Naturkraftdusche Wald-Sinfonie
4022381011815,SPI,Naturreis Langkorn
4022381501187,SPI,Naturreis Rundkorn
4022381501200,SPI,Naturreis Rundkorn
8713576282535,TER,Naturreisnudeln Kürbis Ingwer
4005394144510,BVE,Natursauerteig flüssig
4017645017313,LOG,NATURWEISS Pfefferminz-Zahncreme
8437001620517,BOQ,Navarra Especial rot
4020829071377,HAU,Neem Nagel”l
42239611,HAU,Neem Nagel”l Stift
8034115194561,IGR,Negroamaro Integro
9004145003286,STN,Nelken ganz
4012346155807,LEB,Nelken ganz Tüte
4022346319642,HEU,Nelken ganz Tüte
4012346128801,LEB,Nelken gemahlen Tüte
9004145003941,STN,Nelken gemahlen Tüte
4086900100619,PVL,Nelkenknospe bio
8034115190266,PSP,Nero d'Avola rot
8034115195575,PSP,Nero d'Avola rot
4260421710612,NER,Nero Grillanzünder 25 Stück
4260421710513,NER,Nero Grillbrikett
4260421710506,NER,Nero Grillkohle
4086900111219,PVL,Neroli 10 %
4032061010113,GEB,Nerolicream
5765228837177,URT,Nettle Shampoo
5765228837498,URT,Nettle Shampoo
4021457622474,LAV,Neutral Deo Roll-On
4021457625338,LAV,Neutral Dusch Shampoo
4021457625093,LAV,Neutral Gesichtscreme
4028719633186,CMD,Neutral Gesichtscreme
4021457625109,LAV,Neutral Gesichtsfluid
4021457625239,LAV,Neutral Handcreme
4028719633810,CMD,Neutral Handcreme
4021457625215,LAV,Neutral K”rperlotion
4028719633438,CMD,Neutral K”rperlotion
4021457625222,LAV,Neutral Mikrosilber Akutcreme
4021457626069,LAV,Neutral Reinigungsschaum
4028719633131,CMD,Neutral Reinigungsschaum
4028719633421,CMD,Neutral Shampoo/Duschgel
4086900276505,PVL,Night Cream u Mask Smoothing u Renewing
9004145023239,STN,Nikolaus & Krampus Tee TB
4046153118830,WSE,Nitril Handschuhe weiss Gr”áe L
4260597520022,WSE,Nitril Handschuhe weiss Gr”áe M
4046153118793,WSE,Nitril Handschuhe weiss Gr”áe S
4260664930181,NYK,Niyok Mundspülung Kokos”l Pfefferminze
4260664930198,NYK,Niyok Mundzieh”l Pfefferminz
4270000005435,NYK,Niyok Zahncreme Blutorange Basilikum
4260664930136,NYK,Niyok Zahncreme Kokos”l Eisminze
4270000983672,NYK,Niyok Zahncreme Kokos”l Erdbeere Himbeere
4260664930129,NYK,Niyok Zahncreme Kokos”l Pfefferminz
4270000005411,NYK,Niyok Zahncreme Pfefferminz Zitrone
4260664930372,NYK,Niyok Zahncreme Refreshing
4260664930365,NYK,Niyok Zahncreme Whitening
4270000005428,NYK,Niyok Zahncreme Zitronengras Ingwer
4260763040040,NOY,No Coffee 75% ganze Bohne
4260763041412,NOY,No Coffee Drip Bags
4260763040019,NOY,No Coffee Filter ganze Bohne
4260763041436,NOY,No Coffee Filter gemahlen
4260763041351,NOY,No Coffee Pads
4260763041351,NOY,No Coffee Pads
4260763040620,NOY,No Espresso 75% ganze Bohne
4260763041177,NOY,No Espresso ganze Bohne
4260763041429,NOY,No Espresso gemahlen
4020943139359,ARC,No Fish Sauce
4022346351567,HEU,No Himalaya Kristallsalz feinTüte
8052575090582,RDA,Nocciolata Crunchy 250 g
8052575090605,RDA,Nocciolata Haselnuss Nougat Aufstrich Bianca 250 g
8052575090520,RDA,Nocciolata Nuss Nougat Aufstrich 250g
8052575090544,RDA,Nocciolata Nuss Nougat Aufstrich 650 g
8052575090551,RDA,"Nocciolata Nuss Nougat Aufstrich, milchfrei 250g"
8052575090575,RDA,"Nocciolata Nuss Nougat Aufstrich, milchfrei 650g"
4000915108033,ISA,Nordatlantik Lachs geräuchert
4020943136808,ARC,Nori Flocken
8054301740044,CEJ,Nostru Catarratto Lucido weiß
8054301740068,CEJ,Nostru Nerello Mascalese rot
4270003688543,NOU,NOU alkoholfrei rose
4270003688529,NOU,NOU Cr‚mant rose brut
4170000072362,NOU,NOU Cremant
4270003688505,NOU,NOU Secco
4270003688581,NOU,NOU Weiáwein Souvignier Gris
4005967003695,ROS,Nougat Cashew Tartelette
4005967008959,ROS,Nougat Cashew Tartelette Duo
4005967004456,ROS,Nougat Cashews
4032105001480,SBŽ,Nougat-Buttercremering Vollmilch
4032105001442,SBŽ,Nougat-Buttercremering Zartbitter
4005967003404,ROS,Nougat-Taler
4005967003718,ROS,Nougat-Waffeln mit Mandelsplittern
4017645001404,LOG,NOURISH Overnight Maske
4017645001350,LOG,NOURISH Overnight Peeling Serum
4017645001657,LOG,NOURISH Vitamincreme Avocado & Vitamin E
4017645001695,LOG,NOURISH Vitamincreme Strahlender Teint
5765228839102,URT,Nourishing Conditioner Coconut
7804320211480,EML,Novas Syrah Mourvedre rot
4012852204204,NOW,now Black Cola
4012852253806,NOW,now Black Cola
4012852204709,NOW,now Black Cola light
4012852204235,NOW,now Fresh Lemon
4012852253837,NOW,now Fresh Lemon
4012852204273,NOW,now Grapefruit
4012852204297,NOW,now Holler Blüte
4012852253899,NOW,now Holler Blüte
4012852204914,NOW,now LaDolce Ingwer!
4012852253707,NOW,now Mate Granate
4012852204266,NOW,now Orange Cola
4012852253868,NOW,now Orange Cola
4012852204945,NOW,now Passion Crush
4012852253813,NOW,now Pure Zitrone
4012852204259,NOW,now Red Berry
4012852254032,NOW,now Sprizzz Apfelschorle
4012852254001,NOW,now Sprizzz Cassis Lime
4012852254049,NOW,now Sprizzz Rhabarber
4012852204242,NOW,now Sunny Orange
4012852253844,NOW,now Sunny Orange
4037865002500,SND,Nuance rose
4260148651601,PUF,Nudel Salat mit Tomaten Cashew Pesto und Oliven
4012346174709,LEB,Nudelauflauf PB
8713576282511,TER,Nudeln aus thailändischem Reis
4018722344049,AGO,Nudelreis
4045800773194,GRH,Nudelsalat
4260148650079,PUF,Nudelsalat GV
4260728612251,WIU,Nuspritz ros‚ alkoholfrei
4260311983973,MGL,Nuss Creme Ecken
4015537001426,HMO,Nuss Crunchy
4005967511565,ROS,Nuss Müsli
4013320093122,GEP,Nuss Nougat Creme Cocoba
4019736001362,ZWE,Nuss Paprika
4032105000360,SBŽ,Nuss-Mandel-Brot
4032105001633,SBŽ,Nussecke
4005967003596,ROS,Nussecke mit Zartbitter Schoko
4032105005419,SBŽ,Nussriegel
4260229234488,FOD,Nussriegel Variety Pack
4019339311271,DAV,Nut Butter Sweet Chai
4019339311257,DAV,Nut Butter Vanillekipferl
4019339311264,DAV,Nut Butter Zimtschnecke
4260728612213,WIU,Nuwyne weiß alkoholfrei
4260355586093,BPL,O'range und Balsamico Essig
5425038430479,TUE,Oat Crunchy Dark Chocolat
4260229234693,FOD,Oat Treat Choc Hazelnut
4260229234716,FOD,Oat Treat Pistazie Matcha
4012346174303,LEB,Ofenkartoffeln PB
4016249067007,ALO,"Ohne Muhhh 3,5% Fett"
4016249024307,ALO,"Ohne Muhhh Drink 1,5 % 1l"
5202423123501,MAN,Olive Snack
4260360271656,NPU,Oliven Mayonnaise
4000915101614,ISA,Oliven Mix o.St. gekräutert
4000915103601,ISA,Oliven Mix ohne Stein
5200104109172,EPI,"Oliven Mix ohne Stein, Rohkost"
4000915106732,ISA,Oliven Pesto vegan
4006182005129,SOM,Oliven Snacks Kräuter d Provence
4056114005925,SOM,Oliven Snacks Paprika
4007547305106,SNT,Oliven Waschmittel für Wolle und Seide
4007547305403,SNT,Oliven Waschmittel W+S sensitiv
4007547305007,SNT,Oliven Waschmittel Wolle Seide
4260067152517,CES,Oliven-Mix mit Kräutern entsteint
4260067150902,CES,Oliven-Mix natur entsteint
4000915106961,ISA,Oliven-Mix oh. Stein mariniert
4000915105506,ISA,"Oliven-Mix ohne Stein, mariniert"
4260067150926,CES,"Oliven-Mix ohne Stein, mariniert"
4260067150933,CES,"Oliven-Mix ohne Stein, mariniert"
4260067150155,CES,"Oliven-Mix schwarz/grün, mit Stein"
5202423121149,MAN,Oliven”l 100 % nativ Küchenheld
5200104100902,EPI,Oliven”l extra nativ
8032771862725,WBY,Oliven”l extra nativ
5200104100223,EPI,Oliven”l extra nativ 3L
3445020222501,BPL,Oliven”l fruchtig nativ extra
3445020222709,BPL,Oliven”l fruchtig nativ extra
4000381076317,ERD,Oliven”l Grissini
5200104100506,EPI,Oliven”l Kalamata
5200104100803,EPI,Oliven”l Kalamata
5202423300179,MAN,"Oliven”l Kalamata g.U., nativ extra, Bio"
3445020001847,BPL,Oliven”l mild nativ extra
3445020120340,BPL,Oliven”l mild nativ extra
3445020223508,BPL,Oliven”l mild nativ extra
3445020223706,BPL,Oliven”l mild nativ extra
4260355580336,BPL,Oliven”l mit Basilikum
4260355580374,BPL,Oliven”l mit Chili
4260355580350,BPL,Oliven”l mit Knoblauch
3445020220507,BPL,Oliven”l mittel fruchtig nat e
3445020220705,BPL,Oliven”l mittel fruchtig nat e
4018462402504,BYO,Oliven”l nativ extra
4260067150711,CES,"Oliven”l nativ extra 0,5 L"
4260067150728,CES,Oliven”l nativ extra 1 L
4260067150520,CES,Oliven”l nativ extra 3 L
4018462402306,BYO,Oliven”l nativ extra fruchtig
5200104100971,EPI,Oliven”l nativ extra g. U. Kreta - Messara
4260355586482,BPL,Oliven”l nativ extra Mehrweg
4018462402405,BYO,Oliven”l nativ extra mild
3445020225908,BPL,Oliven”l oïcitron
3445020226905,BPL,Oliven”l Orange
4260266541020,JIS,Oliven”l Seife Block
5202423121187,MAN,"Oliven”l Selection, nativ extra"
5202423300032,MAN,"Oliven”l Selection, nativ extra"
3445020209922,BPL,Oliven”l und Balsamico Essig
4260355581708,BPL,Oliven”l und Trüffel
4260764051106,SPU,Oliven”lseife Achtsamkeit
4260764051151,SPU,Oliven”lseife Aufmerksamkeit
4260764051090,SPU,Oliven”lseife Dankbarkeit
4260764051144,SPU,Oliven”lseife Gelassenheit
4260764051137,SPU,Oliven”lseife Lebenslust
4260764051113,SPU,Oliven”lseife Motivation
4260764052387,SPU,Oliven”lseife Oliwunder
4260764051120,SPU,Oliven”lseife Sonnenschein
4260067150575,CES,Olivenpaste grün
4260067150568,CES,Olivenpaste schwarz
4000915100907,ISA,Olivia frischer Brotaufstrich
4028112059651,SDL,Oliviss
4035784370908,GSE,Omega 3 Fisch”l Kapseln
4035784360152,GSE,Omega 3 Perilla”l 90 Kapseln
3445020001915,BPL,Omega Blue
3445020001878,BPL,Omega Orange
4260355580039,BPL,Omega Pink
4260355585737,BPL,Omega Purple
4260355583337,BPL,Omega Red
4001638590600,WEL,Omega Serum Drops
4260355587144,BPL,Omega Silver
7610612004322,SNA,"Omelette & Rührei-Alternative, vegan"
8000298000739,LLF,Orange & Chili-Sauce 18 x 40 g
4086900100626,PVL,Orange bio
4086900105621,PVL,Orange bio
4044889005219,VNI,Orange Bitter Schoko
4106060077092,BEU,Orange Fruchtcocktail 1l
4015533064401,VOE,Orange M”hrensaft
4015533024351,VOE,Orange Mango Maracuja
4106060077139,BEU,Orange-Karotte-Ingwer Saft
4260039376484,VNN,Orangen Direktsaft
4022346642238,HEU,Orangen Grüntee
4019886001403,SOD,Orangen Kraftreiniger
4018462161258,BYO,Orangen Senf
4019578018269,DWE,Orangen-Liqueur
4013044100120,BTH,Orangen”l
4002029001569,HOY,Orangenblütenhonig
4086900741348,PVL,Orangenblütenwasser
4007547405509,SNT,Orangenkraftreiniger
4015533000638,VOE,Orangensaft
4015533004636,VOE,Orangensaft
4015533066047,VOE,Orangensaft
4106060010228,BEU,Orangensaft
4106060077122,BEU,Orangensaft
4106060073759,BEU,Orangensaft aus Europa
4015533063985,VOE,Orangensaft kühlfrisch
4005394116166,BVE,Orangenschale gerieben
4013044100144,BTH,Orangenschale gerieben
4260508212244,PBK,Orangensoda
4260508213319,PBK,Orangensoda mit Koffein
4018462145302,BYO,Orecchiette semola
4260752752909,SPC,Oregano gerebelt
4022346220740,HEU,Oregano gerebelt Dose
4012346147482,LEB,Oregano gerebelt getrocknet
4012346153605,LEB,Oregano gerebelt Tüte
4022346320716,HEU,Oregano gerebelt Tüte
9004145007772,STN,Oregano geschnitten
4026813000811,BSI,Org. Elsässer Flammkuchen Champignon-Knoblauch
4260148653377,PUF,Oriental Bowl Falafelcrumble Kräuterd to go
4260067150018,CES,"Orig. griechischer Feta, Theke, mariniert"
4000915030792,ISA,Orig. griechischer Ziegenkäse
4026813000798,BSI,Original Elsässer Flammkuchen
4000915105964,ISA,Original griechischer Feta g.U. in Salzlake
4260067150810,CES,Original griechischer Feta Natur
4260067150803,CES,"Original griechischer Feta Natur, Theke"
4260067150193,CES,"Original griechischer Feta, mariniert"
4260650731051,CPO,original kimchi
4022381040341,SPI,Original Mühlen Müsli
4038507012796,GOV,Oster Kugeln Cacao Crunch
4038507012772,GOV,Oster Kugeln Salty Caramel
4024884031642,HEB,Osterbrot
4000430103650,WER,Osterdisplay glutenfrei 2026
4021246333642,LUB,Ostereier gemischt 5 Sorten
4250471900019,FIW,Ostergras
4260012643176,BIN,Ostergras
4038507009284,GOV,Osterhase Hoppi
4032105002692,SBŽ,Osterhase Vollmilch
4013320133798,GEP,Osterhase Vollmilch in Stanniol
4013320308448,GEP,Osterhase Vollmilch klein
4032105002678,SBŽ,Osterhase Zartbitter
4024967002163,RIE,Osteria Merlot rot Bag in Box
4280001996908,NIA,Osterseife Lavendel Limette
9004145025677,STN,Osterüberraschung Tee TB
4068871097037,UFN,Ostfreesen Tee TB
4012346525907,LEB,Ostfriesen Tee
4068871097013,UFN,Ostfriesen Tee Blatt
4012346525303,LEB,Ostfriesen Tee Broken
4270000263422,UFN,Ostfriesen Tee Broken
4012346531601,LEB,Ostfriesen Tee TB
4012346525204,LEB,Ostfriesenmischung Broken
28000433,HMW,"Oude Adel Gouda old, 1/4 Laib"
4005537027403,ZEA,Outdoor Zecken & Mücken Abwehr Lotion
4025089007531,SAN,Overnight Elixir Intense Hydration
7640230493833,HOL,Paca Pumpkin
4031779314810,MOI,Pain au Chocolat Vegan
4260012646610,BIN,Pak Choi Kohl Yorokobi
4086900755918,PVL,Paket Thekendisplay Roll-On
4086900106208,PVL,Palmarosa bio
4260012647679,BIN,Palmkohl Nero di Toscana
4028112060152,SDL,Pane Olive
4006182005587,SOM,Pane Picco Asia
4006182005457,SOM,Pane Picco Sesam u Schwarzkümm
4028112060145,SDL,Pane Rustic
4022993047059,STZ,Panini Classic gf
4022993047066,STZ,Panini Grainy gf
4022993045406,STZ,Panini Hafer gf
4028112059033,SDL,Panini Naturale
4022993300376,STZ,Panini Schoko
4020943130257,ARC,Panko
4012346628509,LEB,Papier Teefilter Gr 4
4009044011221,WSE,Pappteller eckig 10 x 16 cm
4009044011245,WSE,Pappteller eckig 13 x 20 cm
4009044011269,WSE,"Pappteller eckig 16,5 x 23 cm"
4009044002458,WSE,"Pappteller eckig 21,5 x 29 cm"
4009044011214,WSE,Pappteller eckig 9 x 15 cm
4260752752916,SPC,Paprika edelsüá
4022346220443,HEU,Paprika edelsüá Dose
4012346115788,LEB,Paprika edelsüá gemahlen
4012346157306,LEB,Paprika edelsüá Tüte
4022346320945,HEU,Paprika edelsüá Tüte
9004145008946,STN,Paprika edelsüá Tüte
9004145012691,STN,Paprika geräuchert
4012346179100,LEB,Paprika geräuchert gemahlen
4260012641776,BIN,Paprika Pantos
4031829235133,™KL,Paprika Salami Chorizo Art
4012346181103,LEB,Paprika scharf gemahlen
4012346157405,LEB,Paprika scharf Tüte
9004145006690,STN,Paprika scharf Tüte
4026813003065,DFE,"Paprika Streifen rot, 5-7 mm"
4250206103005,CHI,Paprikafleischwurst geschnitten
4030068002070,CHI,Paprikasalami geschnitten
4030068002056,CHI,"Paprikasalami, Stange, Theke"
4250096904683,KBH,Paprikasuppe mit Süákartoffel
4019339220047,DAV,Parboiled Reis im Kochbeutel
4022381016933,SPI,Parboiled Reis lang
4022381016971,SPI,Parboiled Reis lang
4019339220184,DAV,Parboiled Reis Langkorn weiß
4022381029698,SPI,Parboiledreis Langkorn
4000915040203,ISA,"Parma-Schinken DOP 1/2 Keule, Theke"
4000915107807,ISA,Parmigiano Reggiano DOP 125g
5201106194029,BPV,"Parmigiano Reggiano DOP 7x150g, SB-Theke"
4000915107777,ISA,Parmigiano Reggiano gerieben
8437008467832,PAR,"Parra Manchego DO, 3 Monate"
8437012218154,PAR,"Parra Manchego DO, 6 Monate"
4000381009070,HUO,Party Classic
4000381009087,HUO,Party Pikant
4260067151831,CES,Passata - Passierte Tomaten
4024297158110,NAT,Passierte Tomaten
4260012643220,BIN,Pastinake Aromata
7640161875777,HOL,Pastinakenpüree
4260012647716,BIN,Patagonisches Eisenkraut
4086900101197,PVL,Patchouli bio
4260423370210,JMH,Pauli das Schaf Frischkäse Paprika/Chili
4004191058815,RBŽ,Pausenstark Mini Fruchtsaft
8003938011904,RAC,Peanut & Salted Caramel Eis
8003938012017,RAC,Peanut & Salted Caramel Eis
4016249435509,ALO,Peanut Butter Creamy
4032067702531,ROM,Peanut Butter Creme Zipfel
4032067602527,ROM,Peanut Butter Creme Zipfel Theke
4016249435516,ALO,Peanut Butter Crunchy
4000915107784,ISA,Pecorino Romano DOP gerieben
4005120000462,LUK,Peeling Creme-Maske
4086900273207,PVL,Peeling Gel Deeply Cleansing u Renewing
4262436240474,NIA,Peeling Seife Ingwer-Zitrone Ben's Ginger
7640230493857,HOL,Pelican Peach
8015197010529,IRI,Penne
8032804431508,FEL,Penne Buchweizen gf Felicia
8032804431843,FEL,Penne Mais VK gf Felicia
8032804431867,FEL,Penne Reis VK gf Felicia
4018462142202,BYO,Penne semola
8015197053267,IRI,Penne Vk
4009309582619,MAR,Peperoni mild
4009309581018,MAR,Peperoni rot ganz
4012346104102,LEB,Pepper Rub
4025089005018,SAN,Perfect Curls Conditioner
4025089005087,SAN,Perfect Curls Shampoo
8053323641179,SEL,Pesto al limone
4018462154021,BYO,Pesto alla Genovese cremig
4000915104547,ISA,"Pesto Bärlauch, frisch"
4000915100952,ISA,"Pesto Bärlauch, frisch Prepack"
8018759001546,SEL,Pesto Basilikum Pecorino
4000915104806,ISA,"Pesto Basilikum, frisch"
4018462154229,BYO,Pesto Calabrese
8053323644354,SEL,Pesto calabrese
4000915030174,ISA,Pesto Genovese - im Eimer
4000915104516,ISA,"Pesto Genovese, frisch"
4000915100938,ISA,"Pesto Genovese, frisch Prepack"
8018759002192,SEL,Pesto mit Chili und Blüten
8053323641155,SEL,Pesto mit Trüffel
8018759002727,SEL,Pesto Pikante Tomate mit Schafskäse
4000915104530,ISA,"Pesto Pomodoro, frisch"
4000915100945,ISA,"Pesto Pomodoro, frisch Prepack"
8018759001836,SEL,Pesto Rosso
8713576191226,TER,Pesto Rosso
4018462154120,BYO,Pesto Rosso cremig
8018759001881,SEL,Pesto Rucola
4000915104523,ISA,"Pesto Rucola, frisch"
8018759003410,SEL,Pesto Tomaten Ricotta
8018759000372,SEL,Pesto Toscano
8713576191073,TER,Pesto traditionale
8018759000341,SEL,Pesto Verde
8713576191219,TER,Pesto Verde
4260148654473,PUF,"Pesto Verde Bowl Farfalle, gegril. Aubergin to go"
4012346110981,LEB,Petersilie
9004145003149,STN,Petersilie geschnitten Tüte
4260012643084,BIN,Petersilie glatt
4012346154909,LEB,Petersilie Tüte
4031829253106,™KL,"Petersilie, fein gehackt"
3770009610360,PCI,Petit Alba-Alternative zu Ziegenkäse
3770009610025,PCI,Petit Azur-Alternative zu Blauschimmelkäse
4046896105029,VAV,Petit Duc Bruschetta
3770009610834,PCI,Petit Frais Knobi/Kräuter-Alternative
3770009610346,PCI,Petit Lorrain-Alternative zu Camembert
4046896313127,VAV,"Petite Fleur mit Kräutern, 300g"
4046896313103,VAV,"Petite Fleur, 300g Laibchen"
8032692480220,OVO,Pettirosce Cerasuolo d'Abruzzo rose
4035447100019,HES,Pfälzer Landwein halbtr. weiß
4035447100026,HES,Pfälzer Landwein weiß
4031829231128,™KL,Pfälzer Leberwurst Gourmet Qualität im Glas
4032105002777,SBŽ,Pfauen Ei
4032105001428,SBŽ,Pfauenauge
9004145008786,STN,Pfeffer bunt ganz
4012346128009,LEB,Pfeffer bunt ganz Mühle
4022346322451,HEU,Pfeffer bunt ganz Tüte
4012346119304,LEB,Pfeffer bunt ganz Tüten
4260752752954,SPC,Pfeffer ganz
4012346157900,LEB,Pfeffer grün ganz Tüte
4012346158006,LEB,Pfeffer rosa ganz Tüte
4250442400838,MAX,Pfeffer Salamisticks
4012346119687,LEB,Pfeffer schwarz ganz
4022346222522,HEU,Pfeffer schwarz ganz Dose
4012346125503,LEB,Pfeffer schwarz ganz Mühle
4012346153803,LEB,Pfeffer schwarz ganz Tüte
4022346322178,HEU,Pfeffer schwarz ganz Tüte
9004145008809,STN,Pfeffer schwarz ganz Tüte
4012346119885,LEB,Pfeffer schwarz gemahlen
9004145006706,STN,Pfeffer schwarz gemahlen
4022346222546,HEU,Pfeffer schwarz gemahlen Dose
4012346153902,LEB,Pfeffer schwarz gemahlen Tüte
9004145003422,STN,Pfeffer weiß ganz
4012346157504,LEB,Pfeffer weiß ganz Tüte
4012346120386,LEB,Pfeffer weiß gemahlen
4022346221273,HEU,Pfeffer weiß gemahlen Dose
4012346157603,LEB,Pfeffer weiß gemahlen Tüte
4030068006818,CHI,Pfefferbeiáer 2 Stück
4030068006856,CHI,"Pfefferbeiáer, 20 Stück, Theke"
4044889001051,VNI,Pfefferminz
3360100300101,ANI,Pfefferminz Bonbons
4013044100243,BTH,Pfefferminz”l
4012346208909,LEB,Pfefferminze
4086900105539,PVL,Pfefferminze
4022346121849,HEU,Pfefferminze Blattkrüll
9004145002098,STN,Pfefferminze lose
9004145022157,STN,Pfefferminze TB
4012346538105,LEB,Pfefferminztee
4012346278001,LEB,Pfefferminztee TB
4086900741355,PVL,Pfefferminzwasser
22001429,SDS,Pfeffersäckchen SB
4030068002117,CHI,Pfeffersalami geschnitten
4030068002155,CHI,"Pfeffersalami Stange, Theke"
4031829234594,™KL,"Pfefferschinken, luftgetrocknet, Theke"
4260261492044,WOH,Pfifferlinge getrocknet
4004790046534,BCE,Pfirsich Drink Limited Edition
4019736005209,ZWE,Pfirsich Maracuja Fruchtgarten
4015533063343,VOE,Pfirsich Nektar
4015533067501,VOE,Pfirsich Nektar
4260360272592,NPU,Pfirsich Stücke
4019736014324,ZWE,Pfirsiche
4009309751206,MAR,Pfirsiche halbe
4009309753415,MAR,Pfirsiche halbe Frucht
4260378040114,KHD,"Pfl.-haarf. Henna, Amla & Jatropha"
4017645017566,LOG,Pflanzen Haarfarbe Creme 200 kupferblond
4017645017573,LOG,Pflanzen Haarfarbe Creme 210 kupferrot
4017645017580,LOG,Pflanzen Haarfarbe Creme 220 weinrot
4017645017597,LOG,Pflanzen Haarfarbe Creme 230 maronenbraun
4017645017603,LOG,Pflanzen Haarfarbe Creme 240 nougatbraun
4055297148733,LOG,Pflanzen Haarfarbe Pulver Kupferblond
4001638086554,WEL,Pflanzen Zahngel
4260378049698,KHD,Pflanzenhaarfarbe Aschbraun
4260672890217,KHD,Pflanzenhaarfarbe Color Prep
4260378040015,KHD,Pflanzenhaarfarbe Dunkelblond
4260378040169,KHD,Pflanzenhaarfarbe Dunkelbraun
4260378049704,KHD,Pflanzenhaarfarbe Goldbraun
4260378040046,KHD,Pflanzenhaarfarbe Goldhauch
4260378040039,KHD,Pflanzenhaarfarbe Hellblond
4260378040145,KHD,Pflanzenhaarfarbe Hellbraun
4260378049209,KHD,Pflanzenhaarfarbe Kupfer
4260672893188,KHD,Pflanzenhaarfarbe Mahagoni
4260378040022,KHD,Pflanzenhaarfarbe Mittelblond
4260378049711,KHD,Pflanzenhaarfarbe Mittelbraun
4260378040152,KHD,Pflanzenhaarfarbe Nussbraun
4260378040176,KHD,Pflanzenhaarfarbe Schwarz
4260378049797,KHD,Pflanzenhaarfarbe Sonnenblond
4019736014294,ZWE,Pflaumen
4260360271953,NPU,Pflaumen halbe Frucht
4005967003589,ROS,Pflaumen-Crumble-Schnitte
4026813423023,DFE,Pflaumenhälften
4019736005223,ZWE,Pflaumenmus Fruchtgarten
4017645008045,LOG,Pflege Shampoo Brennnessel
4017645013193,LOG,Pflege Shampoo Brennnessel
4017645019676,LOG,Pflege Spülung Brennnessel
4021457648443,LAV,Pflegedusche Erfrischend
4260026697325,BIT,Pflegedusche Sanfte Verführung
4021457648450,LAV,Pflegedusche Verw”hnend
4021457648436,LAV,Pflegedusche Vitalisierend
4021457655120,LAV,Pflegeshampoo basis sensitv Feuchtigkeit u Pflege
4021457655137,LAV,Pflegeshampoo Family
4021457655144,LAV,Pflegeshampoo Farbglanz u Pflege
4021457655106,LAV,Pflegeshampoo Frische und Balance
4021457655151,LAV,Pflegeshampoo Repair und Tiefenpflege
4021457655113,LAV,Pflegeshampoo Volumen und Kraft
4021457655281,LAV,Pflegespülung basis sensitiv Feuchtigkeit u Pflege
4021457655298,LAV,Pflegespülung Farbglanz und Pflege
4021457655304,LAV,Pflegespülung Repair und Tiefenpflege
4260012646061,BIN,Pflücksalat Piro
4260012641455,BIN,Phazelie Gründüngung
4260012644128,BIN,Physalis Sch”nbrunner Gold
4037892310104,RED,"Pilzbürsten, rund"
4012346128900,LEB,Piment d`Espelette A.O.P
9004145003897,STN,Piment ganz
4012346157702,LEB,Piment gemahlen
4260423370364,JMH,Pina Frischkäse Pfeffer/Zitrone
4015533063848,VOE,Pink Grapefruitsaft
4106060049976,BEU,Pink Grapefruitsaft
4023216000172,PIN,Pinkus Alkoholfrei
4023216000004,PIN,Pinkus Alt
4023216001506,PIN,Pinkus Extra Bügelflasche
4023216000264,PIN,Pinkus Hefe Weizen alkoholfrei
4023216000042,PIN,Pinkus Hefe Weizenbier
4023216000127,PIN,Pinkus Honig Malzbier
4023216000134,PIN,Pinkus Jubilate
4023216000110,PIN,Pinkus Malzbier
4023216000059,PIN,Pinkus Pils
4023216000073,PIN,Pinkus Pils Bügelflasche
4023216000301,PIN,Pinkus Radler
4023216000028,PIN,Pinkus Spezial Bier
4023216000035,PIN,Pinkus Spezial Bier Pils
4260065961111,GUS,Pino Secco
4024967514109,7WK,Pinot Blanc alkoholfrei Keth
4024967228365,RIE,Pinot Grigio Osteria klein
8017955000148,PLG,Pinot Grigio weiß
8024586000058,LBJ,Pinot Grigio weiß
4260137190081,7WK,Pinot Gris alkoholfrei Keth
4260039376200,VNN,Pinot Noir Deutscher Traubensaft
8713576003857,TER,Pinsa
4026813330581,BSI,Pinsa alla Pizzaiola
4026813330574,BSI,Pinsa Funghi
4015637023755,BAK,Pinsateig
4039468019602,XXX,"Pinsel mit Kunsthaar flach, Gr”áe 12"
4039468019480,XXX,"Pinsel mit Kunsthaar rund, Gr”áe 12"
4260360272189,NPU,Pinto Bohnen
4008576400756,NYK,Pinzette gerade Solingen Vitaloy
4008576400763,NYK,Pinzette schräg Solingen Vitaloy
8015197010567,IRI,Pipe Rigate H”rnchen geriffelt
9004145027107,STN,Pipifein TB
8711521020089,ICF,Pipo Sojaeis
4044889005134,VNI,Pistacchio Riegel
4018874041032,ARI,Pistal Universalspray Schädlinge
4017194489180,SBG,Pistazie Eis
80540373,RAC,Pistazien Eis
8005020000841,RAC,Pistazien Eis
8034034860202,AGC,Pistaziencreme
8713576004366,TER,Pita Dinkel 2x4 Stück
4022993300345,STZ,Pita gf
4260360271007,NPU,Pita Taschen 4 Stück
8713576004342,TER,Pita Weizen 2x4 Stück
4032105009769,SBŽ,Pita-Fladen
4260435775256,SPC,Pizza & Pastazauberei
4250073459984,FWO,Pizza Bianca Vegan
4260100262791,BLR,Pizza Caprese
4260100262814,BLR,Pizza Diavolo
4250073453838,FWO,Pizza Gamberi
4000381076218,ERD,Pizza Grissini
4260100261749,BLR,Pizza Margherita
4250073453791,FWO,Pizza Margherita glutenfrei
764460916690,1SO,"Pizza Napoletana, handgemacht"
4250073461277,FWO,Pizza Piccante
4026813330659,BSI,Pizza Salame
4260100262807,BLR,Pizza Salame
4250073453814,FWO,Pizza Salmone
4032105095182,SBŽ,Pizza Snack Margherita
4032105099821,SBŽ,Pizza Snack natur
4032108095199,SBŽ,Pizza Snack Salami
4260100261756,BLR,Pizza Spinaci
4260311980286,MGL,Pizza Stangen mit Käse und Oliven”l
4031779902345,MOI,Pizza Taschen SB
4015637821429,BAK,Pizza Teig Dinkel
4015637006659,BAK,Pizza Teig gf
4250073453609,FWO,Pizza Tonno MSC
4250073463059,FWO,Pizza Tonno vegan
9004145007000,STN,Pizza u Pastagewürz Tüte
4260100261763,BLR,Pizza Vegetaria
4012359144201,TAI,Pizza-Pizza Bratfilets
8713576191028,TER,Pizzab”den 2 St
4012346159201,LEB,Pizzagewürz Tüte
4022381039154,SPI,Pizzamehl
4031779840012,MOI,"Pizzaschnecke, vegan"
4260229160022,DST,Pizzateig
4022381033879,SPI,Pizzateig gf Backmischung
4260229160435,KRI,"Pizzateig Urkorn, gerollt"
4006040292814,Rapunzel,Pizzatomaten
8022836008243,PIZ,Pizzolato Spumante Blanc alkoholfrei
8022836001206,PIZ,Pizzolato Spumante rose
8022836008281,PIZ,Pizzolato Spumante rose alkoholfrei
8022836005488,PIZ,Pizzolato Spumante rose Mini
4012346455105,LEB,Plantagen Kaffee ganze Bohne
5016383062356,WSE,"Platte rechteckig, schwarz"
4260012645866,BIN,Platzhalterkarten-Set
8017870000056,PLO,Plose Hochquellwasser frizzant
8017870000100,PLO,Plose Hochquellwasser medium
8017870000018,PLO,Plose Hochquellwasser naturale
4021457665549,LAV,Plumping Lip Balm
4032105000520,SBŽ,Plunderbr”tchen
4032105099531,SBŽ,Plunderbr”tchen
4260229230169,FOD,Poesie Amelie
4260148652271,PUF,"Pok‚ Bowl Teriyaki-Tofu, Süákartoffelsalat to go"
8053323643937,SEL,Polpa gelbe stückige Tomaten
8018759001584,SEL,Polpa mit Basilikum
4032105012424,SBŽ,Polybeutel Spenderkarton
4026813010513,NCL,"Pommes frites, 10x10mm"
4026813054098,DFE,"Pommes frites, 10x10mm, 4x2,5kg"
4012346109381,LEB,Pommes Gewürzsalz
9004145012592,STN,Pommes Gewürzsalz
4012346160108,LEB,Pommes Gewürzsalz Dose
4018462192504,BYO,Pommes Sauce
4030917044107,FRD,Popcorn salzig
4030917043902,FRD,Popcorn süá
4013320098691,GEP,Poppy & vanilla fairness
4055297219785,SAN,Pore Control 5in1 Peeling & Maske
4055297219907,SAN,Pore Control feste Gesichtsreinigung
4001638590662,WEL,Pore Refining Serum Drops
4026813004574,DFE,"Porree (Lauch), 6-8 mm, 4x2,5 kg"
4260012642377,BIN,Porree Blaugrüner Winter Lauch
4012346109107,LEB,Porridge Gewürz Beere
4012346169507,LEB,Porridge Gewürz Klassisch
4012346169705,LEB,Porridge Gewürz Kurkuma Orange
5606551002101,1JO,Porto Tawny Douro Portwein
4048885045538,NCO,Potato Fix Rosmarin Knoblauch
7640161877238,HOL,Pouchy Apple Ant
7640161877214,HOL,Pouchy Banana Lama
7640161877252,HOL,Pouchy Berry Puppy
7640161877290,HOL,Pouchy Blue Bird
7640161877337,HOL,Pouchy Carrot Cat
7640230493666,HOL,Pouchy Dino Dance
7640161877085,HOL,Pouchy Panda Peach
7640161877313,HOL,Pouchy Pear Pony
7640230492768,HOL,Pouchy Porridge Lion
7640230492782,HOL,Pouchy Porridge Peguin
7640230492805,HOL,Pouchy Porridge Tiger
7640161877009,HOL,Pouchy Red Bee
7640161877061,HOL,Pouchy Veggie Bunny
4020829042421,HAU,Powder Brush
4260198094489,BEN,Powder Brush Colour Edition
5425038430240,TUE,Power Granola Nüsse und Saaten gf
4260631131702,GR™,Prä-& Postbiotisches Serum
4044889001082,VNI,Pralin‚ Nougat
7640161879829,HOL,PRE Anfangsmilch
7640230492058,HOL,PRE Anfangsmilch Ziegenmilch
4260198099064,BEN,Pre- und Probiotisches Serum BALANCIERER:IN
7391961111892,LIS,Preiselbeerkonfitüre
4031829234006,™KL,Premium Bacon
4031829234136,™KL,Premium Bruschetta-Schinken
4031779080012,MOI,Premium Butter Blätterteig
4019838090370,CDO,Premium Green Earl Grey
4015141010074,LDM,Premium Korn
4031829234402,™KL,Premium Lachsschinken geräuchert
4031829234303,™KL,Premium Lachsschinken luftgetr.
4031829234334,™KL,"Premium Lachsschinken, ca. 1kg, Theke"
4018462160374,BYO,Premium Meersalz fein
4018462160381,BYO,Premium Meersalz fein
4018462160251,BYO,Premium Meersalz grob
4031829234198,™KL,Premium Pfefferschinken
4031829234204,™KL,Premium Schinken fein geräuchert
4031829234105,™KL,Premium Schinken luftgetr.
4031829234631,™KL,"Premium Schinken, fein geräuchert, Theke"
4031829234785,™KL,Premium Schinkenwürfel
4019838090387,CDO,Premium White Earl Grey
4000915060195,ISA,Prepack Mehrwegdeckel
4024297022213,NAT,Pretzel Milk Schokoriegel
8034115194585,IGR,Primitivo Integro
8017955002029,PLG,Primitivo rot
4026813000149,BSI,Prinzessbohnen
4260044672854,MJG,PriSecco Bio Ros‚ alkoholfrei prickelnd
4260044674162,MJG,PriSecco Bio Ros‚ alkoholfrei prickelnd - Piccolo
4260044672830,MJG,PriSecco Bio Rot alkoholfrei prickelnd
4260044672847,MJG,PriSecco Bio Weiá alkoholfrei prickelnd
4260044674155,MJG,PriSecco Bio Weiá alkoholfrei prickelnd - Piccolo
4260044673325,MJG,PriSecco TeaSecco alkoholfrei prickelnd
4106060077412,BEU,Pro Vitamin D Saft
4106060077429,BEU,Pro Vitamin D Saft
4260266541105,JIS,Probiergr”áe Aleppo Seife
4005529239807,SAV,probiotic drops
4002029068104,HOY,Propolis & Salbei
4032061010076,GEB,Propolis Cream
4086900105300,PVL,Propolis Extrakt Allgäu
4002029040254,HOY,Propolis Extrakt flüssig
4002029040285,HOY,Propolis Extrakt flüssig alkoholfrei
4002029030545,HOY,Propolis im Honig
4000915040098,ISA,Prosciutto Crudo v. Schwein
4000915040159,ISA,"Prosciutto Milano, a.d. Lende"
8018759001768,SEL,Prosecco Veneto
4260009217564,PVD,Protecting Vitamin C Serum
8713576001983,TER,Protein Brot
4038507011928,GOV,Protein Chunks Hack
4018462290705,BYO,Protein Knusperbrot
5411788048590,LIM,Protein Waffeln Linsen
4260418020519,GNC,Protein Whey Mischung Kakao
4260418020533,GNC,Protein Whey Mischung Kakao Probiergr”áe
4260418020502,GNC,Protein Whey Mischung Vanille
4260418020526,GNC,Protein Whey Mischung Vanille Probiergr”áe
9004145006744,STN,Provencekräuter Tüte
4028332442752,WMF,Pudding m. Sahne Schoko
4028332442769,WMF,Pudding m. Sahne Vanille
4018462173008,BYO,Pudding Schoko Gourmet
4018462173503,BYO,Pudding Schoko Gourmet
4018462172001,BYO,Pudding Vanille Gourmet
4018462172506,BYO,Pudding Vanille Gourmet
4020943255134,ARC,Puddingpulver Schokolade
4025174145520,SOB,Puddingpulver Schokolade mit Schokostückchen
4020943255103,ARC,Puddingpulver Vanille
4025174145506,SOB,Puddingpulver Vanille
4260096395459,AGA,Puderzucker
4024297340447,NAT,Puderzucker aus Rohrohrzucker
4024297340454,NAT,Puderzucker aus Rohrohrzucker
3593021221570,1LG,Puisseguin Saint-Emilion rot
4019339680377,DAV,Pumpernickel
4004790046527,BCE,Pumpkin Spice Drink Limited Edition
4260096398016,AGA,Pumpkin Spice Sirup
9004145009837,STN,Pumpkin Spice Sirup
4032105093300,SBŽ,Pumpkin-Spice Knoten
4017645000032,LOG,PUR beruhigendes Serum Kamille + Probiotika
4017645000025,LOG,PUR Feuchtigkeitscreme Kamille + Probiotika
4017645000049,LOG,PUR Waschgel Kamille + Probiotika
4055297221528,SAN,Pure Balance Shampoo Apfel
4009800002005,SCK,Pure Deo Stick
4086900265301,PVL,Pure Entspannung Cremedusche
4086900265400,PVL,Pure Entspannung Handcreme
4086900265004,PVL,Pure Entspannung K”rper”l
4086900265103,PVL,Pure Entspannung K”rpercreme Fluid
4086900265509,PVL,Pure Entspannung Sensitivdeo
9004145025820,STN,Pure Leichtigkeit Tee Happiness is
34731946764,BQC,Pure Oat Base 3 L
4028112077143,SDL,Puten-Käse-Croissant
4260455750011,W™T,Putenbierschinken
4250442405321,MAX,"Putenbrust gegart Chilli/Paprika, Theke"
22004161,SDS,Putenbrust geschnitten
20488895,FPF,"Putenbrust, Teilstück (ca. 300g)"
20488857,FPF,Putenbruststreifen 2er
20488819,FPF,"Putenhüftsteak, 3-5 St. natur"
4260455750035,W™T,Putenjagdwurst
20489113,FPF,"Putenleber, frisch"
4250442410257,MAX,Putenleberwurst
4260455750042,W™T,Putenleberwurst
4260455750127,W™T,Putenleberwurst Hausmacher Art
4250442405116,MAX,"Putenleberwurst m.Schnittlauch, Theke"
4260455750059,W™T,Putenlyoner
20489090,FPF,Putenoberkeulenfleisch m.Haut
4260455750066,W™T,Putenpaprikalyoner
4030068003909,CHI,Putensalami pur geschnitten
4030068003954,CHI,"Putensalami pur, Stange, Theke"
4030068015513,CHI,Putenschinken a.d. Putenbrust
4030068015551,CHI,"Putenschinken, Theke"
4260455750073,W™T,Putenschinkenwurst
20488888,FPF,Putenschnitzel 2er
20489038,FPF,Putenschnitzel 2er 6x300-400g
3422290000046,VAV,Pyramide de ChŠvre fermier
4260009213856,PVD,Q10 Bio Anti Aging
4104060032134,AND,Quark zum Backen 20%
4012346155500,LEB,Quarkgewürz Tüte
4017194470027,SBG,"Quarkzubereitung 0,1%"
4260198090825,BEN,Quattro Eyeshadow beautiful ey
4260198091587,BEN,Quattro Eyeshadow coffee cream
4260198092539,BEN,Quattro Eyeshadow smokey eyes
4260198095622,BEN,Quattro Eyeshadow true blue
9004145003408,STN,Quendel gemahlen
4260311984673,MGL,Quetschie Blaubeere
4260311984659,MGL,Quetschie Erdbeere
4260311984932,MGL,Quetschie Himbeere
4260311984697,MGL,Quetschie Kakao
4260311984956,MGL,Quetschie Kiwi
4260311984819,MGL,Quetschie Mango
4260311985427,MGL,Quetschie Pfirsich
4260311984970,MGL,Quetschie Pflaume
4260311985441,MGL,Quetschie Pflaume Kirsch
4250367550847,GEC,Quetschtüte Cola
8719325110883,NIE,Quetschtüte Cremige Orange
4250367550823,GEC,Quetschtüte Erdbeere
8717953108548,NIE,Quetschtüte Erdbeere
8719325110937,NIE,Quetschtüte Erdbeere Multipack
4250367550892,GEC,Quetschtüte Multipack Cola Erdbeere
8719325110470,NIE,Quetschtüte Orange Himbeere
4250367550861,GEC,Quetschtüte Zitrone
4032105003880,SBŽ,Quiche 4-Gemüse (4er)
4032105002487,SBŽ,Quiche Lorraine rund
4032105099814,SBŽ,Quicheboden
4013320098530,GEP,Quinoa crisp fairness
4022381020282,SPI,Quinoa Flocken
4014051006689,WIK,Quinoa Kakaokeks mit Schokostückchen
4019339291054,DAV,Quinoa Pops gf
4026584133220,SOF,Quinoa Taler
4019339192139,DAV,Quinoa Tricolore
4260148657115,PUF,Quinoa Vital Bowl to go
4260148650154,PUF,Quinoa-Süákartoffelsalat GV
4020829009011,HAU,Quitten K”rpermilch
4020829005648,HAU,Quitten Tagescreme
4020829005655,HAU,Quitten Tagescreme Kleingr”áe
5998008700679,TAR,Quittenmus
4106060030776,BEU,Quittensaft
4260491970398,APT,R›sabel Bio Aperitivo
4026813154163,DFE,"R”sti-Kroketten, 45x25mm 15g, 2x2,5kg"
4026813150073,NCL,R”stinchen - Mini R”sti
4000799110641,MOU,R”stkaffee Arabica Barista ganze Bohne
4000799109355,MOU,R”stkaffee Arabica gemahlen Softpack
4000799109362,MOU,R”stkaffee Bohne Soft Pack
4000799109331,MOU,R”stkaffee ganze Bohne Arabica Crema
4000799110054,MOU,R”stkaffee ganze Bohne entkoffeiniert
4000799110214,MOU,R”stkaffee ganze Bohne entkoffeiniert
4000799109560,MOU,R”stkaffee gemahlen Softpack
4000799111426,MOU,R”stkaffee Honduras gemahlen
4000799109638,MOU,R”stkaffee Peru Bohne Softpack
4000799110665,MOU,R”stkaffee Peru ganze Bohne
4000799109621,MOU,R”stkaffee Peru gemahlen Softpack
4032105010147,SBŽ,R”stkorn Brot
8718754502337,YAK,R”stzwiebeln
4046896151330,VAV,Rad - Comt‚ AOP 5 M+
3503180010052,VAV,Rad - Comt‚ AOP 8 M+EXTRA
9008281005104,BOM,Rad - Tiroler Bergkäse g.U. Reith 3 M
9008281005234,BOM,Rad - Tiroler Emmentaler 5 M
4022381041836,BUM,Radiatori mit Ei
4260012646078,BIN,Radies Rudi
4260012641288,BIN,Radieschen Sora
4260012644647,BIN,Radieschen Trio
8714565003025,BAS,Rahm Brietorte
7610612003523,SNA,Rahm Frischcreme Soja Natur
4101530010296,BGL,Rahm zum Kochen 15%
4031829256503,™KL,Rahm-Gemüse
4008471492870,S™B,Rahmjoghurt griechischer Art 10%
4104060028274,AND,Rahmjoghurt Heidelbeere-Cassis
4104060012150,AND,Rahmjoghurt Mango-Vanille 10%
4008471492825,S™B,Rahmjoghurt mild 10%
4104060020032,AND,Rahmjoghurt Natur mild 10%
4104060026300,AND,Rahmjoghurt Stracciatella
4104060028618,AND,Rahmjoghurt Vanille 10%
4026813000224,BSI,Rahmspinat
4031829256107,™KL,Rahmspinat
8713576002133,TER,Ramen Naturreisnudeln
4260651481146,JTT,Ramen Nudeln
4020943134309,ARC,Ramen Nudelsuppe m Ingwer instant
8032692480206,OVO,Ramoro Pinot Grigio weiß
4260014353370,KME,Raps Kern”l Buttergeschmack
4260014352441,KME,Raps Kern”l Vielseitig
4260106713112,PUA,Raps”l Buttergeschmack
4018462400418,BYO,Raps”l extra mild desodorier
3445020296700,BPL,Raps”l nativ
4018462400432,BYO,Raps”l nativ
3445020980340,BPL,Raps”l nativ Box
4260355586505,BPL,Raps”l nativ Mehrweg
4260033050014,IMK,Rapshonig
4262417560041,IAA,Rapshonig
4260014353578,KME,Rapskern”l Brat”l
4012346108100,LEB,Ras el Hanout
4012346112107,LEB,Ras El Hanout
4260752753265,SPC,Ras el Hanout
9004145008458,STN,Ras el Hanout Gewürz
4260631130484,GR™,Rasiercreme Sanfte Rasur Hanf Hopfen
4280001996175,NIA,Rasierseife Bergamotte Salbei
4270001544346,LNB,Raspberry Almond Caramel Pralinis
9006348000482,BOM,Rässkäse mit Steinsalzkruste
4001638098069,WEL,Ratanhia Mundwasser
4001638098083,WEL,Ratanhia Zahncreme
4019736003762,ZWE,Ratatouille
4026813000361,BSI,Ratatouille-Mix
4000915109740,ISA,Räucherlachs-Tatar
4250206176016,PBF,"Räucherlinge, Theke"
4031829234921,™KL,Räucherspeck fein geschnitten
7612534310147,FAF,Räucherstäbchen Amber
7612534310161,FAF,Räucherstäbchen Lavendel
7612534310178,FAF,Räucherstäbchen Lemongrass
7612534310185,FAF,Räucherstäbchen Patchouli
7612534310192,FAF,Räucherstäbchen Rosengeranie
7612534310208,FAF,Räucherstäbchen Sandelholz
7612534310215,FAF,Räucherstäbchen Vanille Benzoe
7612534310260,FAF,Räucherstäbchen Vetiver
7612534310239,FAF,Räucherstäbchen Weihrauch
7612534310222,FAF,Räucherstäbchen Ylang Ylang
7612534310246,FAF,Räucherstäbchen Zeder
7612534310253,FAF,Räucherstäbchen Zimt
4012359111104,TAI,Räuchertofu klassik
4012359411105,TAI,Räuchertofu klassik GV
4012359113108,TAI,Räuchertofu Mandel-Sesam
4260435771258,SPC,Rauchige Drecksau
9004145012707,STN,Rauchsalz
4260752752039,SPC,Rauchsalz Buchenholz
4019886200103,SOD,Raumduft AQUA
4019886200288,SOD,Raumduft AQUA NF
4019886200233,SOD,Raumduft Cosy Nachfüller
4019886200264,SOD,Raumduft Flower Nachfüller
4019886200219,SOD,Raumduft Fresh Nachfüller
4019886200226,SOD,Raumduft Relax Nachfüller
4019886200271,SOD,Raumduft Sunny Nachfüller
4086900195196,PVL,Raumspray Alles Liebe
4086900196025,PVL,Raumspray Beschütz mich
4086900105706,PVL,Ravintsara bio
4031829232705,™KL,Ravioli
4000915105025,ISA,Ravioli mit 4 Sorten Käse
4000915105049,ISA,Ravioli mit Rucola & Ricotta
4000915029208,ISA,Ravioli mit Trüffelpilzen
4005496224516,DAP,Ravioli mit veganer Bolognese
4000915029215,ISA,Ravioli mit Ziegenkäse
4000915105315,ISA,Ravioli Rucola-Spinat-Füllung
4011849500503,PAN,"Ravioli Tomate, Mozzarella"
5712840020067,RWB,Raw Bite Apple Cinnamon
5712840020029,RWB,Raw Bite Cacao
5712840020012,RWB,Raw Bite Cashew
5712840020036,RWB,Raw Bite Coconut
5712840020050,RWB,Raw Bite Peanut
5712840020135,RWB,Raw Bite Protein almond
5712840020128,RWB,Raw Bite Protein Cacao
5712840020074,RWB,Raw Bite Vanilla Berries
4015533065101,VOE,RAW Kombucha Grapefruit Hopfen
4015533067044,VOE,RAW Kombucha Heidelbeer Lavendel
4015533052347,VOE,RAW Kombucha Himbeere Cassis
4015533052361,VOE,RAW Kombucha Ingwer Lemongras
4015533052323,VOE,RAW Kombucha Original
8437003467509,6VF,Rebel.lia DOP rot
4046896105111,VAV,Reblochon de Savoie AOP
4260687039472,BUG,Red Bean Umami-Style Bratling
4260491970411,APT,Red Juliet Aperitivo
4046896462078,VAV,Red Leicester
4260198097428,BEN,Refill Blush magnolia please
4260198095554,BEN,Refill Blush rose please
4260198097411,BEN,Refill Blush tuscany please
4260491224439,BDN,Refill Case + Deostick
4260198095530,BEN,Refill Compact Powder warm desert 04
4260198095615,BEN,Refill Countouring Powder ash contour
4260491224446,BDN,Refill Deostick
4260198097343,BEN,Refill Eyeshadow dark mountains
4260198095394,BEN,Refill Eyeshadow lilac light
4260198097350,BEN,Refill Eyeshadow matt desert
4260198095486,BEN,Refill Eyeshadow muddy olive
4260198097374,BEN,Refill Eyeshadow pearl onyx
4260198095417,BEN,Refill Eyeshadow prismatic pink
4260198095493,BEN,Refill Eyeshadow rusty copper
4260198095424,BEN,Refill Eyeshadow very woody
4260198095479,BEN,Refill Eyeshadow whipped cream
4260198097398,BEN,Refill Highlighter dark illuminance
4260198095578,BEN,Refill Highlighter golddust
4260198097404,BEN,Refill Highlighter rose illuminance
4260198095585,BEN,Refill Highlighter shooting star
4260198097435,BEN,Refill Lip Cheek aperitif kiss
4260198097442,BEN,Refill Lip Cheek velvet rose
4260672893935,KHD,Refill Shampoo Amla Volume
4001638589628,WEL,Refining Hydra Toner
7611916124501,WEL,Refresh Shower Cream Citrus
7611916164569,WEL,Refresh Shower Cream Citrus
4020829008342,HAU,Rege. Hals und Dekollet‚creme
4020829049642,HAU,Regeneration Handbalsam
4020829101050,HAU,Regeneration Intensiv Augenserum
4020829102934,HAU,Regeneration Intensiv Kur
4020829101104,HAU,Regeneration Intensiv Nachtserum
4020829101166,HAU,Regeneration Intensiv Nachtserum Kleingr”áe
4020829102965,HAU,Regeneration Intensiv Tagescreme
4020829103023,HAU,Regeneration Intensiv ™l Elixier
4020829103153,HAU,Regeneration K”rperbalsam
4020829102941,HAU,Regeneration Kur
4020829103108,HAU,Regeneration Serum
4020829007116,HAU,Regeneration Tagescreme
4020829060982,HAU,Regeneration Tagescreme Balance
4020829013902,HAU,Regenerations Augencreme
4001638590488,WEL,Regenerierende Body Lotion Sanddorn
4007547403000,SNT,Regeneriersalz
4019886000901,SOD,Regeneriersalz
4104060028656,AND,Reibekäse
4008471514565,S™B,Reibekäse Gouda
4008471514558,S™B,Reibekäse Quattro formaggi
7640101099515,ZFK,Reibkäse-Mix
4020829041318,HAU,Reichhaltige Crememaske
9004145027039,STN,Reine Nervensache© Tee
4019886055116,SOD,Reine Zitronensäure
4260378040107,KHD,Reines Henna
4260378040121,KHD,Reines Indigo
4019886055123,SOD,Reines Natron
4260106713099,PUA,Reines Raps”l
4019886055109,SOD,Reines Soda
4005120000394,LUK,Reinigungs-Creme-Maske
4020829094031,HAU,Reinigungsbalsam
4020829101838,HAU,Reinigungsbalsam Kleingr”áe
4260418987188,RRT,Reinigungsbalsam Melt away
4020829004948,HAU,Reinigungsmaske
4020829007000,HAU,Reinigungsmaske Spenderbox Sachets
4020829006027,HAU,Reinigungsmilch
4260026691361,BIT,Reinigungsmilch
4020829066441,HAU,Reinigungsmilch Kleingr”áe
4013044100007,BTH,Reinweinstein Backpulver
4018462290606,BYO,Reis & Kichererbsen Knusperbrot
4018462290408,BYO,Reis & Mais Knusperbrot gf
4019339235102,DAV,Reis Basmati weiß
4019339235188,DAV,Reis Basmati weiß
4000430110122,WER,Reis Br”tchen gf
4038375025003,NTM,Reis Cuisine
4016249143695,ALO,Reis Drink Naturell
4000430004803,WER,Reis Häschen mit Schokolade gf
4016249218218,ALO,Reis Haselnuss Drink
4019339233108,DAV,Reis Jasmin weiß
4019339220108,DAV,Reis Parboiled lang weiß
4019339291269,DAV,Reis Pops mit Rübenzucker
4038507009895,GOV,Reis Proteinpulver
4020943130509,ARC,Reis Ramen Thai Curry
4020943130523,ARC,Reis Ramen Tom Yum
4000430114731,WER,Reis Ringe mit Schokolade
4000430110245,WER,Reis Ringe Zitrone
4000430008993,WER,Reis Toastbrot gf
4024297013761,NAT,Reis VK Spaghetti gf
4016249143701,ALO,Reis-Kokos Drink Naturell
4016249162436,ALO,Reis-Mandel Drink Naturell
4038375025300,NTM,Reisdrink Kokos
4038375024358,NTM,Reisdrink Natural
4020943129442,ARC,Reisessig Genmai Su
4022381308205,SPI,Reisflocken
4022381027618,SPI,Reisflocken gf
4022381027434,SPI,Reisgrieá gf
4022381508209,SPI,Reismischung mit Wildreis
8718754504089,YAK,Reispapier
4000430116582,WER,Reissirup gf
4022381260206,SPI,Reisvollkornmehl gf
5411788002493,LIM,Reiswaffel gesalzen
5411788002509,LIM,Reiswaffel ungesalzen
5411788044271,LIM,Reiswaffel VK m. Salz dünn
4018462250709,BYO,Reiswaffeln mit Amaranth gf
4018462250402,BYO,Reiswaffeln mit Hirse gf
4018462250105,BYO,Reiswaffeln mit Meersalz gf
4018462250303,BYO,Reiswaffeln mit Sesam gf
4018462250204,BYO,Reiswaffeln ohne Salz gf
7611916160776,WEL,Relax Shower Cream Lavendel
7611916164583,WEL,Relax Shower Cream Lavendel
4260026697349,BIT,Relaxdusche Seelen-Schmeichler
4024297006244,NAT,Remoulade Tube
4024297014843,NAT,Remoulade Tube vegan
4003247705833,VTQ,Remoulade vegan
4024297022848,NAT,Remoulade vegan
4260221613410,EMS,Remoulade vegan
4020829115705,HAU,Renew and Activate Ampoules
4260026694263,BIT,Repair Fuácreme
4021457645084,LAV,Repair Handcreme
4260026697141,BIT,Repair Leave-in Spülung
4021457665525,LAV,Repair Lippenbalsam
4260026694041,BIT,Repair Shampoo
4260026696199,BIT,Repair Shampoo
4260026694195,BIT,Repair Spülung
4260418987157,RRT,Restructuring Eye Cream
5204845001023,PPK,Retsina weiß
4020829007161,HAU,Revitalisierende Maske
5765228837375,URT,Revitalising Shampoo Aloe Vera dry hair
5765228838228,URT,Revitalising Shampoo Aloe Vera normal hair
5765228839294,URT,Revitalizing Conditioner Aloe Vera
4001638590556,WEL,Revitalizing Serum Bodylotion Blauer Enzian
5765228838020,URT,Revitalizing Shampoo Aloe Vera dry hair
5765228838037,URT,Revitalizing Shampoo Aloe Vera normal hair
5765228838754,URT,Revitalizing Spray Conditioner Aloe Vera
5765228838983,URT,Revitalizing Spray Conditioner Rose
4015533064364,VOE,Rhabarber Nektar
4106060071748,BEU,Rhabarber Saft
4015533022838,VOE,Rhabarber Schorle
4015533023156,VOE,Rhabarber Sirup
4260091351337,DBB,Rhabarber Vanille Fruchtaufstrich
4026813423207,DFE,"Rhabarber, rot grün, 10-15 mm"
8711842287796,BAS,Ribeaupierre Kuh
22081667,BAS,"Ribeaupierre Kuh, PrePack"
8711842295234,BAS,Ribeaupierre Schaf
8711842336043,BAS,Ribeaupierre Ziege
22081674,BAS,"Ribeaupierre Ziege, PrePack"
23010505,CHI,Ribeye-Steak v.Rind natur
4020943132497,ARC,Rice Paper
4086900276307,PVL,Rich Face Oil Regenerating
7640101092356,ZFK,Ricotta
4000915101126,ISA,Ricotta Frischkäse
4027013042038,RBB,Riedenburger alkoholfrei
4027013023013,RBB,Riedenburger Dinkel Malz
4027013016015,RBB,Riedenburger Dinkel Radler alkoholfrei
4027013283288,RBB,Riedenburger Dinkelbier alkoholfrei
4027013038031,RBB,Riedenburger Dolden Dark
4027013040034,RBB,Riedenburger Dolden Null
4027013373378,RBB,Riedenburger Emmerbier
4027013043028,RBB,Riedenburger Emmerbier alkoholfrei
4250993301615,RBB,Riedenburger Frischer Traum
4027013024003,RBB,Riedenburger Hefe Weizen alkoholfrei
4027013035030,RBB,Riedenburger IPA Doldensud
4027013006030,RBB,Riedenburger Keller Pils
4027013017005,RBB,Riedenburger Natur Radler
4027013018002,RBB,Riedenburger Natur Radler alkoholfrei
4027013027004,RBB,Riedenburger Ur Helles
4027013029008,RBB,Riedenburger Ur Helles alkoholfrei
4027013026007,RBB,Riedenburger Ur Weizen
4027013021026,RBB,Riedenburger Viva Bavaria
8720574840094,LOV,Riegel Alles Liebe Hibiskus Kakaonibs vegan
8718421155262,LOV,Riegel Extra Pur 94% RAW gesüát mit Datteln
8720574840698,LOV,Riegel LOV Herzenswärme vegan
8718421150014,LOV,Riegel Mandel Feige RAW
8718421150052,LOV,Riegel Pur Kakaonibs RAW
4044889014211,VNI,Riegeldisplay Werkhaus leer
4260148650024,PUF,Riesenbohnensalat GV
4260100262586,BLR,"Riesengarnelen, gekocht"
4260491972293,WCX,Riesling feinherb weiß
4037865003538,SND,Riesling Sekt trocken weiß
4037865004207,SND,Riesling Spätlese lieblich
4016462208102,1BW,Riesling VDP. Gutswein
4035447100033,HES,Riesling weiß
4037865000605,SND,Riesling weiß
4018462145005,BYO,Rigatoni semola
4250442400845,MAX,Rinder Salamisticks
4031829237526,™KL,Rinder-Bratwurst Merguez Art (4 Stück)
22003911,SDS,Rinder-Bratwurst SB
4016512050422,ERN,Rinderbouillon hf
4250096906007,KBH,Rinderfond
4250206101582,CHI,Rindersaftschinken geschnitten
4030068001110,CHI,Rindersalami geschnitten
4030068001059,CHI,"Rindersalami Stange, Theke"
4031829236819,™KL,"Rindersalami, geschnitten"
7640104956273,HOL,Rindfleisch
4031829232453,™KL,Rindfleisch Gemüsesuppe
4031829262108,™KL,Rindfleisch in Brühe
4031829231906,™KL,Rindswiener
4260012641011,BIN,Ringelblume Calendula
8436008510791,QPQ,Rioja Crianza rot
8436008510760,QPQ,Rioja Tempranillo rot
4260261495014,WOH,Risotto mit Steinpilzen
4019339239100,DAV,Risotto Reis Arborio Art
4022381016995,SPI,Risottoreis Arborio weiß
4022381036917,SPI,Risottoreis Carnaroli weiß
4022381036894,SPI,Risottoreis Ribe weiß
4019339110188,DAV,Roggen
4022381013666,SPI,Roggen
4022381016476,SPI,Roggen
4022381103060,SPI,Roggen
4022381103183,SPI,Roggen
4032105000513,SBŽ,Roggen Schrotling
4022381053860,SPI,Roggen Schwarzbrotmehl
4031779618024,MOI,Roggen-Dinkel Krustis
4031779618352,MOI,Roggen-Dinkel Krustis SB
4032105092105,SBŽ,Roggen-Semmel
4032105000506,SBŽ,Roggenbrot
4062681014222,ROG,Roggenburger Frischkäse Kräuter
4062681014215,ROG,Roggenburger Frischkäse Natur
4022381301206,SPI,Roggenflocken
4260013330099,ATX,Roggenkissen groá
4022381024686,BUM,Roggenmehl 1150
4022381225182,SPI,Roggenmehl 1150
4022381012737,SPI,Roggenmehl Vollkornmehl
4032105000308,SBŽ,Roggenmischbrot
4032105000476,SBŽ,Roggenmischbrot rustikal
4260096395473,AGA,Roggensauerteig Extrakt
4260096395480,AGA,Roggensauerteig flüssig
4028112059590,SDL,Roggis©
4260100262579,BLR,Rohe Garnelen
4019339852217,DAV,Rohrohrzucker
4019339852224,DAV,Rohrohrzucker
4022381023726,BUM,Rohrohrzucker
4022381023740,BUM,Rohrohrzucker
4022381631365,SPI,Rohrohrzucker
4024297009436,NAT,Rohrohrzucker
4024297340669,NAT,Rohrohrzucker
4086900756106,PVL,Roll On Drachenmut
4086900214002,PVL,Roll on Kopfwohl
4086900756007,PVL,Roll on Leichter Lernen
4026367045023,UBM,Rollenbutter Süárahm
4032105011984,SBŽ,Rollenpapier Steinofenbäcker
2900000991606,5WP,Rolli Holz
2900000991507,5WP,Rolli Pappe
9004145023406,STN,Rooibos Chai TB
9004145002388,STN,Rooibos natur
4012346210001,LEB,Rooibos Pur TB
4012346210001,LEB,Rooibos Pur TB
4012346218007,LEB,Rooibostee
4022346337004,HEU,Rooibusch pur
3023265121232,VAV,Roquefort AOP Roquebelle
8034115192130,PSP,Ros‚
9120001700301,SMU,Ros‚
4037865006539,SND,Ros‚ Sekt brut
4035447921119,BGP,Rosado Palmera
8012206001219,3PA,Rosagreen rose
8033976832087,AZA,Rosato Frizzante
8018759002024,SEL,Rosato Frizzante Veneto
4086900111240,PVL,Rose 3%
4086900111387,PVL,Rose bulgarisch bio
4032061012018,GEB,Rose Cleanser
4032061010014,GEB,Rose Cream
4037865008533,SND,Rose Secco
4086900111431,PVL,Rose türk. 10% bio
4020829005785,HAU,Rosen Bad
4020829025325,HAU,Rosen Deomilch
4032061012315,GEB,Rosen Face Lotion
4020829006720,HAU,Rosen K”rperbalsam
4020829007840,HAU,Rosen Pflege”l
4020829007949,HAU,Rosen Pflege”l Kleingr”áe
4020829011922,HAU,Rosen Tagescreme
4020829006232,HAU,Rosen Tagescreme Kleingr”áe
4020829006683,HAU,Rosen Tagescreme leicht
4020829008144,HAU,Rosen Tagescreme leicht Kleingr”áe
4032061012117,GEB,Rosen Tonic
4086900741300,PVL,Rosenblütenwasser
4086900106437,PVL,Rosengeranie bio
4022346323175,HEU,Rosengewürz Ras el Hanout Dose
4086900105713,PVL,Rosenholz
9004145002333,STN,Rosenknospen lose
4026813000200,BSI,Rosenkohl
4026813004314,DFE,"Rosenkohl, 4x2,5 kg"
4260096395497,AGA,Rosenwasser
4251191891007,APR,Rosenwasser Vital Spray & Tonic
4260229234563,FOD,Rosinen Saurer Apfel
4024884030072,HEB,Rosinenbr”tchen
4028112059156,SDL,Rosinenbr”tchen
4032105000667,SBŽ,Rosinenbr”tchen rund
4032105092709,SBŽ,Rosinenbr”tchen VK
4032105000650,SBŽ,Rosinenbrot
4032105000698,SBŽ,Rosinenstuten (im K”rbchen)
4001638098236,WEL,Rosmarin Aktivierungsbad
4020829006164,HAU,Rosmarin Beintonikum
4086900105751,PVL,Rosmarin Campher bio
4260752753432,SPC,Rosmarin geschnitten
4012346144887,LEB,Rosmarin geschnitten getrocknet
9004145003163,STN,Rosmarin geschnitten Tüte
4260272987768,LCH,Rosmarin Kesselchips
4012346155005,LEB,Rosmarin Tüte
4022346323489,HEU,Rosmarin Tüte
4086900105768,PVL,Rosmarin Verbenon bio
4001638580779,WEL,Rosmarin Vitalizing Conditioner
4001638530378,WEL,Rosmarin Vitalizing Shampoo
4250206103111,CHI,Rosmarin-Lachsschinken geschnitten
8032130031045,TEP,Rosso di Montalcino rot
4015533064821,VOE,Rote Beerensaft kühlfrisch
4260012643817,BIN,Rote Beete Tondo di Choggia
4260360271359,NPU,Rote Bete
4260360271366,NPU,Rote Bete
4106060047958,BEU,Rote Bete Direktsaft
4260039376651,VNN,Rote Bete Direktsaft
4009309452646,MAR,Rote Bete fermentiert
4015533064425,VOE,Rote Bete Ingwer
4015533000393,VOE,Rote Bete Most milchsauer
4260012641295,BIN,Rote Bete Robuschka
4015533000379,VOE,Rote Bete Saft feldfrisch
4015533061967,VOE,Rote Bete Saft feldfrisch
4106060043189,BEU,Rote Bete Saft milchsauer
4260148651304,PUF,Rote Bete Salate mit ger”stetem Sesam
4260148650048,PUF,Rote Bete Salate mit ger”stetem Sesam GV
4009309450246,MAR,Rote Bete Scheiben
4009309451076,MAR,Rote Bete Scheiben
4009309454404,MAR,Rote Bete Scheiben
4260418020182,GNC,Rote Bete Superfood Trinkpulver
4009309450116,MAR,Rote Bete Würfel
4026813420114,NCL,Rote Früchte
8718976022446,DOI,Rote Ganze Linsen
4009309734476,MAR,Rote Grütze
4260360272578,NPU,Rote Grütze
4008471521501,S™B,"Rote Grütze, im Becher"
28006817,D™R,Rote Ilse Ziegenweichkäse
4260418020274,GNC,Rote Immunkraft Superfood Trinkpulvermischung
4260091350071,DBB,Rote Johannisbeere Fruchtaufstrich
4106060014578,BEU,Rote Johannisbeere Himbeere
4026813420237,NCL,Rote Johannisbeeren
4019339448106,DAV,Rote Kidneybohnen
4260360272127,NPU,Rote Kidneybohnen
4026584131707,SOF,Rote Linse Burger
4019339490105,DAV,Rote Linsen
4260360272004,NPU,Rote Linsen
4005561007891,BOL,Rote Linsen Balls
4022381041416,SPI,Rote Linsen Bratlinge
4260360272257,NPU,Rote Linsen lose
4031829232231,™KL,Rote Linsensuppe
9120009120323,LUZ,Rote Rübensalat
4032105006010,SBŽ,Rote-Linse-Polenta Burger (4er)
4260102480063,BSK,Roter Casanova aus Heumilch
4045800773057,GRH,Roter Heringssalat in Sauce
4260248770127,HAD,Roter L”we rot
4260012647372,BIN,Roter Rosenkohl
4262415020011,KRK,Roter Smoothie
4009309441176,MAR,Rotkohl
4009309444306,MAR,Rotkohl
4260360271373,NPU,Rotkohl
4260360271380,NPU,Rotkohl
4009309444504,MAR,Rotkohl fermentiert
4026913127630,™MA,Rotondo gerieben 1 kg
4018462441008,BYO,Rotweinessig
4260198094496,BEN,Rouge Brush Colour Edition
4022381032834,BUM,Rübenzucker
4024297005629,NAT,Rübenzucker
4024297010777,NAT,Rübenzucker
4260012644890,BIN,Rucola Wilde Rauke
4028719623477,CMD,Rügener Kreide Balsam
4028719623187,CMD,Rügener Kreide Gesichtscreme
4028719623811,CMD,Rügener Kreide Handcreme
4028719623439,CMD,Rügener Kreide K”rperlotion
4028719623194,CMD,Rügener Kreide Pflegecreme
4270000741821,KUU,Ruhe Kräuterauszug
4260703370497,KUU,Ruhe Shot Wildkräuter
4260435771401,SPC,Rührei Deluxe
4012346177502,LEB,Rührei Gewürz
7611650676854,HUA,Rum
7611650678049,HUA,"Rum de Marinero fair trade braun 0,02l"
8032692480305,OVO,Ruminat Primitivo rot
4032105001459,SBŽ,Rumkugel
4019339206102,DAV,Rundkorn Reis VK
4019339206188,DAV,Rundkorn Reis VK
4013392016111,QUE,Russisch Brot
22082749,DIŽ,"Rusticus (Schabzigerklee), PrePack"
3419390404973,BNR,Rustikale Br”tchen
4022993045864,STZ,Rustikales Baguette gf
4024884010500,HEB,Rustis
4005967003671,ROS,Saaten Knacker
4005967008829,ROS,Saaten Knacker Duo
4013320296677,GEP,SÆo Tom‚ 95%
4022346323847,HEU,Safran Fäden Glas
4012346160900,LEB,Safranfäden
9004145003842,STN,Safranfäden Tüte
4018462160572,BYO,"Sahne Meerrettich, kühlpflichtig"
4104060025624,AND,Sahne Pudding Schoko
4104060025631,AND,Sahne Pudding Vanille
4000915101027,ISA,Sahne Schmelzkäsezubereitung
4000915108347,ISA,Sahne-Heringsfilets
4017194462183,SBG,Sahnejoghurt griech. Art stichfest 10%
4104060025235,AND,Sahnejoghurt griechische Art
4008471491019,S™B,Sahnekefir auf Blaubeere - Weidemilch
4008471491026,S™B,Sahnekefir auf Erdbeere - Weidemilch
4008471491002,S™B,Sahnekefir auf Himbeere - Weidemilch
4008471491040,S™B,Sahnekefir auf Mango-Vanille - Weidemilch
4008471491033,S™B,Sahnekefir auf Pfirsich-Maracuja - Weidemilch
4008471491057,S™B,Sahnekefir auf Pflaume-Walnuss - Weidemilch
4013044110051,BTH,Sahnestark
4005394201626,BVE,Sahnesteif
4046896107252,VAV,Saint Nectaire Fermier AOP
3369640035030,VAV,Sainte Maure de Touraine AOP
3422290000022,VAV,Sainte Maure de Touraine AOP fermier
4019578018306,DWE,Sal‚e Salted Caramel Liqueur
5411788042475,LIM,Salade du Pˆcheur Streuer
8008161605234,GBR,Salami al Finocchio
8008161605197,GBR,Salami al Tartufo
4000915040456,ISA,"Salami al tartufo, Aufschnitt"
8008161705200,GBR,Salami al Vino
4000915040067,ISA,Salami Calabrese
4000915040388,ISA,"Salami Calabrese m. Fenchelsamen, Theke"
4031829236826,™KL,"Salami Gourmet, geschnitten"
4000915040128,ISA,"Salami Lombarda, Theke"
8008161605227,GBR,Salami Nostrano
8008161605241,GBR,Salami Piccante
4000915040111,ISA,"Salami Toscanella ca.1,2 kg, Theke"
4031829235720,™KL,Salami-Snack Kräuter
4031829235713,™KL,Salami-Snack Natur
4031829235737,™KL,Salami-Snack Pfeffer
4019339433096,DAV,Salat Kern Mix
4003247705826,VTQ,Salat Mayonnaise vegan
9120081090255,GKO,Salat Würze
4260752753456,SPC,Salat Zauberzeug
3445020205719,BPL,Salat”l nativ
4012346161105,LEB,Salatdressing Garten Kräuter
4012346108605,LEB,Salatdressing Griechische Art
4012346161006,LEB,Salatdressing Gurken Salat
4012346161204,LEB,Salatdressing Italienische Kräuter
4012346161907,LEB,Salatdressing Joghurt Kräuter
9004145003101,STN,Salatgewürz gemahlen
4012346153308,LEB,Salatgewürz Tüte
4022346224038,HEU,Salatkräuter Dose
4260012641400,BIN,Salatrauke Rucola
9004145006508,STN,Salattopping Gewürzzubereitung
4012346242705,LEB,Salbei
4022346124178,HEU,Salbei
4020829005129,HAU,Salbei Bad
4086900105775,PVL,Salbei bio
4054411014701,BFU,Salbei Kräuter Bonbons
9004145002104,STN,Salbei lose
4018874080987,ARI,Salbei Lutschpastillen
4020829025363,HAU,Salbei Minze Deomilch
4012346509303,LEB,Salbei TB
4012346153001,LEB,Salbei Tüte
4001638088060,WEL,Salbei Zahnfleischbalsam
9004145022010,STN,Salbeitee TB
4260631131689,GR™,Salicylsäure-Serum
8018759000907,SEL,Salsa Piccante Spaghettisauce
8018759000037,SEL,Salsa Pronta Spaghettisauce
8018759003939,SEL,Salsa Pronta Spaghettisauce - Familienglas
4260112295251,MKS,Salsa Sauce
8718976015257,AMI,Salsa scharf
8718976015233,AMI,Salsa süá
4260435779438,SPC,Salted Caramel
4270001544339,LNB,Salted Peanut Butter Pralinis
4270001075338,LNB,Salted Peanut Caramel Riegel
4260717841587,LNB,Salted Pistachio Pralinis
4044889004649,ICH,Salty Pretzel
4009309414378,MAR,Salz Dillgurken milchsauer vergoren
9004584051879,SGM,Salzburger Bergkäsestange/Block 3 M
4009309110256,MAR,Salzgurken fermentiert
5060002043776,BXO,Salzkaramel Trüffel
8713576162073,TER,Salzlakritz Schlangen
8713576162080,TER,Salzlakritz Tubi's
4250367550779,GEC,Samba Eiscreme
4030917018009,SAC,Sambal Oelek Gastrolinie
4026584130748,SOF,Samosas Himalaya-Style
4026584132308,SOF,Samosas India-Style
4001638502399,WEL,Sanddorn 24h Deo Roll-On
4012346210209,LEB,Sanddorn Cranberry TB
4054411014503,BFU,Sanddorn Granatapfel Bonbons
4001638590037,WEL,Sanddorn Immunsaft
4015533060328,VOE,Sanddorn Muttersaft
4001638500784,WEL,Sanddorn Pflege”l
4086900742642,PVL,Sanddornfruchtfleisch”l
4086900111233,PVL,Sandelholz 10%
4032105004993,SBŽ,Sandkuchen Stracciatella
4032105005952,SBŽ,Sandkuchen Walnuss-Apfel
4032105004986,SBŽ,Sandkuchen Zitrone
4028719653429,CMD,Sandorini Duschgel
4028719653818,CMD,Sandorini Handcreme
4028719653436,CMD,Sandorini K”rperlotion
4028719653603,CMD,Sandorini Shampoo
4028112059057,SDL,Sandwich Ciabatta
4017194489074,SBG,Sandwich Eis
4017194489234,SBG,Sandwich Eis Classic
4017194489241,SBG,Sandwich Eis Classic Multipack
8006040710062,NTT,Sandwicheis Kokos
8412439287006,PDM,Sardellenfilet in Oliven”l
8033100323443,CDK,Sardellenfilets Chili
4026968015357,FON,Sardellenfilets in Oliven”l extra
8033100323436,CDK,Sardellenfilets Kapern
8033100323351,CDK,Sardellenfilets Natur
4026968015203,FON,Sardinen mit Gräten in Oliven”l MSC
4026968005501,FON,Sardinen o Haut + Gräten Sonnenblumen”l FOS
4026968015159,FON,Sardinen Premium Natur in eigenen Saft
8412439285286,PDM,Sardinenfilet in Oliven”l
4026968005556,FON,Sardinenfilets ohne Gräten in Oliven”l FOS
4003247705598,VTQ,Sauce … la B‚rmaise vegan
4000345048312,NCO,Sauce … la Hollandaise feink”rnig
4003247705581,VTQ,Sauce … la Hollandaise vegan
4030917041601,SAC,Sauce `a la Hollandaise vegan
4000345298762,EVP,Sauce Arrabbiata
4000345298755,EVP,Sauce Basilico
4000345298786,EVP,Sauce Bolognese
4031829232859,™KL,Sauce Bolognese
4005394200650,BVE,Sauce Braten
4005394200643,BVE,Sauce Hollandaise
4016512032305,ERN,Sauce Hollandaise
4260221613519,EMS,Sauce Hollandaise vegan
4000345298779,EVP,Sauce Tomatina
4000345298793,EVP,Sauce VeCotta
23094963,CHI,Sauerbraten 500 g in Rotwein-Essigbeize
4106060014479,BEU,Sauerkirsch Fruchtcocktail
4019736017332,ZWE,Sauerkirsche Fein
4260091351085,DBB,Sauerkirsche Fruchtaufstrich
4019736004608,ZWE,Sauerkirsche Fruchtgarten
4004191002054,RAB,Sauerkirsche Muttersaft
4015533063909,VOE,Sauerkirsche Nektar
4009309751176,MAR,Sauerkirschen
4009309752418,MAR,Sauerkirschen
4019736014270,ZWE,Sauerkirschen
4026584103353,SOF,Sauerkirschen
4026813420015,NCL,Sauerkirschen
4260360271960,NPU,Sauerkirschen entsteint
4026813424020,DFE,"Sauerkirschen entsteint, 4x2,5 kg"
4019339865330,DAV,Sauerkirschkonfitüre
5998008700648,TAR,Sauerkirschmus 90%
4106060076361,BEU,Sauerkirschsaft naturtrüb
4009309021071,MAR,Sauerkraut
4009309022610,MAR,Sauerkraut
4009309024300,MAR,Sauerkraut
4260360271335,NPU,Sauerkraut
4260360271342,NPU,Sauerkraut
4015533000409,VOE,Sauerkrautsaft
4106060017074,BEU,Sauerkrautsaft milchsauer
4017194450203,SBG,Sauerrahm / Saure Sahne 10% 5kg
4017194009531,SBG,Sauerrahm 10%
4104060011146,AND,Sauerrahm 10% - im Becher
7610612003561,SNA,Sauerrahm Soja Soyananda
4260272987904,LCH,Sauerrahm Zwiebel Kesselchips
4005394123003,BVE,Sauerteig Extrakt Dinkel
4005394121023,BVE,Sauerteig Extrakt Roggen
4022993045239,STZ,Sauerteigbrot gf
4026367042541,UBM,Saure Sahne 10%
4042287106194,WBF,Sauvignac weiß
8024586003035,LBJ,Sauvignon Basaltik weiß
4035447110223,HES,Sauvignon Blanc L”ss
4037865002104,SND,Sauvignon blanc weiß
8437001679355,PAR,Sauvignon demeter weiß
4014807211565,ST™,šbersee Pils
4032105006041,SBŽ,SBK-Saftkorn
4026913134089,™MA,Scamorzetti Affumicate
4026913534056,™MA,Scamorzine affumicate
4012346159904,LEB,Schabzigerklee
9004145003415,STN,Schabzigerklee gemahlen
4022346324370,HEU,Schabzigerklee gemahlen Dose
28100812,ANL,"Schaf Brie Kräuter, ca. 700g"
28100805,ANL,"Schaf Brie, ca. 700g"
8711842336081,BAS,Schaf Brietorte Br‚belle
28006008,RHF,Schaf Brietorte Lammbert
4250111510226,ANL,Schaf Camembert bunter Pfeffer
4250111510219,ANL,Schaf Camembert Kräuter
4250111510202,ANL,Schaf Camembert Natur
4026913162280,™MA,"Schaf Feta PDO ""Der Grieche"""
3273227241410,BEG,Schaf Frischkäse Bergerie
8714565066051,BAS,Schaf Gouda Br‚belle
3273227241014,BEG,Schaf-Quark Natur 400 g
4250111500302,ANL,Schafbert Blütenzauber
3273227240741,BEG,Schafdessert Schoko
9004145002111,STN,Schafgarbe lose
3273227240062,BEG,Schafjoghurt natur
9007833008204,LEE,Schafjoghurt Natur
9007833008327,LEE,Schafjoghurt natur
3273227241076,BEG,Schafjoghurt Natur cremig gerührt
3273227240796,BEG,Schafjoghurt Natur griech. Art
3273227240758,BEG,Schafjoghurt Vanille griech. Art
4046896183003,VAV,Schafkäse Douceur du Tarn
4032816109123,RHF,"Schafkäse in Lake (Typ Feta), 1 x 250g"
4000915037807,ISA,Schafkäse Knoblauch & Peperoni
22096227,1FG,Schafkäse Sardo Giglio
9007833009003,LEE,Schafmilch frisch - Kühlprodukt
4250023494256,SAI,Schafmilchseife Herz Frohe Ostern
4250023494959,SAI,Schafmilchseife Herz Lavendel
4250023494973,SAI,Schafmilchseife Herz Lieblingsmensch Organza
4250023494676,SAI,Schafmilchseife Herz pink
4250023495017,SAI,Schafmilchseife Lavendelblüten
4250023495000,SAI,Schafmilchseife Ringelblume
4250023495079,SAI,Schafmilchseife Rose pink
4250023494294,SAI,Schafmilchseife Schaf Frohe Ostern
4250023490500,SAI,Schafmilchseife Schaf natur
4250023494102,SAI,Schafmilchseife Schaf weiß
4250023495086,SAI,Schafmilchseife Zirbe
9007833008440,LEE,Schafquark Natur
4032816000017,RHF,"Schafvollmilch 6x0,5l"
4260423370197,JMH,Schani das Schaf Frischkäse Curry/Dattel
4028108141162,BDH,Scharfe Käthe mit Paprika
4028108187252,BDH,"Scharfe Käthe mit Paprika, Theke"
4019736006480,ZWE,Scharfer Senf
4018462161524,BYO,Scharfer Senf Tube
9004145003781,STN,Scharfmacher Gewürzblüten
4260026696113,BIT,Schaumfestiger leicht
4260026696120,BIT,Schaumfestiger stark
4250073450615,FWO,Schellfisch Filets MSC
4026813280060,WOC,"Schellfisch-Filets, Wildfang"
4007547400009,SNT,Scheuermilch
4019886000345,SOD,Scheuermilch
4037865001404,SND,Scheurebe lieblich weiß
4031829234532,™KL,"Schinken, luftgetr.o.Knochen, Theke"
22505811,MAX,"Schinkenspeck, Theke"
4250206103012,CHI,Schinkenwurst geschnitten
4086900216600,PVL,Schlafwohl Baby und Kinder Balsam
4086900216303,PVL,Schlafwohl Duftmischung
4086900216204,PVL,Schlafwohl Kissenspray
4086900216006,PVL,Schlafwohl Roll On
4005394285725,BVE,Schlagcreme
4101530001492,BGL,Schlagrahm 30% laktosefrei
4101530002840,BGL,"Schlagrahm 32%, Sahne"
4101530008101,BGL,"Schlagrahm 32%, Sahne"
4101530002529,BGL,"Schlagrahm 32%, Sahne - im Becher"
4104060010927,AND,Schlagsahne 30% - im Becher
4017194009418,SBG,Schlagsahne 32%
4026367041575,UBM,Schlagsahne 32% - im Becher
4017194440105,SBG,"Schlagsahne 32%, 5kg"
4017194009388,SBG,"Schlagsahne 6 x 0,5l"
4020829007888,HAU,Schlehenblüten Pflege”l
4020829007956,HAU,Schlehenblüten Pflege”l Kleingr”áe
4000915100129,ISA,Schlemmer-Ecken Natur
4250073451162,FWO,Schlemmerfilet Bordelaise
4250073451247,FWO,Schlemmerfilet Brokkoli Käse
4051147009803,SDS,Schmalz im Glas
4016249600525,ALO,Schmalz T”pfle mit Zwiebeln und Žpfeln
4016249600532,ALO,Schmalz T”pfle mit Zwiebeln und Žpfeln
4017194450012,SBG,Schmand 18% im Eimer 5 kg
4017194450050,SBG,Schmand 24%
4008471500575,S™B,Schmand 24% - im Becher
4026367042046,UBM,Schmand 24% - im Becher
4104060025990,AND,Schmand 24% - im Becher
4260000230517,WSE,Schneideplatte 440x320x20mm
4260000230500,WSE,Schneideplatte 500x250x20 mm
4015637823126,BAK,Schnellbrot gf
4015637009001,BAK,Schnelle Br”tchen Hafer gf
4015637009025,BAK,Schnelle Br”tchen Saaten gf
4015637025612,BAK,Schneller Obstkuchen gf
4022993045024,STZ,Schnitte Buchweizen gf
4022993047127,STZ,Schnitte Quinoa gf
4022993045079,STZ,Schnitte Sesam gf
4260012646689,BIN,Schnittlauch
4031829253304,™KL,"Schnittlauch, fein geschnitten"
4032105002753,SBŽ,Schnucki Aprikose
4032105002739,SBŽ,Schnucki dunkel
4032105002722,SBŽ,Schnucki hell
9120081090231,GKO,Schoarfe Würze
8711823192538,RIT,Schoko Butterkeks
4005967000779,ROS,Schoko Cappuccino Mandeln
4005967007044,ROS,Schoko Cashew Cookie
4009176034518,LNA,Schoko Cookies
4013320247808,GEP,Schoko Cookies
5425038430226,TUE,Schoko Cornflakes Dunkel gf
4015537002775,HMO,Schoko Cornflakes gf
4017194489012,SBG,Schoko Eis
80603009,RAC,Schoko Eis aus Heumilch
80625384,RAC,Schoko Eis aus Heumilch
4021246444508,LUB,Schoko Genuss Kugeln mit Erdbeer Creme
4021246444485,LUB,Schoko Genuss Kugeln mit Kokos Creme
4021246444461,LUB,Schoko Genuss Kugeln mit Nuss Nougat Creme
4009176216815,LNA,Schoko Hafer Taler
4005561532638,BOL,Schoko Haferlinge
4005967000786,ROS,Schoko Himbeer Mandeln
4005967004494,ROS,Schoko Ingwer
4015537002867,HMO,Schoko Knusper Müsli
4005967000762,ROS,Schoko Kokos Mandeln
4015141047278,LDM,Schoko Mint Lik”r
4005967511862,ROS,Schoko Müsli
4022381027359,BUM,Schoko Müsli
4022381038966,BUM,Schoko Müsli
4022381040426,SPI,Schoko Müsli
4013320319888,GEP,Schoko Ostereier Vollmilch
4013320095706,GEP,Schoko Osterhase sitzend
4005394287286,BVE,Schoko Paradies Pudding
4005967007938,ROS,Schoko Pekannuss Cookie
4005967004470,ROS,Schoko Pflaume
4008471507024,S™B,Schoko Pudding
4008471507178,S™B,Schoko Pudding 400g
4018462251102,BYO,Schoko Reiswaffeln VM gf
4018462251201,BYO,Schoko Reiswaffeln ZB gf
4005967006627,ROS,Schoko Splitter Snack
4005967006542,ROS,Schoko Sultaninen Snack
4104060031649,AND,Schoko-Pudding
4031779108815,MOI,"Schokocroissant, vegan"
4031779318818,MOI,"Schokofranzbr”tchen, vegan"
5425038430417,TUE,Schokokissen mit Haselnussfüllung gf
4101530002123,BGL,Schokoladen-Milch
4008230439191,SLI,"Schokomilch 1,5 % Fett"
4044889002522,VNI,Schokoriegel Black Cherry
4044889002515,VNI,Schokoriegel Creamy Caramel
4044889002553,VNI,Schokoriegel Dark Nougat
4002317182789,MKR,Schokoriegel Haselnuss Amaranth
4044889004496,VNI,Schokoriegel Milch CrŠme
4044889002546,VNI,Schokoriegel White Nougat Crisp
4270003678506,SGS,SchokoSchatz für Kids
4260096393103,AGA,Schokosirup agava
4260096392939,AGA,Schokostreusel
4013320041093,GEP,Schonkaffee gemahlen
4031829251423,™KL,Schupfnudel-Pfanne
4018722303244,ALU,Schupfnudeln frisch
4011849800009,PAN,"Schupfnudeln, frisch"
4011849801006,PAN,"Schupfnudeln, vegan, frisch"
9004145024328,STN,Schutzengel© TB
4019736004622,ZWE,Schw Johannisbeer Fruchtgarten
7391961111854,LIS,Schw. Johannisbeerkonfitüre
4000915103915,ISA,Schw. Kalamata Oliven o. Stein
4000915106992,ISA,Schw. Kalamata Oliven oh. Stein
4000915101638,ISA,Schw. Kalamata-Olive o.Stein
4000915103519,ISA,Schw. Kalamata-Oliven m. Stein
4022381000345,SPI,Schwäbische Backerbsen
4022381014786,SPI,Schwäbische Dinkel Backerbsen
4260155025051,JOO,Schwäbischer Linseneintopf
4039468030454,MEM,Schwammtücher sortiert 3 Stück
4001638500777,WEL,Schwangerschafts Pflege”l
4032105008250,SBŽ,Schwarz-Weiá-Gebäck
4019339487129,DAV,Schwarze Bohnen
4260360271892,NPU,Schwarze Bohnen
4260360272141,NPU,Schwarze Bohnen
4004191001026,RAB,Schwarze Johannisbeer Nektar
4106060034675,BEU,Schwarze Johannisbeere
4260091350255,DBB,Schwarze Johannisbeere Fruchtaufstrich
4015533060304,VOE,Schwarze Johannisbeere Muttersaft
4015533064388,VOE,Schwarze Johannisbeere Nektar
4026813420251,NCL,Schwarze Johannisbeeren
8018759001324,SEL,Schwarze Oliven mit Stein
4056114005079,SOM,"schwarzer Emmer Zwieback, ungesüát"
4019339419052,DAV,Schwarzer Sesam
8713576275612,TER,Schwarzer Sesam
4019838090189,CDO,Schwarzer Tee
4012346156903,LEB,Schwarzkümmel ganz
4022346324653,HEU,Schwarzkümmel ganz Tüte
9004145006768,STN,Schwarzkümmel ganz Tüte
4260355587779,BPL,Schwarzkümmel ungefiltert
4018462408155,BYO,Schwarzkümmel”l
4018462408209,BYO,Schwarzkümmel”l
4086900745599,PVL,Schwarzkümmel”l
4260355586369,BPL,Schwarzkümmel”l Immun
4260355580930,BPL,Schwarzkümmel”l nativ
4260355584082,BPL,Schwarzkümmel”l nativ
4033548000214,SHE,Schwarzriesling rot
9004145023413,STN,Schwarztee Chai
4012346001463,LEB,Schwarztee Darjeeling TB
9004145006249,STN,Schwarztee Pfirsich Eistee Sirup
4030068010709,CHI,Schwarzw.Schinken v. Schwein
4030068010754,CHI,"Schwarzwälder Schinken, Theke"
4017194009210,SBG,Schwedenmilch 6x500g
4032105003613,SBŽ,Schweine”hrchen
22004147,SDS,Schweinebraten geschnitten
4009176483705,LNA,Schweins”hrchen
4005967003442,ROS,Schweinsohren in Zartbitter
4005967003428,ROS,Schweinsohren Natur
4005967003435,ROS,Schweinsohren Vollmilch
22081698,INT,"Schweizer GruyŠre AOP 6 M, PrePack"
4046896508554,VAV,Schweizer Urgestein Reserve
4260004914321,™WR,Secco klein weiß
4260004914307,™WR,Secco weiß
4015141047872,LDM,Sechser Lik”r
4015141047841,LDM,Sechser Lik”r 200 ml
4018462148907,BYO,Sedani Reis Mais gf
4026813280046,WOC,Seelachs Fischstäbchen
4026813280169,WOC,"Seelachsfilets natur, Wildfang"
4031779702822,MOI,"Seelen, Kümmel"
4020829005600,HAU,Seidenpuder
4012359115003,TAI,Seidentofu
4009800007826,MSP,Seife Mixed Senses Ocean Sound
4009800007802,MSP,Seife Mixed Senses Oriental Scent
4009800007819,MSP,Seife Mixed Senses Pure Mind
4009800007833,MSP,Seife Mixed Senses Taste of Summer
4009800007840,MSP,Seife Mixed Senses Warm Embrace
4007547207004,SNT,Seifenblasen Bubbles
4250023490944,SAI,Seifendose aus Flüssigholz
4280001996519,NIA,Seifendose mit Abtropfgitter
4260418984637,RRT,Seifendose Ros‚
4260026696366,BIT,Seifenfreies Waschstück 2 in 1
4260026696359,BIT,Seifenfreies Waschstück sensitiv
4515784515740,1TR,Seifenhalter Romantic mit Magnet
4516584516548,1TR,Seifenhalter Traditional mit Magnet
4066474266980,1TR,Seifenhalter Walnuss mit Magnet
4013320315132,GEP,Seifenschale Aruba Kokos
4066474606953,1TR,Seifenschale Douceur Florale
4055627073650,1TR,Seifenschale Ethno
4055627194492,1TR,Seifenschale Retro
4066474607059,1TR,Seifenschale Retro Flair
4515184515142,1TR,Seifenschale Romantic
4055627208519,1TR,Seifenschale Rustic blau
4066474373572,1TR,Seifenschale Rustic gelb
4515984515946,1TR,Seifenschale Traditional
4515484515446,1TR,Seifenspender Romantic
4516284516244,1TR,Seifenspender Traditional
4010238590002,ALT,Seitan
4020943139250,ARC,Seitan Fix
4010238591160,ALT,Seitan Hack
5400313000974,YAK,Seitan in Glas
8713576110012,TER,Seitan in Tamarisauce
4033981742153,ECC,Selbstbräuner
4021457661794,LAV,Selbstbräunungslotion
4035784161353,GSE,Selen Compact
4026813004864,DFE,"Sellerie Würfel 10mm, 4x2,5 kg"
9002220077009,HGR,Semmelkn”del
4018462164402,BYO,Senf Dill Sauce
4004689704330,BMR,Senf-Dill Sauce
4260355586734,BPL,Senf”l nativ
4009309404379,MAR,Senfgurken
4012346164182,LEB,Senfk”rner gelb
9004145007741,STN,Senfk”rner gelb ganz
4012346159508,LEB,Senfk”rner gelb Tüte
9004145007482,STN,Senfk”rner schwarz Tüte
4260378040138,KHD,Senna Cassia Neutrales Henna
4001638590082,WEL,Sensitiv Feuchtigkeitscreme Leicht Mandel
4001638590075,WEL,Sensitiv Feuchtigkeitscreme Mandel
4001638529754,WEL,Sensitiv Handcreme
4001638530361,WEL,Sensitiv Multi-Effekt Gesichts”l Mandel
4001638590068,WEL,Sensitiv Reinigungsmilch Mandel
4260026696076,BIT,Sensitiv Shampoo
4055297221467,SAN,Sensitive Care Shampoo Probiotika
4055297220743,SAN,Sensitive Care Spülung Probiotika
4017645011687,LOG,Sensitive Shampoo Ringelblume
5765228836170,URT,Sensitive Toothpaste Strong Mint
5601638001237,LOU,Serrano Schinken 15 Monate gereift
4000915108613,ISA,"Serrano Schinken Block (Jam•n Serrano), Theke"
4000915108415,ISA,Serrano Schinken/ Jam¢n curado
4021457661077,LAV,Serum Pure Beauty
4012346657196,LEB,Servietten 24x24cm
4085900018115,VNA,Sesam Cashew Krokant
4006748008007,MAY,Sesam Dinkelbrezel
4018462181003,BYO,Sesam Grissini rustico
4085900018108,VNA,Sesam Krokant klassisch
4038507000106,GOV,Sesam Laddu
4019339419069,DAV,Sesam ungeschält
4019339419106,DAV,Sesam ungeschält
4022381027816,SPI,Sesam ungeschält
4086900743601,PVL,Sesam”l
3445020006699,BPL,Sesam”l ger”stet
3445020006736,BPL,Sesam”l ger”stet
3445020006576,BPL,Sesam”l nativ
3445020006613,BPL,Sesam”l nativ
4260355586468,BPL,Sesam”l nativ Mehrweg
4086900444829,PVL,Set Duftende Waldkraft
4020829077423,HAU,Shampoo
4260198098807,BEN,Shampoo & Duschgel FAMILY Soft Sweetness
705632025345,AFL,Shampoo Afrolocke
4260672890101,KHD,Shampoo Amla Volume
4260631131672,GR™,Shampoo Anti-Schuppen
5765228837122,URT,Shampoo Camomile
5765228837443,URT,Shampoo Camomile
4260672893591,KHD,Shampoo Deep Cleanse
4260198095936,BEN,Shampoo FAMILY Freshness Adventure Lime Aloe
4260198095943,BEN,Shampoo FAMILY Sweet Sensation Apricot Olive
4260631131658,GR™,Shampoo Feuchtigkeit
4262361260059,HLI,Shampoo Feuchtigkeit
5701058011608,URT,Shampoo Fragrance Free
5701058011943,URT,Shampoo Fragrance Free
4260631131634,GR™,Shampoo Glanz
4260672890118,KHD,Shampoo Lavender Sensitive
4260198096292,BEN,Shampoo Männer SIEBEN BIER SIND AUCH EIN SHAMPOO
4260672890132,KHD,Shampoo Neem Balance
5701058014784,URT,Shampoo Nordic Berry Rich Repair
4260198096261,BEN,Shampoo Normales Haar DAS MACHT HAARE SCH™N
4260672890125,KHD,Shampoo Orange Vitality
4262361260035,HLI,Shampoo Reparatur
4260198096278,BEN,Shampoo Reparatur REPARIEREN STATT WEGWERFEN
4260672890149,KHD,Shampoo Rose Repair
5765228837153,URT,Shampoo Rosemary
4260631131665,GR™,Shampoo Sensitiv
4260672890095,KHD,Shampoo Shining Shikakai
5701058006567,URT,Shampoo Soothing Lavender
5765228837146,URT,Shampoo Tea Tree
5765228837467,URT,Shampoo Tea Tree
4260198096285,BEN,Shampoo Unisex MOIN MOIN! COFFFEE FIRST!
4260631131641,GR™,Shampoo Volumen
4262361260073,HLI,Shampoo Volumen
4260198096254,BEN,Shampoo Volumen DREH DAS VOLUMEN AUF
5701058006543,URT,Shampoo Wild Lemongrass
4250023492214,SAI,Shampoo-Seife Brennnessel mit Schafmilch
4250023492207,SAI,Shampoo-Seife Weizenproteine mit Schafmilch
4260418982022,RRT,ShampooBit Calendula-Ghassoul
4260418982077,RRT,ShampooBit Kornblume-Zitrone
4260418982060,RRT,ShampooBit Melisse-Hanf
4260418982121,RRT,ShampooBit MEN 3-in-1 Bitterorange
4260418982053,RRT,ShampooBit Orange Salbei
4260418982015,RRT,ShampooBit Rose
4260198099217,BEN,Sheabutter
4032061012070,GEB,Sheabutter Cleanser
4032061010052,GEB,Sheabutter Cream
4032061012391,GEB,Sheabutter Face Lotion
4032061012179,GEB,Sheabutter Tonic
4260261492068,WOH,Shiitake Scheiben getrocknet
4020943134095,ARC,Shiro Miso
4056114005277,SOM,Shortbread Bites - Buttergebäck
4015533037443,VOE,Shot Ingwer
4015533051029,VOE,Shot Ingwer
4015533051067,VOE,Shot Ingwer & Beeren
4015533037429,VOE,Shot Ingwer & Kurkuma
4015533051043,VOE,Shot Ingwer & Kurkuma
4015533045660,VOE,Shot Ingwer & Kurkuma 15x50
4015533054204,VOE,Shot Ingwer & Kurkuma kühlfrisch
4015533045684,VOE,Shot Ingwer 15x50
4015533043628,VOE,Shot Ingwer und Beeren
4015533056888,VOE,Shot Zitrone - Honig
4260418982145,RRT,ShowerBit Gute Laune
4260418982152,RRT,ShowerBit Mandelblüte
4020943137812,ARC,Shoyu
4020943137867,ARC,Shoyu
8713576271058,TER,Shoyu Sojasauce mit Weizen mild
8713576271607,TER,Shoyu Sojasauce mit Weizen mild
8713576271621,TER,Shoyu Sojasauce mit Weizen mild
8713576271638,TER,Shoyu Sojasauce mit Weizen mild
8713576271065,TER,Shoyu Sojasauce Spender- Tischflasche
4045800714678,GRH,Shrimps in Cocktailsauce
4045800714685,GRH,Shrimps in Knoblauchsauce
4022346612538,HEU,Shutoh Ban Japan Bancha fine
8034115195148,PSP,Siccari Appassimento
9004145006775,STN,Sieglindes Erdäpfelgewürz Tüte
8437001616022,1GZ,Sierra Morena Palido Seco
4260026691194,BIT,Silber Deo mild
4260026691125,BIT,Silber Lotion
4260026691118,BIT,Silber Salbe
4260360272516,NPU,Silberzwiebeln süá sauer
4037865000506,SND,Silvaner weiß
4040221009082,CRT,Silvaner weiß
4015537003284,HMO,Simply Seeds Cracker Käse Zwiebel
4015537003291,HMO,Simply Seeds Cracker Parmesan Pfeffer
4015537002348,HMO,Simply Seeds Fünf-Saatenbrot
4015537002737,HMO,Simply Seeds Kekse Cranberry
4015537002744,HMO,Simply Seeds Kekse Kokos Mandel
4015537002720,HMO,Simply Seeds Kekse Schoko
4260065960237,GUS,Sinnvoll weiß
4260664930747,NYK,Sisal Säckchen
4001638093989,WEL,Skin Food
4001638526708,WEL,Skin Food Body Butter
4001638590532,WEL,Skin Food Body Lotion
4001638590204,WEL,Skin Food Cleansing Balm
4001638580335,WEL,Skin Food Dry Oil
4001638501491,WEL,Skin Food Light
4001638580786,WEL,Skin Food Lip Balm
7611916558399,WEL,Skin Food nährende Nachtpflege
7611916558382,WEL,Skin Food nährende Tagespflege
7611916164880,WEL,Skin Food Shower Cream
4001638590693,WEL,Skin Food Super Serum
4055297219488,SAN,Skin Protection Toner
5701975304388,TMJ,"Skyr mit Mango 0,2%"
5701975304395,TMJ,"Skyr mit Vanille 0,2%"
4017194471208,SBG,Skyr natur
4101530007531,BGL,"Skyr natur 0,2%"
4104060030772,AND,"Skyr Natur 0,2%"
5701975303701,TMJ,"Skyr natur 0,2%"
3273221119845,BEG,Skyr Natur aus Schafmilch
4017194471109,SBG,Skyr Natur im Glas
4104060030789,AND,"Skyr Vanille 0,2%"
4005529236011,SAV,sleep & repair night cream
782126003065,NAC,Slipeinlagen geformt
782126003003,NAC,Slipeinlagen Mini
782126003096,NAC,Slipeinlagen ultra dünn
4001638590648,WEL,Slow Aging Serum Drops
9004145006829,STN,Smokey Paprika
9004145007888,STN,Smokey Salt
4260650731303,CPO,smoky jalape¤o kraut
4015533058707,VOE,Smoothie Banane Yuzu blaue Spirulina
4015533054327,VOE,Smoothie Beere Acai
4015533054365,VOE,Smoothie Erdbeere Himbeere
4015533054280,VOE,Smoothie Mandarine Ingwer
4015533054341,VOE,Smoothie Mango Maracuja
4015533054266,VOE,Smoothie Spinat Minze Spirulina
4038507010464,GOV,Snack Balls Dattel
4038507010426,GOV,Snack Balls Mandel
4038507010402,GOV,Snack Balls Schoko Kirsch
4038507010389,GOV,Snack Balls Schoko Pur
4038507010525,GOV,Snack Bites Mango
4260012644944,BIN,Snack Paprika Fritz
4005561003732,BOL,Snäckebrot Chia Leinsaat
4005561536032,BOL,Snäckebrot Curry Kürbiskern
4005561801611,BOL,Snäckebrot Laugen Brezelsalz
4005561007389,BOL,Snäckebrot Roggen Quinoa
4005561536018,BOL,Snäckebrot Schwarzkümmel Käse
4005561536025,BOL,Snäckebrot Sesam Dinkel
4005394286272,BVE,Soáen Zauber Vanille
8024586001031,LBJ,Soave weiß
8018759000723,SEL,"Sofia Condimento Bianco, 73% Most"
3273227082587,SOJ,Soja Alternative zu Quark Natur
3273227682602,SOJ,Soja Alternative zu Quark Vanille
4016249207014,ALO,Soja Barista Drink
4016249162450,ALO,Soja Cuisine
4016249143503,ALO,Soja Drink 0% Zucker
4260313280070,STR,Soja Drink Natur Pur
4004790110303,BCE,Soja Drink Ohne Zucker
4025174121166,SOB,Soja Schnetzel fein
4025174121159,SOB,Soja Schnetzel grob
8006040710949,NTT,Soja Stieleis Nuss
4009309472477,MAR,Sojabohnensprossen
3273221121121,SOJ,Sojade Apfel-Zimt
3273227082044,SOJ,Sojade Aprikose
3273221114079,SOJ,Sojade CrŠme FraŒche Alternative
3273227083324,SOJ,Sojade Heidelbeere
3273220182413,SOJ,Sojade Heidelbeere-Kirsche
3273227082242,SOJ,Sojade Himbeere-Maracuja
3273227083225,SOJ,Sojade Mango-Pfirsich
3273221092940,SOJ,Sojade Natur ohne Zucker
3273227081023,SOJ,Sojade Natur ohne Zucker
3273220981023,SOJ,"Sojade Natur ohne Zucker, 5 kg"
3273221115670,SOJ,Sojade Skyr Alternative
3273227082921,SOJ,Sojade Soja m. Kefir Kulturen Natur
3273220184981,SOJ,Sojade Vanille
4038375024204,NTM,Sojadrink Natural ungesüát
4022381315203,SPI,Sojaflocken
4022381255226,SPI,Sojamehl
9120081090330,GKO,Sojasauce
4001638098090,WEL,Sole Zahncreme
4012346533209,LEB,Solea Espresso entkoffeiniert und gemahlen
4012346533308,LEB,Solea Espresso gemahlen
3380330001487,JFR,Soleiller rot
4035447940004,BGP,Solo Syrah rot
5060466500075,TFT,Sommerbeeren Fruchtaufstrich
4170000217145,1GE,Sommerernte Honig
4026813004673,DFE,"Sommergemüse, 4x2,5 kg"
4262417560072,IAA,Sommerhonig
4086900185067,PVL,Sommersonne Duftmischung
4086900195066,PVL,Sommersonne Raumspray
4013584572340,KIF,Sommerwein rose
4013584572357,KIF,Sommerwein weiß
7640111841012,ERD,Sonamïs Tsampa Gerste
4260012641059,BIN,Sonnenblume La Torre
4260072176591,SFF,Sonnenblumen Hack
4260014352526,KME,Sonnenblumen Kern”l Vielseitig
3445020001151,BPL,Sonnenblumen”l nativ
3445020210508,BPL,Sonnenblumen”l nativ
3445020210706,BPL,Sonnenblumen”l nativ
3445020110341,BPL,Sonnenblumen”l nativ Box
4260355586499,BPL,Sonnenblumen”l nativ Mehrweg
4019339671467,DAV,Sonnenblumenbrot
4019339405079,DAV,Sonnenblumenkerne
4019339405116,DAV,Sonnenblumenkerne
4022381018883,SPI,Sonnenblumenkerne
4022381027755,SPI,Sonnenblumenkerne
4022381029797,SPI,Sonnenblumenkerne
4106060072608,BEU,Sonnencocktail
4009800012103,SCK,Sonnencreme LSF 30
4009800012110,SCK,Sonnencreme LSF 50
8720254504940,WLP,Sonnencreme LSF 50
4021457661848,LAV,Sonnenfluid Sensitiv
4033981742115,ECC,Sonnengel LSF 30
4000915101522,ISA,Sonnengetrocknete Tomaten
4000915106985,ISA,Sonnengetrocknete Tomaten
9004145007277,STN,Sonnenkuss Gewürzblüten
4021457661718,LAV,Sonnenlotion Kids LSF 50
4021457661732,LAV,Sonnenlotion LSF 30
4033981742832,ECC,Sonnenlotion LSF30
4033981742818,ECC,Sonnenlotion LSF30 neutral
4033981742849,ECC,Sonnenlotion LSF50
4033981742825,ECC,Sonnenlotion LSF50 neutral
4022569160007,LHQ,Sonnenquelle
4260248770080,HAD,Sonnensegler weiß
4033981742719,ECC,Sonnenspray LSF 30 sensitiv
4033981742733,ECC,Sonnenspray LSF 50 sensitiv
9004145025332,STN,Sonnige Grüáe TB
4031779608353,MOI,Sonntags Krustis SB
4260423370401,JMH,Sontje Frischkäse Sesam/Chili
5765228838785,URT,Soothing Gel Aloe Vera
8017955001046,PLG,Soraloc Prosecco weiß
4086900741089,PVL,SOS Spray
4019736012795,ZWE,Soul Kitchen Bangkok Curry
4019736012818,ZWE,Soul Kitchen Chili sin Carne
4019736012832,ZWE,Soul Kitchen Gemüse Curry
4019736012726,ZWE,Soul Kitchen Gemüse Käse
4019736012740,ZWE,Soul Kitchen Tikka Masala
4012346113104,LEB,Sour Cream
9120023735404,XBE,Sous-Vide Ente Pulled Duck
23462748,XBE,Sous-Vide halbe Ente
4260004910804,™WR,Souvignier Gris weiß
4086900195165,PVL,Space Clearing Raumspray
8015197010512,IRI,Spaghetti
7640230491761,HOL,Spaghetti alla Bolognese
4012346174402,LEB,Spaghetti Bolognese PB
8032804430464,FEL,Spaghetti Buchweizen gf
4024297061625,NAT,Spaghetti Dinkel hell
4250367550502,GEC,Spaghetti Eis
4024297060949,NAT,Spaghetti hell Hartweizen
8032804431898,FEL,Spaghetti Mais gf Felicia
4018462142103,BYO,Spaghetti semola
8015197041486,IRI,Spaghetti Vk
4018462142165,BYO,Spaghettini semola
4260148650543,PUF,Spanische Gemüsesuppe
4031829254769,™KL,Spanische Paella
4011432028506,WSE,Spannrahmen für DIN A3 Poster
4024297017356,NAT,Spargel weiß
4009309545263,MAR,Spargelabschnitte
4000345033127,ERN,Spargelsuppe
4260039376293,VNN,Sparkling Juicy Tea Verbene-Jasmin-Riesling
4260004912105,™WR,Spätburgunder rot
4018722303220,ALU,Spätzle frisch (Eierspätzle)
4024297022015,NAT,Spätzle Hartweizengrieá hell
4022381012713,SPI,Spätzle und Nudelmehl 550
4011849811104,PAN,"Spätzle, frisch, vegan"
4009800009691,SCK,Speick Dosierpumpe für 5 L Kanister
4008471500261,S™B,Speisequark 20%
4017194470805,SBG,Speisequark 20% 5 kg
4008471500278,S™B,Speisequark 40%
4104060011634,AND,Speisequark halbfett 20%
4017194470706,SBG,Speisequark halbfett 20% - im Glas
4017194470195,SBG,Speisequark mager - im Glas
4101530008149,BGL,"Speisequark mager 0,2% laktosefrei"
4017194470300,SBG,Speisequark mager 5 kg
4008471500254,S™B,Speisequark Magerstufe 250g
4008471500247,S™B,Speisequark Magerstufe 500g
4104060029899,AND,Speisequark Zubereitung 20%
4104060011290,AND,Speisequark Zubereitung mager
4005394191033,BVE,Speisestärke fein
4022381033916,SPI,Speisestärke gf
4260012646740,BIN,Spinat Butterflay
4026584133251,SOF,Spinat Käse Taler
7640230494205,HOL,Spinat mit Kartoffeln
4016249371524,ALO,Spinat Ricotta
4031779907340,MOI,Spinat Taschen SB
4260012641356,BIN,Spinat Thorin
4026584132155,SOF,Spinat-Cashew-R”llchen
9001969076991,HGR,Spinatkn”del
4028112077136,SDL,Spinatstrudel
4000915100297,ISA,Spinattaschen
4018462142301,BYO,Spiralen semola
4018462142509,BYO,Spiralen semola bunt
4024297061601,NAT,Spirelli Dinkel hell
4024297060901,NAT,Spirelli hell Hartweizen
4035784130588,GSE,Spirulina 200 g Pulver
4035784130557,GSE,Spirulina 240 Tabletten
4035784130564,GSE,Spirulina 550 Tabletten
4035784130502,GSE,Spirulina 80 Tabl … 500 mg
4021246102101,LUB,Spirulina Zitrone Riegel gf
4005967003411,ROS,Spitzbuben (mit feiner Johannisbeermarmelade)
4032105001503,SBŽ,Spitzbuben mit Aprikose
4260012647648,BIN,Spitzpaprika rot Resi
9004145023345,STN,Spitzwegerich
9004145023383,STN,Spitzwegerich Fichtennade
4008576400749,NYK,Splitterpinzette Solingen Vitaloy
7611916558276,WEL,Sport & Muskel Regenerationsbad Arnika
4019886015509,SOD,Sport & Outdoor Waschmittel
7611916154317,WEL,Sport Frische Boost Duschgel Arnika
4001638093637,WEL,Sport Massage-™l Arnika
4001638099240,WEL,Sport Massage-™l Arnika
4001638500814,WEL,Sport Massage-™l Arnika
4086900275201,PVL,Spot Acute Gel
4021457661107,LAV,Spot Treatment Pure Beauty
5765228837917,URT,Spray Conditioner Coconut
5701058014760,URT,Spray Conditioner Nordic Berry
4020943220903,ARC,Sprossenfrische Keimgerät
4260620682079,OFZ,Sprudeltaler Disney FROZEN mit Spielzeug
4260620682444,OFZ,Sprudeltaler Disney VAIANA mit Spielzeug
4007547503007,SNT,Sprühstärke Bügelhilfe
4019886025560,SOD,Spül-Balsam Orange & Hamamelis
4037892225507,RED,Spülbürste Fibre
4037892225408,RED,Spülbürste Fibre 4 cm
4037892206407,RED,Spülbürste Roáhaar
4019886020145,SOD,Spülmittel Lavendel & Minze
4019886002165,SOD,Spülmittel Lemon Bag in Box
4039468025481,MEM,Spülschwamm kratzfrei aus Recyclingmaterial
4039468025467,MEM,Spülschwamm scheuerstark
4039468025504,MEM,Spülschwämme Set scheuerstark & kratzfrei
4020829077461,HAU,Spülung
705632025352,AFL,Spülung Afrolocke
4262361260066,HLI,Spülung Feuchtigkeit
4262361260042,HLI,Spülung Reparatur
4262361260080,HLI,Spülung Volumen
4047679130016,LHQ,St. Georgsquelle medium
4047679130023,LHQ,St. Georgsquelle medium
4047679110018,LHQ,St. Georgsquelle still
4047679110025,LHQ,St. Georgsquelle still
4022569100003,LHQ,St. Leonhard Quelle medium
4022569110002,LHQ,St. Leonhard Quelle still
4046203669039,KFH,Stabkerzen aus Bienenwachs
4046203432640,KFH,Stabkerzen dunkelrot Stearin
4046203432602,KFH,Stabkerzen elfenbein Stearin
4046203432633,KFH,Stabkerzen rot Stearin
4046203432725,KFH,Stabkerzen weiß Stearin
5016383001942,WSE,Ständer Schwarz 100mm
4260012641097,BIN,Stangenbohne Neckark”nigin
4260012646016,BIN,Stangensellerie Tall Utah
4024297020752,NAT,Stapelschüttendisplay leer
4055297181259,LOG,Stärkendes Kopfhaut Tonikum Brennnessel
4012346222509,LEB,Stärkungstee
4015533062322,VOE,Start Shot Rote Bete Ingwer Guarana
4015533062926,VOE,Start Shot Rote Bete Ingwer Guarana
4086900444973,PVL,Starter u Travel Set Glowing Age
4086900444959,PVL,Starter u Travel Set Hydrating
4086900444966,PVL,Starter u Travel Set Pure Balance
4018462191507,BYO,Steak & Pfeffer Sauce
4260435771388,SPC,Steinpilz Meersalz
4260261492013,WOH,Steinpilze getrocknet
4018462404027,BYO,Steirisches Kürbiskern”l
4260355582514,BPL,Steirisches Kürbiskern”l
9004145003989,STN,Sternanis ganz Tüte
4012346157801,LEB,Sternanis Tüte
4005967007709,ROS,Sternentraum Müsli
4032105000216,SBŽ,Stevertaler Früchtebrot
4000381004334,HUO,Sticks
4006748009158,MAY,Sticks
4026584133107,SOF,Sticks Kreta-Style
4026584133008,SOF,Sticks Toskana-Style
8711521021925,ICF,Stieleis Almond Choc (Mandel)
4250367550274,GEC,Stieleis Classic
8719325110692,NIE,Stieleis Erdbeer Sahne
4017194489081,SBG,Stieleis Flecki
4017194489098,SBG,Stieleis Flecki Multipack
8720828386248,NIE,Stieleis Haselnuss Schoko
8720828386125,NIE,Stieleis Heidelbeere Weiáe Schoko
4017194489104,SBG,Stieleis Himbeere
8717953108531,NIE,Stieleis Himbeere Hibiscus
4250367550304,GEC,Stieleis Mandel
4250367550663,GEC,Stieleis Mango Crisp
4250367550656,GEC,Stieleis Mango Crisp Multipack
4250073462762,FWO,Stieleis Mango-Passionsfrucht FIGGO Multipack
4017194489227,SBG,Stieleis Milch
8711521021918,ICF,Stieleis Milk Choc (Vollmilch)
8711521158904,ICF,Stieleis Milk Choc (Vollmilch)
4017194489197,SBG,Stieleis Mix Box
8711521021901,ICF,Stieleis Plain Choc (Zartbitter)
4017194489203,SBG,Stieleis Sahne Kaffee
4017194489210,SBG,Stieleis Sahne Kaffee Multipack
8711521158928,ICF,Stieleis White Choc
4260664939542,NYK,"Stielkamm, aus recycelten Tauen"
4012346535203,LEB,Stilltee TB
4011432045541,WSE,Straáenaufsteller Ersatzfolie
4013594304061,XXX,Straáenmalkreide 6 Stifte
4011432033029,WSE,Straáenplakatständer DIN A1
4017194489043,SBG,Stracciatella Eis
80603078,RAC,Stracciatella Eis aus Heumilch
80625469,RAC,Stracciatella Eis aus Heumilch
4044889005349,VNI,Stracciatella Weiáe mit Cacao Nibs
4001638580137,WEL,Straffende Augenpflege Granatapfel u Maca Peptide
4260631131795,GR™,Straffende K”rperlotion
4021457649204,LAV,Straffende Nachtpflege
4001638580090,WEL,Straffende Nachtpflege Granatapfel u Maca Peptide
4001638590501,WEL,Straffende Serum Bodylotion Maca-Peptide
4021457649174,LAV,Straffende Tagespflege
4001638580045,WEL,Straffende Tagespflege Granatapfel u Maca Peptide
4001638579995,WEL,Straffendes Serum Granatapfel u Maca Peptide
4008576400640,NYK,Strähnenkamm aus Buchenholz
4019736008804,ZWE,Streich 4 Pfeffer
4019736008811,ZWE,Streich Aubergine
4019736008828,ZWE,Streich Bärlauch
4019736008835,ZWE,Streich Basilikum
4019736008842,ZWE,Streich Brotzeit
4003247201328,VTQ,Streich Chili - vegane Frischkäsealternative
4003247201311,VTQ,Streich Garten - vegane Frischkäsealternative
4019736008866,ZWE,Streich Kräuter Tomate
4019736008873,ZWE,Streich Kürbis Orange Streich
4019736008880,ZWE,Streich Mango Curry
4019736008927,ZWE,Streich Mediterran
4019736008897,ZWE,Streich Meerrettich
4003247201304,VTQ,Streich natur - vegane Frischkäsealternative
4019736008910,ZWE,Streich Paprika Chili
4003247201342,VTQ,Streich Provence - vegane Frischkäsealternative
4019736008934,ZWE,Streich Rote Bete Meerrettich
4019736008958,ZWE,Streich Rucola Senf
4019736008941,ZWE,Streich Rucola Tomate
4019736008965,ZWE,Streich Schnittlauch
4019736008972,ZWE,Streich Sonnen Tomate
4003247201335,VTQ,Streich Tomate - vegane Frischkäsealternative
4019736008903,ZWE,Streich Tomate Olive
4019736014584,ZWE,Streich's drauf Natur
4016249434113,ALO,Streichgenuss Bärlauch
4016249128708,ALO,Streichgenuss Brotzeit
4016249128746,ALO,Streichgenuss Bruschetta
4016249128739,ALO,Streichgenuss Meerrettich
4016249128722,ALO,Streichgenuss Papaya Mango
4019736014522,ZWE,Streichïs drauf Arrabitom
4019736014805,ZWE,Streichïs drauf Basitom
4019736014645,ZWE,Streichïs drauf Bruschesto
4019736014706,ZWE,Streichïs drauf Chilitoffel
4019736014607,ZWE,Streichïs drauf Currika
4019736014829,ZWE,Streichïs drauf Currychini
4019736014782,ZWE,Streichïs drauf Gelbie
4019736014768,ZWE,Streichïs drauf Ingwery
4019736014720,ZWE,Streichïs drauf Kürbi
4019736014621,ZWE,Streichïs drauf Meditom
4019736014546,ZWE,Streichïs drauf Mepfel
4019736014683,ZWE,Streichïs drauf Papayango
4019736014744,ZWE,Streichïs drauf Papucchini
4019736014843,ZWE,Streichïs drauf Sendi
4019736014560,ZWE,Streichïs drauf Smoto
4019736014508,ZWE,Streichïs drauf Tomape¤o
4019736014669,ZWE,Streichïs drauf Tomesan
7640166794271,ZFK,Streichzart Butter mit Raps”l
4004689269068,BMR,"Stremellachs Kräuter, heiágeräuchert"
4004689269044,BMR,"Stremellachs Natur, heiágeräuchert"
4086900755307,PVL,Stressfrei Duft Roll-On
9004145071698,STN,Streudose leer
4018462145401,BYO,Strozzapreti semola
4260229160060,DST,Strudelteig
4019886190015,SOD,Stückseife Lavendel & Kamille
4019886190060,SOD,Stückseife Lemongrass & Ingwer
4019886190022,SOD,Stückseife Mandel & Avocado
4019886190077,SOD,Stückseife Rose & Geranie
4019886190053,SOD,Stückseife Verbene & Lemon
4260012647709,BIN,Studentenblume
4046203433807,KFH,Stumpen gr. elfenbein Stearin
4046203433838,KFH,Stumpen gr. rot Stearin
4046203433203,KFH,Stumpen kl. elfenbein Stearin
4046203433234,KFH,Stumpen kl. rot Stearin
4011162751903,WCK,Sturz Glas mit Deckel 200 ml 56x80mm
4011162900905,WCK,Sturz Glas mit Deckel 290 ml 87x80mm
4011162741928,WCK,Sturz Glas mit Deckel 370 ml 69x100ml
4011162742925,WCK,Sturz Glas mit Deckel 580 ml 107x100mm
4011162743922,WCK,Sturz Glas mit Deckel 850 ml 147x100mm
4011162740907,WCK,Sturz Glas Schale mit Deckel 290 ml 55x100mm
4260026696144,BIT,Styling Gel
4260026696151,BIT,Styling Paste
4260664939566,NYK,"Stylingkamm, aus recycelten Tauen"
4024297021650,NAT,Süá Sauer Sauce
8713576162028,TER,Süáe Lakritz Maxi Tubi
8713576162059,TER,Süáe Lakritz Tubis
8713576163179,TER,Süáe Lakritze Stones
8713576163186,TER,Süáe Lakritze Zoo
8713576162042,TER,Süáe Lakritzschlangen
4260148654022,PUF,Süáe Zitronengras-M”hren mit Rosmarin
4260112291260,MKS,Süáer Hausmacher Senf
4018462161609,BYO,Süáer Senf
4019736007050,ZWE,Süáer Senf bayerisch
4018462161623,BYO,Süáer Senf Tube
4012346224602,LEB,Süáer Wintertraum TB
4026584131806,SOF,Süákartoffel Burger
4031829263044,™KL,Süákartoffel Cremesuppe
4015637019246,BAK,Süákartoffel Falafel
8714685903229,FRT,Süákartoffel Falafel
4011849802003,PAN,Süákartoffel Schupfnudeln
4026584104312,SOF,Süákartoffel-Fritten
4026813000378,BSI,"Süákartoffeln, geschnitten"
4026813420213,NCL,Süákirschen
4260360271915,NPU,Süálupinen
4026367045108,UBM,Süárahmbutter
4024297009375,NAT,Sucanat Vollrohrzucker
4000915040289,ISA,Südtiroler Speck (Schinken)
4000915040296,ISA,"Südtiroler Speck (Schinken), Theke"
4028108141063,BDH,Sultans Freude (ohne Datteln)
4028108141070,BDH,Sultans Freude mit Datteln
4028108000179,BDH,"Sultans Freude mit Datteln, Theke"
4022346329221,HEU,Sumach
4260752750882,SPC,Sumach
4032061210049,GEB,Summer Time Cream
8720254504957,WLP,Sun Stick LSF 50
4260651251015,SFF,sunflowerBOLOmix
4260651251008,SFF,sunflowerBURGERmix
4028719402102,CMD,Sunny Sports K”rperlotion
4028719403109,CMD,Sunny Sports Shampoo/Duschgel
4000915100822,ISA,Super Mousse Weiáe Bohne & Tomate
4022993300208,STZ,Super Panini Rustic gf
4055297220446,SAN,Super Strong Shampoo Bambus
4055297220026,SAN,Super Strong Spülung Bambus
9004998014989,LAG,Superfruit Mix gefriergetrocknet
4026813020086,NCL,Suppengemüse
4026813004529,DFE,"Suppengemüse, 4x2,5 kg"
4031829253700,™KL,Suppengrün
27068007,BKH,"Suppenhuhn, 4x ca 1,1kg"
4020943136860,ARC,Sushi Ingwer
8713576173390,TER,Sushi Ingwer
8713576471960,TER,Sushi Nori 10 Blätter
4020943131445,ARC,Sushi Reis
8713576275636,TER,Sushireis
4260651480095,JTT,Süsskartoffel Glas Spaghetti
4027468000386,ERH,Sweet and Sour
4260272987942,LCH,Sweet Chili Kesselchips
4250073463929,FWO,Sweet Chili Noodles
4024297021674,NAT,Sweet Chili Sauce
4020943135900,ARC,Sweet Matcha-Mix
4260221611713,EMS,Sylter Dressing mit Balsamico
8437008467047,PAR,Syrah demeter rot
5204845001016,PPK,Syrah ros‚
4024297340485,NAT,Syramena Würfelzucker
4020829039049,HAU,T”nungscreme
4020829072794,HAU,T”nungsfluid
4019339641033,DAV,Taboul‚ Salat
4007547402805,SNT,Tabs Geschirrspülmaschine
8718421156511,LOV,Tafel 93% RAW
8718421154333,LOV,Tafel Blaubeere Hanfsaat RAW
8718421158140,LOV,Tafel Extreme Dark 99% RAW
8720574842029,LOV,Tafel LOV Dark & Dates
8720574842357,LOV,Tafel LOV Dark Chocolate
8720574842234,LOV,Tafel LOV Ginger Orange
8720574842326,LOV,Tafel LOV Passionfruit Mango
8720574842265,LOV,Tafel LOV Pistachio Almond
8720574842203,LOV,Tafel LOV Raspberry Rosemary
8720574840599,LOV,Tafel LOV Soul vegan
8718421154326,LOV,Tafel Süáe Kakaonibs Meersalz RAW
4019736207016,ZWE,Tafel-Meerrettich -Kühlartikel
4018462160558,BYO,"Tafelmeerettich ungeschwefelt, kühlpflichtig"
4018462160565,BYO,"Tafelmeerrettich, kühlpflichtig"
4020829005389,HAU,Tag u Nachtkur sensitiv 50St.
4020829005372,HAU,Tag und Nachtkur sensitiv 10St
4260418987164,RRT,Tagescreme Good Morning
4260198097183,BEN,Tagescreme Olive TAGSCHWŽRMER:IN
4021457661138,LAV,Tagespflege Pure Beauty
4018462143001,BYO,Tagliatelle Nester semola
4018462143100,BYO,Tagliatelle Nester semola grün
8032804430853,FEL,Tagliatelle Reis VK
4031829254950,™KL,Tagliatelle Verde mit Lachs
8713576004250,TER,Tahin braun Sesammus
8713576004427,TER,Tahin braun Sesammus
8713576100112,TER,Tahin weiß
4020943137232,ARC,Tamari
4020943137911,ARC,Tamari Cedarwood
4020943131919,ARC,Tamari Cracker gf
8713576271218,TER,Tamari Sojasauce
8713576271225,TER,Tamari Sojasauce Japan
8713576271249,TER,Tamari Sojasauce Japan
8713576271256,TER,Tamari Sojasauce Japan
782126001009,NAC,Tampons normal
782126002006,NAC,Tampons super
782126002020,NAC,Tampons super plus
4250367550793,GEC,Tannenbaum Eis
4019838090264,CDO,Tansania Broken Mama Africa
4020943232715,ARC,Tapioka Stärke
8018759001898,SEL,Taralli classic
4006182007130,SOM,Taralli glutenfrei
8018759001904,SEL,Taralli mit Fenchelsamen
4250367550557,GEC,Tartufo nero
4008576400695,NYK,Taschenkamm aus Buchenholz
4260664939559,NYK,"Taschenkamm, aus recycelten Tauen"
4039468006039,MEM,Taschentücher 4-lagig
4039468024859,MEM,Taschentücher in der Spenderbox
9004145026629,STN,Tee Probier mal TB
4012346783703,LEB,Tee Topseller Display
4086900101821,PVL,Teebaum bio
4086900106826,PVL,Teebaum bio
4028719613423,CMD,Teebaum”l Duschgel
4028719613188,CMD,Teebaum”l Feuchtigkeitscreme
4028719613867,CMD,Teebaum”l Fuácreme
42045120,CMD,Teebaum”l Intensivcreme
4028719613430,CMD,Teebaum”l K”rperlotion
4028719100305,CMD,Teebaum”l kbA
4018874080901,ARI,Teebaum”l Lutschpastillen
4028719613928,CMD,Teebaum”l Mundwasser Konzentrat
4028719613294,CMD,Teebaum”l Pickelroller
4028719613607,CMD,Teebaum”l Shampoo
4028719613119,CMD,Teebaum”l Waschgel
4028719613904,CMD,Teebaum”l Zahncreme
4028719613287,CMD,Teebaum”l Zinksalbe
4046203418125,KFH,Teelichter aus Bienenwachs
4046203418781,KFH,Teelichter aus Bienenwachs mit einem Glas
4046203432046,KFH,Teelichter dunkelrot Stearin
4046203432008,KFH,Teelichter elfenbein Stearin
4046203434903,KFH,Teelichter in Aluhülle weiß aus Stearin
4046203418934,KFH,Teelichter rot aus Bienenwachs
4046203418972,KFH,Teelichter rot aus Bienenwachs mit einem Glas
4046203432039,KFH,Teelichter rot Stearin
4046203432121,KFH,Teelichter weiß Stearin
4012346002835,LEB,Teenetze Gr. 2 (9 cm)
22001450,SDS,Teewurst
4003247702429,VTQ,Teewurst vegan
4260229160152,DST,Teig für Quiche & Tartes
4260435770343,SPC,Tellicherry Pfeffer
4260397821190,TMA,Tempeh Berglinsen
4260397821060,TMA,Tempeh Black Bean Tamari
4260397821213,TMA,Tempeh Burger Smoky Paprika
5400313002534,YAK,Tempeh im Glas
4260397821114,TMA,Tempeh Knoblauch-Koriander
4260397821268,TMA,Tempeh Lupinen Sweet Chili
4260397821282,TMA,Tempeh Lupinen Wildkräuter
4260397821169,TMA,Tempeh Soja BBQ
4260397821152,TMA,Tempeh Soja Curry
4260397821121,TMA,Tempeh Soja Gyros
4260397821022,TMA,Tempeh Soja Natur
4260397821176,TMA,Tempeh Soja Teriyaki
4020943139397,ARC,Teriyaki
4250073462533,FWO,Teriyaki Noodles
4030917060909,SAC,Teriyaki Sauce
8713576173437,TER,Teriyaki Woksoáe
4037865030008,SND,Terra Vita rot
4030917019808,SAC,Thai Chili Sauce Gastroline
4000345298830,EVP,Thai Curry Kichererbse
4012346172804,LEB,Thai Curry PB
4019339641057,DAV,Thai Curry Pfanne
4012346168906,LEB,Thai Küche
4260155025013,JOO,Thaicurry mit Basmatireis
4262436240481,NIA,Thank you Seife Melisse Salbei
4260644620132,HUA,"The Beauty free 0,0 % Vol"
4024967010342,HUA,The Beauty Organic Gin
4005967998243,ROS,Thekendisplay Frühling/Ostern
4260623223118,SWL,Thekendisplay SweMa
4009800004177,SCK,Thermal Sensitiv Deo Roll on
4009800004191,SCK,Thermal Sensitiv Deo Spray
4009800004405,SCK,Thermal Sensitiv Deo Stick
4026968017702,FON,Thunfisch Bonito naturell
4026968017900,FON,Thunfisch Bonito Oliven”l
4026968017801,FON,Thunfisch Bonito Sonnenblumen
4250073460041,FWO,Thunfisch Filets Pur ohne Abtropfen
4250073462854,FWO,Thunfisch im eigenen Saft Natur Duopack MSC
4250073450639,FWO,Thunfisch im eigenen Saft Natur MSC
4026968015975,FON,Thunfisch in eigenem Saft MSC
8412439285330,PDM,Thunfisch in Oliven”l
4250073450653,FWO,Thunfisch in Oliven”l MSC
4250073451223,FWO,Thunfisch in Sonnenblumen”l MSC
4250073451513,FWO,Thunfisch Medaillons MSC
8412439285101,PDM,Thunfisch naturell
8412439286917,PDM,Thunfisch Oliven Pastete
4250073462878,FWO,Thunfisch Oliven”l Duopack MSC
4250073463011,FWO,Thunfisch Pasta MSC
4026968018006,FON,Thunfisch Pasta Oliven Kapern
4045800656947,GRH,Thunfischsalat
4026968015401,FON,Thunfischsalat Asia
4026968015302,FON,Thunfischsalat Texas
4260012641752,BIN,Thymian
4022346326275,HEU,Thymian gereb Thüringen Tüte
4260752752893,SPC,Thymian gerebelt
4022346226254,HEU,Thymian gerebelt Dose
4012346115481,LEB,Thymian gerebelt getrocknet
4012346155104,LEB,Thymian gerebelt Tüte
9004145023376,STN,Thymian Holunder Salbei
9004145005617,STN,Thymian lose
9004145025578,STN,Thymian TB
4086900105836,PVL,Thymian Thymol bio
9004145006669,STN,Thymian Tüte
4260026697134,BIT,Tiefenreinigung Shampoo
4260435775140,SPC,Timut Pfeffer
4260198098999,BEN,Tinted Lip Balm mit LSF berry bliss
4260198098982,BEN,Tinted Lip Balm mit LSF coral breeze
4260198098975,BEN,Tinted Lip Balm mit LSF soft bloom
8412439285071,PDM,Tintenfischstücke galizisch
8412439285033,PDM,Tintenfischstücke in Oliven”l
8003938009406,RAC,Tiramisu Eis
8003938009420,RAC,Tiramisu Eis
8005020009219,GIL,Tiramisu-Cafe-Dessert
8005020009738,GIL,Tiramisu-Cafe-Dessert - 300g
9008281005555,BOM,Tiroler Almschnittlauchkäse aus Heumlich g.t.S.
9008281005098,BOM,Tiroler Bergkäse g.U. Reith 3 M
9008281005128,BOM,Tiroler Bergkäse g.U. Reith 8 M
9008281005210,BOM,"Tiroler Emmentaler 1/1 Zwickel, 5 M"
9008281005180,BOM,"Tiroler Emmentaler 1/2 Zwickel, 5 M"
9008281002417,BOM,"Tiroler Emmentaler mit Steinsalz, Zwickel"
9008281004824,BOM,"Tiroler Felsenkaiser, 10 M aus Heumlich g.t.S."
9008281005838,BOM,Tiroler Korbkäse aus Heumilch g.t.S
9120081090156,GKO,Tiroler Würze
4030177030483,WSE,Tischabroller (30cm) Käsepapier
2900000995000,5WP,TK-Rollcontainer/Box
4028112059972,SDL,™kiss©
4028112008789,SDL,™kiss© (5 St.) SB
4019886005203,SOD,™ko Haushaltstücher
4019886005173,SOD,™ko Schwammtücher
4007547605008,SNT,™ko Spülschwamm
4260452330148,OEB,™kobon B57/D38/LD12 mit allgem. Lastschrift
4260452330117,OEB,™kobon B57/D38/LD12 mm REA Lastschrift
4260452330186,OEB,™kobon B57/D38/LD12 unbedruckt
4260452330315,OEB,™kobon B57/D40/LD12 mm allgem.Lastschrift
4260452330094,OEB,™kobon B80/D80/LD12 plastikfrei unbedruckt
4260452330100,OEB,™kobon Kassen Thermopapier Rea Lastschrift
4260452330087,OEB,™kobon Kassen Thermopapier Rückseite bedruckt 40 R
4260452330018,OEB,™kobon Kassen Thermopapier unbedruckt 40 Rollen
4031829285503,™KL,™koländer Salami-Snack
4031829285558,™KL,"™koländer Salami-Snack, Rind"
4038857116014,™KV,™kovital Bär
4038857115017,™KV,™kovital Bär ohne Gelatine
4038857116908,™KV,™kovital Bär ohne Gelatine
4260355585935,BPL,™lkomposition für Curry und Co
4260355586932,BPL,™lkomposition für die Thai Küche
4260355585652,BPL,™lkomposition für Pizza und Pasta
4260355585690,BPL,™lkomposition für Wokgerichte
4260012647655,BIN,™llein Lirina Gründüngung
4000915100099,ISA,Toast & Burger Schmelzkäsescheiben
4022993300390,STZ,Toastie High Protein
4012359133007,TAI,Tofiner
4012346180502,LEB,Tofu
4012359114204,TAI,Tofu Basilico
4012359130006,TAI,Tofu Bratwurst gepfeffert
4012359138101,TAI,Tofu Bratwurst geräuchert
4012359139009,TAI,Tofu Bratwurst scharf
4012359438102,TAI,Tofu Bratwürstchen GV
4012359114501,TAI,Tofu Curry-Mango
4260095520111,BCE,Tofu geräuchert
4260095520104,BCE,Tofu Natur
4012359110107,TAI,Tofu Natur 200 g
4012359110206,TAI,Tofu Natur 400 g
4012359410306,TAI,Tofu Natur GV
4012359114402,TAI,Tofu Olive
4012359114303,TAI,Tofu Rosso
4012359136008,TAI,Tofu Rostbräterle
4012359114907,TAI,Tofu Spinacia
28060352,TOU,Tofu-Schinken SB (ca. 10 x ca. 100g)
4012359120106,TAI,Tofu-Terrine Graffiti
4039468015079,MEM,Toilettenpapier 2-lagig
4039468030478,MEM,Toilettenpapier 3-lagig
4039468024842,MEM,Toilettenpapier 4-lagig
4015637824048,BAK,Tomate Basilikum Burger gf
4260012641684,BIN,Tomate Berner Rose
4260012644937,BIN,Tomate Cocktail Philamina
4260012647693,BIN,Tomate Datella
4260272987805,LCH,Tomate Kesselchips
4016249371517,ALO,Tomate Mozzarella Hartkäse
8018759000198,SEL,Tomate natur mit Basilikum
4016249371609,ALO,Tomate Olive Feta
4260012641370,BIN,Tomate Zuckertraube
4031829232507,™KL,Tomaten Creme Suppe
8015197030077,IRI,Tomaten geschält
4012346112404,LEB,Tomaten Gewürzsalz Topping
8018759000105,SEL,Tomaten halbgetrocknet in Oliven”l
4018462157008,BYO,Tomaten Ketchup
4018462157404,BYO,Tomaten Ketchup
4019736005544,ZWE,Tomaten Ketchup
4030917058708,SAC,Tomaten Ketchup
4018462157251,BYO,Tomaten Ketchup 80% Tomatenanteil PET
4018462157305,BYO,Tomaten Ketchup ohne Kristallzucker
4018462603628,BYO,Tomaten Paprika Mark
4024297158158,NAT,Tomaten Passata
8015197030183,IRI,Tomaten passiert
4000915106725,ISA,Tomaten Pesto vegan
4024297022596,NAT,Tomaten Polpa
4019736018131,ZWE,Tomaten Schmelz
8015197025448,IRI,Tomaten-Passata Bag in Box
4012346179506,LEB,Tomatenbutter
8015197026087,IRI,Tomatenkonzentrat 28/30Brix
4018462603192,BYO,Tomatenmark
8015197030176,IRI,Tomatenmark
4019736000402,ZWE,Tomatenmark 22%
4019736000754,ZWE,Tomatenmark 22%
4024297003359,NAT,Tomatenmark 22%
4018462603604,BYO,Tomatenmark Doppelfrucht
4024297013945,NAT,Tomatenmark Tube
8018759000013,SEL,Tomatenpassata
8018759003786,SEL,Tomatenpassata
5202423180030,MAN,Tomatenpaste
8018759000020,SEL,Tomatenpolpa ohne Salz - stückig
8018759002185,SEL,Tomatenpolpa ohne Salz - stückig
8018759003649,SEL,Tomatenpolpa ohne Salz - stückig
4015533051142,VOE,Tomatensaft
4260067151800,CES,Tomatensauce Alla Norma - Aubergine
4260067151794,CES,Tomatensauce allïarrabbiata
4019736003335,ZWE,Tomatensauce Arrabbiata
4260623225044,SWL,Tomatensauce Arrabiata
4019736004028,ZWE,Tomatensauce Basilikum
4030917040703,SAC,Tomatensauce Classico
4260623225129,SWL,Tomatensauce gegr. Gemüse
8018759000785,SEL,Tomatensauce Kinder
8018759000877,SEL,Tomatensauce m. ger”st. Auberginen
8018759001379,SEL,Tomatensauce m. orient. Gewürzen
4019736017219,ZWE,Tomatensauce Mascarpone
4260067151787,CES,Tomatensauce mit Oliven und Kapern
8018759003519,SEL,Tomatensauce mit Ricotta Käse
8018759001003,SEL,Tomatensauce mit Schafskäse
8018759000938,SEL,Tomatensauce mit Seitan
4019736911616,ZWE,Tomatensauce Napoli
4260067151770,CES,Tomatensauce natur
4260623225204,SWL,Tomatensauce Olive Kapern
4019736004134,ZWE,Tomatensauce Papaya Chili
4019736004158,ZWE,Tomatensauce Ricotta
4030917041106,SAC,Tomatensauce Ricotta
4019736017196,ZWE,Tomatensauce vegane Linsen Bolognese
4030917041304,SAC,Tomatensauce Vegetarische Bolognese
4000345043683,ERN,Tomatensuppe
4250096907486,KBH,Tomatensuppe
4260148650499,PUF,Tomatensuppe
8053323644156,SEL,Tomatensuppe
4260155021060,JOO,Tomatensuppe mit Gemüse
4260221615018,EMS,TomatenTomaten Ketchup
3416060007571,VAV,Tomme de Brebis
3309480001017,VAV,Tomme de Savoie IGP
3309480004513,VAV,Tommette de Yenne
4170000010142,BVD,Tonic Water B4
4086900276000,PVL,Toning Lotion Perfectly Illuminating
42431749,AGA,Tonkabohnen gemahlen
4022346327326,HEU,Tonkabohnen gemahlen
5765228837849,URT,Toothpaste Aloe Vera
5765228837818,URT,Toothpaste Eucalyptus
5765228837832,URT,Toothpaste Mint & Green Tea
4037892226030,RED,Topfbürsten
4032105003118,SBŽ,Topfen Rosinen Torte -geback
4028112077495,SDL,Topfentaschen
4260435778677,SPC,Topping Allrounder
4012346748405,LEB,Topseller Gewürze Display
4012346779003,LEB,Topseller Tee Display
4000915029161,ISA,Tortelli mit Ricotta & Spinat
4000915029147,ISA,Tortelli mit Steinpilz
4005496224035,DAP,Tortellini Champignon
4000915107616,ISA,Tortellini Family Pack
4005496224011,DAP,Tortellini Gemüse
4005496224004,DAP,Tortellini Käse
4000915029123,ISA,Tortellini mit Basilikum-Pesto 200g
4000915029116,ISA,Tortellini mit Käse und Tomaten
4005496224196,DAP,Tortellini Steinpilz
4011849200502,PAN,Tortelloni 4 Käse
4011849200700,PAN,Tortelloni Ricotta-Füllung
4011849200205,PAN,Tortelloni Spinat-Pinienkerne
4260096395527,AGA,Tortenguss
4005394144879,BVE,Tortenguss klar
4005394201640,BVE,Tortenguss klar
4013044110198,BTH,Tortenguss klar
4005394144886,BVE,Tortenguss rot
4005394201657,BVE,Tortenguss rot
4013044110204,BTH,Tortenguss rot
4260096395534,AGA,Tortenguss rot
8718754500746,TFO,Tortilla Chips Chili
8718754501897,TFO,Tortilla Chips Nacho
8718754500951,TFO,Tortilla Chips Naturel
8718754501002,TFO,Tortilla Chips Naturel
8717496903990,AMI,Tortilla Wraps
8718976015073,AMI,Tortilla Wraps ballaststoffreich
4000915040043,ISA,Toscanella Salami Aufschnitt
8437007732795,1SI,Toscar Air‚n-Sauvignon blanc weiß Bag in Box
8437007732399,1SI,Toscar rose Bag in Box
8437007732344,1SI,Toscar Tempranillo rot Bag in Box
4028332323020,WMF,Toskana Frische Creme
4025089006503,SAN,Total Care Zahncreme Minze
4025089006466,SAN,Total Care Zahncreme Myrrhe
4005561006597,BOL,Traffix Kakao Kekse
4100570017845,BEP,Trakaya (Hirtenkäse)
4055627951019,XXX,tranquillo Seifenschale Classic rose
4260198092577,BEN,Translucent Powder mission invisible
4015533000737,VOE,Traubensaft Chardonnay weiß
4015533019296,VOE,Traubensaft Merlot
4260065961012,GUS,Traubensaft PIWI rot
4106060011577,BEU,Traubensaft rot Barbera
4086900186019,PVL,Träum süá
4012346224107,LEB,Treibende Kraft
4035626115766,WSE,Trennschiene groá für Ifco-Kisten LL4310
4035626115759,WSE,Trennschiene klein für Ifco-Kisten LL4314
4017194432483,SBG,"Trink-Kefir Mango 6x0,5l"
4017194432902,SBG,"Trink-Kefir mild 1,5% - 6x500g"
4009816033680,XXX,Trinkhalme aus Glas mit Bürste
4017194009807,SBG,"Trinkmolke 6x0,5l"
4013320131725,GEP,Trinkschokolade
4044889004779,VNI,Trinkschokolade
4013320115442,GEP,Trinkschokolade Zartbitter
4260198091488,BEN,Trio Blush fall in love
4037865000407,SND,Trio weiß
4260026691330,BIT,Trockene Kopfhaut Shampoo
4013044100106,BTH,Trockenhefe aus Getreide
4260026697172,BIT,Trockenshampoo hell
4260026697189,BIT,Trockenshampoo hell Refill
4033548000313,SHE,Trollinger lieblich rot
4260009218950,PVD,Tropical Fruits Encyme Peeling
4018462149706,BYO,Trottole Protein Plus
5060002043172,BXO,Trüffel mit Cognac
4260100262883,BLR,Trüffel Pizza
8718924685914,MKK,"Trüffelgouda ""Truffo"""
9004145009813,STN,Tschin Tschin Sirup
4012346277202,LEB,Tulsi (Indisches Basilikum) TB
4260148650550,PUF,Türkische Linsensuppe
8713576003932,TER,Twists Erdbeere
8713576003949,TER,Twists Himbeere
8713576003628,TER,Twists Salzlakritz
8720165451623,TSP,TZAMPAS Bowl Golden Milk
8720165451609,TSP,TZAMPAS Bowl Tigernut
8720165451326,TSP,TZAMPAS Cacao Nibs
8720165451302,TSP,TZAMPAS Choco
8720165451043,TSP,TZAMPAS Cocoa Berry
8720165451067,TSP,TZAMPAS Coconut Oat
8720165451920,TSP,TZAMPAS Espresso
8720165451340,TSP,TZAMPAS Goji Orange
8720165451852,TSP,TZAMPAS Golden Milk
8720165451821,TSP,TZAMPAS Haselnuss
8720165451791,TSP,TZAMPAS Himbeere
8720165451869,TSP,TZAMPAS Protein Crunch
8714685902123,FRT,Tzatziki
8713576272963,TER,Udon - Japanische Weizennudel
4260651481122,JTT,Udon Nudeln
4012346462707,LEB,Uganda Kaffee ganze Bohne
4012346462905,LEB,Uganda Kaffee gemahlen
4260752750905,SPC,Umami Bums
9004145012219,STN,Umami Gewürzzubereitung
8713576271300,TER,Umami Sauce
4020943139427,ARC,Ume Su Umeboshi Würzsauce
4016249076313,ALO,Ungesüátes Crunchy Frucht
4016249075699,ALO,Ungesüátes Crunchy Kakao
4016249073008,ALO,Ungesüátes Crunchy Pur
4262437698304,KLY,Universal Waschmittel
4019886015615,SOD,Universal Waschmittel Limette
4019886015660,SOD,Universal Waschmittel Limette Bag in Box
4019886015714,SOD,Universal Waschmittel Sensitiv
5016383008194,WSE,Universalständer schwarz
4011557118403,,Uno e Basta ganze Bohne
4280001996625,NIA,Upcycling Peelingseife Kaffeekirsche
4280001996304,NIA,Upcycling Peelingseife Orangenschale
4280001996915,NIA,Upcycling Peelingseife Zitronenschale
4016512062142,ERN,Ur Salz
4016512062203,ERN,Ur Salz grob für die Mühle
4016512062104,ERN,Ur Salz im Streuer
4016512062180,ERN,Ur-Salz fein
4260026691231,BIT,Urea Gesichts Creme 5 %
4260026691132,BIT,Urea Lotion 10 %
4260102480056,BSK,Uriger Allgäuer aus Heumilch
4008471512738,S™B,"Uriger Hannes, Demeter"
4022346321492,HEU,Urwaldpfeffer Tribal schwarz ganz Tüte
4009800002524,SCK,V- Aktiv Shampoo Glanz und Volumen
4086900600317,PVL,V- Aroma Zubeh”r Duftbox
9004145018082,STN,V- Einlege Gewürze Pultdisplay
4260631131832,GR™,V- GRN [GRšN] Einführungspaket Gesichtspflege
4260631131825,GR™,V- GRN [GRšN] Einführungspaket Haarpflege
4009800002630,SCK,V- Natural Aktiv Duschgel
22089724,SGM,"V-Almk”nig, PrePack 12xca.0,19kg ohne UVP"
4086900420205,PVL,V-Aroma Vernebler Purist
4086900420038,PVL,V-Aroma Vernebler Woody
9004145018280,STN,V-Asia Gewürze Pultdisplay
22081452,WBI,V-b*Abschnitte v. Rind (Hack)
22000125,WBI,"V-b*Blaues Wunder, PrePack 19x0,22kg ohne UVP"
22081513,WBI,V-b*Brust v. Hähnchen
22089632,WBI,"V-b*Gouda Bas/Knob, PrePack 19x0,23kg ohne UVP"
22000378,WBI,"V-b*Gouda jung, PrePack 19xca. 500g ohne UVP"
22089861,WBI,"V-b*Gouda jung, PrePack 19xca.0,25kg ohne UVP"
22089625,WBI,"V-b*Gouda pikant, PrePack 19x0,21kg ohne UVP"
22089649,WBI,"V-b*Gouda T|O|P, PrePack 19x0,23kg ohne UVP"
22000354,WBI,"V-b*Helle Freude, PrePack 19x0,22kg ohne UVP"
22081520,WBI,V-b*Keulen v. Hähnchen
22081155,WBI,"V-b*Kochschinken, Theke"
22089663,WBI,"V-b*Kolumbus, PrePack 19x0,2kg ohne UVP"
22081209,WBI,V-b*Lachse vom Schwein
22089618,WBI,"V-b*Leonardo da Vinci, PrePack 19x0,18kg ohne UVP"
22082251,WBI,V-b*Oberkeule v.d. Pute
22401083,WBI,V-b*Putengeschnetzeltes Oberk.
4035626002967,WBI,"V-b*Rostbratwurst vom Geflügel, 10 Stück"
4035626102155,WBI,"V-b*Rostbratwurst, 10 Stück"
22000088,WBI,"V-b*Rotes Gold, PrePack 19x0,22kg ohne UVP"
22081193,WBI,"V-b*Schulter v. Schwein, schier"
4260112293165,MKS,"V-Bauernsenf, k”rnig"
4035784002380,GSE,V-BeautyBoost Display
4260133140011,BBF,V-Beltane Standdisplay Biofix
22089878,BOM,"V-Bergkäse g.U. 3 M, PrePack 14xca.0,2kg ohne UVP"
4007547713819,SNT,V-Beutel für Recycling Box
4018462108154,BYO,V-Bewusstes Snacken Display
4260168395233,XUR,V-Bierschinken
4001453835115,LNA,V-Bio Kuss Bodensteller
4026913921030,WSE,V-BioPap-Wrap Käse/Wurstpapier groá 50x35cm
9004145018181,STN,V-Bitter Pultdisplay
4001757014872,VNI,V-Bitterkuvertüre
9004998015801,LAG,V-Bodenaufsteller Blockbodenbeutel Frühjahr 2026
4007547308701,SNT,V-Bodenreiniger Konzentrat
4009309101018,MAR,V-Branntweinessig 12%
4018462108192,BYO,V-Bratgenuss Bodendisplay
4006182017146,SOM,V-Brot Chips Knobi und Paprika Display
4056114015832,SOM,V-Brot Chips Knobi und Salt Pepper Display
4022381513067,SPI,V-Buchweizen
4260148656040,PBY,V-Burrito Mexicano
8713576279597,MUA,"V-Caddie Nakiri, traditionel. jap. Messer"
8713576279559,MUA,"V-Caddie Santoku, traditionel. jap. Messer"
22089793,BAS,"V-Charmeux Bockshorn, PrePack19xca.0,19kg ohne UVP"
4260148654626,PUF,V-Chili sin Carne
4260148656057,PBY,V-Chili sin Carne mit Reis
4044889015164,VNI,V-Chocolate Gallery Display leer
4022381038737,SPI,V-Cornflakes gf
4022381015394,SPI,V-Couscous
4260148650000,PUF,V-Cremesuppe der Woche 1
4260148652400,PUF,V-Cremesuppe der Woche 2
4260148653407,PUF,V-Cremesuppe der Woche 3
4056114015917,SOM,V-Croutons Display
4030917017804,SAC,V-Currypaste Red Thai
4022381234061,SPI,V-Dinkelmehl 630
4021234170617,BHO,V-Display Banana Chunks
4000345020400,EVP,V-Display Eint”pfe
7612534310277,FAF,V-Display Faircense Räucherstäbchen
4005561008744,BOL,V-Display groáe Cookies
4005561008997,BOL,V-Display klein Mini Snäckebrot
4005561009215,BOL,V-Display klein Müsli
4262415020202,KRK,V-Display Kraftschluck gefüllt
4021234970651,BHO,V-Display Krunchy Low Sugar
4008576416900,NYK,V-Display recycelte Kämme
22013019,SDS,"V-Durchwachsener Speck 1,5 kg"
4260148654107,PUF,V-Eintopf der Woche 1
4260148652417,PUF,V-Eintopf der Woche 2
4260148653414,PUF,V-Eintopf der Woche 3
4260012643503,BIN,V-Erweiterungswand für Warenständer Single
9004145018020,STN,V-Fasten Bodendisplay
4260148656064,PBY,V-Feijoada mit Kokos-Quinoa
21010903,1RA,"V-Forelle, frisch"
21011009,1RA,"V-Forelle, geräuchert"
4017194410108,SBG,"V-Frische Vollmilch 3,8%, 10l im Eimer"
4028108878051,BDH,V-Frischkäse Gustav brennt
4028108000117,BDH,V-Frischkäse Kuno
7640166796145,ZFK,V-Frischkäse Natur 4 x 1 kg
4006182017214,SOM,V-Frühlingsgefühle Display
4053259300748,FGE,V-Garnelenspiess mariniert
4053259300762,FGE,V-Garnelenspiess natur
4250206172056,CHI,V-Gelbwurst mit Petersilie Theke
4030068025550,CHI,"V-Gelbwurst Stange, Theke"
9004145018235,STN,V-Geschenkideen Bodendisplay
4007547306608,SNT,V-Geschirrspülmittel Calendula
9004145103474,STN,V-Gewürzmischungen Display
4018462108185,BYO,V-Grillgenuss Bodendisplay
4260012643633,BIN,V-Grundsortiment 2026
9004145018129,STN,V-GuTEE Besserung Display
4005561008508,BOL,V-Hafer Moment Display
27060513,BKH,V-Hähnch.-Drumsticks 4er Chili/Paprika
27060582,BKH,V-Hähnch.-Flügel 4er BBQ
27065617,BKH,V-Hähnchenbrust (5kg)
27065594,BKH,V-Hähnchenkeulen (5kg)
27068205,BKH,V-Hähnchensteaks (5kg)
27060575,BKH,V-Hähnchensteaks 2er BBQ
27060490,BKH,V-Hähnchensteaks 2er Kräuter
9004145018662,STN,V-Hallo Herbst Bodendisplay
4007547301405,SNT,V-Handseife sensitiv
4260198098692,BEN,V-Happy Nails Display
4008576408240,NYK,V-Hartwaren Standdisplay Holz Warenpaket
4016512020609,ERN,V-Helle Roux
8714265000362,YAR,V-Hund Trockenfutter Erw. empfindlich Huhn & Reis
8714265000270,YAR,V-Hund Trockenfutter Erwachsene Huhn
8714265000300,YAR,V-Hund Trockenfutter Erwachsene Huhn getreidefrei
9004145018679,STN,V-Italien Pultdisplay
4021234970637,BHO,V-Jetzt wirds chunky Display
8713638005126,WSE,V-Kaas-O-Maat (Neues Modell ab 10.04.2024)
28106500,FGE,"V-Kabeljaufilet, ohne Haut, MSC"
9004145019805,STN,V-Keimsaaten Pultdisplay
4056114015887,SOM,V-Kekse Kinder Display
4260272988222,LCH,V-Kesselchips Display
4019339440230,DAV,V-Kichererbsen
4007547207509,SNT,V-Kinder-Schaumseife Calend
4007547308206,SNT,V-Klarspüler
4019886008280,SOD,V-Klarspüler Professional
9004145019775,STN,V-Kräutertees Mischungen lose Bodendisplay
9004145019768,STN,V-Kräutertees Mono lose Bodendisplay
4021234970620,BHO,V-Krunchy High Protein Display
4012346107486,LEB,V-Kümmel gemahlen
9004145018655,STN,V-Kurkuma Latte Pultdisplay
3489182888052,VAV,"V-L'Escabier de ChŠvre, LAIB"
28582403,FGE,"V-Lachsfilet mit Haut, mariniert"
28181309,FGE,"V-Lachsfilet mit Haut, natur"
4012852150259,NEU,V-Lammsbräu Fass Bio Pils 30l (KEG)
4012852150402,NEU,V-Lammsbräu Fass Bio Urstoff 30l (KEG)
4260148656019,PBY,V-Lasagne alla Bolognese
4260148656026,PBY,V-Lasagne di Verdure
4250206175002,CHI,V-Leberwurst fein Theke
4260148654602,PUF,V-Marokkanischer Kichererbseneintopf
7640166794356,ZFK,V-Mascarpone CrŠme 2 x 2 kg
4019886000291,SOD,V-Maschinen Spülmittel Professional
4007547771208,SMP,V-Mistelform Geschenkset Lavendel-Weihrauch
4007547771505,SMP,V-Mistelform Geschenkset Zitrone-Zirbelkiefer
7640101094343,ZFK,V-Mozzarella gerieben 5 x 2 kg
7640101093230,ZFK,V-Mozzarella Rolle 10 x 1 kg
4251191898204,APR,V-Multipack Kräuterzahncreme Reise -& Probiergr”áe
8001505005493,RDA,"V-Nocciolata 2,5 kg"
4260168399118,XUR,V-Nüsschen im Kräutermantel
4006182015845,SOM,V-Oliven Snacks Display
4260355585843,BPL,V-Omega Color Display
4007547405707,SNT,V-Orangen Kraftreiniger
4260148650772,PUF,V-Oriental Bowl Falafelcrumble u. Kräuterdip
4005394905531,BVE,V-Oster Display gross 2026
4005394905524,BVE,V-Oster Display klein 2026
4006182015692,SOM,V-Pane Picco Display
4020943130264,ARC,V-Panko
4000915109948,ISA,V-Pesto Pomodoro - Eimer
4260148650789,PUF,"V-Pesto Verde Bowl Farfalle, gegril. Aubergine GV"
4260148650420,PUF,V-Pfannengericht der Woche
4260168399132,XUR,"V-Pfefferschinken, gegart"
4260148656071,PBY,V-Pilzragout mit Spätzle
4022381040105,SPI,V-Pizzamehl Tipo 0
4032105012714,SBŽ,V-Plakat Steinofenbäcker DIN A1
4260148650796,PUF,"V-Pok‚ Bowl Teriyaki-Tofu, Süákartoffelsalat"
4018462108178,BYO,V-Protein Power
4025174165566,SOB,V-Puddingpulver Nuss Nougat
4025174165528,SOB,V-Puddingpulver Schoko
4025174165504,SOB,V-Puddingpulver Vanille
9004998014590,LAG,V-Pur Thekendisplay Trockenfrüchte
9004998006243,LAG,V-Pure Bodenaufsteller 48 Beutel
20487553,FPF,"V-Putenbrustfilet o. Innenfilet (ca 1,7kg)"
20489137,FPF,"V-Putenbrustfilet ohne Haut ca.1,7kg"
9008281005036,BOM,V-Rad - Tiroler Bergkäse g.U. Reith 8 M
9008281005159,BOM,V-Rad 1/2 - Tiroler Bergkäse g.U. Reith 12 M
4260417540339,RIP,"V-Räucher LAX, vegan"
28040439,TOU,"V-Räuchertofu ""Goldstücke"" SB"
4262434310001,TOU,"V-Räuchertofu ""Goldstücke"" Theke"
4022381308069,SPI,V-Reisflocken
22089809,BAS,"V-Ribeaupierre Kuh, PrePack 19xca.0,19kg ohne UVP"
7640101090178,ZFK,"V-Ricotta 2 x 1,5 kg"
4044889015171,VNI,V-Riegeldisplay Werkhaus
28026006,FGE,V-Rotbarschfilet ohne Haut MSC
4018462412206,BYO,V-Rotweinessig
4270003467209,TOU,V-Salat Tofu-Würfel Kräuter
4270003467216,TOU,V-Salat Tofu-Würfel Olive
4270003467223,TOU,V-Salat Tofu-Würfel Senf-Dattel
9004145018037,STN,V-Salatkräuter Pultdisplay
4026367042015,UBM,V-Schmand 24% im Eimer
4056114015214,SOM,V-Schoko Klassiker Display
9004145019829,STN,V-Schwarztee London Bus
2865119,CHI,V-Schweinebauch geräuchert (für Bacon)
28057208,FGE,"V-Seelachsfilet in Backteig, vorgebacken, MSC"
4260026691156,BIT,V-Shampoo Glänzendes Haar inklusive Pumpe
4260026691163,BIT,V-Shampoo Repair inklusive Pumpe
4260026691507,BIT,V-Shampoo Volumen inklusive Pumpe
4025174141164,SOB,V-Soja Schnetzel fein
4025174141157,SOB,V-Soja Schnetzel grob
4007547703803,SNT,V-Sonett Recycling-Box
4260148655401,PUF,V-Spanische Gemüsesuppe
4032105012721,SBŽ,V-Steinofenbäcker Schild DIN A3
4260112293080,MKS,V-Süáer Hausmacher Senf
4000345033714,ERN,V-Suppen Display
4260717841136,LNB,V-Sweets Bodendisplay
4260148654305,PUF,V-Tagesgericht der Woche 1 Hauptgericht 1 von 2
4260148654312,PUF,V-Tagesgericht der Woche 2 Hauptgericht 1 von 2
4260148653438,PUF,V-Tagesgericht der Woche 3 Hauptgericht 1 von 2
9004145018297,STN,V-Teevielfalt zum Verschenken Bodendisplay
9004998015818,LAG,V-Thekenaufsteller Blockbodenbeutel Frühjahr 2026
9004998003044,LAG,V-ThekenaufstellWürzigeNuss
4260355587731,BPL,V-Thekendisplay Essige & Dressing
4260355582484,BPL,V-Thekendisplay Fresh ™lziehkur
4260623223125,SWL,V-Thekendisplay Gemüsebrühe bestückt
4260355581296,BPL,V-Thekendisplay Würz”le
9008281005913,BOM,"V-Tiroler Graukäse g.t.S (2 x ca. 1,5 kg)"
4260012648096,BIN,V-Tischdisplay aus Holz
4260452330285,OEB,V-™kobon B57/D64/LD12 mm
28060376,TOU,"V-Tofu ""Goldbäckchen"" SB"
4262434310087,TOU,"V-Tofu ""Goldbäckchen"" Theke"
4270003467285,TOU,V-Tofu-Schinken Theke
4260112295732,MKS,V-Tomaten Ketchup
4000345037972,EVP,V-Tomatensaucen Display
4260012642506,BIN,V-Topschild für Warenständer
4260012645842,BIN,V-Topschild für Warenständer drehbar
4260417540414,RIP,"V-TuneFish, vegan"
4260148655500,PUF,V-Türkische Linsensuppe
4005394905159,BVE,V-Vanille Display 2025
4018462108208,BYO,V-Vegane K”stlichkeiten Bodendisplay
4032277007013,VGY,V-Veggyness Veganes Gyros Groápack
4260623223026,SWL,V-Verkaufsdisplay SweMa bestückt
28583509,FGE,"V-Victoriabarschfilet, natur, NWF"
4260199720165,1GW,V-Vollmilch 10l Schlauchbeutel
4007547701007,SNT,V-Wandhalter für 300ml Flaschen
4260012646405,BIN,V-Warenständer Drehbar aus Holz
4260012643497,BIN,V-Warenständer Single aus Holz
4007547306103,SNT,V-Wäschespüler
4007547500907,SNT,V-Waschmittel flüssig Lavendel
9004145018303,STN,V-Welt der Gewürze Pultdisplay
4026273027571,BKŽ,"V-Wildblumenkäse, PrePack 6 x 180g Heumilch g.t.S"
28630500,TOU,"V-Wilder-Tofu, Jagdwurst Alternative SB"
4012824492790,YOG,V-Winter Display
8719324977463,WLP,V-WLTP Holzdisplay LEER Deocremes Sortenrein
8714265977008,YAR,V-Yarrah Leerdisplay Holz
4012824492912,YOG,V-Yogi Tea© Happy Farming Display
4012824492899,YOG,V-Yogi Tea© New Inspiration Mix Display
4012824492738,YOG,V-Yogi Tea© On Ice Display
4012824492547,YOG,V-Yogi Tea© Star Salutation Display
4038857101010,™KV,Vanilla Mellows
8711521345809,ICF,Vanille Cone
4004790046503,BCE,Vanille Drink Limited Edition
4017194489005,SBG,Vanille Eis
80603085,RAC,Vanille Eis aus Heumilch
80625476,RAC,Vanille Eis aus Heumilch
4250367550731,GEC,Vanille Eis Mango-Maracujasauce
4250367550694,GEC,Vanille Eis mit Erdbeersauce
4250367550717,GEC,Vanille Eis Schokoladesauce
8005020000889,RAC,"Vanille Eis, laktosefrei"
4017194009227,SBG,Vanille fresh Sauermilch 6x500g
42431756,AGA,Vanille gemahlen
4005394201633,BVE,Vanille gemahlen
4260096395558,AGA,Vanille gemahlen
4260506610110,DFI,Vanille Madagaskar Eis
4260506611018,DFI,Vanille Madagaskar Eis
4260506615016,DFI,Vanille Madagaskar Eis
4005394200902,BVE,Vanille Pudding
4101530002598,BGL,Vanille Quark 20%
4101530007500,BGL,Vanille Quark 20%
4250367550410,GEC,Vanille-Haselnuss Eish”rnchen
4250367550403,GEC,Vanille-Haselnuss Eish”rnchen Multipack
4032105006652,SBŽ,Vanille-Knusperkirsche
4008471507031,S™B,Vanille-Pudding
4260100263828,BCO,Vanilleeis
4086900100879,PVL,Vanilleextrakt bio
4260096395657,AGA,Vanillepudding
9004145003606,STN,Vanillepulver gemahlen Tüte
4025174125713,SOB,Vanillesauce
4260096395589,AGA,Vanilleschote
9004145006713,STN,Vanilleschoten Glas
4022346327142,HEU,Vanilleschoten R”hrchen Dose
4260096393424,AGA,Vanillesirup agava
4260096395664,AGA,Vanillesoáe
4005394143049,BVE,Vanillezucker
4012346100906,LEB,Vanillezucker
4260096395572,AGA,Vanillezucker
9004145003576,STN,Vanillezucker
4022346727256,HEU,Vanillezucker Dose
9004145979819,STN,Vanillezucker Dose
4000345037668,EDN,Veg. Snack Landjäger Art
4000345037682,EDN,Veg. Snack Landjäger Art Chili
4024297019930,NAT,Vegane Aioli Tube
4260515260061,HED,Vegane Art Cabanossi mit Chili
4260515260054,HED,Vegane Art Cabanossi mit feinen Zutaten
4260515260214,HED,Vegane Art Chorizo mit feinen Zutaten
4260515260191,HED,Vegane Art Currywurst mit feinen Zutaten
4260515260139,HED,Vegane Art Krakauer aus roten Linsen
4260515260085,HED,Vegane Art Leberwurst mit feinen Zutaten
4260515260092,HED,Vegane Art Leberwurst mit R”stzwiebeln
4260515260177,HED,Vegane Art Pastete mit feinen Zutaten
4260515260115,HED,Vegane Art Rotwurst aus Braunen Linsen
4260515260153,HED,Vegane Art Sucuk aus roten Linsen
4260515260023,HED,Vegane Art Teewurst mit feinen Zutaten
4260515260030,HED,Vegane Art Teewurst mit grünem Pfeffer
4030917054205,SAC,Vegane Bratensauce
4024297021537,NAT,Vegane Chili Mayo
7310960032052,DAG,vegane Gemüse K”ttbullar ca. 20 Stück
8714265070709,YAR,Vegane Hundekekse
4260289420838,THV,Vegane Knusper Nuggets
4002824150912,LAN,vegane Margarine
4018462158159,BYO,Vegane Mayo
4038507011744,GOV,Vegane Pralin‚s Dattel Marzipan
4038507011768,GOV,Vegane Pralin‚s Mokka Nougat
4024297006220,NAT,Vegane Salat Mayo
4260289422054,THV,Vegane Schnetzel Gyros
4005967007105,ROS,Vegane Schoko Kugeln mit Knusperkern
4280001065413,YAW,Vegane Zahnseide
7610612003929,SNA,Veganella Basilikum
7610612003905,SNA,Veganella Natur
4260289421736,THV,Veganer Bacon
4016249076108,ALO,Veganer Feinkostsalat Budapester
4016249075484,ALO,Veganer Feinkostsalat Geflügel
4005967001875,ROS,Veganer Schoko Lolly Hase
4005967007143,ROS,Veganer Schoko Osterhase
4005394200766,BVE,Veganer Speckersatz
4250073461574,FWO,Veganer ThunVisch
4250073462199,FWO,Veganer ThunVisch Tomate
4260289421750,THV,Veganes Chicken
4260289422016,THV,Veganes Chicken
4028112077310,SDL,Veganes Dinkissant
4030917045401,SAC,Veganes Gulasch
4004790103251,BCE,Veganes Hack
4260289421385,THV,Veganes Hack
4260289422030,THV,Veganes Hack
4005394200773,BVE,Veganes Rührei mit Speckersatz
4002824152091,LAN,veganes Schmalz
4035784000652,GSE,VeganPlus
4260623225167,SWL,Vegetarische Bolognese
4031829230855,™KL,Vegetarische Würstchen im Glas
4031829230862,™KL,Vegetarische Würstchen pikant im Glas
4260007663257,VFK,"Veggi Filata herzhaft, gerieben"
4260007663059,VFK,"Veggi Filata mild, gerieben"
4260007663066,VFK,Veggi Filata Natur Scheiben
4012346179902,LEB,Veggie
4019339641828,DAV,Veggie Bauerntopf
4019339641811,DAV,Veggie Better Chicken
4019339641835,DAV,Veggie Gulasch
4019339641170,DAV,Veggie Gyros
4038857120110,™KV,Veggie Hearts
4015637019345,BAK,VeggieMix Frikadelle
4015637023335,BAK,VeggieMix Nuggets Gemüse
4001638501064,WEL,Venadoron FA
4012346519500,LEB,Vending Kakao Pulver
8016448000290,HUA,Veneziano
8034115196831,IGR,Verdeca Integro weiß
8713576003734,TER,Vermicelli aus Vietnam
4001638590570,WEL,Verry Cherry Handcreme
4001638590587,WEL,Verry Cherry Lip Balm
7611916164965,WEL,Verry Cherry Shower Cream
4039416180620,WSE,Verschlussclipse weiß 33mm
4260026697301,BIT,Verw”hndusche Glücks-Erlebnis
4021457637515,LAV,Verw”hnendes K”rper”l
4035447900039,BGP,Vi¤a Cabriel Superior rot
4000430002601,WER,Vierkorn Kakao Keks gf
4000430002618,WER,Vierkorn Mandel Keks gf
4019838090219,CDO,Vietnam Grüntee Suoi Bu Wildtee
4104450000965,VSB,Vilsa medium
4104450000972,VSB,Vilsa naturelle
4104450000828,VSB,VILSA Plus Bio Limette
4104450000811,VSB,VILSA Plus Bio Orange
4024967011608,RIE,Vinnocence Chardonnay alkoholfrei
4024967011622,RIE,Vinnocence Merlot alkoholfrei
4024967011646,RIE,Vinnocence Mousseux alkoholfrei
4024967013831,RIE,Vinnocence Rose alkoholfrei
4024967012711,RIE,Vinsenza Bianco alkoholfrei
4024967013855,RIE,Vinsenza Rose Frizzante alkoholfrei
4024967012735,RIE,Vinsenza Rosso alkoholfrei
4086900274303,PVL,Vital Face Oil Moisturizing u Protective
4005561005484,BOL,Vital Keks
4022381051552,SPI,Vital Kerne Mix
4260026697295,BIT,Vitaldusche Fruchtige Harmonie
7611916124518,WEL,Vitality Shower Cream Sanddorn
7611916164552,WEL,Vitality Shower Cream Sanddorn
4031779708022,MOI,Vitalseele
4106060077290,BEU,Vitaltrank Pro
4035784160806,GSE,Vitamin B Complex
4035784162008,GSE,Vitamin B12 Compact
4005529238305,SAV,Vitamin C & Q10 Serum
4086900277106,PVL,Vitamin C Serum Illuminating u Blancing
4260418987195,RRT,Vitamin C Serum Protect & Glow
4260631131726,GR™,Vitamin C- Serum
4035784161001,GSE,Vitamin D Compact
4035784162503,GSE,Vitamin D3 Compact
4038857116717,™KV,Vitamino Frutti
4022381000291,SPI,Vk Bauernspätzle Dinkel Schwäb
4015637822907,BAK,Vk Buchweizenmehl gf
4024297007814,NAT,Vk Delikatess Knäcke
4024297060581,NAT,Vk Dinkel Bandnudeln
4022381014021,SPI,Vk Dinkel Bandnudeln 9mm
4028112077211,SDL,VK Dinkel Butter Croissant
4031779105814,MOI,VK Dinkel Butter Croissant
4022381014069,SPI,Vk Dinkel Fadennudeln
4022381014069,SPI,Vk Dinkel Fadennudeln
4024297062813,NAT,Vk Dinkel Penne
4024297060147,NAT,Vk Dinkel Spaghetti
4022381014106,SPI,Vk Dinkel Spiralen
4024297060444,NAT,Vk Dinkel Spirelli
4028112059712,SDL,VK Dinkelrustiss©
8711812436810,RIT,VK Honigkuchen klein
8711823054102,RIT,Vk Honigwaffeln
4024297007852,NAT,Vk Knäckebrot mit Dinkel
4000381007113,ERD,Vk Knusperbrezel mit Salz
4000430004414,WER,VK Reis gepufft ungesüát gf
4024297013785,NAT,Vk Reis Spirelli gf
4000430004643,WER,Vk Reis Zwerge gf
4015637822884,BAK,Vk Reismehl gf
4012936001248,LNA,Vk Roggen Knäcke
4013044100076,BTH,Vk Sauerteig getrocknet
4012936001231,LNA,Vk Sesam Knäcke
4024297007838,NAT,Vk Sesam Knäcke
4028112059880,SDL,VK-Dinkel-Sonnenblumenbr”tchen
4013320185667,GEP,VM Haselnuss
4013320185643,GEP,VM Mandel
4013320115145,GEP,VM Pralin‚
4013320185605,GEP,VM Pur
4018874050102,ARI,Vogelfutter Vogelglück Klassiker
4018874500904,ARI,Vogelfutter Vogelglück Klassiker
4018874057057,ARI,Vogelfutter Vogelglück Sonnenblumenkerne
4018874057156,ARI,Vogelfutter Vogelglück Sonnenblumenkerne
4018462142400,BYO,Volanti (gedrehte Hütchen)semo
4018462148303,BYO,Volanti Rote Linse gf
9020200032701,NTM,Voll Hafer plus Soya
4019886050623,SOD,Voll Waschpulver
4015533020346,VOE,Vollfrucht Sanddorn
7640104951261,HOL,Vollkorn Babymüsli Brei
4031779080029,MOI,"Vollkorn Blätterteig, vegan"
4028112060022,SDL,Vollkorn Dinkel Kraftbrot
4019339291009,DAV,Vollkorn Flakes gf
7640104951247,HOL,Vollkorn Getreidebrei Dinkel
7640104951308,HOL,Vollkorn Getreidebrei Grieá
7640104951292,HOL,Vollkorn Getreidebrei Hafer
7640161872448,HOL,Vollkorn Getreidebrei Hirse
4031779614224,MOI,Vollkorn Krusti
4018462140208,BYO,Vollkorn Lasagne
4018722341680,AGO,Vollkorn Mie Noodles
4006182005556,SOM,Vollkorn Zwieback
4028112059873,SDL,Vollkorn-Dinkel-Müslistange
4011849200403,PAN,Vollkorn-Tortelloni Käse-Spinat
4024884012740,HEB,Vollkornbr”tchen
4026367040158,UBM,"Vollmilch 3,7% Karton"
4056479184006,HAM,"Vollmilch 3,8%, länger haltbar"
4056479184044,HAM,"Vollmilch 3,8%, länger haltbar 0,5 l"
4005967006696,ROS,Vollmilch Dattel Brownie
4044889005325,VNI,Vollmilch Kuvertüre
40843070,VNI,Vollmilch Minitafeln
4044889002256,VNI,Vollmilch Naps im Spender
4085900006563,VNA,Vollmilch Ostereier mit Coffee Toffee
4021246333451,LUB,Vollmilch Ostereier mit Latte Macchiato
4021246333376,LUB,Vollmilch Ostereier mit Nuss Nougat
4085900006747,VNA,Vollmilch Ostereier mit Tiramisu
4021246333413,LUB,Vollmilch Osterreier mit Vanille
4005967007129,ROS,Vollmilch Schoko Eier mit Milchcreme gefüllt
4005967576892,ROS,Vollmilch Schoko Lolly Hase
4005967576298,ROS,Vollmilch Schoko Lolly Osterhase
4005967575796,ROS,Vollmilch Schoko Osterhase
4005967575598,ROS,Vollmilch Schoko Osterhase in Stanniolpapier
4005967511497,ROS,Vollmilch Schoko Osterhase mit Milchcreme gefüllt
4005967572894,ROS,Vollmilch Schoko Osterhase mit Nougat gefüllt
4005967572993,ROS,Vollmilch Schoko Osterhase sitzend
4005967573891,ROS,Vollmilch Schoko Osterhasen in Stanniolpapier
4005967573792,ROS,Vollmilch Schoko Osternest
4044889001655,LAC,Vollmilch Schokolade
4044889005295,VNI,Vollmilch Schokolade
4013320334881,GEP,Vollmilch Schokolade Karamellcrisp & Fleur de Sel
4013320185780,GEP,Vollmilchschokolade Fleur de Sel
4044889000078,VNI,Vollmilchschokolade ganze Nüsse
4013320185742,GEP,Vollmilchschokolade mit Espresso und Karamellcrisp
4013320185766,GEP,Vollmilchschokolade mit Kardamom
4013320107195,GEP,Vollrohrzucker Mascobado
4019886050555,SOD,Vollwaschmittel Pulver
4055297221405,SAN,Volume Lift Shampoo Goji
4020829099128,HAU,Volume Mascara 01 black
4020829099142,HAU,Volume Mascara 02 brown
5765228837160,URT,Volume Shampoo Rasul
5765228838297,URT,Volume Shampoo Rasul
4260026694058,BIT,Volumen Shampoo
4260026696205,BIT,Volumen Shampoo
4017645008038,LOG,Volumen Shampoo Bier & Honig
4017645013674,LOG,Volumen Shampoo Bier & Honig
4028996978031,VUL,Vulkan Bier 1875 Hell
4028996691237,VUL,Vulkan Bier Dunkel
4028996976037,VUL,Vulkan Bier Hazy IPA alkoholfrei
4028996911335,VUL,Vulkan Bier Hell
4028996926339,VUL,Vulkan Bier Hell alkoholfrei
4028996924335,VUL,Vulkan Bier Natur Radler
4028996925332,VUL,Vulkan Bier Natur Radler alkoholfrei
4028996918334,VUL,Vulkan Bier Pale Ale
4028996922331,VUL,Vulkan Bier Pils
4028996977034,VUL,Vulkan Bier Weizen Mix Grapefruit alkoholfrei
4028996690339,VUL,Vulkan Bourbon Barrel Doppelbock
4013584572814,KIF,Vulkanl”ss ros‚
4013584722813,KIF,Vulkanl”ss ros‚ Bag in Box
4013584672415,KIF,Vulkanl”ss rot
4013584572319,KIF,Vulkanl”ss weiß
4013584772313,KIF,Vulkanl”ss weiß Bag in Box
4015141015062,LDM,Wacholder Beere
4086900106079,PVL,Wacholderbeere bio
4012346154008,LEB,Wacholderbeeren ganz
4012346164687,LEB,Wacholderbeeren ganz
9004145003361,STN,Wacholderbeeren ganz
4022346327906,HEU,Wacholderbeeren Tüte
4030068014554,CHI,"Wacholderschinken, Theke"
4044889004786,VNI,Wafer Pralin‚ Riegel
4014051007884,WIK,Waffel und Keks
4015637826554,BAK,Waffeln und Pfannkuchen gf
4020943136921,ARC,Wakame (braune Meeresalge)
4009309732618,MAR,Wald Heidelbeeren
4260039370918,VNN,Wald Heidelbeersaft
4260261493683,WOH,Wald und Wiesen Mix getrocknet
4019736004646,ZWE,Waldbeere Fruchtgarten
4005967513378,ROS,Waldbeeren Früchte Müsli
4004191002023,RAB,Waldheidelbeere Muttersaft
4015533060366,VOE,Waldheidelbeere Muttersaft
4054411014602,BFU,Waldhonig Bonbons
4045800714760,GRH,Waldorfsalat
4086900269507,PVL,Waldspaziergang Deo Creme
4086900185180,PVL,Waldspaziergang Duftmischung
4086900269309,PVL,Waldspaziergang Duschbalsam
4086900195189,PVL,Waldspaziergang Raumspray
4086900269002,PVL,Waldspaziergang Trocken”l
4022346334201,HEU,Waldtee Tanne
4017194489258,SBG,Walnuss Eis
22505989,MAX,"Walnuss Salami, Theke"
4250442400852,MAX,Walnuss Salamisticks
4005967003534,ROS,Walnuss Schnitte
4032105000124,SBŽ,Walnuss-Saftkorn
3445020291958,BPL,Walnuss”l ger”stet
3445020290951,BPL,Walnuss”l nativ
3419390402603,BNR,Walnussbr”tchen
4028112059965,SDL,Walnussbr”tchen
4260423370388,JMH,Wanda Frischkäse Walnuss/Karamell
4039468032076,MEM,Wäschenetz
4007547306004,SNT,Wäschespüler
4007547504103,SNT,Waschmittel Color Mint & Lemon
4007547504400,SNT,Waschmittel Color Mint & Lemon
4007547504004,SNT,Waschmittel color Mint Lemon
4007547501003,SNT,Waschmittel flüssig Lavendel
4007547501102,SNT,Waschmittel flüssig Lavendel
4007547501409,SNT,Waschmittel flüssig Lavendel
4007547501508,SNT,Waschmittel flüssig sensitiv
4007547501706,SNT,Waschmittel flüssig Sensitiv
4007547502406,SNT,Waschmittel flüssig Sensitiv
4007547100916,SNT,Waschmittel Pulver Konzentrat
4007547101104,SNT,Waschmittel Pulver Konzentrat
4007547102200,SNT,Waschpulver color sensitiv
4030917008703,FRD,Wassereis Coole Lollies bunt
4030917044602,FRD,Wassereis Coole Lollies fruchtig
4260012646641,BIN,Wassermelone Sugar Baby
4260397790151,HYD,Wattestäbchen aus Bambus
4019886020008,SOD,WC Reiniger Citrus
4019886020701,SOD,WC Reiniger Kraftgel
4007547300507,SNT,WC Reiniger Minze-Myrthe
4007547300101,SNT,WC Reiniger Zeder-Citronella
4280001065123,YAW,Wechselkopfzahnbürste Medium
4280001065130,YAW,Wechselkopfzahnbürste Soft
4032277012260,WHE,Weenie Snacker
4008471510376,S™B,Weiábierkäse
4037865001800,SND,Weiáburgunder Michelsberg
4260491972026,WCX,Weiáburgunder trocken weiß
4016462241109,1BW,Weiáburgunder VDP. Gutswein
4035447100040,HES,Weiáburgunder weiß
4037865000803,SND,Weiáburgunder weiß
4009309552179,MAR,Weiáe Bohnen
4009309552360,MAR,Weiáe Bohnen
4019339487105,DAV,Weiáe Bohnen
4260360271489,NPU,Weiáe Bohnen
4260360272110,NPU,Weiáe Bohnen
4260360271496,NPU,Weiáe Bohnen in Tomatensauce
4260112295763,MKS,Weiáe Knoblauchsauce
4044889005301,VNI,Weiáe Knusper
4044889002232,VNI,Weiáe Kuvertüre
4044889005332,VNI,Weiáe Kuvertüre
4017645014541,LOG,Weiáe Lavaerde Waschcreme Lotusblüte
4085900006570,VNA,Weiáe Ostereier mit Himbeer Cassis
4085900006655,VNA,Weiáe Ostereier mit Mango
4085900006600,VNA,Weiáe Ostereier mit Sahne Vanille
4260360272158,NPU,Weiáe Riesenbohnen
4013320185803,GEP,Weiáe Schokolade Caf‚ Blanc
4044889003222,VNI,Weiáe Vanille
4032105006539,SBŽ,Weiáe-Mousse-Waldbeeren-Rolle (18cm = 6 Stück)
4028332320166,WMF,Weiáenhorner Bärlauch-Knoblauch
4028332350217,WMF,Weiáenhorner Frischkäse PUR
4028332442400,WMF,Weiáenhorner Gartengemüse Frischcreme
4028332003809,WMF,Weiáenhorner Kräutercreme
4028332320111,WMF,Weiáenhorner Kräutercreme
4028332320142,WMF,Weiáenhorner Meerrettich-Creme
4028332320135,WMF,Weiáenhorner Paprika Creme
4028332003816,WMF,Weiáenhorner Sahne Creme
4028332320128,WMF,Weiáenhorner Sahne Creme
4032105002715,SBŽ,Weiáer Hase
4019339219133,DAV,Weiáer Langkorn im Kochbeutel
4019339192146,DAV,Weiáer Quinoa
4022381040020,SPI,Weiáer Quinoa
4005967576991,ROS,Weiáer Schoko Lolly Hase
8412439285125,PDM,Weiáer Thunfisch in Oliven”l
8412439286702,PDM,Weiáer Thunfisch in Oliven”l
4086900101395,PVL,Weiátanne bio
4018462417201,BYO,Weiáweinessig
4018462441206,BYO,Weiáweinessig
4260067152364,CES,Weiáweinessig
4019886016131,SOD,Weichspüler Lavendel
4019886016063,SOD,Weichspüler Pfirsich
4260026431387,GLM,"Weidemilch 1,5% - länger haltbar, im Karton"
4260026430991,GLM,"Weidemilch 3,8% - länger haltbar, im Karton"
4008471505006,S™B,"Weidemilchjoghurt ABC 3,8%"
4280001996953,NIA,Weihnachtsseife
4086900101791,PVL,Weihrauch afrikanisch
4086900106987,PVL,Weihrauch indisch
2900000991903,5WP,Weiling-Frische-Box
4260102480117,BSK,Weinkäse leicht 25% aus Heumilch
4020943232326,ARC,Weinstein Backpulver
4000430007606,WER,Weinstein Backpulver gf
4013320284476,GEP,Weisse Joghurt Erdbeere
4013320296592,GEP,Weisse Mascobado Schokolade
4019339100189,DAV,Weizen
4022381001533,SPI,Weizen
4022381100069,SPI,Weizen
4022381100144,SPI,Weizen
4022381100182,SPI,Weizen
4000266550444,HOC,Weizen Back Oblaten 44mm
4022381041379,SPI,Weizen Baguettemehl
4015637822150,BAK,Weizen Paniermehl / Br”sel
3419390404997,BNR,Weizenbaguettes
4024884010524,HEB,Weizenbr”tchen
4260418020229,GNC,Weizengras Superfood Trinkpulver
4022381206204,SPI,Weizengrieá
4086900745612,PVL,Weizenkeim”l
4024297018179,NAT,Weizenkeime ent”lt
4022381207201,SPI,Weizenkleie
4022381011389,BUM,Weizenmehl 1050
4022381202060,SPI,Weizenmehl 1050
4022381202169,SPI,Weizenmehl 1050
4022381202183,SPI,Weizenmehl 1050
4022381001847,SPI,Weizenmehl 405
4015637832517,BAK,Weizenmehl 550
4022381011358,BUM,Weizenmehl 550
4022381034272,SPI,Weizenmehl 550
4022381200165,SPI,Weizenmehl 550
4022381200189,SPI,Weizenmehl 550
4260360270895,NPU,Weizentoast
4022381203180,SPI,Weizenvollkornmehl
4260051655055,BAH,Weizenvollkorntoast
4001638095747,WEL,Weleda After Shave Balsam
8718754501996,TFO,Wellenchips gesalzen
8718754502016,TFO,Wellenchips Paprika
4037892027439,RED,Wellfit Badebürste
4015141060055,LDM,"WellPaero Ingwer Melisse 0,0 % vol."
9120001700127,SMU,Welschriesling weiß
4032105090392,SBŽ,Weltmeisterbr”tchen
4106060693308,BEU,Werbemittelpaket 2 Retro Saft
4032277011065,WHE,Wheaty Aufschnitt Bresaola Art
4032277010594,WHE,Wheaty Aufschnitt Lyoner Art
4032277005194,WHE,Wheaty Chili Snacker
4032277001622,WHE,Wheaty Chorizo Snacker
4032277012222,WHE,Wheaty Helle Bratwurst
4032277010150,WHE,Wheaty Lyoner Art mit Paprika
4032277011164,WHE,Wheaty Merguez Snacker
4032277000113,WHE,Wheaty Mini Super Griller vegan
4032277012246,WHE,Wheaty Rote Bratwurst
4032277012833,WHE,Wheaty Snacker Salami Style
4032277013311,WHE,Wheaty Strips nach Kochschinken Art
4032277009413,WHE,Wheaty Sucuk Snacker
4032277012499,WHE,Wheaty Super Griller 2.0
4032277012475,WHE,Wheaty Superhero Burger 2.0
4032277000106,WHE,Wheaty Vegane Bauern-Knacker
4032277005231,WHE,Wheaty Vegane Chorizo Bratwurst
4032277001639,WHE,"Wheaty Vegane Gran Chorizo, Stange"
4032277012512,WHE,Wheaty Vegane Merguez 2.0
4032277012895,WHE,Wheaty Vegane Rolle Lyoner Art
4032277005521,WHE,Wheaty Vegane Rosmarin-Roulade
4032277002704,WHE,Wheaty Vegane Slices Chorizo
4032277000038,WHE,Wheaty Vegane Slices vom Rauch
4032277012857,WHE,Wheaty Vegane Thaiwurst
4032277012437,WHE,Wheaty Vegane Weiáe
4032277012819,WHE,Wheaty Veganer Aufschnitt nach Kochschinken Art
4032277013090,WHE,Wheaty Veganer Aufschnitt Seitami
4032277009109,WHE,Wheaty Veganer Aufschnitt Sucuk
4032277000236,WHE,Wheaty Veganes Gyros
4032277012772,WHE,Wheaty Veganes Streicherle Leberwurst Art
4032277005279,WHE,Wheaty Veganes Virginia Steak
4032277012451,WHE,Wheaty Weenies 2.0
4032277000816,WHE,Wheaty Winzi Weenies vegan
8713576163001,TER,Wheel
7611650758055,HUA,Whisky Mainland
4260435770107,SPC,Whiskypfeffer ganz
4260717840993,LNB,White Coconut Pralinis
4260229234242,FOD,White Delights Himbeere
4260229234457,FOD,White Delights Mango Maracuja
4260229234266,FOD,White Delights Pistazie
4044889004632,ICH,White Nougat Crisp
42488071,HVM,White Pralin‚ Dessert
4260009217632,PVD,White tea Augencreme
4044889004571,ICH,White Vanilla
5765228836095,URT,Whitening Toothpaste Fresh Mint
4044889004885,VNI,Whole Cocoa Fruit
4019736017929,ZWE,Wie Currywurst
4019736017905,ZWE,Wie grobe Leberwurst
4019736012658,ZWE,Wie Leberwurst
4019736017882,ZWE,Wie Teewurst
4019736017943,ZWE,Wie Zwergenwurst
4031829230503,™KL,Wiener
4031829230756,™KL,Wiener Minis im Glas (ca. 20 St)
4031829231852,™KL,Wiener Würstchen im Glas
9120081090019,GKO,Wiener Würze
4260400100007,LEC,Wiesenheu
4012346286402,LEB,Wiesenkräuter TB
4019736007036,ZWE,Wiking Senf
4009309731710,MAR,Wild Preiselbeeren
4026584103322,SOF,Wild-Heidelbeeren
9004145012752,STN,Wilde Lilli Sirup
4008471511274,S™B,Wilder Bernd
22082206,S™B,"Wilder Bernd, PrePack"
4026813110220,NCL,Wildheidelbeeren
4260085560127,KAF,"Wildkaffee ""blond roast"" mild gemahlen"
4260085560158,KAF,Wildkaffee Espresso ganze Bohne
4260085560189,KAF,Wildkaffee Espresso ganze Bohne
4260085560165,KAF,Wildkaffee Espresso gemahlen
4260085561056,BRM,Wildkaffee Kapseln Espresso kompostierbar
4260085561018,BRM,Wildkaffee Kapseln Lungo kompostierbar
4260085560134,KAF,Wildkaffee medium ganze Bohne
4260085560141,KAF,Wildkaffee medium gemahlen
9004145005914,STN,Wildkräuter Tee
9004145012790,STN,Wildkräutersalz
4012481535564,FMG,Wildlachs Filets MSC
4250073454729,FWO,Wildlachs Filets MSC
4026968017054,FON,Wildlachs natur MSC
4026968017641,FON,Wildlachs Salat Mexico in Tomatendressing
4250073463035,FWO,Wildlachs Spaghetti MSC
4026968017603,FON,Wildlachsfilet Senf Honig
4026968017504,FON,Wildlachsfilet Tom Basilikum
4250073461659,FWO,Wildlachsspitzen MSC
4019339875582,DAV,Wildpreiselbeeren
4001638500760,WEL,Wildrosen”l
4086900742659,PVL,Wildrosen”l
7611650210034,HUA,Williams
4015141035473,LDM,Williams mit Honig - Limitiert
4020829088429,HAU,Wind und Wetter Bad
9004145012639,STN,Wintergemüse Gewürz
4260012641691,BIN,Winterpostelein
7611650790079,HUA,Wodka Wodotschka
4260026697332,BIT,Wohlfühldusche Blüten-Poesie
4012346784007,LEB,Wohlfühltee Display 2025
4012346222400,LEB,Wohliges Bauchgefühl
4000345243601,NCO,Wok Noodles
4260473460060,WCR,Wolfscraft Brutal alkoholfrei
4019886045070,SOD,Wolle und Feines
4260378049131,KHD,Wonder Hair Tonic
8713576000627,TER,Wrap Dinkel mit Hafer Piadina
4005967506349,ROS,Wühlschütte Leerdisplay
4260512463106,AYA,Wunderbaum Intensiv Haar”l
4015637015224,BAK,Wunderbr”dchen Hafer
4015637015309,BAK,Wunderbr”dchen Original
4260473464075,WDB,Wunderbräu Dunkles Weizen Alkoholfrei
4260473464020,WDB,Wunderbräu Hell
4260473464051,WDB,Wunderbräu Lager Alkoholfrei
4260473464099,WDB,Wunderbräu Landbier
4260473464068,WDB,Wunderbräu Naturradler Alkoholfrei
4260473464037,WDB,Wunderbräu Weizen alkohofrei
4015637826417,BAK,Wunderbrod gf
4015637827377,BAK,Wunderbrod Gold gf
4015637827094,BAK,Wunderbrod mit Nüssen gf
4015637017853,BAK,Wunderbrod Protein gf
4032105095212,SBŽ,Wurstbr”tchen
4010303026702,WSE,"Wurstmesser, schwarzer Griff"
4000345046196,NCO,Würz & Fein Nachfüllbeutel
4260512462222,AYA,Wurzelstärke Shampoo feines Haar
4260028360814,REA,Würzhefeflocken
4260028361903,REA,Würzhefeflocken
4012346224404,LEB,Würziger Wintermoment TB
4005047220011,EDN,Würzl Klare Suppe hefefrei Nachfüllbeutel
4005047220165,EDN,Würzl Klare Suppe mit Hefe Nachfüllbeutel
4030917003005,SAC,Würzsauce Habanero Hot
4030917014407,SAC,Würzsauce Mojo Rojo
4030917005405,SAC,Würzsauce Sambal Oelek
4030917003203,SAC,Würzsauce Worcestershire
4019339636190,DAV,XL Porridge Vanille
4086900101623,PVL,Ylang Ylang komplett bio
4086900755109,PVL,Yogaflow Duft Roll-On
4086900185012,PVL,Yogaflow Duftmischung
4086900195011,PVL,Yogaflow Raumspray
4260112342047,MYY,Yoghurt Ferment Mild
4260112342115,MYY,Yoghurt Ferment Vegan
4012824601048,YOG,Yogi Tea Barista Chai Classic Elopak
4012824401211,YOG,Yogi Tea© Abend TB
4012824405974,YOG,Yogi Tea© Ashwagandha Balance
4012824401006,YOG,Yogi Tea© Atem Tee TB
4012824404243,YOG,Yogi Tea© Basische Kräuter TB
4012824406650,YOG,Yogi Tea© Bauch Balance
4012824400610,YOG,Yogi Tea© Black Chai TB
4012824404229,YOG,Yogi Tea© Christmas Tea TB
4012824529250,YOG,Yogi Tea© Classic Chai
4012824400016,YOG,Yogi Tea© Classic TB
4012824401594,YOG,Yogi Tea© Frauen Balance TB
4012824401648,YOG,Yogi Tea© Frauen Power TB
4012824401082,YOG,Yogi Tea© Frauen Tee TB
4012824401464,YOG,Yogi Tea© Glücks Tee TB
4012824407107,YOG,Yogi Tea© Glücksmomente Mixkarton
4012824401921,YOG,Yogi Tea© Grüne Energie TB
4012824401877,YOG,Yogi Tea© Grüne Harmonie TB
4012824401976,YOG,Yogi Tea© Grüner Morgen TB
4012824403239,YOG,Yogi Tea© Grüntee Matcha Zitrone TB
4012824401396,YOG,Yogi Tea© Halswärmer TB
4012824406926,YOG,Yogi Tea© Happy Farming
4012824405912,YOG,Yogi Tea© Happy Nature
4012824401730,YOG,Yogi Tea© Ingwer Orange Vanille TB
4012824401785,YOG,Yogi Tea© Ingwer TB
4012824401303,YOG,Yogi Tea© Ingwer Zitrone TB
4012824403758,YOG,Yogi Tea© Innere Harmonie TB
4012824401433,YOG,Yogi Tea© Klarer Geist TB
4012824404120,YOG,Yogi Tea© Kurkuma Chai TB
4012824404489,YOG,Yogi Tea© Kurkuma Orange TB
4012824400306,YOG,Yogi Tea© Lakritz Minze TB
4012824400160,YOG,Yogi Tea© Lakritz TB
4012824401686,YOG,Yogi Tea© Lebensfreude TB
4012824405349,YOG,Yogi Tea© Maca Chai TB
4012824406537,YOG,Yogi Tea© Mango Chai
4012824401358,YOG,Yogi Tea© Männer Tee TB
4012824406032,YOG,Yogi Tea© Mentale Klarheit
4012824406353,YOG,Yogi Tea© Morgen Energie
4012824401044,YOG,Yogi Tea© Nach dem Essen Tee TB
4012824403185,YOG,Yogi Tea© Natürliche Abwehr TB
4012824406940,YOG,Yogi Tea© New Inspiration
4012824405462,YOG,Yogi Tea© Pumpkin Chai TB
4012824400764,YOG,Yogi Tea© Rose TB
4012824406285,YOG,Yogi Tea© Rote Beeren
4012824401129,YOG,Yogi Tea© Ruhe TB
4012824406520,YOG,Yogi Tea© Salted Caramel TB
4012824400115,YOG,Yogi Tea© Schoko TB
4012824405493,YOG,Yogi Tea© Seelenbalsam TB
4012824406599,YOG,Yogi Tea© Spritzige Blutorange
4012824406131,YOG,Yogi Tea© Star Salutation
4012824400665,YOG,Yogi Tea© Sweet Chai TB
4012824405585,YOG,Yogi Tea© Tulsi Gelassenheit TB
4012824401556,YOG,Yogi Tea© Wohlfühl Tee TB
4012824400504,YOG,Yogi Tea©Lemon Mint TB
4013320098783,GEP,Yogurt & crisp fairness
9004145003125,STN,Ysop gemahlen
4019838090103,CDO,Yunnan Premium Pu Erh Wildtee
8713576002294,TER,Yuzu Saft
4260752751827,SPC,Zaatar
4260397793787,HYD,Zahnbürste Classic medium
4260397793909,HYD,Zahnbürste Premium Medium
4260397793862,HYD,Zahnbürste Premium Soft
4260397793824,HYD,Zahnbürste Premium Super Soft
4260397793985,HYD,Zahnbürste Professional Medium
4260397793947,HYD,Zahnbürste Professional Soft
4515384515348,1TR,Zahnbürstenhalter Romantic
4516184516146,1TR,Zahnbürstenhalter Traditional
4280001065574,YAW,Zahnbürstenwechselk”pfe medium
4280001065604,YAW,Zahnbürstenwechselk”pfe soft
4021457652280,LAV,Zahncreme Complete Care
4021457652297,LAV,Zahncreme Complete Care Fluoridfrei
4021457652310,LAV,Zahncreme Kids Fluoridfrei
4260198097961,BEN,Zahncreme Minze
4021457652303,LAV,Zahncreme Sensitiv u. Repair
4021457650736,LAV,Zahncreme Sensitive Whitening
4251191898341,APR,Zahnfleischpfl. Prophylax Gel
4021457652693,LAV,Zahngel Neutral Fluoridfrei
4260198097978,BEN,Zahngel Sensitiv
4260198097985,BEN,Zahnpasta Bio-Propolis
4260491220509,BDN,Zahnpasta Black Ben und Anna
4260491220523,BDN,Zahnpasta Sensitive Ben und Anna
4260491220516,BDN,Zahnpasta White Ben und Anna
4260491220943,BDN,Zahnpasta White mit Fluorid
4260491220530,BDN,Zahnpuder Black Ben und Anna
4270002245631,FCQ,Zahnpulver - Das Original
4260743760098,FCQ,Zahnpulver Pulver Ayurveda Typ 5
4260743760050,FCQ,Zahnpulver Pulver Kräuter Typ 4
4260743760012,FCQ,Zahnpulver Pulver Lakritz Typ 3
4260743760074,FCQ,Zahnpulver Pulver Minze Typ 1
4260743760005,FCQ,Zahnpulver Pulver Würzig Typ 2
4280001065055,YAW,Zahnseide mit Bienenwachs
4280001065277,YAW,Zahnseide Nachfüllpack 2 x 25 m
4250073458123,FWO,Zander Filets MSC
4022346642535,HEU,Zart Earl Grey Tee
4005967006658,ROS,Zartbitter Dattel Brownie
4044889005356,VNI,Zartbitter Dattelsüáe
4044889003192,VNI,Zartbitter GanzNuss
4044889003208,VNI,Zartbitter Mandel
4044889002171,VNI,Zartbitter Marzipan Amaretto
4044889001662,LAC,Zartbitter mit 60% Cacao
4085900006648,VNA,Zartbitter Ostereier mit Eierlik”r
4021246333475,LUB,Zartbitter Ostereier mit Erdbeer Creme
4021246402010,LUB,Zartbitter Ostereier mit Mandel Nougat
4085900000608,VNA,Zartbitter Ostereier mit Marzipan
4021246333437,LUB,Zartbitter Ostereier mit Mousse au Chocolat
4085900006785,VNA,Zartbitter Ostereier mit Mousse au Chocolat
4085900006723,VNA,Zartbitter Ostereier mit Nougat
4013320185629,GEP,Zartbitter Pur 60%
4005967008102,ROS,Zartbitter Schoko Eier mit Himbeercreme gefüllt
4005967576694,ROS,Zartbitter Schoko Lolly Hase
4005967510995,ROS,Zartbitter Schoko Osterhase
4013320066393,GEP,Zartbitterschokolade 70%
4260485630482,FAQ,Zartbitterschokolade 70% & Kakaosplitter
4260485630512,FAQ,Zartbitterschokolade 70% Tigernuss Mandel
4260485630499,FAQ,Zartbitterschokolade 80%
4260485630505,FAQ,Zartbitterschokolade 80% & Fleur de Sel
4260485630109,FAQ,Zartbitterschokolade 92 %
4013320066331,GEP,Zartbitterschokolade Feinherb 55%
4013320066355,GEP,Zartbitterschokolade Orange 70%
4008471514596,S™B,Zarte Butterhexe Käsescheiben
4008471514602,S™B,"Zarte Butterhexe, 1/2 Laib"
4001638500050,WEL,Zarter Reinigungsschaum
9004145005174,STN,Zaubertrunk
4028332442424,WMF,Zaziki
4013320205334,GEP,ZB Mandel Orange
4013320114995,GEP,ZB Minze
4086900101647,PVL,Zeder bio
4012346204208,LEB,Zeit für Abenteuer TB
4012346204604,LEB,Zeit für Chai TB
4012346225203,LEB,Zeit für Dankbarkeit TB
4012346206608,LEB,Zeit für Erfrischung TB
4012346204505,LEB,Zeit für Gemütlichkeit TB
4012346204505,LEB,Zeit für Gemütlichkeit TB
4012346222608,LEB,Zeit für klare Gedanken TB
4012346209302,LEB,Zeit für Ruhe TB
4012346209302,LEB,Zeit für Ruhe TB
4012346206806,LEB,Zeit zum Ankommen TB
4012346209401,LEB,Zeit zum Durchstarten TB
4012346209401,LEB,Zeit zum Durchstarten TB
4012346222905,LEB,Zeit zum Glücklichsein TB
4012346205700,LEB,Zeit zum Krafttanken TB
4012346225302,LEB,Zeit zum Verweilen TB
4005120000417,LUK,Zell-Aktiv Creme-Maske
4260418020489,GNC,Zellschutz & Immun Trinkpulver Vital.
4260065960626,GUS,Zero S rot klein SO2 zusatzfrei
4260065960602,GUS,Zero S rot SO2 zusatzfrei
4260065960251,GUS,Zero S weiß klein SO2 zusatzfrei
4260065960268,GUS,Zero S weiß SO2 zusatzfrei
4260065961142,GUS,ZeroZero alkoholfrei SO2 zusatzfrei
4024297018575,NAT,Zichorienkaffee Instant
4024297018551,NAT,Zichorienkaffee zum Filtern
2151992,VAV,Ziegen Brie Cabriette/Cabriol
4250111511407,ANL,"Ziegen Brie, ca. 700g"
8711842336098,BAS,Ziegen Brietorte
8714565008020,BAS,Ziegen Brietorte Bockshornklee
4260100879654,MZO,"Ziegen Frischkäse ""streichzart"", Eimer (1 kg)"
4104060030550,AND,Ziegen Frischkäse 65%
4000915100327,ISA,Ziegen Frischkäse Bärlauch
3273227041447,BEG,Ziegen Frischkäse Bergerie
4000915107067,ISA,Ziegen Frischkäse Chili Marinade
4000915107036,ISA,Ziegen Frischkäse extra mild
4260100879593,MZO,Ziegen Frischkäse in ™l mit Kräutern
4000915107043,ISA,Ziegen Frischkäse Kräuter Marinade
4260100870064,MZO,Ziegen Frischkäse Mix 100g
4260100870019,MZO,Ziegen Frischkäse Natur 100g
4000915105803,ISA,Ziegen Frischkäsekugeln mit Kräutern
8714565008402,BAS,Ziegen Frischkäserolle
8714565008426,BAS,Ziegen Frischkäserolle Honig
4260100870088,MZO,Ziegen Frischkäserolle Honig-Sesam
8714565008495,BAS,"Ziegen Frischkäserolle Natur, 6x125g"
4260100870187,MZO,Ziegen Frischkäserolle Quitte-Vanille
4260100870217,MZO,Ziegen Frischkäserolle Schnittlauch
4260100872198,MZO,Ziegen Frischkäsetaler Honig 60g
8714565008044,BAS,Ziegen Gouda Blauschimmel
8714565067065,BAS,Ziegen Gouda jung
8711842242238,BAS,Ziegen Gouda mit Rosmarin
8714565067133,BAS,Ziegen Gouda mittelalt
8714565007085,BAS,Ziegen Gourmet
4046896202209,VAV,Ziegen Weichkäse Mischsortiment 'Le Pic'
4250111511957,ANL,Ziegenbert Blütenzauber
4260100879050,MZO,Ziegenbrie
4104060031823,AND,Ziegenbutterkäse in Scheiben
4104060011917,AND,Ziegencamembert
4260100870613,MZO,"Ziegenfrischkäse Natur, streichzart"
4260060160014,D™R,"Ziegenfrischkäse Natur, Theke"
4104060025716,AND,"Ziegenjoghurt 3,5%"
4104060029264,AND,"Ziegenjoghurt 5,2%"
9007833008600,LEE,Ziegenjoghurt High Protein
3273227040877,BEG,Ziegenjoghurt Natur
3273227241175,BEG,Ziegenjoghurt Natur cremig gerührt
9007833008228,LEE,"Ziegenjoghurt natur, Heumilch"
9007833008372,LEE,"Ziegenjoghurt Natur, Heumilch"
9007833008365,LEE,Ziegenmilch frisch - Kühlprodukt
4260100870385,MZO,Ziegenquark
9007833009034,LEE,"Ziegenquark 40%, Heumilch"
4104060028663,AND,Ziegenreibekäse
4260100872419,MZO,"Ziegenweichkäserolle ""Mini B–che"""
4015637019161,BAK,Zimt Balls gf
4260752752978,SPC,Zimt Ceylon Stangen
4012346139180,LEB,Zimt gemahlen
9004145007345,STN,Zimt gemahlen (Ceylon) Tüte
9004145003293,STN,Zimt gemahlen Cassia Tüte
4022346330227,HEU,Zimt gemahlen Ceylon Typ Dose
4022346330265,HEU,Zimt gemahlen Dose
4022346730249,HEU,Zimt gemahlen Dose
4012346154107,LEB,Zimt gemahlen Tüte
4012346113401,LEB,Zimt Zucker
4032105007048,SBŽ,Zimt-Nusskuchen
9004145012615,STN,"Zimt,Zucker & Co"
9004145077713,STN,Zimtfl”ckchen Zuckerr”ckchen
4028112077518,SDL,Zimtiss
4086900105942,PVL,Zimtrinde Ceylon 30 %
4012346154305,LEB,Zimtstangen Ceylon Tüte
4022346330302,HEU,Zimtstangen Ceylon Tüte
9004145003347,STN,Zimtstangen Tüte
4035784162800,GSE,Zink + Vitamin C Complex
4035784161254,GSE,Zink Compact
4260026691064,BIT,Zink Salbe
4260012647747,BIN,Zinnie Carroussel
4086900100978,PVL,Zirbelkiefer bio
4086900105973,PVL,Zirbelkiefer bio
4086900741362,PVL,Zirbelkiefer Zederwasser
4260013330006,ATX,Zirbenkissen
4086900195141,PVL,Zirbenwald Raumspray
4086900100992,PVL,Zitrone bio
4086900105997,PVL,Zitrone bio
4106060073933,BEU,Zitrone Ingwer
4020829007680,HAU,Zitronen Lemongrass Pflege”l
4260112295053,MKS,Zitronen Mayonnaise
4013044100113,BTH,Zitronen”l
9004145002319,STN,Zitronengras lose
9004145023482,STN,Zitronengras Melisse Verbene TB
4012346220611,LEB,Zitronengrastee
4260360270659,NPU,Zitronenkuchen
9004145002081,STN,Zitronenmelisse lose
4032105008625,SBŽ,Zitronenmuffin
4022346329726,HEU,Zitronenpfeffer Dose
4015533000645,VOE,Zitronensaft
4015533004643,VOE,Zitronensaft
4106060010327,BEU,Zitronensaft
4106060071588,BEU,Zitronensaft
4005394116265,VEG,Zitronensäure
4013044100229,BTH,Zitronensäure
4260096395619,AGA,Zitronensäure
4005394116111,BVE,Zitronenschale gerieben
4013044100137,BTH,Zitronenschale gerieben
4260508213326,PBK,Zitronensoda
4260508213333,PBK,Zitronensoda mit Koffein
80603061,RAC,Zitronensorbet Eis
9004145023352,STN,Zitronenthymian
9004145002203,STN,Zitronenverbene lose
4000430103919,WER,Zitrus Träumchen gf
4260012643695,BIN,Zucchini Serafina
4260012646696,BIN,Zuckererbse
4260012642339,BIN,Zuckererbse Ambrosia
4009309641187,MAR,Zuckermais
4009309654477,MAR,Zuckermais
4026813020048,NCL,Zuckermais
4260100263736,BCO,Zuckermais
4260360271878,NPU,Zuckermais
4260360271977,NPU,Zuckermais
4026813004451,DFE,"Zuckermais, 4x2,5 kg"
4015637843018,BAK,Zuckerrübensirup im Becher
4012346647296,LEB,Zuckersticks
4260096392953,AGA,Zuckerstreusel
4260330152886,SOL,Zündh”lzer 55mm
4251191898457,APR,Zungenreiniger aus Edelstahl
4032105012073,SBŽ,Zutatenliste Steinofenbäcker
9120047400289,LGI,Zweigelt Klassik rot
9120001700332,SMU,Zweigelt rot
4019736010548,ZWE,Zwergannaise im Glas
4019736008859,ZWE,Zwergen Streich
4019736011149,ZWE,Zwergensauce
4260091351054,DBB,Zwetschge Fruchtaufstrich
5998008700334,TAR,Zwetschgenmus pur
5998008700617,TAR,Zwetschgenmus pur
5998008700624,TAR,Zwetschgenpowidl
4024297006480,NAT,Zwieback Butter
4024297006503,NAT,Zwieback Dinkel ungesüát
4260012647686,BIN,Zwiebel rot Robelja
4019736017745,ZWE,Zwiebel Schmelz
4012346165608,LEB,Zwiebeln rot und weiß
4026813003027,DFE,"Zwiebelwürfel, 10x10 mm"
4031829231319,™KL,Zwiebelwurst gekocht Gourmet Qualität im Glas
2900000991200,5WP,Zwischenboden
4086900384309,PVL,Zyklus Akut Roll-On
4086900384705,PVL,Zyklus Balance ™l
4260418020342,GNC,Zyklus Balance Trinkpulvermischung Vitalstoff Komp
4011162974906,WCK,Zylinderglas mit Deckel 1590 ml 210x100mm
4086900106031,PVL,Zypresse bio
4006040413509,,Faire Shokolade Zartbitter Haselnuss
4006040320715,,Krachnuss Vollmilchschokolade mit Haselnüssen
4006040068594,,Faire Schokolade Student Futter
4260712620019,,Natur Joghurt Bioland Schauhof
4005696602343,,Test-Eier
9004145004160,,Schwarzkümmel