Gebinde-EAN,Einzel-EAN,Produktname,VPE ,Hersteller
4032105000032,4032105000032,10-Korn-Schrot,1,SB
4005561903124,4005561004890,100% Dinkel Crunchy,6,BOL
8713576682502,8713576282504,100% Naturreisnudeln,12,TER
4005561902394,4005561002889,100% Schoko Crunchy,6,BOL
4032105000025,4032105000025,1000 Krnerkruste,1,SB
4005967508855,4005967005019,1001 Nacht Porridge ungesát,6,ROS
94026273219962,,"1862 Meisterstck 8 M, Keil - aus Heumilch g.t.S.","3,2",BK
3419390407066,3419390407059,2 Hamburger Brtchen mit Sesam,5,BNR
4019339017418,4019339308141,2 Minuten Polenta gf,8,DAV
4260664930662,4260664930662,2in1 Deodorant Creme Flowers,1,NYK
4260664930112,4260664930112,2in1 Deodorant Creme Green Touch,1,NYK
4260664930099,4260664930099,2in1 Deodorant Creme Kokos ohne Parfum,1,NYK
4260664930655,4260664930655,2in1 Deodorant Creme Light ocean,1,NYK
4260664930686,4260664930686,2in1 Deodorant Creme Oriental Wood,1,NYK
4260664930105,4260664930105,2in1 Deodorant Creme Peach Perfect,1,NYK
4260664931645,4260664931645,2in1 Deodorant Creme Vitamina,1,NYK
4260664930587,4260664930587,2in1 Feste Dusche und Pflege Intense Red,1,NYK
4260664930594,4260664930594,2in1 Feste Shampoo + Conditioner Green Touch,1,NYK
4260397795675,4260397795668,2in1 festes Shampoo & Dusche Maus Apfel,6,HYD
4260664931294,4260664931294,2in1 Festes Shampoo + Conditioner Sensitiv,1,NYK
4260664930617,4260664930617,2in1 Festes Shampoo + Conditioner Vitamina,1,NYK
4260397794166,4260397794166,2in1 Shampoo & Dusche Elefant Sensitiv,1,HYD
4260397794180,4260397794180,2in1 Shampoo & Dusche Ente Apfel,1,HYD
4260397794159,4260397794142,2in1 Shampoo & Dusche Maus Pfirsich,1,HYD
4022381003483,4022381311205,3 Korn Flocken,6,SPI
9004145132245,9004145023215,3 Minze Tee,6,STN
4021829203997,4021829083131,"365 Daily Energy 0,33l",12,EOG
4260631130170,4260631130170,3in1 Duschgel Energetisierend Hanf Hopfen,1,GR
4260664930631,4260664930631,3in1 Feste Dusche Krper Haare Gesicht,1,NYK
4021457661015,4021457661015,3in1 Reinigung Pure Beauty,1,LAV
3419390407080,3419390407073,4 Hamburger Brtchen mit Sesam,5,BNR
4022381003506,4022381312202,4 Korn Flocken,6,SPI
4000430615108,4000430002595,4 Korn Rbli Hschen gf,6,WER
4019736015031,4019736015048,4-Frucht Mix,12,ZWE
4001638590051,4001638590051,48H Hydration Creme-Gel,1,WEL
4260664930648,4260664930648,4in1 Feste Dusche Krper Haare Gesicht Bart,1,NYK
4012346177496,4012346177403,5 Gewrze,6,LEB
4022381020275,4022381020268,5 Korn Flocken zart,6,SPI
4022381003513,4022381314206,6 Korn Flocken,6,SPI
4022381003063,4022381112185,6-Korn-Mischung,6,SPI
4260418024333,4260418020335,7 Kruterpulver nach B.Heidelberger,4,GNC
4015533178917,4015533000676,7 Zwerge Kindersaft,6,VOE
4015533911118,4015533004674,7 Zwerge Kindersaft,12,VOE
4003301056109,42226796,8ř Acht Grad Weinschorle ros,12,ACG
4003301049262,42183129,8ř Acht Grad Weinschorle weiá,12,ACG
4008471700234,4008471503071,ABC Joghurt mild pur,4,SB
4106060221778,4106060077306,ABC Vital PUR Pro,6,BEU
4031779736025,4031779736025,Abendbrot,10,MOI
9004145305021,9004145005020,Abendtee,6,STN
4012346283388,4012346283302,Abendtraum,1,LEB
4007547710207,4007547710207,Abfllpumpe fr 5l/10l,1,SNT
4002029968404,4002029068401,Acerola Lutschtabletten,8,HOY
4015533060359,4015533060342,Acerola Muttersaft,10,VOE
4018462416716,4018462416709,Aceto Bals IGP Invecchiato,6,BYO
4024297002048,4024297151760,Aceto Balsamico di Modena,6,NAT
4260355587687,4260355587670,Aceto Balsamico di Modena,6,BPL
4018462416013,4018462416006,Aceto Balsamico di Modena IGP,6,BYO
4018462416112,4018462416105,Aceto Balsamico di Modena IGP,1,BYO
8018759005957,8018759000952,Aceto Balsamico di Modena IGP,6,SEL
4024297017264,4024297017257,Aceto Balsamico di Modena IGP Premium,6,NAT
4005906092759,4005906002758,Adelholzener Apfel Schorle,12,AHZ
4005906092773,4005906002772,Adelholzener Apfel Trauben Schorle,12,AHZ
4005906072072,4005906002079,Adelholzener classic,12,AHZ
4005906092124,4005906002123,Adelholzener classic,12,AHZ
4005906072041,4005906002048,Adelholzener naturell,12,AHZ
4005906082002,4005906002000,Adelholzener naturell,6,AHZ
4005906092100,4005906002109,Adelholzener naturell,12,AHZ
4005906072065,4005906002062,Adelholzener sanft,12,AHZ
4005906092117,4005906002116,Adelholzener sanft,12,AHZ
9004145123618,9004145012141,Adios Salz Gartengemse,6,STN
9004145123595,9004145012134,Adios Salz mediterran,6,STN
9004145308244,9004145008243,Adios Salz Scharfe Gemsemisch,6,STN
4002567679879,7804320150611,Adobe Cabernet Sauvignon rot,6,EML
4002567679671,7804320150604,Adobe Carmenere Reserva rot,6,EML
4002567679589,7804320150628,Adobe Chardonnay Reserva weiá,6,EML
4002567688956,7804320268170,Adobe Rose Reserva,6,EML
18003938009779,8003938009772,Affogato al Caff,12,RAC
18003938009786,8003938009789,Affogato al Caff,6,RAC
4024297021827,4024297021810,African Spirit Sauce,6,NAT
4008576401302,4008576401302,Afrokamm,1,NYK
4260664939580,4260664939580,"Afrokamm, aus recycelten Tauen",1,NYK
4260631130491,4260631130491,After Shave Balsam Feuchtigkeitspflege Hanf Hopfen,1,GR
4009800012035,4009800012035,After Sun Lotion,1,SCK
4021457661770,4021457661770,After Sun Lotion,1,LAV
4260096396722,4260096395725,Agar Agar,16,AGA
4005394144992,4005394151013,Agar Agar Gelierfix,15,BVE
4005394151174,4005394285695,Agaranta,12,BVE
4017645014039,4017645014039,Age Energy Shampoo Coffein,1,LOG
4055297147033,4055297147033,AGE PROTECTION Festigendes 2-Phasen Serum,1,LOG
4055297146876,4055297146876,AGE PROTECTION Regenerierende Nachtcreme,1,LOG
4055297146951,4055297146951,AGE PROTECTION Straffende Augencreme,1,LOG
4055297146654,4055297146654,AGE PROTECTION Straffende Tagescreme,1,LOG
4012346169095,4012346169002,Aglio e Olio,6,LEB
4024297010036,4024297349129,Ahornsirup Grad A,6,NAT
4024297010104,4024297349334,Ahornsirup Grad C,6,NAT
4012346179490,4012346179407,Aioli,12,LEB
4000915300987,4000915100983,"Aioli Brlauch, frisch Prepack",4,ISA
4000915300970,4000915100976,"Aioli Chili, frisch Prepack",4,ISA
4000915304596,4000915104592,Aioli Classico,6,ISA
4000915300994,4000915100990,"Aioli Classico, frisch Prepack",4,ISA
4260360276682,4260360271687,Aioli Sauce,6,NPU
4018462158463,4018462158456,Aioli vegan,6,BYO
4250073464056,4250073464049,Airfryer Fishbites Wildlachs Teriyaki Art,6,FWO
4250073464032,4250073464025,Airfryer Fishbites Zitrone-Kruter,6,FWO
4027468000140,4027468000034,Ajvar,6,ERH
4009309596319,4009309592311,Ajvar mild,1,MAR
4009309596715,4009309592717,Ajvar mild,6,MAR
4009309595671,4009309595275,Ajvar scharf,6,MAR
4038507012239,4038507012222,Akazienfaser,6,GOV
4262417560201,4262417560065,Akazienhonig,6,IAA
4002029991938,4002029001934,Akazienhonig m. Frhjahrsblte,6,HOY
4086900380103,4086900380103,Aktionsdisplay Bodenaufsteller Gesundwohl,1,PVL
4086900380110,4086900380110,Aktionsdisplay Thekenaufsteller Gesundwohl,1,PVL
4020829113855,4020829113855,Aktionspaket Regeneration Handbalsam,1,HAU
4086900383807,4086900383807,Aktiv Sportgel,1,PVL
4086900030800,4086900218505,Aktivwohl Cooling Sport Spray,1,PVL
4086900030763,4086900218208,Aktivwohl Gelenkwohl Einreibung,1,PVL
4086900030787,4086900218307,Aktivwohl Muskelwohl Einreibung,1,PVL
4086900031920,4086900218406,Aktivwohl Sport Gel,1,PVL
4020829069275,4020829069275,Akut Creme Potentilla,1,HAU
4020829069305,4020829069305,Akut Creme Potentilla Kleingráe,1,HAU
4260026694270,4260026694270,Akut Hornhaut Balsam,1,BIT
9004145116160,9004145006782,Aladins Kaffeegewrz Tte,6,STN
9003309010115,9003309101103,Alaska Indian Candy,4,YOU
9003309041003,9003309410007,Alaska Kabeljau Rckenfilet MSC,6,YOU
9003309040082,9003309128865,Alaska Wildlachs Filet MSC,6,YOU
9003309010139,9003309101301,Alaska Wildlachs Wild & Pink MSC,4,YOU
9003309010184,9003309101806,Alaska Wildlachs Wild & Red MSC,4,YOU
9003309010177,9003309101707,Alaska Wildlachs Wild & Silver MSC,4,YOU
3760253220767,3760253220255,"Albert- vegane Brie Alternative, SB",4,JJY
4260266541310,4260266541310,Aleppo Haarseife,1,JIS
4260266541327,4260266541327,Aleppo Haarseife,1,JIS
4260266541112,4260266541112,Aleppo Seife,1,JIS
4260266541129,4260266541129,Aleppo Seife Block,1,JIS
4260266541501,4260266541501,Aleppo Seife zum Aufhngen,1,JIS
4000915300307,4000915100303,Alge & Ingwer Aufstrich,4,ISA
4000915300758,4000915100754,Algen-Salat mit Sesam & Ingwer,4,ISA
4260664931300,4260664931300,All-in-One feste Dusche Sensitiv,1,NYK
4004191901005,4004191001002,Alles Gute Fruchtsaft,6,RAB
9004145377370,9004145077379,Alles im GrnenŠ Salatgewrz,6,STN
9004145754096,9004145006676,Alles im GrnenŠ Salatgewrz,6,STN
4086900185197,4086900185197,Alles Liebe Duftmischung,1,PVL
4086900043749,4086900267305,Alles Liebe Duschbalsam,1,PVL
9004145307384,9004145007383,Alles Liebe Gew BltenMix Tte,6,STN
4086900044043,4086900267404,Alles Liebe Handcreme,1,PVL
4086900033641,4086900267107,Alles Liebe Krperbutter,1,PVL
4086900046740,4086900267008,Alles Liebe Krperl,1,PVL
9004145109629,9004145006430,Alles Liebe Krutertee ohne Hanf,6,STN
4007547304208,4007547304208,Allesreiniger,1,SNT
4007547314009,4007547304000,Allesreiniger,6,SNT
94026273219016,,"Allguer Alpkse, Keil - aus Heumilch g.t.S.","3,2",BK
4026913125056,,Allguer Bergkse Bioland g.U.-Kserei Leupholz,3,MA
94026913552121,,Allguer BltenMarie,4,MA
4026913553255,4026913153257,Allguer Limburger,4,MA
94026913553104,,Allguer Wieserbrie,"1,5",MA
4019886600354,4019886000352,Allzweckreiniger,6,SOD
4104060013034,4104060040016,Almbutter - Sauerrahm,16,AND
9004584055938,9004584055921,Almknig,"2,3",SGM
4012346552590,4012346286303,Almkruter TB,12,LEB
4012346538495,4012346538402,Almkrutertee,6,LEB
4270001075352,4270001075307,Almond Cookie Dough Riegel,12,LNB
4015533055133,4015533055126,Aloe vera,6,VOE
4260009217649,4260009217649,Aloe Vera Augen Serum,1,PVD
4044512311007,4044512311007,Aloe Vera Bio Gel,1,RAI
4005529251717,4005529251717,aloe vera body lotion sensitiv,1,SAV
4032061410098,4032061010090,Aloe Vera Cream,1,GEB
4086900031906,4086900746008,Aloe Vera Gel,1,PVL
4270004219401,4270004219401,Aloe Vera Gel,1,ELU
4005529220010,4005529220010,aloe vera gel pur ohne Duft,1,SAV
4005529255012,4005529255012,aloe vera handcreme,1,SAV
4005529233010,4005529233010,aloe vera hydro repair gel,1,SAV
4005529233515,4005529233515,aloe vera hydro repair gel ohne Duft,1,SAV
4005529403017,4005529403017,aloe vera reinigungsemulsion,1,SAV
4005529402010,4005529402010,aloe vera reinigungsgel,1,SAV
4005529210011,4005529210011,aloe vera toner classic,1,SAV
4005529216013,4005529216013,aloe vera toner sensitive,1,SAV
4005529130005,4005529130005,aloepur Reiner Aloe Vera Saft,1,SAV
4104060026782,4104060026782,Alpenblumenkse,3,AND
4104060482618,4104060026294,Alpenblumenkse in Scheiben,10,AND
4101530003243,4101530001812,Alpenbutter mit Butterprgung,16,BGL
4054411014329,4054411014305,Alpenkruter Bonbons,20,BFU
4260272987874,4260272987867,Alpenkruter Kesselchips,12,LCH
4104060488672,,Alpenlnder Butterkse,"1,5",AND
4104060479625,4104060011696,Alpenlnder Butterkse Scheiben,10,AND
4104060479632,4104060011702,Alpenlnder Kruterkse Scheiben,10,AND
4101530009047,4101530008811,"Alpenmilch laktosefrei 1,5%",10,BGL
4101530009016,4101530008804,"Alpenmilch laktosefrei 3,5%",10,BGL
4101530014522,4101530010241,Alpenzwerg Erdbeere&Knusper Joghurt,10,BGL
4101530006718,4101530003557,"Alpenzwerg Joghurt Himbeere u. Vanille 3,9%",10,BGL
4101530014515,4101530007494,Alpenzwerg Vanille&Knusper Joghurt,10,BGL
94026913535650,,Alpikoner Eichenrinde,"4,9",MA
94026273219207,,Alpksle,"0,9",BK
94026273220050,,"Alpksle ""Chili Bua""","0,9",BK
94026273220067,,"Alpksle ""Kruterheld"" (Bauerngarten)","0,9",BK
94026273220074,,"Alpksle ""Pfeffermaid"" (Zitronenpfeffer)","0,9",BK
94026273220043,,"Alpksle ""Wiesndiva"" (Wildblume)","0,9",BK
4002724001130,4002724000775,Alsan-Bio Margarine,16,ALS
4019578018078,4019578018061,Alter Weinbrand,1,DWE
4260264980616,42438502,Alternative zu Quark Natur,6,HVM
4019339003374,4019339190104,Amaranth,8,DAV
4016249066307,4016249164089,Amaranth Basis Msli,5,ALO
4016249163143,4016249164140,Amaranth Basis Msli,5,ALO
4016249066352,4016249164133,Amaranth Beeren Msli,5,ALO
4016249501358,4016249009243,Amaranth Crunchy Beerenfrucht,6,ALO
4016249501402,4016249009250,Amaranth Crunchy Edelnuss,6,ALO
4016249501303,4016249009236,Amaranth Crunchy Pur,6,ALO
4016249501457,4016249009267,Amaranth Crunchy Schokolade,6,ALO
4016249066345,4016249164126,Amaranth Frchte Msli,5,ALO
4016249163167,4016249164164,Amaranth Frchte Msli,5,ALO
4016249066338,4016249164201,Amaranth Frhstcksbrei Basis,5,ALO
4016249177614,4016249177713,Amaranth Maiswaffeln Meersalz,12,ALO
4016249066376,4016249164119,Amaranth Nuss Msli,5,ALO
4019339011867,4019339291047,Amaranth Pops,6,DAV
4016249066314,4016249164096,Amaranth Schoko Msli,5,ALO
4016249163150,4016249164157,Amaranth Schoko Msli,5,ALO
4016249050399,4016249527303,Amaranth Schokolette Zartbitte,10,ALO
4016249527518,4016249003210,Amaranth Schokolette Zartbitter,16,ALO
4022381023573,4022381023566,Amaranthflocken gf,4,SPI
4017194989260,4017194489265,Amarena Kirsch Eis,6,SBG
8053323647393,8053323642398,Amaretti,12,SEL
8016448000399,8016448000399,Amaretto,1,HUA
4019578018252,4019578018245,Amaretto-Liqueur,1,DWE
4009176202627,4009176202610,American Hafer Cookies,8,LNA
4009176314252,4009176314245,American Schoko Cookies,9,LNA
4069098000893,4069098000893,Amla Volume Conditioner,1,KHD
5600286283569,5600286283538,Amoreira da Torre rot,6,1CG
4026584903588,4026584103384,Ananas in Stcken,6,SOF
4015533063817,4015533063800,Ananassaft,8,VOE
4106060203088,4106060032022,Ananassaft,12,BEU
4106060203095,4106060032077,Ananassaft,6,BEU
4260198094540,4260198094540,Angled Brush Colour Edition,1,BEN
3360100271203,3360100270107,Anis Bonbons,12,ANI
4012346156491,4012346156408,Anis ganz Tte,6,LEB
4012346128696,4012346128603,Anis gemahlen Tte,10,LEB
4025089081296,4025089081296,ANTI AGING Handcreme Gnsebl. & Q10,1,SAN
4018874642017,4018874042015,Anti Bettwanzen,6,ARI
7611916558252,7611916558252,Anti Falten Augen- & Lippenpfl. Enzian & Edelweiá,1,WEL
7611916163241,7611916163241,Anti Falten Serum Blauer Enzian & Edelweiá,1,WEL
4018874610160,4018874010168,Anti Mck Pflegestift,6,ARI
4018874104669,4018874010465,Anti Mck Pump Spray,6,ARI
4260026693198,4260026693198,Anti Rtungs Gesichtscreme,1,BIT
5016383018001,5016383018001,Anti Rutsch Sockel,1,WSE
4018874106663,4018874010663,Anti Zeck Pump Spray,6,ARI
4005120851064,4005120801038,Anti-Aging Creme-Maske,10,LUK
4260026694027,4260026694027,Anti-Fett Shampoo,1,BIT
4017645008021,4017645008021,Anti-Fett Shampoo Zitronenmelisse,1,LOG
4260026691354,4260026691354,Anti-Schuppen Balance Shampoo,1,BIT
4260026694065,4260026694065,Anti-Schuppen Shampoo,1,BIT
4017645008014,4017645008014,Anti-Schuppen Shampoo Wacholderl,1,LOG
4004191905294,4004191005291,Antioxidantien Direktsaft,6,RAB
4018462417560,4018462417553,Apfel Balsam,6,BYO
4260355586871,4260355586864,Apfel Balsam aus Italien,6,BPL
7640230490818,7640230490801,Apfel Banane Aprikose,6,HOL
7640230491709,7640230491693,Apfel Banane mit Dinkel,6,HOL
4015637801100,4015637843131,Apfel Bananenmark ungesát,12,BAK
7640230490856,7640230490849,Apfel Birne,6,HOL
7640230491037,7640230491020,Apfel Birne mit Hafer,6,HOL
4015637805108,4015637824772,Apfel Birnenmark ungesát,12,BAK
4015533048791,4015533048784,Apfel Grapefruit Schorle,10,VOE
4005561902141,4005561002414,Apfel Haferling,6,BOL
7640230490832,7640230490825,Apfel Heidelbeere,6,HOL
4106060216460,4106060032176,Apfel Kirsch Saft,6,BEU
4015533111228,4015533011771,Apfel Mango Saft,6,VOE
4015533641114,4015533010828,Apfel Mango Saft,12,VOE
4106060202920,4106060012277,Apfel Mango Saft,6,BEU
4015637801087,4015637843100,Apfel Mangomark ungesát,12,BAK
4106060202937,4106060012376,Apfel Mhren Saft,6,BEU
4032105000780,4032105000780,Apfel Nuss Happen Vollkorn,1,SB
7640230491792,7640230491785,Apfel Pfirsich,6,HOL
7640230492911,7640230492904,Apfel Pflaume,6,HOL
7640104956228,7640104956211,Apfel Pur,6,HOL
4106060216392,4106060072462,Apfel Rote Bete Ingwer Saft,6,BEU
4015637802404,4015637822136,Apfel Sanddornmus gesát,12,BAK
4008728146914,4008728046917,Apfel Streusel Schnitte,9,SIJ
4015533080876,4015533010804,Apfel Waldbeeren Schorle,10,VOE
4031829700488,4031829256251,Apfel-Rotkohl,10,KL
4260126752085,4260126752009,Apfelchips,7,OHM
4106060220382,4106060075968,Apfeldicksaft,12,BEU
4018462411070,4018462411063,Apfelessig klar,6,BYO
4018462411308,4018462411308,Apfelessig klar,1,BYO
4015533010170,4015533002656,Apfelessig naturtrb,6,VOE
4015533017490,4015533102653,Apfelessig naturtrb,6,VOE
4015533031014,4015533031014,Apfelessig naturtrb,1,VOE
4018462411575,4018462411568,Apfelessig naturtrb,6,BYO
4106060203057,4106060018088,Apfelessig naturtrb,6,BEU
4106060220443,4106060076026,Apfelessig naturtrb,12,BEU
4009309741177,4009309741177,Apfelmark,1,MAR
4019736014331,4019736014348,Apfelmark,8,ZWE
4260360276576,4260360271571,Apfelmark,6,NPU
4260360276583,4260360271588,Apfelmark,6,NPU
4260360276590,4260360271595,Apfelmark mit Banane,6,NPU
4260360276606,4260360271601,Apfelmark mit Mango,6,NPU
4015637800998,4015637842837,Apfelmark ungesát,12,BAK
4015637801001,4015637842844,Apfelmark ungesát,12,BAK
9004145302006,9004145002005,Apfelminze lose,6,STN
4009309744178,4009309744178,Apfelmus,1,MAR
4260360276552,4260360271557,Apfelmus,6,NPU
4260360276569,4260360271564,Apfelmus,6,NPU
4015637801018,4015637842943,Apfelmus gesát,12,BAK
4015637801544,4015637821351,Apfelmus gesát,12,BAK
4020943332699,4020943232692,Apfelpektin,15,ARC
4106060202845,4106060010570,Apfelsaft,6,BEU
4106060207031,4106060010518,Apfelsaft,6,BEU
4260039371809,4260039370802,Apfelsaft Elstar,6,VNN
4260039371816,4260039370819,Apfelsaft Elstar,12,VNN
4260039371601,4260039370604,Apfelsaft Jonagold,12,VNN
4260039371618,4260039370611,Apfelsaft Jonagold,6,VNN
4015533066337,4015533066320,Apfelsaft naturtrb,6,VOE
4015533066351,4015533066344,Apfelsaft naturtrb,6,VOE
4015533711114,4015533004490,Apfelsaft naturtrb,12,VOE
4260039371878,4260039370871,Apfelsaft naturtrb,6,VNN
4106060216262,4106060072349,Apfelsaft naturtrb Retro,6,BEU
4015533016387,4015533000027,"Apfelsaft naturtrb, heimisch",6,VOE
4106060210192,4106060046296,Apfelsaft Streuobst klar,6,BEU
4260039371632,4260039370635,Apfelsaft Topaz,6,VNN
4106060207055,4106060010525,Apfelsaft trb,12,BEU
4260039371403,4260039370406,Apfelsaft von Streuobstwiesen,6,VNN
4260039371595,4260039370598,Apfelsaft von Streuobstwiesen,12,VNN
4015533025266,4015533025259,Apfelschorle heimisch naturtrb,12,VOE
4015533090974,4015533010262,Apfelschorle naturtrb,10,VOE
4106060210819,4106060046968,Apfelschorle naturtrb,12,BEU
4028112077389,4028112077105,Apfelstrudel,60,SDL
9001625125155,9001625025158,Apfelstrudel,6,HGR
4260086780258,4260086780159,Apfeltischperlwein Apfel&Rose,6,CLO
13301591002355,3301591002358,Apibul Apfel Maracuja,6,CNS
13301591002201,3301591002204,Apibul Apfel schwarze Johannisbeere,6,CNS
97610563370012,7610563370002,Appenzeller 3 M,7,LUR
4015637013350,4015637013343,Apple Crumble Muffins gf,6,BAK
4260086780203,4260086780197,Appleritif Apfel,6,CLO
4260086760656,4260086780500,Appleritif Apfel & Rose,12,CLO
4260086780180,4260086780173,Appleritif Apfel & Rose,6,CLO
4260086780609,4260086780593,Appleritif Apfel Aronia & Rose feinherb,6,CLO
4260086780524,4260086780517,Appleritif Apfel Ingwer & Bergamotte,6,CLO
4260086780555,4260086780548,Appleritif Apfel Ingwer & Bergamotte,12,CLO
4260086780043,4260086780012,Appleritif Apfel Salz-Pomeranze & Wacholder,12,CLO
4260086780579,4260086780562,Appleritif Apfel Salz-Pomeranze & Wacholder,6,CLO
4260086760649,4260086780616,Applritif Apfel Aronia & Rose feinherb,12,CLO
4019736017240,4019736017257,Aprikose Fein,6,ZWE
4260360277429,4260360272424,Aprikose Fruchtaufstrich,6,NPU
4019736008132,4019736008125,Aprikose Fruchtgarten,6,ZWE
4106060207536,4106060011973,Aprikose Pfirsich Saft,6,BEU
4019736014263,4019736014256,Aprikosen,6,ZWE
5060466500099,5060466500006,Aprikosen Fruchtaufstrich,6,TFT
4260360277559,4260360272554,Aprikosen halbe Frucht,6,NPU
4019339865569,4019339865569,Aprikosen Konfitre,1,DAV
4020829100688,4020829100688,Aprikosen Tagescreme Kleingráe,1,HAU
4086900029125,4086900743519,Aprikosenkernl,1,PVL
5998008708651,5998008700655,Aprikosenmus,6,TAR
4012346168692,4012346168609,Arabische Kche,6,LEB
4086900030008,4086900742611,Arganl,1,PVL
3445020806954,3445020206952,Arganl gerstet,6,BPL
3445020003261,3445020003278,Arganl nativ,6,BPL
3537671001205,3537670001206,Armonia ros,6,AT
3537671001106,3537670001107,Armonia rot,6,AT
3537671001151,3537670001152,Armonia rot,12,AT
3537671001304,3537670001305,Armonia weiá,6,AT
4001638590334,4001638590334,Arnika Khlgel,1,WEL
4001638540186,4001638540186,Arnika Massage Body Butter Sport,1,WEL
4001638590358,4001638590358,Arnika Salbe 10% FA,1,WEL
4020829071339,4020829071339,Arnika Wundtuch FA,1,WAN
4086900040328,4086900400320,Aroma Duftlampe Balance,1,PVL
4086900042148,4086900420601,Aroma Duftstecker Easy,1,PVL
4086900060265,4086900601154,Aroma Duftstein Lava,1,PVL
4086900052918,4086900752528,Aroma Sauna Atemkraft,1,PVL
4086900052925,4086900752535,Aroma Sauna Energiequelle,1,PVL
4086900052826,4086900752597,Aroma Sauna Set Frische u Energie,1,PVL
4086900052819,4086900752580,Aroma Sauna Set Kraft u Ruhe,1,PVL
4086900052956,4086900752566,Aroma Sauna Tiefenentspannung,1,PVL
4021246111226,4021246101227,Aronia Fruchtriegel gf,25,LUB
4004191902019,4004191002016,Aronia Muttersaft,6,RAB
8018759007173,8018759002178,Artischocken in l,6,SEL
4000915305517,4000915105513,Artischocken mariniert,4,ISA
4000915306958,4000915106954,Artischockenherzen (geviertelt),2,ISA
4000915301601,4000915101607,Artischockenherzen gekrutert,4,ISA
4260067150506,4260067150506,Artischockenherzen natur cotto,1,CES
4260067150513,4260067150513,Artischockenherzen natur cotto,1,CES
8053323649663,8053323644668,Artischockenviertel Lake,6,SEL
4270001585547,4270001585530,ARTWERK Brandy,1,HUA
4035784002571,4035784002571,Ashwagandha,1,GSE
4260418024289,4260418020281,Ashwagandha Kurkuma Kraft Trinkpulver,4,GNC
4260418024296,4260418020298,Ashwagandha Superfood Trinkpulver,4,GNC
4018462195017,4018462195000,Asia Sauce,6,BYO
4026813001214,4026813000170,Asia-Gemsemix,12,BSI
9004145233560,9004145013162,Asian BBQ Gewrzzubereitung,6,STN
9004145233515,9004145013155,Asian Sprinkle Gewrzzubereitung,6,STN
4030917005702,4030917005603,Asiasauce Thai Chili,6,SAC
4030917026806,4030917026707,Asiasauce Thai Mango,6,SAC
4012346527192,4012346527109,Assam Blatt,6,LEB
4019838190254,4019838090257,Assam Blend,10,CDO
4012346525495,4012346520001,Assam Broken,6,LEB
4012346525587,4012346525501,Assam Broken,1,LEB
4022346982334,4022346582336,Assam Sewpur GFBOP broken,5,HEU
4012346553399,4012346001500,Assam TB,12,LEB
4004689268757,4004689268740,"Atlantischer Lachs, geruchert",5,BMR
4086900033887,4086900215603,Atmewohl Baby und Kinder Balsam,1,PVL
4086900033924,4086900215504,Atmewohl Balsam,1,PVL
4086900381858,4086900381858,Atmewohl Display Riechstift,1,PVL
4086900024946,4086900215306,Atmewohl Duftmischung,1,PVL
4086900381605,4086900381605,Atmewohl Kissenspray,1,PVL
4086900051478,4086900215207,Atmewohl Kissenspray bio,1,PVL
4086900021686,4086900215016,Atmewohl Riech Stick,1,PVL
4086900381803,4086900381803,Atmewohl Riechstift,1,PVL
8714685902031,8714685902024,Auberginensalat,6,FRT
4012346622002,4012346622002,Aufbewahrungsbehlter,1,LEB
4012346173405,4012346173405,Aufbewahrungsbehlter klein,1,LEB
14515284515247,4515284515240,Aufbewahrungsdose Romantic,4,1TR
14516084516045,4516084516048,Aufbewahrungsdose Traditional,4,1TR
4016249150235,4016249150334,Aufs Brot Arrabbiata,6,ALO
4016249172251,4016249172350,Aufs Brot Avocado,6,ALO
4016249150242,4016249150341,Aufs Brot Erbse Masala,6,ALO
4016249150273,4016249150372,Aufs Brot Kirschtomate Basilikum,6,ALO
4016249150259,4016249150358,Aufs Brot Mango Curry,6,ALO
4016249150266,4016249150365,Aufs Brot Paprika Chili,6,ALO
4012346113999,4012346113906,Aufs Brot Topping,6,LEB
4016249150280,4016249150389,Aufs Brot Toskana,6,ALO
2887403042886,4251632600250,Aurora Gold Jersey,"4,5",AUA
2887005044202,4251632600083,"Aurora Gold jung, Bioland","4,5",AUA
2887869045568,4251632600281,Aurora Gold Mhre,"4,5",AUA
2887852036702,4251632600656,Aurora Gold Oriental,"4,5",AUA
2887209050009,4251632600298,Aurora Gold Ziegen Gouda jung,"4,5",AUA
4251632601387,4251632600038,Aurora Ziegenkse Scheiben,5,AUA
4007547700000,4007547700000,Auslaufhahn fr 5l/10l,1,SNT
8718754503051,8718754503044,Austern Sauce,6,YAK
4005529240308,4005529240308,av blte age protect ampullen,1,SAV
4005529240001,4005529240001,av blte age protect creme,1,SAV
4005529240209,4005529240209,av blte age protect l,1,SAV
4005529240407,4005529240407,av blte age protect serum,1,SAV
4005529240100,4005529240100,av blte age protect toner,1,SAV
4260009210473,4260009210473,Avocado Handcreme,1,PVD
4260148654114,4260148651410,Avocado Pestosalat,4,PUF
4012346105598,4012346105505,Avocado Topping,6,LEB
4260752751803,4260752751681,Avocado Topping,6,SPC
3445020009096,3445020009089,Avocadol,6,BPL
3445020089029,3445020208901,Avocadol,6,BPL
4086900029132,4086900743533,Avocadol,1,PVL
4017194933003,4017194433008,"Ayran - 3,5%",6,SBG
4260703371678,4260703371654,Ayurveda Kruterauszug,6,KUU
4016249277376,4016249277475,Ayurveda Porridge,6,ALO
4260703372293,4260703372286,Ayurveda Wildkruter Shot,10,KUU
4100570116234,4100570016237,Ayurvedische Ghee Butter,6,BEP
4100570116258,4100570016251,Ayurvedische Ghee Butter,6,BEP
9004145307100,9004145007109,Ayurvedisches ZaubersalzŠ,6,STN
4260651481177,4260651481160,Azuki Soja Spaghetti,6,JTT
4035661162626,4035661162619,b* Cashews gerstet Chili,6,WBI
4035661162664,4035661162657,b* Cashews gerstet Salz,6,WBI
4035626000307,4035626000291,b* Cubetti Tomatenstcke,6,WBI
4035626100649,4035626101028,b* Cubetti Tomatenstcke,12,WBI
4035661162046,4035661162039,b* Heimat Badischer Landwein rot,6,WBI
4016364066978,4016364066978,b* Schrze blau,1,WSE
4016364066572,4016364066572,b* Schrze grn,1,WSE
4013584200069,4035661162053,b* Sehnsucht Badischer Landwein ros,6,WBI
4035626003391,4035626102131,b*10ř weiá,6,WBI
4035626102384,4035626102377,b*12ř ros,6,WBI
4035626110372,4035626101271,b*Agavendicksaft flssig,6,WBI
4035626110297,4035626101189,b*Agavendicksaft flssig Spender,6,WBI
4035626110402,4035626101301,b*Agavendicksaft flssig Spender,6,WBI
4035626114479,4035626114462,b*Agavendicksaft naturtrb Spender,6,WBI
4065626115183,4035626112000,b*Ahornsirup Grad A,6,WBI
4065626115190,4035626112116,b*Ahornsirup Grad C,6,WBI
4035626115216,4035626115209,b*Airn weiá,6,WBI
4035626110358,4035626101257,b*Akazienhonig flssig,6,WBI
4065626115169,4065626115152,b*Akazienhonig im Spender,6,WBI
4035626001557,4035626001564,"b*Akazienhonig, flssig",6,WBI
4035626111331,4035626111324,b*Ananasstcke,6,WBI
4035626111355,4035626111348,b*Ananasstcke,6,WBI
4065626113530,4035626101356,b*Apfel Mango Saft,6,WBI
4035626110709,4035626110693,b*Apfelringe getrocknet,7,WBI
4035626115742,4035626115735,b*Apfelsaft,6,WBI
4035661162404,4035661162398,b*Apfelsaft,6,WBI
4035626110723,4035626110716,b*Aprikosen,10,WBI
4035626110747,4035626110730,b*Aprikosen,7,WBI
4035626114813,4035626114813,b*Aprikosen,1,WBI
4035626110846,4035626110839,b*Bananenchips,7,WBI
4035661162114,4035661162114,b*Bananenchips,1,WBI
4065626114933,4065626114926,b*Bananenchips,8,WBI
4035626103770,4035626103763,b*Basis Msli,6,WBI
4035626000444,4035626000437,b*Basmati Reis,6,WBI
4035626000468,4035626000451,b*Basmati Reis,6,WBI
4035626002073,4035626002073,"b*Bauernschinken, gekocht SB",1,WBI
4035626000970,4035626103510,b*Beeren Msli,6,WBI
4035626110259,4035626101141,b*Berghonig,6,WBI
4035626103787,4035626103602,b*Bircher Msli,6,WBI
22000101,22000101,b*Blaues Wunder,"4,2",WBI
4035626112956,4035626112925,b*Blutorangenmarmelade,6,WBI
4035661162497,4035661162480,b*Bratl,6,WBI
4035661162534,4035661162527,b*Bratl Olive,6,WBI
4035626102070,4035626102070,b*Burger vom Rind TK,1,WBI
4035661162787,4035661162770,b*Butter Sárahm,16,WBI
4035661162763,4035661162756,b*Butter Sauerrahm,16,WBI
4035626114394,4035626114387,b*Butterksescheiben,8,WBI
4035661162183,4035661162145,b*Camembert,5,WBI
4035626111218,4035626111201,b*Cashew Cranberry Mix,10,WBI
4035626110907,4035626110891,b*Cashewkerne,10,WBI
4035626114790,4035626114790,b*Cashewkerne,1,WBI
4035661163364,4035661163357,b*Cashewkerne,7,WBI
4035626110921,4035626110914,b*Cashewkerne Bruch,10,WBI
4035626110945,4035626110938,b*Cashewkerne Bruch,7,WBI
4035626114691,4035626114691,b*Cashewkerne Bruch,1,WBI
4035626110884,4035626110877,b*Cashewkerne ganz,10,WBI
4035626114295,4035626114288,b*Cashewkerne Kleinbruch,7,WBI
4035626112581,4035626112574,b*Cashewmus,6,WBI
4035626002318,4035626002318,"b*Cervelatwurst, geschnitten",1,WBI
4035626115254,4035626115247,b*Chardonnay weiá,6,WBI
4035626001755,4035626001748,b*Classic Crunch,6,WBI
4035626110822,4035626110815,b*Cranberries gesát,10,WBI
4035626112147,4035626112130,b*Cranberries gesát,10,WBI
4035626114851,4035626114851,b*Cranberries gesát,1,WBI
4035626001403,4035626001397,b*Creme fraiche 30% - im Becher,10,WBI
4035626111003,4035626102032,b*Curryketchup,6,WBI
4035626002066,4035626002059,b*Datteln entsteint,8,WBI
4035626110761,4035626110754,b*Datteln entsteint,10,WBI
4035626110785,4035626110778,b*Datteln entsteint,7,WBI
4035626115100,4035626115100,b*Datteln entsteint,1,WBI
4035626002660,4035626002653,b*Dinkel Fusilli hell,12,WBI
4035626002684,4035626002677,b*Dinkel Penne hell,12,WBI
4035626002707,4035626002691,b*Dinkel Spaghetti hell,12,WBI
4035626002479,4035626002462,b*Dinkelmehl 1050,8,WBI
4035626001908,4035626001892,b*Dinkelmehl 630,8,WBI
4035626002493,4035626002486,b*Dinkelvollkornmehl,8,WBI
4065626114469,4065626114452,b*Dreifruchtsaft rot,6,WBI
4035626002813,4035626002813,"b*Edelsalami, geschnitten",1,WBI
4035626002523,4035626002448,"b*Eier, Gráe M/L, abgep. 16 x 6 Stck",16,WBI
4035626002578,4035626002455,"b*Eier, Gráe M/L, abgep. 8 x 10 Stck",8,WBI
4035626002585,4035626002585,"b*Eier, Gráe M/L, lose",90,WBI
4065626114919,4065626114902,b*Eiscreme Schoko,6,WBI
4065626114896,4065626114889,b*Eiscreme Vanille,6,WBI
4035626115827,4035626115810,b*Erdnsse in der Schale '8/10er,8,WBI
4035626115858,4035626115841,b*Erdnsse in der Schale '8/10er,8,WBI
4035626115872,4035626115865,b*Erdnsse in der Schale '8/10er,4,WBI
4035626112543,4035626112536,b*Erdnussmus,6,WBI
4035626103596,4035626103589,b*Espresso ganze Bohne,4,WBI
4035626103572,4035626103565,b*Espresso gemahlen,6,WBI
4035626110334,4035626101233,b*Familienhonig flssig Sp,6,WBI
4035626111553,4035626111546,b*Familienhonig flssig Spender,6,WBI
4065626114773,4065626114766,b*Farfalle,12,WBI
4035626110624,4035626110617,b*Feigen,10,WBI
4035626110648,4035626110631,b*Feigen,7,WBI
4035626114738,4035626114738,b*Feigen,1,WBI
4035626003131,4035626003124,b*Feigen aus Spanien,10,WBI
4035626112949,4035626100533,b*Feigenkonfitre extra,6,WBI
4035626115469,4035626115469,b*Fleischkse,1,WBI
4035626003094,4035626003087,b*Flohsamenschalen,6,WBI
4035626103756,4035626103749,b*Frchte Msli,6,WBI
4035626102797,4035626102780,b*Frhstckshonig cremig,6,WBI
4035626110389,4035626101318,b*Frhstckshonig flssig,6,WBI
4035626000895,4035626102773,b*Frhstckssaft,6,WBI
4035661163401,4035661163395,b*Frischkse Kruter,6,WBI
4035661162343,4035661162336,b*Frischkse Natur,6,WBI
4035626113441,4035626113434,b*Fusilli,12,WBI
4035626002097,4035626002097,b*Geflg.-Mortadella-Pistazie,1,WBI
4065626114537,4065626114520,b*Geflgelfond,6,WBI
4065626114490,4065626114483,b*Gemsefond,6,WBI
4035626000673,4035626000666,b*Glhwein Glhkehlchen weiá,6,WBI
22000163,22000163,b*Gouda Basilikum Knoblauch,"4,5",WBI
22000170,22000170,"b*Gouda Basilikum Knoblauch, 1/2 Laib","2,25",WBI
28877554,28877554,b*Gouda jung,"4,5",WBI
28877455,28877455,b*Gouda jung 10 kg,10,WBI
22000156,22000156,b*Gouda mittelalt/pikant 10 kg,10,WBI
22000132,22000132,"b*Gouda mittelalt/pikant 4,5 kg","4,5",WBI
22000187,22000187,b*Gouda Tomate Oregano Paprika,"4,5",WBI
22000194,22000194,"b*Gouda Tomate Oregano Paprika, 1/2 Laib","2,25",WBI
4035626114356,4035626114349,b*Goudascheiben jung,8,WBI
4035626114370,4035626114363,b*Goudascheiben mittelalt/pikant,8,WBI
4000915216752,4035626111607,b*griechischer Feta g.U.,6,WBI
4035626103831,4035626103824,b*Hafer Jogh.altern. Natur VEGANI,6,WBI
4035626002745,4035626002752,b*Haferdrink Natur,6,WBI
4035626001809,4035626001793,b*Haferflocken Groáblatt,6,WBI
4035626001823,4035626001816,b*Haferflocken Kleinblatt,6,WBI
4035626112468,4035626112451,b*Haselnuss Schokocreme 13%,6,WBI
4035626110969,4035626110952,b*Haselnusskerne,10,WBI
4035626110983,4035626110976,b*Haselnusskerne,7,WBI
4035626114677,4035626114677,b*Haselnusskerne,1,WBI
4065626113912,4065626113905,b*Haselnusskerne gerstet gehackt,8,WBI
4065626113899,4065626113882,b*Haselnusskerne natur gemahlen,8,WBI
4035626112635,4035626112628,b*Haselnussmus,6,WBI
4065626114391,4065626114056,"b*Heumilch Kuh & Kalb Demeter 3,8% Flasche",6,WBI
4035626002325,4035626002325,"b*Hhnchenbrust gegart, geruchert",1,WBI
4065626114551,4065626114544,b*Hhnerbrhe mit Einlage,6,WBI
4035661163708,4035661163692,b*Hhnerfrikassee,6,WBI
4035626111539,4035626111522,b*Hochlandkaffee ganze Bohne,4,WBI
4035626103626,4035626103619,b*Hochlandkaffee gemahlen,12,WBI
4035626000178,4035626000284,b*Ingwerstcke kandiert,1,WBI
4035626114097,4035626114080,b*Ingwerstcke kandiert,6,WBI
4035626002301,4035626002301,b*Jagdwurst vom Geflgel,1,WBI
4035626001120,4035626001113,"b*Joghurt Erdbeere 3,5%",6,WBI
4035626001496,4035626001489,b*Joghurt m. ABC Kulturen,6,WBI
4035626001236,4035626001243,"b*Joghurt Mango-Vanille 3,5%",6,WBI
4035626114516,4035626114509,"b*Joghurt mild 1,8% Demeter Glas",6,WBI
4035626100120,4035626111645,"b*Joghurt mild 3,5% Demeter Glas",6,WBI
4035626113373,4035626101486,"b*Joghurt Natur mild 1,5%",6,WBI
4035626112321,4035626112338,"b*Joghurt Natur mild 3,8%",6,WBI
4035626001144,4035626001137,"b*Joghurt Pfirsich-Maracuja 3,5%",6,WBI
4035626001199,4035626001205,"b*Joghurt Stracciatella 3,5%",6,WBI
4035626001229,4035626001212,"b*Joghurt Vanille 3,5%",6,WBI
4035626112413,4035626112390,b*Julian klein rot,12,WBI
4035626103558,4035626103541,b*Kaffee 100% Arabica,12,WBI
4035626114110,4035626114103,"b*Kaffee krftig, gemahlen",12,WBI
4035626113533,4035626113526,"b*Kaffee mild, gemahlen",12,WBI
4065626114735,4065626114728,b*KamutŠ Fusilli,12,WBI
4065626114759,4065626114742,b*KamutŠ Penne,12,WBI
4065626114711,4065626114704,b*KamutŠ Spaghetti,12,WBI
4035626002080,4035626002080,"b*Kasseler Braten, Aufschnitt",1,WBI
4035626001601,4035626001595,b*Kerniger Nuss Mix,7,WBI
4035626111195,4035626111188,b*Kerniger Nuss Mix,10,WBI
4035626114899,4035626114899,b*Kerniger Nuss Mix,1,WBI
4035626000017,4035626000000,b*Kokos Jogh.altern. Natur VEGANI,6,WBI
4035626111010,4035626110990,b*Kokoschips,7,WBI
4065626113356,4065626113349,b*Kokosl nativ,6,WBI
4065626113394,4065626113387,b*Kokosl nativ,3,WBI
4065626115336,4065626115329,b*Kokosl nativ,6,WBI
4035626111270,4035626111263,b*Kokosmilch,12,WBI
4035626111294,4035626111287,b*Kokosmilch,6,WBI
4035626001588,4035626001571,b*Kokosmilch fettarm 9%,6,WBI
4065626113332,4065626113325,b*Kokosmus,6,WBI
4035626111034,4035626111027,b*Kokosraspel,7,WBI
22000149,22000149,b*Kolumbus,4,WBI
4035626112192,4035626112192,b*Krakauer v. Schwein & Rind,1,WBI
4035626001328,4035626001311,b*Krbiskerne natur,6,WBI
4035626001465,4035626001465,b*Krbiskerne natur,1,WBI
4009044316937,4009044316937,b*Kreuzbodenbeutel groá,1,WSE
4009044316913,4009044316913,b*Kreuzbodenbeutel klein,1,WSE
4009044316920,4009044316920,b*Kreuzbodenbeutel mittel,1,WSE
4065626113769,4065626113752,b*Krniger Frischkse (Httenkse),6,WBI
4035626110105,4035626100595,b*Krutersalz Beutel,10,WBI
4035626110044,4035626100427,b*Krutersalz Streudose,12,WBI
4664710300308,,b*Ksepapier groá 36 x 48 cm-1/4-Bogen,1,WSE
4022471961488,,"b*Ksepapier klein 30 x 36 cm, 1/6-Bogen",1,WSE
4035626000925,4035626000918,b*Lammfond,6,WBI
4035626102582,4035626102537,b*Lasagneplatten,12,WBI
4035626102346,4035626102346,b*Leberwurst Pflzer Art,1,WBI
4035626002912,4035626002905,b*Leinl nativ,6,WBI
4035626002004,4035626001991,b*Leinsamen,6,WBI
4035626002028,4035626002011,b*Leinsamen geschrotet,6,WBI
94008471512045,22083043,b*Leonardo da Vinci,4,WBI
4035626110273,4035626101165,b*Lindenbltenhonig cremig,6,WBI
4013584100062,4035661162077,b*Lust Badischer Landwein weiá,6,WBI
4035626111096,4035626111089,b*Macadamiansse,10,WBI
4035626002387,4035626002370,b*Macadamiansse Bruch,10,WBI
4065626113950,4065626113943,b*Mandelblttchen,8,WBI
4035626112703,4035626112697,b*Mandelmus,6,WBI
4035626112727,4035626112710,b*Mandelmus,6,WBI
4035626112673,4035626112666,b*Mandelmus weiá,6,WBI
4035626112864,4035626112680,b*Mandelmus weiá,6,WBI
4035626111058,4035626111041,b*Mandeln,10,WBI
4035626111072,4035626111065,b*Mandeln,7,WBI
4035626114912,4035626114912,b*Mandeln,1,WBI
4065626114018,4065626114001,b*Mandeln blanchiert ganz,8,WBI
4065626113936,4065626113929,b*Mandeln blanchiert gehackt,8,WBI
4035626113731,4035626113724,b*Mandeln gebrannt,6,WBI
4065626113998,4065626113981,b*Mandeln natur gemahlen,8,WBI
4065626113974,4065626113967,b*Mandelstifte,8,WBI
4035626113090,4035626113083,b*Mangopree,6,WBI
4035661162329,4035661162312,b*Mangosorbet,6,WBI
4035626111690,4035626111683,b*Mangostcke,6,WBI
4035626110600,4035626110594,b*Mangostcke Amlie,7,WBI
4035661163418,4035661163418,b*Mangostcke Amlie,1,WBI
4035661162299,4035661162299,b*Mangostcke Brooks,1,WBI
4065626114957,4065626114940,b*Mangostcke Brooks,10,WBI
4035626103503,4035626103497,b*Manukahonig MGO 300 +,6,WBI
4065626113431,4065626113431,"b*Mehrweg Eier-Box ""MeiBox""",1,WSE
4035626101127,4035626101127,b*Mettenden,1,WBI
4035626000888,4035626000871,b*Mhre Orange Ingwer Saft,6,WBI
4035626112383,4035626112376,b*Michele klein weiá,12,WBI
4035626002868,4035626101394,"b*Milch 1,5% Karton",10,WBI
4035626114639,4035626114622,"b*Milch Demeter 1,5% Flasche",6,WBI
4035626000482,4035626000475,b*Milchreis,6,WBI
4035626000505,4035626000499,b*Milchreis,6,WBI
4035626002141,4035626002141,b*Mortadella vom Geflgel,1,WBI
4035626111744,4035626111614,"b*Mozzarella Kugel, 100g",10,WBI
4065626113523,4035626101363,b*Multisaft,6,WBI
4035661162510,4035661162503,b*Olivenl nativ extra,6,WBI
4035626001021,4035626001014,b*Orangen-Zitronen Marmelade,6,WBI
4035626112932,4035626100496,b*Orangenmarmelade,6,WBI
4065626113493,4035626100366,b*Orangensaft,6,WBI
4009044335129,,b*Papiertten groá,1,WSE
4009044335112,,b*Papiertten mittel,1,WSE
4035626111133,4035626111126,b*Paranusskerne,10,WBI
4035626114752,4035626114752,b*Paranusskerne,1,WBI
4035626002400,4035626002394,b*Paranusskerne Bruch,10,WBI
4035626000529,4035626000512,b*Parboiled Reis,6,WBI
4035626000543,4035626000536,b*Parboiled Reis,6,WBI
4035626002424,4035626002417,b*Pekannusskerne Bruch,10,WBI
4035661162749,4035626113687,b*Pekannusskerne Hlften,6,WBI
4065626115299,4065626115282,b*Pelati geschlte Tomaten,12,WBI
4065626115312,4065626115305,b*Pelati geschlte Tomaten,6,WBI
4035626113489,4035626113472,b*Penne,12,WBI
4035626114660,4035626114653,b*Pflaumen franzsisch,10,WBI
4035626111119,4035626111102,b*Pinienkerne,10,WBI
4035626112253,4035626112246,b*Pinienkerne,8,WBI
4065626113714,4065626113707,b*Pistazien gerstet & gesalzen,10,WBI
4065626113738,4065626113721,b*Pistazien gerstet & gesalzen,7,WBI
4035626114776,4035626114776,b*Pistazien gerstet&gesalzen,1,WBI
4035626001366,4035626001359,b*Popcornmais,6,WBI
4035626002103,4035626002103,"b*Putenbrust gegart, geruchert",1,WBI
4065626114421,4065626114094,b*Putenfleischwurst SB,3,WBI
4065626114414,4065626114087,b*Putenleberwurst SB,3,WBI
4035626114592,4035626114585,"b*Quarkzubereitung Magerstufe 0,3%",6,WBI
4035626002363,4035626002356,b*Rahmjoghurt mild 10%,6,WBI
4035626001182,4035626001175,b*Rapsl nativ,6,WBI
4065626114575,4065626114568,b*Rinderfond,6,WBI
4035626002820,4035626002820,"b*Rindersalami, geschnitten",1,WBI
4035626000604,4035626000598,b*Risottoreis,6,WBI
4035626001885,4035626001878,b*Roggenmehl 1150,8,WBI
4065626113455,4065626113448,b*Rosario klein rose,12,WBI
4035626111959,4035626111942,b*Rosario rose,6,WBI
4035626115773,4035626115773,b*Rostbratwrstchen,1,WBI
4035626101035,4035626101035,b*Rostbratwurst,1,WBI
4035626102117,4035626102117,b*Rostbratwurst vom Geflgel,1,WBI
22000071,22000071,b*Rotes Gold,"4,2",WBI
4035626101110,4035626101110,b*Rucherlinge,1,WBI
4065626113783,4065626113776,b*Sauerkirschen,8,WBI
4035661162015,4035661162008,b*Saure Sahne 10% - im Becher,10,WBI
4035626115193,4035626115186,b*Sauvignon Blanc weiá,6,WBI
4035626000956,4035626000949,"b*Schlagsahne 0,5 l Flasche",6,WBI
4035626113281,4035626113274,b*Schlagsahne 30% - im Becher,10,WBI
4035626114578,4035626114561,b*Schlagsahne 32% Demeter 250g,6,WBI
4035626001380,4035626001373,b*Schmand 24% - im Becher,10,WBI
4035626001779,4035626001762,b*Schoko Crunch,6,WBI
4035626103701,4035626103633,b*Schoko Msli,6,WBI
4035626002950,4035626002943,b*Schwarzkmmell nativ,6,WBI
4035626114240,4035626114233,b*Secco weiá,6,WBI
4035626002936,4035626002929,b*Sesaml gerstet,6,WBI
4035626002042,4035626002035,b*Skyr Natur,6,WBI
4035626103817,4035626103800,b*Soja Jogh.altern. Natur VEGANI,6,WBI
4035626110280,4035626101172,b*Sonnenblumenhonig cremig,6,WBI
4035626001342,4035626001335,b*Sonnenblumenkerne,6,WBI
4035661162473,4035661162466,b*Sonnenblumenl nativ,6,WBI
4035626113403,4035626113397,b*Spaghetti,12,WBI
4035626002776,4035626002769,b*Spaghettini,12,WBI
4035626003025,4035626003018,b*Speisequark/Topfen halbfett 20%,6,WBI
4035626002981,4035626002974,"b*Speisequark/Topfen Magerstufe 0,1%",6,WBI
4035626003001,4035626002998,"b*Speisequark/Topfen Magerstufe 0,1%",6,WBI
4035661162022,4035661162107,b*Speisequark/Topfen Vollfettstufe 40%,6,WBI
4035626000086,4035626102827,b*Spirali hell,12,WBI
4035626103794,4035626103695,b*Spirali Tricolore,12,WBI
4035626111171,4035626111164,b*Studentenfutter,10,WBI
4035626111447,4035626111430,b*Studentenfutter,7,WBI
4035626114936,4035626114936,b*Studentenfutter,1,WBI
4035626114431,4035626114424,b*Studentenfutter 56% Nuss,10,WBI
4035626114455,4035626114448,b*Studentenfutter 70%Nuss m. Cranb.,10,WBI
4035626110662,4035626110655,b*Sultaninen,7,WBI
4035626110686,4035626110679,b*Sultaninen,8,WBI
4065626113479,4065626113462,b*Sultaninen,10,WBI
4035626115230,4035626115223,b*Syrah rot,6,WBI
4035626102698,4035626102599,b*Tagliatelle,12,WBI
4065626114032,4065626114025,b*Tahin,6,WBI
4035626115131,4035626115124,b*Tempranillo ht ros,6,WBI
4035626115155,4035626115148,b*Tempranillo rot,6,WBI
4009044333941,4035626002516,b*Tiefkhltragetasche,25,WSE
4035626002561,4035626002554,b*Tofu geruchert VEGANI,8,WBI
4035626002547,4035626002530,b*Tofu natur VEGANI,8,WBI
4035661162732,4035626110853,b*Tomaten getrocknet,6,WBI
4035626100571,4035626101004,b*Tomaten Passata,12,WBI
4065626114872,4065626114865,b*Tomaten-Paprikamark,6,WBI
4035626100700,4035626102025,b*Tomatenketchup,6,WBI
4035626100465,4035626101011,b*Tomatenmark,6,WBI
4065626114858,4065626114841,b*Tomatenmark,12,WBI
4035626002622,4035626002615,b*Tomatenmark Tube,12,WBI
4035626100335,4035626100991,b*Tomatensauce Arrabbiata,6,WBI
4035626100212,4035626102568,b*Tomatensauce Basilico,6,WBI
4035626100663,4035626101936,b*Tomatensauce Classico,6,WBI
4065626115251,4065626115244,b*Tomatensauce fr Kinder,6,WBI
4065626114834,4065626114827,b*Tomatensauce Knoblauch Thymian,6,WBI
4035626112970,4035626112963,b*Tomatensauce Pizza & Pasta,12,WBI
4035661163524,4035661163517,b*Tomatensauce Ricotta & Parmigiano Reggiano,6,WBI
4009044338991,4035626001717,b*Tragetaschen groá,1,WSE
4009044316944,4035626001700,b*Tragetaschen klein,1,WSE
4035626102520,4035626102513,b*Traubensaft,6,WBI
4035626112895,4035626112260,b*Vegetarische Bolognese,6,WBI
4035626000093,4035626102711,b*Volanti,12,WBI
4035626113465,4035626113458,b*Vollkorn Fusilli,12,WBI
4035626113502,4035626113496,b*Vollkorn Penne,12,WBI
4035626113427,4035626113410,b*Vollkorn Spaghetti,12,WBI
4035626000567,4035626000550,b*Vollkornreis,6,WBI
4035626000581,4035626000574,b*Vollkornreis,6,WBI
4035626002851,4035626100274,"b*Vollmilch 3,7% Karton",10,WBI
4035626114615,4035626114608,"b*Vollmilch Demeter 3,8% Flasche",6,WBI
4035626110303,4035626101202,b*Waldhonig flssig,6,WBI
4035626002608,4035626002592,b*Walnusskerne Bruch,7,WBI
4035661162121,4035661162121,b*Walnusskerne Bruch,1,WBI
4065626114445,4065626114438,b*Walnusskerne Bruch,10,WBI
4035626111157,4035626111140,b*Walnusskerne Hlften,10,WBI
4035661162138,4035661162138,b*Walnusskerne Hlften,1,WBI
4035626111423,4035626111416,b*Weinbeeren,10,WBI
4035626001861,4035626001854,b*Weizenmehl 1050,8,WBI
4035626001847,4035626001830,b*Weizenmehl 550,8,WBI
4035626101103,4035626101103,b*Wiener Wrstchen,1,WBI
4035626110310,4035626101219,b*Wildbltenhonig cremig,6,WBI
4035626110327,4035626101226,b*Wildbltenhonig cremig,6,WBI
4065626114513,4065626114506,b*Wildfond,6,WBI
4035626115803,4035626115797,b*Zitronensorbet,6,WBI
4035626000802,4035626000369,b*Zucker,10,WBI
4260148659072,4260148659973,Baba Ganoush,4,PUF
4008576400466,4008576400466,Baby & Kinderhandbrste,1,NYK
7640104959526,7640104959519,Baby Dinkel Zwieback,6,HOL
4008576404426,4008576404426,Baby Nagelschere Solingen Vitaloy,1,NYK
5019493201103,782126200112,Baby Pflegetcher,16,NAC
4008576401012,4008576401012,Baby- und Kinderschwamm,1,NYK
4008576405157,4008576405157,Babyhaarbrste aus Buchenholz,1,NYK
8017955012066,8017955000063,Bacaretto Prosecco,12,PLG
4026913524002,4026913124004,Back-Camembert,6,MA
4026913524200,4026913124202,Back-Feta,6,MA
4260158470100,4260158470094,Backensholzer Hofkse,"1,7",BAC
4022381033787,4022381033770,Backmischung Bauernbrot VK,4,SPI
4015637803357,4015637822990,Backmischung Brownies gf,6,BAK
4022381033824,4022381033817,Backmischung Dinkel Pizzateig,4,SPI
4015637805238,4015637824918,Backmischung Dinkel Schoko Muffins,6,BAK
4015637800103,4015637821146,Backmischung Dinkel Streuselkuchen,6,BAK
4022381033800,4022381033794,Backmischung Haferbrot gf,6,SPI
4015637805214,4015637824895,Backmischung Schoko Kuchen,6,BAK
4015637805122,4015637824796,Backmischung Schwarzbrot gf,6,BAK
4039468033851,4039468033844,Backpapier Zuschnitte 30 Bgen,24,MEM
4260096394872,4260096393370,Backpulver,16,AGA
4005394104040,4005394285411,Backpulver Meister Backpulver,16,BVE
4260687038529,4260687038512,Bacon Chunks Vegan,8,BUG
4262437690025,4262437698212,Bad + WC Reiniger,6,KLY
4007547311503,4007547301504,Bad Reiniger,6,SNT
4007547311602,4007547301603,Bad Reiniger Nachfller,6,SNT
14515584515541,4515584515544,Badablage Romantic,4,1TR
14516384516349,4516384516342,Badablage Traditional,4,1TR
34250023492048,4250023492047,Badeherz Rose,12,SAI
4260491223722,4260491223722,Badesalz Cornflower,1,BDN
4260491223739,4260491223739,Badesalz Lavender,1,BDN
4260491223746,4260491223746,Badesalz Rose,1,BDN
4028719633001,4028719633001,Badesalz vom Toten Meer,1,CMD
4260620682185,4260620682048,Badetabs Disney FROZEN,24,OFZ
4260620682420,4260620682413,Badetabs Disney VAIANA,24,OFZ
4007547301702,4007547301702,Badreiniger,1,SNT
4024884106906,4024884006909,Baglie Sesam (Bagel),4,HEB
4260360276057,4260360271052,Baguette Brtchen,6,NPU
4260360276071,4260360271076,Baguette Classic,6,NPU
4028112059019,4028112059019,Baguettebrtchen (Goldstckchen),60,SDL
4028112060091,4028112060091,Baguettestangen,20,SDL
4019838190131,4019838090134,Bai Mu Dan Weiáer Tee,5,CDO
4005529239906,4005529239906,bakuchiol drops,1,SAV
4025089086185,4025089086185,BALANCE Bodylotion Aloe Vera & Mandell,1,SAN
4017645020610,4017645020610,BALANCE Feste Duschpflege Aloe Vera & Mandell,1,SAN
4015533067914,4015533067907,Ballaststoff Shot,8,VOE
8018759006299,8018759001294,Balsamcreme di Modena IGP,6,SEL
8018759007272,8018759002277,Balsamcreme mit Kakao,6,SEL
4024297000174,4024297000167,Balsamico Bianco Condimento,6,NAT
4014807207698,4014807207650,Baltik Lager,20,ST
4028112077235,4028112077204,Bamberger Buttercroissant,64,SDL
4260397793473,4260397793466,Bamboo Sonic Professional Aufsteckbrste,10,HYD
4008576395045,4260664930228,Bambus Zahnbrste Animal Protection,1,NYK
4008576395069,4260664930235,Bambus Zahnbrste Climate Protection,1,NYK
4008576395083,4260664930211,Bambus Zahnbrste Disaster Relief,1,NYK
4008576395106,4260664930259,Bambus Zahnbrste Kids,1,NYK
4260620681799,4260620681799,Bambus Zahnbrste Kids Disney DSCHUNGELBUCH,1,OFZ
4260620682291,4260620682291,Bambus Zahnbrste Kids Disney VAIANA,1,OFZ
4008576395021,4260664930242,Bambus Zahnbrste Ocean Protect,1,NYK
4009309686614,4009309680612,Bambussprossen,6,MAR
4015637025360,4015637024899,Banana Bread Muffins,6,BAK
4004790146517,4004790046510,Banane Drink Limited Edition,8,BCE
4021246555594,4021246001619,Banane Mandel Riegel,24,LUB
4015533063930,4015533063923,Banane Nektar,8,VOE
4106060221198,4106060076767,Banane-Vanille,6,BEU
4026813423559,4026813423559,Bananen Scheiben,1,DFE
4032061411972,4032061011974,BAOBAB Foot Balm,1,GEB
4032061411989,4032061011981,Baobab Foot Cream,1,GEB
4018462196014,4018462196007,Barbecue Sauce,6,BYO
4260221616459,4260221616411,Barbecue Sauce,6,EMS
4000799110788,4000799110788,Barista Bodendisplay,1,MOU
4013320106181,4013320106174,Barista Espresso entkoffeiniert gemahlen,6,GEP
4013320106266,4013320106259,Barista Espresso ganze Bohne,4,GEP
4013320106242,4013320106235,Barista Espresso gemahlen,6,GEP
611816318519,618455599668,Barista Oat Base 3L,6,BQC
4004790143288,4004790043281,Barista ohne Zucker,8,BCE
4021457658831,4021457658831,Barrier Balance 2-Phasen Mizellenwasser,1,LAV
4021457658893,4021457658893,Barrier Balance Augenpflege,1,LAV
4021457660322,4021457660322,Barrier Balance Bodymilk,1,LAV
4021457658770,4021457658770,Barrier Balance Serum,1,LAV
24260012647727,4260012647723,Bartnelke,5,BIN
9004145305762,9004145005761,Basen Fastenzeit Tee,6,STN
9004145753259,9004145025646,Basen Fastenzeit Tee TB,6,STN
9004145305151,9004145005150,Basen Krutertee,6,STN
9004145325159,9004145025158,Basen Krutertee TB,6,STN
4012346242699,4012346242606,Basenkruter,6,LEB
9004145307155,9004145007154,Basenkruter Gewrz Mix Tte,6,STN
4012346512495,4012346261508,Basenkruter TB,8,LEB
4022346801826,4022346301821,Basilikum gereb Sdita Tte,5,HEU
4260752753319,4260752753302,Basilikum gerebelt,12,SPC
4012346144184,4012346144184,Basilikum gerebelt und getrocknet,1,LEB
4000915304572,4000915104578,"Basilikum in l, frisch",6,ISA
4000915306743,4000915106749,Basilikum Pesto vegan,6,ISA
4012346154596,4012346154503,Basilikum Tte,6,LEB
9004145303171,9004145003170,Basilikum Tte,6,STN
4031829700099,4031829253403,"Basilikum, fein geschnitten",10,KL
4021457638307,4021457638307,basis Anti Falten Feuchtigkeitscreme Q 10,1,LAV
4021457638338,4021457638338,basis Anti Falten Nachtcreme Q10,1,LAV
4021457638369,4021457638369,basis Augencreme Q10,1,LAV
4022381023658,4022381023641,Basis Msli,6,BUM
4022381039000,4022381039000,Basis Msli,1,BUM
4022381040372,4022381040365,Basis Msli,6,SPI
4005561904633,4005561008942,Basis Msli Saaten,6,BOL
4005967508947,4005967005088,Basis Msli ungesát,4,ROS
4005967508954,4005967005095,Basis Msli ungesát,6,ROS
4021457637416,4021457637416,Basis Sensitiv Bodylotion Express,1,LAV
4021457637454,4021457637454,Basis Sensitiv Bodylotion Straffend,1,LAV
4021457637485,4021457637485,Basis Sensitiv Bodymilk Reichhaltig,1,LAV
4021457722266,4021457637478,basis sensitiv Creme,4,LAV
4021457648429,4021457648429,basis sensitiv Cremedusche,1,LAV
4021457613700,4021457613700,basis sensitiv Fuácreme,1,LAV
4021457726110,4021457645022,Basis Sensitiv Handcreme,4,LAV
4021457735136,4021457665501,Basis Sensitiv Lippenbalsam,6,LAV
4021457632855,4021457632855,basis sensitiv milde Pflegeseife,1,LAV
4021457650095,4021457650095,basis sensitiv Mildes Gesichtswasser,1,LAV
4021457729357,4021457650705,basis sensitiv Mundsplung Complete Care Fluoridfr,4,LAV
4021457648412,4021457648412,basis sensitiv Pflegedusche 2in1,1,LAV
4021457650064,4021457650064,basis sensitiv Reinigungsmilch,1,LAV
4021457649914,4021457649914,basis sensitiv Reinigungsschaum,1,LAV
4021457650033,4021457650033,basis sensitiv Waschgel,1,LAV
4021457649853,4021457649853,basis sensitv Beruhigende Feuchtigkeitscreme,1,LAV
4021457652471,4021457652471,basis sensitv Beruhigende Nachtcreme,1,LAV
4021457649945,4021457649945,basis sensitv Feuchtigkeitscreme,1,LAV
4021457649976,4021457649976,basis sensitv Reichhaltige Feuchtigkeitscreme,1,LAV
4019339002650,4019339226209,Basmati & Wildreis Mischung,8,DAV
4019339003145,4019339235041,Basmati Reis weiá Kochbeutel,6,DAV
4022381022538,4022381022521,Basmatireis,4,SPI
4022381022514,4022381022507,Basmatireis natur,4,SPI
4022381022576,4022381022569,Basmatireis natur,6,SPI
4022381022590,4022381022583,Basmatireis weiá,6,SPI
4022381025072,4022381025065,Basmatireis Weiá,1,SPI
8714565006293,8714565003049,Bastiaansen Blau (bisher Brabanter Blauschimmel),"3,5",BAS
4086900387706,4086900387706,Bauchstreichler Massagel,1,PVL
4051900005066,4051900004069,Bauern Quargel,10,BIR
4031829803134,4031829231616,Bauernfrhstck Gourmet Qualitt im Glas,6,KL
94026273219313,,"Bauerngartenkse, 1/2 Laib - aus Heumilch g.t.S.",3,BK
4000345943655,4000345043652,Bauernhof Klare Suppe,8,ERN
4260112294780,4260112294773,"Bauernsenf, krnig",6,MKS
4022381004824,4022381004824,Bauernsptzle,1,SPI
4022381001571,4022381471206,Bauernsptzle hell,12,SPI
4046203058055,4046203434521,Baumkerzen weiá Stearin,6,KFH
4015537502183,4015537420395,Baumkuchen in Vollmilchschokolade gf,8,HMO
4005967506660,4005967003398,Baumkuchenringe Vollmilch,16,ROS
4005967506653,4005967003381,Baumkuchenringe Zartbitter,16,ROS
4032067003560,4032067703569,Baumstmme in Tte,12,ROM
4039468024811,4039468024798,Baumwollbeutel fr Brot 2er Set,24,MEM
4101530004622,4101530001188,Bayerischer Topfen/Quark halbfett,12,BGL
4101530004639,4101530001171,Bayerischer Topfen/Quark mager,12,BGL
4101530004691,4101530000518,Bayerischer Topfen/Quark Rahmstufe,12,BGL
4003247901754,4003247201755,Bazza - Aufstrich nach Obazda Art - vegan,6,VTQ
4260272987935,4260272987928,BBQ Kesselchips,12,LCH
4260112295220,4260112295213,BBQ Sauce,6,MKS
8714565005272,8714565008303,Bche de Chvre/Ziegen Weichkserolle affine,1,BAS
4026968116108,4026968016101,Bcklingsfilet in l,6,FON
4033548006131,4033548000139,Be Friends rose,6,SHE
4033548006230,4033548000238,Be Together rot,6,SHE
8711812419646,8711812419578,Bean Sticks Meersalz,10,RIT
8711812419783,8711812419714,Bean Sticks Paprika,10,RIT
4035784002342,4035784002342,Beauty Haut Haare Ngel Boost,1,GSE
4260198097282,4260198097282,Beauty ID Refill Leerpalette,1,BEN
4260198097299,4260198097299,Beauty ID Refill Leerpalette,1,BEN
4260198097329,4260198097329,Beauty ID Refill Palette Marrakesch,1,BEN
4260198097336,4260198097336,Beauty ID Refill Palette New York,1,BEN
4035784001949,4035784001949,Beauty Kollagen-Boost,1,GSE
4021457637508,4021457637508,Beauty Krperl,1,LAV
4024967002507,4024967228723,Becco Merlot halbtrocken rot,6,RIE
4024967002569,4024967228600,Becco Montepulciano rot,6,RIE
4024967003658,4024967228402,Becco Pinot Grigio,6,RIE
4024967002590,4024967228853,Becco Rosato,6,RIE
4024967002545,4024967228501,Becco Trebbiano,6,RIE
4000345945109,4000345045106,Becher Asia Gemsesuppe m. Nud,8,NCO
4000345253624,4000345045113,Becher Asia Hhnersuppe m. N,8,NCO
4048885945456,4048885045453,Becher Pasta Napoli,8,NCO
9004998002351,9004998002085,Beeren in dreierlei Schokoladen,10,LAG
4005967989920,4005967511763,Beeren Msli,6,ROS
4022381023696,4022381023689,Beeren Msli,6,BUM
9004998004010,9004998003952,Beeren Selektion fr Dich,5,LAG
4012346231594,4012346206301,Beeren und Waldmeister TB,5,LEB
4012346252797,4012346252704,Beeren Waldmeistertee,6,LEB
4026584903434,4026584103438,Beerenmischung,10,SOF
4026813023032,4026813024008,"Beerenmischung, 4x2,5 kg",1,DFE
4260091350248,4260091350033,Beerentraum Fruchtaufstrich,6,DBB
4260026696267,4260026696267,Befeuchtungsschaum fr Toilettenpapier,1,BIT
9004145123229,9004145012127,Beifuá geschnitten,6,STN
7640104959724,7640104959717,Beikost l,4,HOL
4046871003005,4046871002992,Bel Nature Pads,20,BNA
4046871002886,4046871002879,Bel Nature Watte,12,BNA
4046871003036,4046871003029,Bel Nature Wattestbchen,24,BNA
4260360275616,4260360270611,Belgische Vanillewaffeln,8,NPU
4260360275166,4260360270161,Belgische Waffeln gf,6,NPU
4260065002128,,Belriether Blumenbrie,"1,2",HBR
2897770000006,,Belriether Ringelblume,"1,2",HBR
4009309555637,4009309595633,Beluga Linsen,6,MAR
4260360277047,4260360272042,Beluga Linsen,6,NPU
4260360277603,4260360272608,Beluga Linsen,6,NPU
4019339005576,4019339489109,Beluga Linsen schwarz,8,DAV
4013392116217,4013392016210,Bemmchen,10,QUE
9004145110595,9004145009691,Bengelchen Joghurtfrchte,8,STN
4260168399170,4260168399170,Bentheimer Leberwurst grob,1,XUR
4260168399187,4260168399187,Bentheimer Schmierwurst fein,1,XUR
4086900007055,4086900105041,Benzoe Siam bio,1,PVL
4015016022058,4015016002050,Berg. Waldq. medium Glas,12,BWQ
4015016026049,4015016016040,Berg. Waldq. PET still,11,BWQ
4015016026278,4015016016071,Berg. Waldq. PET still,6,BWQ
4015016022102,4015016002104,Berg. Waldq. prickelnd Glas,12,BWQ
4015016022065,4015016002067,Berg. Waldq. still Glas,6,BWQ
4015016022157,4015016002081,Berg. Waldq. still Glas,12,BWQ
4015016022171,4015016002173,Berg. Waldq. still Glas Gastro,20,BWQ
4086900005075,4086900102408,Bergamotte bio,1,PVL
4086900015005,4086900102392,Bergamotte bio,1,PVL
4026913574069,4026913174061,Bergkse Scheiben,8,MA
4104060485534,4104060029134,Bergkse Scheiben,10,AND
9004283492515,9004283492508,Bergkse Scheiben,10,BWI
9008281406239,9008281006231,Bergkse Scheiben aus Tirol,8,BOM
4019339004395,4019339494103,Berglinsen,8,DAV
4260360277030,4260360272035,Berglinsen,6,NPU
8718976002943,8718976002943,Berglinsen,1,DOI
4022346802458,4022346302453,Bergtee,5,HEU
4260435774587,4260435771487,Berliner Curry,6,SPC
4014807211060,4014807001067,Bernstein Weizen alkoholfrei,20,ST
95701975211184,,"Bernsteinkse, 1/4 Laib","1,7",TMJ
2885270000008,,"Bernsteinkse, Laib",7,TMJ
4026813111210,4026813110213,Berry Mix,10,NCL
4014807211572,4014807211565,bersee Pils,20,ST
9004145117563,9004145006836,Bertram gemahlen,6,STN
4022381054010,4022381054003,Beta Glucan Flocken,6,SPI
4260377840012,4260377840012,"Bffel Mozzarella Kugel 125g im Becher, SB",1,1BS
4046203050844,4046203418002,Bienenwachskerze Stumpen 60x45mm,10,KFH
4046203050875,4046203418026,Bienenwachskerze Stumpen 75x64mm,4,KFH
4046203018943,4046203418019,Bienenwachskerze Stumpen 95x45mm,6,KFH
4046203237801,4046203669015,Bienenwachskerze Stumpen rot 75x64mm,4,KFH
4046203050868,4046203418842,Bienenwachskerze Stumpen rot 95x45mm,6,KFH
2900000990036,2900000990036,Bierfass Pinkus 15 l - leer,1,5WP
2900000991057,2900000991057,Bierfass Pinkus 50 l,1,5WP
4250073457850,4250073457843,Big Pizza Mediterrana,8,FWO
4015533016400,4015533000744,Bio C Orangensaft,6,VOE
4015533016424,4015533001741,Bio C Orangensaft,6,VOE
4260735070105,4260735070006,Bio Ginger Beer,24,DOQ
4001453835009,4001453335004,Bio Kuss,12,LNA
94046896504511,4046896504518,"Bio Lisa, 1/2 Laib","3,2",VAV
4008471712213,4008471514589,Bio Milde Marie Scheiben,8,SB
4260735070129,4260735070013,Bio Tonic Water,24,DOQ
4015533003004,4015533014963,Bio Zisch Bitter Lemon,12,VOE
4015533777417,4015533100680,Bio Zisch Bitter Lemon,6,VOE
4015533020827,4015533020810,Bio Zisch Blutorange,12,VOE
4015533662812,4015533014499,Bio Zisch Blutorange,6,VOE
4015533007002,4015533015182,Bio Zisch Guarana Cola,12,VOE
4015533449956,4015533015595,Bio Zisch Guarana Cola,6,VOE
4015533006005,4015533014970,Bio Zisch Himbeer Cassis,12,VOE
4015533882234,4015533012921,Bio Zisch Himbeer Cassis,6,VOE
4015533022821,4015533022814,Bio Zisch Holunderblte,12,VOE
4015533019593,4015533019586,Bio Zisch Ingwer,12,VOE
4015533057410,4015533057403,Bio Zisch light Himbeer Cassis,10,VOE
4015533058172,4015533058165,Bio Zisch light Maracuja Orange,10,VOE
4015533058219,4015533058202,Bio Zisch light Mate Cola,10,VOE
4015533057472,4015533057465,Bio Zisch light Nature Energy,10,VOE
4015533057434,4015533057427,Bio Zisch light Zitrone naturtrb,10,VOE
4015533025426,4015533025419,Bio Zisch Matcha,12,VOE
4015533064012,4015533064005,Bio Zisch Matcha Grapefruit,12,VOE
4015533064135,4015533064128,Bio Zisch Matcha Mango,10,VOE
4015533023637,4015533023620,Bio Zisch Mate,10,VOE
4015533004001,4015533014956,Bio Zisch Natur Orange,12,VOE
4015533444937,4015533100291,Bio Zisch Natur Orange,6,VOE
4015533017841,4015533017834,Bio Zisch Rhabarber,12,VOE
4015533017865,4015533017858,Bio Zisch Rhabarber,6,VOE
4015533023248,4015533023231,Bio Zisch Rosenblte,12,VOE
4015533442155,4015533015786,Bio Zisch Rosenblte,6,VOE
4015533177439,4015533012358,Bio Zisch Zitrone,6,VOE
4015533025303,4015533025297,Bio Zisch Zitrone naturtrb,12,VOE
7640230491525,7640230491518,Bio-Honey Minis Babyzwieback Honig & Butter,5,HOL
4025174570018,4025174570001,BioBrchen mit Pektin,16,SOB
4015533032431,4015533032424,BioC Antioxidantien,12,VOE
4015533064357,4015533064340,bioC Antioxidantien Saft,8,VOE
4015533032455,4015533032448,BioC Immunkraft,12,VOE
4015533064333,4015533064326,bioC Immunkraft Saft,8,VOE
4260133142015,4260133141018,biofix Brokkoli Gratin,10,BBF
4260133142084,4260133141087,biofix Chicken Kashmir,10,BBF
4260133142046,4260133141049,biofix Chili con Carne,10,BBF
4260133141360,4260133141353,biofix Gebratene Nudeln,10,BBF
4260133142107,4260133141100,biofix Gyros,10,BBF
4260133142169,4260133141162,biofix Lachsgratin,10,BBF
4260133142114,4260133141117,biofix Madras Curry,10,BBF
4260133142060,4260133141063,biofix Paprika Hhnchen,10,BBF
4260133142008,4260133141001,biofix Pasta Asciutta,10,BBF
4260133142138,4260133141131,biofix Spaghetti Bolognese,10,BBF
4260133142053,4260133141056,biofix Tajine Marokko,10,BBF
4260133142077,4260133141070,biofix Thai Curry,10,BBF
4260133142022,4260133141025,biofix Toskana Gemse,10,BBF
4012852213374,4012852203375,BioKristall medium,10,BKR
4012852363420,4012852203429,BioKristall medium,6,BKR
4012852213398,4012852203368,BioKristall still,10,BKR
4012852363413,4012852203412,BioKristall still,6,BKR
4026367043517,4026367043111,Bioland Harzer Natur,5,UBM
4104060483646,4104060028052,Biolnder in Scheiben,10,AND
4026913921016,4026913921016,BioPap-Wrap Kse/Wurstpapier klein 25x35cm,1,WSE
4260028363181,42100263,Bioreal Trockenhefe,40,REA
8588004638341,8588004638310,Biosaurus Cheese gf,12,BSU
8588004638358,8588004638327,Biosaurus Ketchup gf,12,BSU
8588004638365,8588004638334,Biosaurus Sea Salt,12,BSU
8016448100747,8016448100747,Biostilla Sambuca,1,HUA
4022381023719,4022381023702,Bircher Msli,6,BUM
4022381040396,4022381040389,Bircher Msli,6,SPI
4028332010821,4028332430209,Bircher Msli Classic,6,WMF
7640230491549,7640230491532,Birchermsli,6,HOL
4001638590044,4001638590044,Birken Aktiv Getrnk,1,WEL
4106060213155,4106060049280,Birne Apfelsaft,6,BEU
4260091351443,4260091351436,Birne Kardamom Fruchtaufstrich,6,DBB
7640104956242,7640104956235,Birne Pur,6,HOL
4019736015086,4019736015093,Birnen,12,ZWE
4009309759172,4009309759172,Birnen halbe,1,MAR
4260360277627,4260360272622,Birnen halbe Frucht,6,NPU
4020943342629,4020943242622,Birnen Klax,6,ARC
4106060203064,4106060030677,Birnensaft,6,BEU
4270000741838,4270000741845,Bitter Kruterauszug,6,KUU
4260735070112,4260735070020,Bitter Lemon,24,DOQ
4260703371821,4260703370541,Bitter Shot Wildkruter,10,KUU
4022346809556,4022346309551,Bittergewrz Dose,5,HEU
4019736005872,4019736005865,Bitterorange Fruchtgarten,6,ZWE
9004145222403,9004145012868,Bitterpulver Natrlich Bitter,6,STN
9004145227095,9004145012875,Bitterspray Natrlich Bitter,4,STN
9004145222458,9004145012882,Bittertee Natrlich Bitter,6,STN
4260651480064,4260651480057,Black Bean Spaghetti,6,JTT
9120047406069,9120047400067,Black Betty red,6,LGI
4012359113436,4012359113405,Black Forest Tofu,8,TAI
4250073450479,4250073450462,Black Tiger Garnelen,6,FWO
4037865100206,4037865000209,Blanc de Noir weiá,6,SND
4025174135286,4025174125287,Blatt Gelatine,20,SOB
4013044700153,4013044100151,Blatt Gelatine weiá,20,BTH
4250073456679,4250073456662,Blattspinat,6,FWO
4026813006103,4026813004499,"Blattspinat Pellets, 4x2,5kg",1,DFE
4026813046239,4026813044273,"Blattspinat Pellets, 4x2,5kg",4,DFE
4026813006110,4026813004505,"Blattspinat Pellets, gehackt",4,DFE
4026813001207,4026813000125,Blattspinat port. im Beutel,12,BSI
4026813001115,4026813020079,Blattspinat portioniert,8,NCL
37391961111039,7391961111038,Blau & Himbeerkonfitre,6,LIS
37391961111909,7391961111908,Blaubeerkonfitre,6,LIS
5701975209089,5701975802167,Blaue Kornblume,6,TMJ
5701975802464,,Blaue Kornblume hhlengereift Grub,"1,2",TMJ
9120001705313,9120001709311,Blaufrnkisch halbtrocken rot,6,SMU
4019339004517,4019339427064,Blaumohn,8,DAV
4007547113718,4007547103719,Bleichmittel,4,SNT
4007547113916,4007547103917,Bleichmittel,4,SNT
4019886655071,4019886055079,Bleichzusatz & Fleckensalz,6,SOD
4260198094533,4260198094533,Blending Brush Colour Edition,1,BEN
93277594687034,3277594687017,Bleu dďAuvergne AOP,"2,5",VAV
94046896105084,4046896105081,Bleu de Bourgogne,"0,65",VAV
4026584934506,4026584133503,Bllis Mediterran,5,SOF
4260512462185,4260512462246,Bltenglanz Shampoo Glanz & Pflege,1,AYA
4012346512198,4012346282800,Bltenkuss TB,8,LEB
4016249600471,4016249008482,Bltenpollen,6,ALO
4260229160039,4260229160015,Bltterteig,8,DST
4031779000249,4031779803369,"Bltterteig, vegan",10,MOI
611816318939,611816318922,Blue Farm Forever Bottle and Spoon,5,BQC
94046896467007,4046896467004,"Blue Stilton PDO, Cropwell Bishop",2,VAV
13380380044905,3380380044908,Blumenbrot Buchweizen gf,6,BLU
13380380057950,3380380057953,Blumenbrot Buchweizen ohne Salzzusatz gf,6,BLU
13380380076531,3380380076534,Blumenbrot Erdmandel,6,BLU
13380380078016,3380380078019,Blumenbrot Hafer gf,6,BLU
13380380074070,3380380074073,Blumenbrot Kakao,6,BLU
13380380057967,3380380057960,Blumenbrot Kastanie,6,BLU
13380380113694,3380380113697,Blumenbrot Mandel gf,6,BLU
13380380069953,3380380069956,Blumenbrot Mehrkorn gf,6,BLU
13380380044912,3380380044915,Blumenbrot Quinoa gf,6,BLU
13380380096324,3380380096327,Blumenbrot Tomate Paprika gf,6,BLU
13380380074049,3380380074042,Blumenbrot Zwiebel gf,6,BLU
4260512462055,4260512462055,Blumengarten Shampoo,1,AYA
4026813001085,4026813020017,Blumenkohl,8,NCL
4026813003454,4026813004277,Blumenkohl 40-60mm,4,DFE
4031829508091,4031829263020,Blumenkohl Cremesuppe,6,KL
4026813000743,4026813000736,Blumenkohl Falafel,8,BSI
4250096904041,4250096906366,Blumenkohlsuppe Suppenliebe,6,KBH
4020829098565,4020829098565,Blush 01 raspberry,1,HAU
4020829098589,4020829098589,Blush 02 apricot,1,HAU
4020829042407,4020829042407,Blusher Brush,1,HAU
4086900006478,4086900105027,Blutorange bio,1,PVL
8003938013182,8003938013069,Blutorange Sorbet Eis,12,RAC
4015533063831,4015533063824,Blutorangensaft khlfrisch,8,VOE
4106060209349,4106060045510,Blutorangensaft Multifruchtcocktail,6,BEU
4022346203316,4022346103319,Bockshornklee ganz,5,HEU
9004145307339,9004145007338,Bockshornklee gemahlen,6,STN
4000503700625,4031829230770,Bockwrstchen in Eigenhaut,12,KL
4007547319400,4007547309401,Boden Wischpflege,6,SNT
4019886677028,4019886077026,Boden Wischpflege,6,SOD
4000433934053,4000433934053,Bodendisplay Ostern,1,FUN
4100570117552,4100570017555,"Bodenseer Block, mit weiáer Edelpilzrinde","1,3",BEP
4260672893829,4260672893829,Body Butter Pink Lotus,1,KHD
4260672893812,4260672893812,Body Butter Rose Love,1,KHD
4260672893171,4260672893171,Body Butter Shatavari Everyoung,1,KHD
4021457637423,4021457637423,Bodylotion Erfrischend,1,LAV
4021457644513,4021457644513,Bodylotion Regenerierend,1,LAV
4021457637461,4021457637461,Bodylotion Sanft,1,LAV
4021457637447,4021457637447,Bodylotion Vitalisierend,1,LAV
4260026697363,4260026697363,Bodylotion Zitrus-Kuss,1,BIT
4260360276545,4260360271540,Bohnen Mischung,6,NPU
4019339011096,4019339487150,Bohnen Mix,6,DAV
4019339004272,4019339451106,Bohnen weiá,8,DAV
4022346202883,4022346202883,Bohnenkraut Dose,1,HEU
4012346154695,4012346154602,Bohnenkraut Tte,6,LEB
9004145303133,9004145003132,Bohnenkraut Tte,6,STN
9004145136236,9004145012608,Bolognese Gewrz,6,STN
4019736000693,4019736000679,Bolognese vegetarisch,6,ZWE
3760041090213,3760041090206,Bordeaux weiá,6,1CH
8017955601406,8017955001404,Borgo Faveri rot,6,PLG
8017955060913,8017955000919,Borgo Faveri weiá,6,PLG
4016512020159,4016512020159,Bouillon mit Rindfleisch,1,ERN
4005394115671,4005394115664,Bourbon Vanille gemahlen,6,BVE
4012346100890,4012346100807,Bourbon Vanille gemahlen,18,LEB
4005394104859,4005394201244,Bourbon Vanille Paste,10,BVE
4012346168098,4012346168005,Bourbon Vanille Schote,8,LEB
4008471710547,4008471521518,Bourbon Vanille Soáe mit Sahne,6,SB
4024297001782,4024297330202,Bourbon Vanillepulver,6,NAT
4005394104613,4005394200797,Bourbon Vanilleschoten,10,BVE
4013044740029,4013044110020,Bourbon Vanillezucker,35,BTH
4013044750028,4013044120029,Bourbon Vanillezucker mit deutschem Rbenzucker,17,BTH
4005394102985,4005394200780,Bourbon-Vanille Extrakt,7,BVE
4024297018209,4024297018193,Brasilien Feinbitter 70%,10,NAT
4260355586598,4260355586529,Brat & Backl Mehrweg,6,BPL
4000915230994,4000915030990,Brat & Grillkse (Schaf & Ziege),6,ISA
4018462400715,4018462400708,Brat Olive Mediterran,6,BYO
4018462401514,4018462401507,Brat Olive mild,6,BYO
3445020001748,3445020001755,Brat Olivenl,6,BPL
3445020001762,3445020001779,Brat Olivenl,6,BPL
4260355586581,4260355586512,Brat Olivenl Mehrweg,6,BPL
7640166792765,7640166792758,Brat- & Grillkse Provencal,4,ZFK
3445020804509,3445020204507,Brat- und Backl,6,BPL
3445020804714,3445020204705,Brat- und Backl,6,BPL
4086900052574,4086900197121,Bratapfel Airspray,1,PVL
4031829804162,4031829262221,Bratensauce Bio-Gemse,6,KL
4031829804148,4031829262207,Bratensauce vom Bio-Rind,6,KL
4012359144539,4012359144508,Bratfilets Black Forest,8,TAI
4012359144133,4012359144102,Bratfilets Brlauch,8,TAI
4012359144034,4012359144003,Bratfilets Japanische Art,8,TAI
4018462107492,4018462107492,Bratgenuss Leerdisplay,1,BYO
4026968116504,4026968016507,Brathering Filet in Marinade,6,FON
4012346169194,4012346169101,Brathhnchen Gewrz,6,LEB
3445020904346,3445020904346,Bratl Box,1,BPL
3445020001854,3445020001854,Bratl gedmpft desodoriert,1,BPL
4018462400654,4018462400654,Bratl Klassik desodoriert,1,BYO
4018462400616,4018462400609,Bratl klassisch,6,BYO
4260355581739,4260355581722,Bratl mit Ghee,6,BPL
3445020008761,3445020008754,Bratl mit Olive,6,BPL
4018462401415,4018462401408,Bratl mit Sesaml,6,BYO
4018462400319,4018462400302,Bratl Raps,6,BYO
4260687039823,4260687039878,Bratling BBQ Style Vegan,5,BUG
4260687039922,4260687039977,Bratling BeefyStyle Vegan,5,BUG
4260687033166,4260687033142,Bratling Chickin Vegan,5,BUG
4260687039724,4260687039779,Bratling FungiStyle Vegan,5,BUG
4031829700952,4031829255025,Bratnudeln mit Gemse,6,KL
4031829700853,4031829255032,Bratreis mit Gemse,6,KL
4000503754895,4031829230244,Bratwrstchen,10,KL
4000503754994,4031829230114,Bratwurst -Superwurst,10,KL
4031829507698,4031829237533,Bratwurst Salsiccia Art (4 Stck),3,KL
4019339009864,4019339413104,Braune Leinsaat,6,DAV
4019339006641,4019339413050,Braune Leinsaat geschrotet,6,DAV
4019339009079,4019339413043,Braune Leinsaat geschrotet,6,DAV
4260360277016,4260360272011,Braune Teller Linsen,6,NPU
4000430001024,4000430009396,Braunhirse Flakes gf,5,WER
4000430001031,4000430009488,Braunhirse Flocken VK gf,6,WER
4000430317774,4000430006647,Braunhirse ganz keimfhig gf,5,WER
4000430117763,4000430006579,Braunhirse Mehl gf,5,WER
4000430317750,4000430006555,Braunhirse Mehl gf,5,WER
4000430517938,4000430006821,Braunhirse Taler Schoko VK gf,6,WER
4000430518539,4000430007538,Braunhirse Toastbrot gf,4,WER
4022381027885,4022381027878,Braunhirsebllchen gf,6,SPI
4022381027687,4022381027670,Braunhirseflocken gf,4,SPI
4015637803241,4015637822891,Braunhirsemehl gf,6,BAK
4022381027502,4022381027496,Braunhirsemehl gf,4,SPI
4025174554100,4025174551109,Brchen mit Gelatine,16,SOB
4025174557552,4025174554551,Brchen mit Gelatine,10,SOB
4025174564109,4025174561108,Brchen mit Gummi Arabicum,16,SOB
4025174566059,4025174563058,Brchen mit Gummi Arabicum,4,SOB
4022993300154,4022993046090,Bread Less gf Saatenbrot,5,STZ
4026813001351,4026813020024,Brechbohnen,8,NCL
4026813001535,4026813000446,Brechbohnen,8,NCL
4260360276453,4260360271458,Brechbohnen,6,NPU
4260360276460,4260360271465,Brechbohnen,6,NPU
4026813003232,4026813004567,"Brechbohnen, 4x2,5 kg, 30-40 mm",4,DFE
4022381013833,4022381013826,Breite Bandnudeln 18mm,8,SPI
4022381041829,4022381041812,Breite Bandnudeln mit Ei,8,BUM
4022381013932,4022381013925,Breite Dinkel Bandnudeln,8,SPI
4026584932120,4026584132124,Brek-Rllchen Spina-Feta,6,SOF
4012346242897,4012346242804,Brennnessel,6,LEB
4022346203088,4022346103081,Brennnessel,5,HEU
9004145302020,9004145002029,Brennnessel lose,6,STN
4260418024173,4260418020175,Brennnessel Superfood Trinkpulver,4,GNC
9004145743120,9004145025523,Brennnessel Tee TB,6,STN
4012346552798,4012346282602,Brennnessel Zitrone TB,12,LEB
9004145232945,9004145023475,Brennnessel Zitrone TB,6,STN
4000381030265,4000381030258,Brezel Kinder Dinkel,12,HUO
4016512951118,4016512051115,Brhwrfel Typ Rind,15,ERN
13770017221265,3770017221268,Brie de Meaux AOP,"3,3",VAV
94046896109112,4046896109119,"Brie de Meaux AOP, 1/2 Laib","1,65",VAV
4026913525900,4026913125902,"Brie Ecke, Demeter",4,MA
4100570117613,4100570017616,"Brie Ecke, Demeter",6,BEP
93267031660065,3267031660062,Brie Petit Normand,1,VAV
4010303045635,4010303045635,Briemesser 15cm - blauer Griff,1,WSE
4010303045642,4010303045642,Briemesser 15cm - roter Griff,1,WSE
4010303045628,4010303045628,Briemesser 15cm - weiáer Griff,1,WSE
4260065969551,4260065960558,Bright,6,GUS
13296651110678,3296651110671,"Brillat Savarin IGP Affin, 5x100g",5,VAV
13419390041922,3419390041925,Brioche Burger Buns,5,BNR
4012346153599,4012346153506,Brlauch geschn u getrocknet,6,LEB
4022346801925,4022346301920,Brlauch geschnitten Tte,5,HEU
4000915304565,4000915104561,"Brlauch i. l, frisch",6,ISA
4000915306712,4000915106718,Brlauch Pesto vegan,6,ISA
94026273219467,,Brlauchkse - aus Heumilch g.t.S.,6,BK
4026813001078,4026813000095,Brokkoli,8,NCL
4026813001177,4026813000163,Brokkoli,12,BSI
4260100268779,4260100263774,Brokkoli,8,BCO
4031829508084,4031829263013,Brokkoli Cremesuppe,6,KL
4012346541594,4012346541501,Brokkoli Kartoffel Gratin,10,LEB
4026813006943,4026813004956,"Brokkolirschen, 30-60 mm, 4x2,5 kg",1,DFE
4260155028229,4260155021107,Brokkolisuppe mit Cashewkernen u. Datteln,4,JOO
4260091350064,4260091350057,Brombeere Fruchtaufstrich,6,DBB
4026584903540,4026584103346,Brombeeren,6,SOF
4002029930708,4002029030705,BRONCHIWOHLŠ Honigsirup,5,HOY
4020829099197,4020829099197,Bronzing Powder 01 bronze,1,HAU
4056114016006,4056114006007,Brot Chips mit Knobi und Kruter,5,SOM
4022993447330,4022993047103,Brot Grainy,4,STZ
4022993300215,4022993300222,Brot Hafer,4,STZ
4056114015740,4056114005741,Brot-Chips mit Paprika & Chili,5,SOM
4056114015757,4056114005758,Brot-Chips mit Salz & Pfeffer,5,SOM
4030917044909,4030917044800,Brotaufstrich Antipasti Arrabbiata,6,SAC
4030917065607,4030917065508,Brotaufstrich Antipasti Arrabbiata,6,SAC
4030917045104,4030917045005,Brotaufstrich Antipasti Bruschetta,6,SAC
4030917063207,4030917063108,Brotaufstrich Antipasti Bruschetta,6,SAC
4030917034801,4030917034702,Brotaufstrich Antipasti Kapern,6,SAC
4030917063405,4030917063306,Brotaufstrich Antipasti Kapern,6,SAC
4030917034603,4030917034504,Brotaufstrich Antipasti Olive,6,SAC
4030917063009,4030917062903,Brotaufstrich Antipasti Olive,6,SAC
4030917001704,4030917001605,Brotaufstrich Basilikum Romana,6,SAC
4030917065201,4030917065102,Brotaufstrich Basilikum Romana,6,SAC
4030917028404,4030917028305,Brotaufstrich Cheesana Jalape¤o,6,SAC
4030917064006,4030917063900,Brotaufstrich Cheesana Jalape¤o,6,SAC
4030917028602,4030917028503,Brotaufstrich Cheesana Rauch Zwiebel,6,SAC
4030917065805,4030917065706,Brotaufstrich Cheesana Rauch Zwiebel,6,SAC
4030917026202,4030917026103,Brotaufstrich Crme Aubergine,6,SAC
4030917065409,4030917065300,Brotaufstrich Crme Aubergine,6,SAC
4030917059606,4030917059507,Brotaufstrich Curry,6,SAC
4030917064808,4030917064709,Brotaufstrich Curry,6,SAC
4030917033408,4030917033309,Brotaufstrich Fenchel Toskana,6,SAC
4030917063801,4030917063702,Brotaufstrich Fenchel Toskana,6,SAC
4030917059408,4030917059309,Brotaufstrich Honig Senf,6,SAC
4030917064600,4030917064501,Brotaufstrich Honig Senf,6,SAC
4030917059200,4030917059101,Brotaufstrich Jalapeno,6,SAC
4030917064402,4030917064303,Brotaufstrich Jalapeno,6,SAC
4030917002107,4030917002008,Brotaufstrich Roter Paprika,6,SAC
4030917063603,4030917063504,Brotaufstrich Roter Paprika,6,SAC
4030917059804,4030917059705,Brotaufstrich Rstzwiebel,6,SAC
4030917065003,4030917064907,Brotaufstrich Rstzwiebel,6,SAC
4030917002305,4030917002206,Brotaufstrich Sonnentomate,6,SAC
4030917062804,4030917062705,Brotaufstrich Sonnentomate,6,SAC
4260515261129,4260515261068,BROTGENUSS Bruschetta,6,HED
4260515261136,4260515261075,BROTGENUSS India-Style,6,HED
4260515261143,4260515261082,BROTGENUSS Toscana-Style,6,HED
4012346154497,4012346154404,Brotgewrz gemahlen,6,LEB
9004145115828,9004145006973,Brotgewrz gemahlen Tte,6,STN
4039416014130,4032105012004,Brottten groá - 16x6x35cm,1,SB
4039416014178,4032105011991,Brottten klein - 12x5x28cm,1,SB
4032105012011,4032105012011,Brottten XL - 20x7x41cm,1,SB
4020829098626,4020829098626,Brow and Lash Gel 00 translucent,1,HAU
4022381033688,4022381033671,Brownies Backmischung gf,4,SPI
4000430315442,4000430002694,Brsel Paniermehl Dinkel VK,8,WER
4260360276040,4260360271045,Brtchenkorb,6,NPU
8018759007210,8018759002215,Bruschetta Dunkle Olive,6,SEL
8053323648840,8053323643845,Bruschetta Frische Tomate,6,SEL
8018759007241,8018759002246,Bruschetta Tomate,6,SEL
8053323647409,8053323642404,Brutti ma buoni alle nocciole,12,SEL
8032692483238,8032692482804,Bucefalo Primitivo Apassite rot,6,OVO
8032692480275,8032692480268,Bucefalo rot,6,OVO
8032692483313,8032692482798,Bucefalo weiá,6,OVO
4000345943648,4000345043645,Buchstaben Klare Suppe,12,ERN
4019339003237,4019339184172,Buchweizen,8,DAV
4022381003964,4022381513203,Buchweizen,4,SPI
4022381029667,4022381029650,Buchweizen,1,SPI
4000430002052,4000430006494,Buchweizen Flakes gf,5,WER
4019339003350,4019339184103,Buchweizen geschlt,8,DAV
4000430515880,4000430003066,Buchweizen Mandel Taler Schoko VK gf,8,WER
4022381039109,4022381039093,Buchweizen Porridgeflocken,6,SPI
4032105000704,4032105000704,Buchweizenbrot,1,SB
4022381010979,4022381010962,Buchweizenflocken,6,SPI
4022381027649,4022381027632,Buchweizenflocken gf,4,SPI
4022381027465,4022381027458,Buchweizengrieá gf,4,SPI
4022381017022,4022381017015,Buchweizenmehl VK,4,SPI
8713576682557,8713576282559,Buchweizennudeln mit Sákartoffel,12,TER
4019339017098,4019339303122,Bulgur,8,DAV
4022381003070,4022381180207,Bulgur,4,SPI
4019339009796,4019339641064,Bulgur Salat,6,DAV
4260148651182,4260148651809,Bulgursalat nach Tandoori-Art,4,PUF
4260148650123,4260148650123,Bulgursalat nach Tandoori-Art GV,1,PUF
4019339004401,4019339499108,Bunte Hlsenfrchte,8,DAV
4260360277085,4260360272080,Bunte Hlsenfrchte,6,NPU
4026813001146,4026813020062,Bunter Gemsemix,8,NCL
9120009121146,9120009120347,Bunter Krautsalat,9,LUZ
4012346158594,4012346158501,Bunter Pfeffer ganz Tte,6,LEB
4031829700860,4031829251812,Buntes Ofengemse,6,KL
7640166798699,7640101096644,Bura laktosefrei,5,ZFK
4260229234549,4260229234532,Burger Erdbeere,15,FOD
9004145136038,9004145012585,Burger Gewrz,6,STN
4260229234518,4260229234501,Burger Haselnuss Kakao,15,FOD
4024297021469,4024297021452,Burger Sandwich Sauce,6,NAT
4003247905615,4003247705611,Burger Sauce American Style vegan,6,VTQ
4260360277528,4260360272523,Burgergurken,6,NPU
4026584932137,4026584132131,Burrito-Rllchen,6,SOF
4003247402107,4003247102106,But Better - vegane Butteralternative,12,VTQ
8437007451214,8437007451030,Butibalausi Negre D.O.,6,2CM
4019339017166,4019339487211,Butter Beans,6,DAV
8711823191012,8711823493000,Butter Brezeln,6,RIT
4260360276033,4260360271038,Butter Croissant,6,NPU
4031779001048,4031779102059,Butter Croissant SB,10,MOI
7640166791287,7640166790976,Butter laktosefrei 125 g,6,ZFK
4017194109606,4017194009609,Butter Sárahm,16,SBG
4031779001192,4031779102813,Buttercroissant franz. Art,75,MOI
4015537502848,4015537002607,Butterkekse gf,6,HMO
94026913551407,,Butterkse,"1,5",MA
9004283492713,9004283492706,Butterkse Scheiben,10,BWI
4026367049069,4026367044064,Buttermilch,10,UBM
4250017300624,4250017300617,"Buttermilch 1,0%",6,GLM
4017194930804,4017194009319,Buttermilch 6x500g,6,SBG
4260026433176,4260026433169,Buttermilchdrink Beeren Power,6,GLM
4056479582277,4056479582239,Buttermilchdrink Heidelbeere,6,HAM
4056479582079,4056479582031,Buttermilchdrink Himbeere,6,HAM
4260026431493,4260026431455,Buttermilchdrink Zitrone,6,GLM
4003514000500,4003514000333,Butterschmalz,8,SNW
4250442406137,22506139,Cabanossi (2 St.),"0,21",MAX
4250442410356,,"Cabanossi,10 St., Theke",1,MAX
4042287206139,4042287106132,Cabernet blanc weiá,6,WBF
4013320334836,4013320334829,Caf Bassaja ganze Bohne,4,GEP
4013320242520,4013320350744,Caf Bergisch mild gemahlen,6,GEP
4012346166995,4012346166902,Caf de Paris,6,LEB
4012346460192,4012346460109,Caf Dia,12,LEB
4013320034125,4013320034101,Caf Org nico Softpack,6,GEP
4019578018115,4019578018115,Caf-Creme Liqueur,1,DWE
8005020191044,80540380,Cafe Eis,12,RAC
4013320034460,4013320034453,Caff Crema Org nico Bohne,6,GEP
4012346533896,4012346533803,Caff Crema SoleaŠ ganze Bohne,4,LEB
4086900007512,4086900105133,Cajeput bio,1,PVL
4270003947138,4270003947121,Cake Bar Cashew Cream Tart,15,COO
4270003947114,4270003947107,Cake Bar Strawberry Cheesecake,15,COO
4035784161100,4035784161100,Calcium & Magnesium Complex,1,GSE
4001638098946,4001638098946,Calendula Pflanzenseife,1,WEL
4001638123174,4001638523172,Calendula Pflegecreme Krper & Gesicht,1,WEL
4001638196567,4001638096560,Calendula Pflegel unparfmier,1,WEL
4001638123136,4001638523134,Calendula Pflegemilch,1,WEL
4260026691088,4260026691088,Calendula Salbe,1,BIT
4001638123129,4001638523127,Calendula Waschlotion Shampoo,1,WEL
4001638523196,4001638523196,Calendula Wind Wetterbalsam,1,WEL
4001638123167,4001638523165,Calendula Wundschutzcreme,1,WEL
4001638190237,4001638590235,Calendula Wundschutzcreme parfmfrei,1,WEL
4001638098014,4001638098014,Calendula Zahncreme,1,WEL
4001638130240,4001638530248,Calendula Zauberbalsam,1,WEL
4086900029149,4086900743540,Calendulal,1,PVL
4026913521759,4026913121751,California Frischkse Kruter,7,MA
4026913521704,4026913121706,California Frischkse Natur,7,MA
4020829115620,4020829115620,Calm and Balance Ampoules,1,HAU
4020829115668,4020829115668,Calm and Balance Ampoules,1,HAU
4026913521506,4026913121508,Cambera Ros,6,MA
4032105000117,4032105000117,Camelina-Roggenmischbrot,1,SB
4026913525979,4026913125971,Camembert,6,MA
4104060482465,4104060011641,Camembert,5,AND
4100570117439,4100570017432,Camembert Classic,5,BEP
3254550032807,3254550032807,Camembert D'Isigny,1,VAV
3267031605001,3267031605001,Camembert de Normandie AOP,1,VAV
3267031601010,3267031601010,"Camembert Gillot, 150g",1,VAV
3267031600105,3267031600105,"Camembert Gillot, 250g",1,VAV
4026913525894,4026913125896,"Camembert, Demeter",6,MA
8437001679515,4024967301327,CAMINO Rosado,6,PAR
8437008467825,8437001679997,Camino rot Bag in Box,4,PAR
8437001679522,4024967301303,Camino tinto rot,6,PAR
8024586006500,8024586006005,Campo Buri Barrique rot,6,LBJ
4056114016068,4056114006069,Canestrelli,6,SOM
4022346809181,4022346309186,Cannabistee,5,HEU
4018462142011,4018462142004,Cannelloni semola,12,BYO
8053323647386,8053323642381,Cantucci alle mandorle,12,SEL
4000799600753,4000799100024,Cappuccino in der Dose,8,MOU
4005967506868,4005967003541,Cappuccino Schnitte,16,ROS
4044889011074,4044889001075,Cappuccino Schokolade,10,VNI
4044889013252,4044889003253,Caramel Inka Salz,10,VNI
4024297022367,4024297022350,Caramel Salt Schokoriegel,24,NAT
4022346803691,4022346303757,Cardamon grn gemahlen Tte,5,HEU
4015533040832,4015533040825,Care Darmwohl,6,VOE
4015533031618,4015533031601,Care Pflaume,6,VOE
4260423370494,4260423370487,Carlo Frischkse Curry/Dattel,4,JMH
4250442410004,22500007,"Carpaccioschinken, Theke","0,6",MAX
4018462148815,4018462148808,Casarecce Reis Mais gf,6,BYO
4005967006610,4005967006603,Cashew Butterkeks Snack,12,ROS
4270001544391,4270001544353,Cashew Caramel Pralinis,12,LNB
4270001075369,4270001075321,Cashew Choc Crunch Riegel,12,LNB
4270001075390,4270001075383,Cashew Coconut Riegel,12,LNB
4045800919608,4045800716238,Cashew Creme - Dattel-Curry,4,GRH
4045800919653,4045800716245,Cashew Creme - Knobl.-Sambal Oelek,4,GRH
4021246555563,4021246555556,Cashew Dattel Riegel gf,24,LUB
9020200131886,9020200031889,Cashew Drink,8,NTM
9004998005666,,Cashew gerstet VM Karamel und Salz,8,LAG
4005967506929,4005967003602,Cashew Quinoa Ecke,24,ROS
9004998007691,9004998007684,Cashew Rosmarin,10,LAG
4019736018100,4019736018117,Cashew Schmelz,6,ZWE
4260717840047,4270001544322,Cashew Spread,6,LNB
4026584931604,4026584131608,Cashew-Black Bean Burger,8,SOF
4005967506981,4005967003664,Cashewknacker,20,ROS
9004998015764,9004998015726,Cashews in Vollmilch Schokolade mit Salz Karamell,5,LAG
9004998900107,9004998002580,Cashews Kokos Curry,10,LAG
9004998014002,9004998013999,Cashews Wasabi,10,LAG
9004998002528,9004998002511,Cashews Wrzig,10,LAG
4015533018145,4015533014116,Cassis Sirup,6,VOE
4019578018160,4019578018153,Cassis-Liqueur,1,DWE
8034115190259,8034115190242,Catarratto Pinot Grigio,6,PSP
8034115195568,8034115195551,Catarratto Pinot Grigio,12,PSP
28437003662373,8437003662379,Cava Circell Brut,6,2UM
28437003662397,8437003662393,Cava Circell Brut rose,6,2UM
4022346804247,4022346304242,Cayennepfeffer gem Dose,5,HEU
4012346175904,4012346175904,Cayennepfeffer gemahlen,1,LEB
4012346157092,4012346157009,Cayennepfeffer Tte,6,LEB
4018462148617,4018462148600,Cellentani grne Erbse gf,6,BYO
4012346554099,4012346520025,Ceylon Schwarztee TB,12,LEB
4012346520490,4012346520407,Ceylon Tee,6,LEB
4260435774594,4260435770992,Ceylon Zimt,6,SPC
4260752753135,4260752752961,Ceylon Zimt,12,SPC
4012346154299,4012346154206,Ceylon Zimt gemahlen Tte,6,LEB
3354240000762,3354240000014,Chablis weiá,6,1DB
9004145377547,9004145077546,Chai Ksschen Bltenzucke Dose,6,STN
618455599637,746052793391,Chai Oat Latte,6,BQC
9004145745063,9004145005921,Chai Sirup,6,STN
9004145123793,9004145012158,Chakalaka Gewrzmischung,6,STN
3551871916978,3551871910976,Champagne Brut EXCLUSIV Fleury,6,2FL
3770001037028,3770001037004,Champagner brut,6,2CL
4009309556610,4009309556214,Champignon Kpfe,6,MAR
4031829804179,4031829262306,Champignon Rahmsauce,6,KL
14260261494199,4260261494192,Champignons geruchert,6,WOH
4009309555668,4009309555613,Champignons geschnitten,6,MAR
4026813001306,4026813000248,"Champignons, Scheiben",12,BSI
4000345943662,4000345043669,Champignonsuppe,12,ERN
4024830202232,4024830102235,Chardonnay VDP. Gutswein,6,2KP
4037865102002,4037865002005,Chardonnay weiá,6,SND
4260189960021,42201861,Chari Tea Black,20,CHT
4260189960038,42201878,Chari Tea Green,20,CHT
4260189960076,42254300,Chari Tea Mate,20,CHT
4260189963671,42404958,Chari Tea Mate Ingwer,20,CHT
4260189960045,42201885,Chari Tea Red,20,CHT
8711842242115,8711842242474,Charmeux Bockshorn,"3,5",BAS
8711842242139,8711842242498,Charmeux mit 3 Sorten Pfeffer,"3,5",BAS
8711842242146,8711842242504,Charmeux mit Rstzwiebeln,"3,5",BAS
8711842242122,8711842242481,Charmeux Schwarzkmmel,"3,5",BAS
4019339004364,4019339481103,Chateau Linsen,8,DAV
95027632000022,4046896461156,Cheddar mature 6-8 M,"2,5",VAV
95027632000008,4046896461071,Cheddar mild 3-5 M,"2,5",VAV
95027632000046,4046896461255,Cheddar vintage 14 M,"2,5",VAV
5027632000784,4046896462108,Cheddar Waxed Vintage 400g,1,VAV
15060107461823,5060107461826,Cheddar Waxed Vintage Chilli 200g,1,VAV
95060107461850,5060107461857,Cheddar Waxed Vintage Smoked,1,VAV
8718754505161,8718754505147,Cheese Flips,6,TFO
4015637013336,4015637013329,Cheesecake Brownies gf,6,BAK
4260096396302,4260096395305,Cheesecakecreme,16,AGA
4250073462564,4250073462557,Cheesy Creamy Carbonara Noodles,10,FWO
4019339005804,4019339414002,Chia,8,DAV
4022993058321,4022993045253,Chia und Quinoabrot gf,4,STZ
4032105006027,4032105006027,Chia-Schrotling,1,SB
8031642400363,8031642000365,Chianti Colli Fiorentini,6,FSM
4038507003862,4038507003442,Chiasamen,6,GOV
4038507005613,4038507005606,Chiasamen,6,GOV
4260100268427,4260100263422,Chicken Nuggets,10,BCO
4260100268434,4260100263439,Chicken Wings,7,BCO
9066001819226,4033423000186,Chiemgauer Frischkse Natur,12,BAU
5765228838709,5765228838709,Childrenďs Shampoo Calendula,1,URT
5765228837801,,Childrenďs Toothpaste Tuttifrutti,1,URT
4000503750491,4031829232804,Chili con Carne,6,KL
4012346174594,4012346174501,Chili con Carne PB,10,LEB
4012346106892,4012346106809,Chili extra scharf gemahlen,6,LEB
4012346169491,4012346169408,Chili Flocken,6,LEB
9004145749603,9004145008717,Chili Flocken,6,STN
4022346804094,4022346304099,Chili ganz Bird's eye Tte,5,HEU
9004145303546,9004145003545,Chili gemahlen,6,STN
4260272987898,4260272987881,Chili Mango Kesselchips,12,LCH
4260221613656,4260221613618,Chili Mayo vegan,6,EMS
4018462194010,4018462194003,Chili Paprika Sauce,6,BYO
2000001062227,,"Chili Rebell, 1/2 Laib",3,KRB
9004145303997,9004145003996,Chili Schoten ganz Tte,6,STN
4260148651625,4260148650628,Chili Sin Carne,3,PUF
4250442400807,4250442400807,Chili-Fenchel Salamisticks,1,MAX
94062681113942,,Chili-Paprika Kse,"1,2",ROG
4012346155999,4012346155906,Chilies ganz,6,LEB
4009309116562,4009309116517,Chiligurken pikant,6,MAR
4019838190322,4019838090325,China Grntee mild,10,CDO
4022346908334,4022346608333,China Gunpowder Temple of Heaven,5,HEU
4019838190247,4019838090240,China Half Gunpowder,10,CDO
4022346938744,4022346638743,China Jasmin Grntee,5,HEU
4019838190193,4019838090196,China Jasmine,10,CDO
4019838190940,4019838090943,China Sencha Duan Xin,5,CDO
24260012647666,4260012647662,Chinakohl Granat,5,BIN
8718754502221,8718754502214,Chips extra natives Olivenl,12,TFO
8718754502047,8718754502030,Chips gesalzen Kartoffel,12,TFO
8718754502061,8718754502054,Chips Paprika Kartoffel,12,TFO
8718754502122,8718754502115,Chips Salz und Essig,12,TFO
8718754502320,8718754502313,Chips Sauerrahm Zwiebel,12,TFO
8718754507165,8718754507158,Chips Ungarisch,12,TFO
4035784170546,4035784170546,Chlorella 240 Tabletten,1,GSE
4035784170522,4035784170522,Chlorella 80 Tabl  500 mg,1,GSE
4044889015386,4044889005387,Choc Drops,8,VNI
35425038430401,5425038430400,Choco Balls,7,TUE
4015637019154,4015637019147,Choco Balls gf,4,BAK
4044889014600,4044889004601,Choco Cookie,10,ICH
4015637019192,4015637019185,Choco Igel Hafer gf,6,BAK
4038857401172,4038857401110,Choco Lini mini,12,KV
4260264980654,42462972,Chocolate & Salted Caramel Dessert,8,HVM
4260264980647,42462965,Chocolate Dessert,8,HVM
5060002043899,5060002043868,Chocolate Salted Caramel Trffel Mini,16,BXO
4260264980760,42486107,Chocolate Tiramisu Protein Pudding,6,HVM
4000915308624,4000915108620,"Chorizo- Paprika- Salami, Theke","0,7",ISA
4000915308426,4000915108422,Chorizo-Paprika-Salami Aufschnitt,6,ISA
4030917001506,4030917001407,Chutney Mango,6,SAC
13760013208575,3760013208578,Chvre du Quercy,"0,75",VAV
4260360276217,4260360271212,Ciabattas,6,NPU
13301592000534,3301592000537,Cidre Brut Herb,6,CNS
13301592000565,3301592000568,Cidre Demi Sec bouch halbtrocken,6,CNS
13301592000497,3301592000490,Cidre Doux Mild,6,CNS
15425038430483,5425038430486,Cinnamon Bites gf,8,TUE
4044889015072,4044889004878,Cinnamon Roll,10,ICH
4022346804636,4022346304631,Cistus Tee geschnitten,5,HEU
4012346537696,4012346537603,Citronella,6,LEB
4086900005174,4086900105089,Citronella bio,1,PVL
4035784518201,4035784518201,CitroPlus Bio,1,GSE
4035784512209,4035784512209,CitroPlusŠ 1200 forte,1,GSE
4001638095235,4001638495233,Citrus 24h Deo Roll-On,1,WEL
4001638081306,4001638081306,Citrus Hand und Nagelcreme,1,WEL
8032692480190,8032692480183,Civitas Pecorino weiá,6,OVO
4017645016149,4017645016149,CLASSIC 3 in 1 Reinigungsmilch Aloe Vera,1,LOG
4055297149174,4055297149174,CLASSIC Feste Gesichtsreinigung Aloe Vera,1,LOG
4017645019751,4017645019751,CLASSIC Feuchtigkeitsspendende Tagescreme Aloe Ver,1,LOG
4017645019744,4017645019744,CLASSIC Hyaluron Hydro Fluid Aloe Vera & Hyaluron,1,LOG
4260669270848,4260669270831,Classic Kimchi,6,SUU
4017645019799,4017645019799,CLASSIC Milder Augen Make-up Entferner Aloe Vera,1,LOG
4017645019829,4017645019829,CLASSIC Tiefenreinigendes Mizellenwasser Aloe Vera,1,LOG
4017645016156,4017645016156,CLASSIC Tiefenreinigendes Waschgel Aloe Vera,1,LOG
4260418024258,4260418020236,Clean Green Superfood Trinkpulver,4,GNC
4086900049048,4086900273009,Cleansing Gel 2 in 1 Deep Cleanse,1,PVL
4086900049000,4086900273108,Cleansing Milk Soft u Delicate,1,PVL
4086900049062,4086900273306,Cleansing Oil Calming u Softening,1,PVL
4106060216811,4106060072868,Clementinensaft,6,BEU
7611650816076,7611650816076,Clouds Gin,1,HUA
4024967003009,4024967395005,ÇO Tinto,6,RIE
4003655255852,4003655055858,Coburger Brietorte,"2,5",MWO
4003655253841,4003655053847,Coburger Butterkserolle,1,MWO
4003655250666,4003655050662,Coburger Frankendammer,"1,3",MWO
4030917060008,4030917059903,Cocktailsauce,6,SAC
4260229231005,4260229230992,Coco Caramella,24,FOD
4038507013397,4038507013380,Coco Choc Bites,10,GOV
8718976020190,8718976020183,Coco crispy rolls,6,AMI
8718976020213,8718976020206,Coco crispy rolls Schoko,6,AMI
4260183213413,42341673,Coco Water PUR,15,DAT
4260183213086,4260183213079,Coco Water Pur Fairtrade,6,DAT
4024297022381,4024297022374,Cocoa Coffee Schokoriegel,24,NAT
4260183213222,4260183213215,Coconut Concentrate Pur,6,AQV
4260183213406,4260183211334,Coconut Concentrate Pur,15,AQV
4024297022343,4024297022336,Coconut Cream Schokoriegel,24,NAT
4270003151672,4270003151665,Coconut Creme Riegel,20,CDI
4085900601126,4085900001124,Cocos Schnitte,16,VNA
4013320099025,4013320098998,Coffee crunch fairness,18,GEP
4012346639390,4012346639390,"Coffee to go Becher 0,3 l",1,LEB
4012346639499,4012346639499,"Coffee to go Deckel 0,3 l",1,LEB
4260026694072,4260026694072,Coffein Shampoo,1,BIT
4260026696212,4260026696212,Coffein Shampoo,1,BIT
7611650710336,7611650710039,Cognac Guy Pinard VS,3,HUA
4038857116670,4038857116618,Cola Bottles,12,KV
4025174584558,4025174581502,Cola Flschchen Gummi Arabicum,16,SOB
4025174584251,4025174581205,Cola Flschchen mit Gelatine,16,SOB
4031829507513,4031829235317,Colbassa luftgetrocknet,3,KL
4012346200699,4012346200606,Cold Brew Fruchtiger Apfel,6,LEB
4012346200590,4012346200507,Cold Brew Sáe Kruter,6,LEB
4012346200798,4012346200705,Cold Brew Weiáer Hibiskus,6,LEB
4001638590129,4001638590129,Cold Cream Gesichtscreme,1,WEL
4260148650116,4260148650116,Coleslaw BBQ-Style GV,1,PUF
4005529239708,4005529239708,collagen drops,1,SAV
4017645017559,4017645017559,Color Fix Nachbehandlung,1,LOG
15425038430384,5425038430387,Color Loops gf,8,TUE
4019886015363,4019886015363,Color Sensitiv Waschmittel Bag in Box,1,SOD
4019886615099,4019886015097,Color Waschmittel Lavendel,6,SOD
4019886015165,4019886015165,Color Waschmittel Lavendel Bag in Box,1,SOD
4019886615068,4019886015066,Color Waschmittel Limette,6,SOD
4019886015264,4019886015264,Color Waschmittel Limette Bag in Box,1,SOD
4019886615303,4019886015301,Color Waschmittel Sensitiv,6,SOD
4019886650724,4019886050722,Color Waschpulver,4,SOD
4019886650823,4019886050821,Color Waschpulver Sensitiv,4,SOD
4020829098633,4020829098633,Colour Correcting Powder 00 translucent,1,HAU
4020829098671,4020829098671,Colour Correcting Powder 02 calming,1,HAU
4260198091174,4260198091174,Compact blush mallow rose,1,BEN
4260198091181,4260198091181,Compact blush sassy salmon,1,BEN
4020829099159,4020829099159,Compact Powder 00 translucent,1,HAU
4260198091143,4260198091143,Compact Powder porcellaine,1,BEN
4260198091150,4260198091150,Compact Powder sand,1,BEN
4046896151507,,"Comt AOP EXTRA, Keil","4,5",VAV
4020829098695,4020829098695,Concealer 01 macadamia,1,HAU
4020829098701,4020829098701,Concealer 02 chestnut,1,HAU
4260198090733,4260198090733,Concealer beige,1,BEN
4018462416518,4018462416501,Condimento Bianco,6,BYO
4018462416617,4018462416600,Condimento bianco,1,BYO
8018759006244,8018759001249,Condimento Bianco,6,SEL
4018462416563,4018462416556,Condimento Rosso,6,BYO
4260672890163,4260672890163,Conditioner Coconut Shikakai,1,KHD
4260672893225,4260672893225,Conditioner Color Finish,1,KHD
4260672893218,4260672893218,Conditioner Rose Revolution,1,KHD
4260418982244,4260418982244,ConditionerBit extra reichhaltig,1,RRT
4270003947145,4270003947152,Cookie Bar Peanut Caramel,15,COO
4005561901892,4005561001783,Cookie Dinkel Haselnuss,7,BOL
4005561901908,4005561001790,Cookie kerniger Hafer,7,BOL
4005561904466,4005561008881,Cookie Vollmilch ZB,7,BOL
4005561901915,4005561001806,Cookie ZB Schoko,7,BOL
4056114016136,4056114006137,Cookies Choco Cashew gf,8,SOM
4056114016143,4056114006144,Cookies Cranberry gf,8,SOM
4056114016112,4056114006113,Cookies Hafer-Schoko-Nuss gf,8,SOM
4006182017351,4006182007352,Cookies Vollkorn-Hafer gf,8,SOM
4086900105140,4086900105140,Copaiba bio,1,PVL
4021234902331,4021234402336,Cornflakes,10,BHO
4015637026114,4015637026046,Cornflakes gf,4,BAK
4015637804040,4015637823744,Cornflakes gf,4,BAK
4022381003537,4022381355223,Cornflakes gf,6,SPI
4019339011874,4019339291016,Cornflakes natural gf,6,DAV
4009309116470,4009309114476,Cornichons,6,MAR
4009309911044,4009309114766,Cornichons,6,MAR
4009309104682,4009309114681,Cornichons ohne Zuckerzusatz,6,MAR
8032692482101,8032692482095,Coste di Moro Riserva rot,6,OVO
8032692480244,8032692480251,Coste di Moro rot,6,OVO
4026913521605,4026913121607,Cottage Cheese (Krniger Frischkse),12,MA
7640171280011,7640101092547,Cottage Cheese (Krniger Frischkse),6,ZFK
7640101096699,7640101096682,"Cottage Cheese (Krniger Frischkse), laktosefrei",6,ZFK
7640166798897,7640166798880,"Cottage Drops, 6 x 200g",6,ZFK
4026813111517,4026813110510,Country Kroketten,10,NCL
4026813051073,4026813050007,Country Potatoes Wedges,16,NCL
4260009210121,4260009210121,Couperose Bio Complex,1,PVD
4260009214648,4260009214648,Couperose d`Aqua,1,PVD
4260009211005,4260009211005,Couperose Soft Fluid,1,PVD
4019339004012,4019339306109,Couscous,8,DAV
4022381003087,4022381415200,Couscous,4,SPI
7640161876712,7640161876705,Couscous,6,HOL
4019339016824,4019339147078,Couscous & Linse Kochbeutel,6,DAV
4015637026565,4015637026558,Couscous Bowl Curry,6,BAK
4015637026541,4015637026534,Couscous Bowl mit Linsen,6,BAK
4015637026510,4015637026503,Couscous Bowl Taboul gf,6,BAK
4015637026589,4015637026572,Couscous Bowl Tomate gf,6,BAK
4005561904145,4005561007860,Couscous Linsen Salat,7,BOL
4005561904152,4005561007877,Couscous Orient Salat,7,BOL
4005561904138,4005561007853,Couscous Taboul Salat,7,BOL
4000915900576,4000915100570,Couscous-Salat,4,ISA
4260148651175,4260148651700,Couscoussalat,4,PUF
4002567678261,7804320081496,Coyam rot,6,EML
4004191922109,4004191022106,Cranberry Muttersaft,6,RAB
4015533060250,4015533060243,Cranberry Muttersaft,10,VOE
4015533070792,4015533014703,Cranberry pur,6,VOE
4028112059576,4028112059576,Cranberry-KartpfelchenŠ,60,SDL
8713576504026,8713576004021,Crcker mit Sesam und Rosmarin,12,TER
4270000873676,4270000873607,Cream Bites Coconut Choc,12,COO
4270000873614,4270000873621,Cream Bites Hazelnut Choc,12,COO
4270000873690,4270000873683,Cream Bites Raspberry,12,COO
4270000873638,4270000873645,Cream Bites Salted Caramel,12,COO
4086900049321,4086900275102,Cream Fluid Mattifying,1,PVL
4260717840603,4260717840580,Creamy Coconut Pralinis,12,LNB
4013320098899,4013320098875,Creamy espresso fairness,18,GEP
4260198090269,4260198090269,Creamy Make up caramel,1,BEN
4260198090146,4260198090146,Creamy Make up honey,1,BEN
4260198090252,4260198090252,Creamy Make up nude,1,BEN
4018462416082,4018462416020,Crema con Aceto Bals IGP,6,BYO
4024297010456,4024297010449,Crema con Aceto Balsamico,6,NAT
4013320257418,4013320091517,Crema Das faire Pfund Bohne,6,GEP
4013320247037,4013320059623,Crema Das faire Pfund gemahlen,6,GEP
4000799611445,4000799111440,Crema Honduras ganze Bohne,6,MOU
4260289420586,4260289420579,Creme Duo Pudding vegan,6,THV
4008471700999,4008471500483,Creme fraiche 30% - im Becher,10,SB
4026367049649,4026367042640,Creme fraiche 30% - im Becher,10,UBM
4017194950406,4017194009548,Creme fraiche 32%,6,SBG
4017194450104,4017194450104,Creme fraiche 32% 5kg,1,SBG
4005529222519,4005529222519,creme light,1,SAV
4005529222014,4005529222014,creme light ohne Duft,1,SAV
4005529232013,4005529232013,creme medium,1,SAV
4005529235014,4005529235014,creme medium ohne Duft,1,SAV
4005529234017,4005529234017,creme rich,1,SAV
4005529234512,4005529234512,creme rich ohne Duft,1,SAV
4026968117686,4026968017689,Cremige Wildlachs Suppe,6,FON
4101530010470,4101530000464,"Cremiger Quark 0,2%",8,BGL
4038375025423,4038375024600,CreSoy Cuisine,15,NTM
4026813051097,4026813050083,Crinkle Pommes Frites,12,NCL
3760050293131,3760050293001,Crmant de Bourgogne brut,6,HHM
4044889014884,4044889004793,Crme Brle Riegel,18,VNI
4028112077228,4028112077228,Croissant Schokocreme,64,SDL
4031779001116,4031779109812,"Croissant, vegan",75,MOI
4013320010860,4013320009789,Crossita Haselnusswaffelriegel,12,GEP
4000915303377,4000915103373,Crostello Brat- & Grillkse mariniert,12,ISA
4056114015849,4056114005840,Crotons Kruter - gerstete Brotwrfel,5,SOM
4056114015856,4056114005857,Crotons Natur- gerstete Brotwrfel,5,SOM
13440771107401,3440771074003,Crottin affine Ziegenkse,6,VAV
13422290000227,3422290000220,Crottin fermier,5,VAV
4005561903315,4005561005491,Crunch Keks,6,BOL
4016249134716,4016249134815,Crunchy Beere,5,ALO
4260752751797,4260752751704,Crunchy Brot Topping,6,SPC
4016249134709,4016249134808,Crunchy Nuss,5,ALO
4016249134730,4016249134839,Crunchy Schoko,5,ALO
7640230493628,7640230493611,Crunchy Snack Hafer Himbeere,8,HOL
7640161879362,7640161879355,Crunchy Snack Hirse Mango,8,HOL
4260065969285,4260065960282,Crush NAT weiá,6,GUS
3380330003917,3380330000145,Ctes du Rhne Contreforts du Delta,6,JFR
3416470121393,3416470121195,Ctes du Rhne rot,6,SAY
8437008467894,8437008467313,Cuesta Colora SO2 zusatzfrei rot,6,PAR
4012346519197,4012346519104,Cumin Koriander Muskatnuss,6,LEB
4022346804445,4022346304440,Curcuma gemahlen Dose,5,HEU
8437000043560,8437000043195,Curi˘s rot,6,JGA
8437000043546,8437000043188,Curi˘sa rose,6,JGA
4012346132501,4012346132501,Curry englisch,1,LEB
4012346113098,4012346113005,Curry golden,6,LEB
4012346132389,4012346132389,Curry indisch,1,LEB
4018462157114,4018462157107,Curry Ketchup,6,BYO
4019736006138,4019736006121,Curry Ketchup,6,ZWE
4030917048709,4030917048600,Curry Mango Grillsauce,6,SAC
4018462193013,4018462193006,Curry Mango Sauce,6,BYO
4024297022831,4024297022824,Curry Mayo vegan,6,NAT
4260752753364,4260752752985,Curry mild,12,SPC
4022346204856,4022346204856,Curry mild Dose,1,HEU
4030917040604,4030917040505,Curry Palak,6,SAC
4012346113296,4012346113203,Curry rot,6,LEB
9004145750784,9004145008762,Curry sá gemahlen Tte,6,STN
9004145750845,9004145008793,Curry scharf gemahlen Tte,6,STN
4045800917970,4045800773798,Curry-Geflgelsalat,3,GRH
4030917005306,4030917005207,Currypaste Green Thai,6,SAC
4030917004309,4030917004200,Currypaste Korma,6,SAC
4030917005108,4030917005009,Currypaste Red Thai,6,SAC
4030917004903,4030917004804,Currypaste Tandoori,6,SAC
4030917046309,4030917046200,Currypaste Yellow Thai,6,SAC
4022346804667,4022346304662,Currypulver extra Dose,5,HEU
4022346804698,4022346304693,Currypulver extra Tte,5,HEU
4012346158792,4012346158709,Currypulver indisch Tte,6,LEB
4012346159799,4012346159706,Currypulver klassisch Tte,6,LEB
4012346159898,4012346159805,Currypulver mild Tte,6,LEB
4030917021207,4030917021108,Currysauce Red Thai,6,SAC
4030917010805,4030917010706,Currysauce Tikka Masala,6,SAC
3380330004167,3380330000947,Cuve deL'Ancien Courrier Corbires rot,6,JFR
3380330001234,3380330001234,Cuvee le Soleiller rose,6,JFR
4000433931816,4000433231817,D-Edelmarzipan Eier hell,10,FUN
4000433931830,4000433131834,D-Edelmarzipan Hasen dunkel,6,FUN
9004145108240,9004145076921,D-Eierspeisgewrz Streudose,6,STN
4260355585805,4260355585799,D-Fresh & Fruity lziehkur,1,BPL
4260355580220,4260355580213,D-Fresh lziehkur,1,BPL
9004145232792,9004145012998,D-Frohe Ostern Kekse,6,STN
9004145742369,9004145005853,D-Grne Neune Tee,6,STN
9004145742420,9004145025851,D-Grne Neune Tee TB,6,STN
9004145309593,9004145009592,D-Honigherzen Kekse gf,1,STN
4000345033073,4000345033066,D-Kokos Gemsesuppe Asia,12,ERN
9004998900022,9004998002597,D-Mandeln Tomate Kruter,10,LAG
4000433931922,4000433031929,D-Marzipan Hase mit Mhre in Tte,12,FUN
4000433931823,4000433031820,D-Marzipan Kken groá,12,FUN
4000433931847,4000433031844,D-Marzipan Kken klein,12,FUN
4000433931861,4000433031868,D-Marzipan Mhren,25,FUN
4000433931946,4000433031943,D-Marzipan Rbli Torte,6,FUN
4000433931465,4000433031462,D-Marzipan Schmusebr,12,FUN
9004145373013,9004145073012,D-Meister Lampes Bltensalz Streudose,6,STN
4018462161869,4018462161852,D-Milder Senf,6,BYO
4019339014622,4019339646113,D-Noodle Cup Linsen Bolo,8,DAV
4260229231074,4260229231067,D-Nussriegel Rock O Choc,1,FOD
9004145231368,9004145013131,D-Oster Eierei Gewrzmischung Streudose,6,STN
4020829113824,4020829113824,D-Regeneration Handbalsam,1,HAU
4020829007970,4020829007970,D-Reinigungsmaske Sachet,1,HAU
4250073462755,4250073462748,D-Stieleis Mango-Passionsfrucht FIGGO,1,FWO
4005967975343,4005967510964,D-Vollmilch Schoko Eier mit Nougat gefllt,6,ROS
4260155028168,4260155021015,Daal - Indisches Linsengericht,4,JOO
4260650731075,4260650730948,daikon kimchi (scharf),6,CPO
5019493035401,782126003546,Damenbinden bei Blasenschwche Plus,6,NAC
5019493035005,782126003508,Damenbinden bei leichter Blasenschwche Slim,6,NAC
5019493030413,782126003041,Damenbinden Maxi Nacht,12,NAC
5019493030215,782126003027,Damenbinden Maxi normal,12,NAC
5019493030314,782126003034,Damenbinden Maxi super,12,NAC
5019493032042,782126003201,Damenbinden Ultra Extra Lang,12,NAC
5019493032011,782126003256,Damenbinden Ultra Extra Normal,12,NAC
5019493032806,782126003287,Damenbinden Ultra Extra Super,12,NAC
5019493030017,782126003058,Damenbinden Ultra normal,12,NAC
5019493030802,782126003089,Damenbinden Ultra Super,12,NAC
4250442400814,4250442400814,Damhirsch Salamisticks,1,MAX
95425026791448,5425026791445,Damse Brie Marigold (Ringelblume),"1,6",DCV
95425026790069,5425026790066,Damse Kruterbrie,"1,6",DCV
95425026111109,5425026111106,Damse Kruterbrie Ziege,"1,6",DCV
95425026790328,5425026790325,"Damse Mokke, klein","0,35",DCV
95425026790731,5425026790738,Damse Pfefferbrie,"1,6",DCV
95425026790335,5425026790332,"Damse Schaf Mokke, klein","0,35",DCV
95425026790076,5425026790073,Damse Ziegen Brie,"1,6",DCV
95425026790762,5425026790769,"Damse Ziegen Mokke, klein","0,35",DCV
9004145325609,9004145025608,Dankeschn Krutertee TB,6,STN
4012346242491,4012346242408,Darjeeling,6,LEB
4012346527482,4012346527406,Darjeeling,1,LEB
4012346528199,4012346528106,Darjeeling,6,LEB
4022346969724,4022346569726,Darjeeling Bio Kampagne,1,HEU
4019838190230,4019838090233,Darjeeling Broken,10,CDO
4019838190018,4019838090011,Darjeeling First Flush,5,CDO
4012346528281,4012346528212,Darjeeling Grntee,1,LEB
4019838190223,4019838090226,Darjeeling Grntee,10,CDO
4012346532394,4012346532301,Darjeeling Himalaya Blatt,6,LEB
4022346974339,4022346574331,Darjeeling Himalaya Classic,5,HEU
4022993057669,4022993045444,Dark Chocolate Muffins gf,6,STZ
4260516391115,4260516390118,Dark-Chocolate Eis,6,ICE
4022381053976,4022381053969,Darm Wohl Flocken,6,SPI
4260418024470,4260418020472,Darmflora Trinkpulver Probiotika u. Prbiotika,4,GNC
9004145115590,9004145006492,Das Beste fr Reste,6,STN
4054411015425,4054411015401,Das fruchtige Duo,20,BFU
4016249066116,4016249198275,Das Ungesáte Beeren Msli,5,ALO
4016249066123,4016249198282,Das Ungesáte Nuss Msli,5,ALO
4016249066130,4016249198299,Das Ungesáte Protein Msli,5,ALO
4016249076597,4016249076498,Das Ungesáte Protein Msli Sample,35,ALO
4016249277345,4016249277444,Das Ungesáte SchokoMsli,5,ALO
4015637805900,4015637824253,Das zarte Kilo,4,BAK
4005967008096,4005967008089,Dattel Blaubeer Blondie,16,ROS
4020943342650,4020943242653,Dattel Klax,6,ARC
4021246021310,4021246001312,Dattel Kokos Konfekt,6,LUB
4038507011683,4038507011676,Dattel Rohmasse,6,GOV
4002317183496,4002317083499,Dattel Schokolade Dunkel 72%,10,MKR
4002317816776,4002317116777,Dattel Schokolade Dunkle Mandel 68%,10,MKR
4002317077214,4002317177211,Dattel Schokolade Edelbitter 80%,10,MKR
4002317183502,4002317083505,Dattel Schokolade Haselnuss 56%,10,MKR
4002317090268,4002317190265,Dattel Schokolade Himbeere 57%,10,MKR
4002317174104,4002317074107,Dattel Schokolade Natur 59%,10,MKR
4002317837733,4002317137734,Dattel Schokolade Nougat 50%,10,MKR
4262452220023,4262452220016,Dattello Schokocreme,6,MKR
4260096394186,4260096393189,Dattelsirup,6,AGA
4086900033627,4086900276604,Day Cream Ultimate New Aging,1,PVL
5016383010791,5016383010791,Deckel fr Feinkostschale 1/4,1,WSE
2900000990883,2900000990883,Deckel fr IFCO-Kiste,1,5WP
4001638590259,4001638590259,Deep Cleansing Gel,1,WEL
4025089005940,4025089005933,Deep Repair Wonder Mask Sachets,10,SAN
4020829098718,4020829098718,Defining Mascara 01 black,1,HAU
4020829098725,4020829098725,Defining Mascara 02 brown,1,HAU
4260158470223,4260158470216,Deichkse alt 12 M,"4,5",BAC
4260158470131,28000266,"Deichkse, klein","0,67",BAC
8711842318209,28001942,DeJonker Gouda Aphrodite,5,HMW
8711842317301,28000334,DeJonker Gouda mittelalt,12,HMW
8711842317394,28002031,DeJonker Gouda Rucola-Pinienkerne,5,HMW
8711842317370,28001836,DeJonker Gouda Walnuss-Bockshornklee,5,HMW
4032105003712,4032105003712,Dekor groá,1,SB
4032105003699,4032105003699,Dekor klein,1,SB
4000503754697,4031829230510,Del. Fleischwurst,10,KL
4000503753096,4031829230695,Del. Geflgel Fleischwurst,10,KL
4000503753195,4031829230688,Del. Geflgel Wiener 5 St.,10,KL
4000503754574,4031829230572,Del. Rinder-Bratwrstchen 9 St,6,KL
4000503754475,4031829230589,Del. Rinder-Wiener 5 Stck,6,KL
4026913557994,4026913157996,Delicette Ofenkse,4,MA
4018462158012,4018462158005,Delikatess Mayonnaise,6,BYO
4018462158661,4018462158654,Delikatess Mayonnaise,6,BYO
4260360276637,4260360271632,Delikatess Mayonnaise,6,NPU
4018462158111,4018462158104,Delikatess Mayonnaise Tube,8,BYO
4024297006312,4024297006305,Delikatess Mayonnaise Tube,8,NAT
4024297006275,4024297006268,Delikatess Senf Tube,8,NAT
4030068029015,4030068029015,Delikatess-Leberwurst fein mit Honig,3,CHI
4019339004340,4019339479100,Delikatesslinsen grn,8,DAV
4024297001027,4024297001010,Demerara Rohrohrzucker,5,NAT
4024297001126,4024297340355,Demerara Rohrohrzucker,6,NAT
94026913552985,,Demeter Brietorte,1,MA
94026913529215,,Demeter Heumilch Bergkse g.t.S. 4 M,"3,06",MA
7640166794332,7640166794325,"Demeter Heumilch Mozzarella Kugel, 100g",6,ZFK
4026913552029,4026913152021,Demetros Schafkse in Salzlake,"1,5",MA
4251191898624,4251191898624,Dentalpulver Minze + Fluorid,1,APR
4260491222213,4260491222213,Deo Coco Mania,1,BDN
4260418984347,4260418984347,Deo Creme Gute Laune,1,RRT
4260418984361,4260418984361,Deo Creme Meeresfrische,1,RRT
4260418984385,4260418984385,Deo Creme Rosentau,1,RRT
4260491222220,4260491222220,Deo Green Fusion,1,BDN
4260491222244,4260491222244,Deo Mint,1,BDN
4260491222275,4260491222275,Deo Persian Lime,1,BDN
4260491220875,4260491220875,Deo Persian Lime Metalldose,1,BDN
4260491222282,4260491222282,Deo Pink Grapefruit,1,BDN
4260491220899,4260491220899,Deo Pink Grapefruit Metalldose,1,BDN
4021457638789,4021457638789,Deo Roll on Invisible,1,LAV
4021457638765,4021457638765,Deo Roll on Refresh,1,LAV
4021457638758,4021457638758,Deo Roll on Sensitive,1,LAV
4021457638796,4021457638796,Deo Roll on Strong,1,LAV
4021457638932,4021457638932,Deo Spray Basis Sensitive,1,LAV
4260631130309,4260631130309,Deo Spray Erfrischend Hanf Hopfen,1,GR
4021457638949,4021457638949,Deo Spray Refresh,1,LAV
4021457638956,4021457638956,Deo Spray Strong,1,LAV
8720254504728,8720254504728,Deo Stick Chic Magnolia,1,WLP
8720254504476,8720254504476,Deo Stick Fresh Citrus,1,WLP
4021457668571,4021457668571,Deo Stick Natural & Strong,1,LAV
8720254504872,8720254504872,Deo Stick Soft Almond,1,WLP
8720254504254,8720254504254,Deo Stick Sweet Rose,1,WLP
8720254504667,8720254504667,Deo Stick Wild Lavender,1,WLP
8720254504759,8720254504759,Deo Stick Zesty Lime,1,WLP
4260491222237,4260491222237,Deo Urban Black,1,BDN
8720254504919,8720254504919,Deocreme Fresh Citrus,1,WLP
8720254504933,8720254504933,Deocreme Soft Almond,1,WLP
8720254504902,8720254504902,Deocreme Sweet Rose,1,WLP
8720254504926,8720254504926,Deocreme Zesty Lime,1,WLP
94026273219054,,"Der Allguer aus Heumilch g.t.S., 1/1 Laib",6,BK
94026273219078,,"Der Allguer aus Heumilch g.t.S., 1/2 Laib",3,BK
4026913552876,4026913152878,Der Bffel Camembert di Bufala,4,MA
4104060487200,4104060025044,Der Bio-Cremige 200g,5,AND
9004145302228,9004145002227,Der feine Earl Grey Tee,6,STN
9004145322189,9004145022188,Der feine Earl Grey Tee TB,6,STN
4026913523500,4026913123502,Der leichte Camembert 30%,6,MA
4015637801636,4015637821498,Der schnelle Ksekuchen,6,BAK
9004145300712,9004145000711,Der Starke Manukahonig,3,STN
4016249236809,4016249236908,Der Ungesáte 3 Korn Brei,6,ALO
7611650901048,7611650901048,Destillate,1,HUA
4260040171078,4260040174079,Deutsches Steinsalz fein naturbelassen,5,NHU
4260040174147,4260040174147,Deutsches Steinsalz fein naturbelassen im Eimer,1,NHU
4056479483079,4056479483031,Dickmilch,6,HAM
9004145306578,9004145006577,Die blumige Jasmin Tee,6,STN
9004145322271,9004145022270,Die edle Pai Mu Tan Tee TB,6,STN
4104060483943,4104060025907,Die kleinen Joghurts Himbeere (4x100g),6,AND
4104060483967,4104060025921,Die kleinen Joghurts Natur (4x100g),6,AND
4104060483950,4104060025914,Die kleinen Joghurts Vanille (4x100g),6,AND
4018462161890,4018462161906,Dijon Senf,6,BYO
4020943330220,4020943230223,Dijon Senf,6,ARC
4024297011613,4024297011606,Dijon Senf Tube,8,NAT
4260112294841,4260112294834,Dijonsenf,6,MKS
9004145303263,9004145003262,Dill geschnitten,6,STN
4031829700105,4031829253502,"Dill, fein gehackt",10,KL
4022346205723,4022346105726,Dillspitzen,5,HEU
4012346154794,4012346154701,Dillspitzen Tte,6,LEB
4019339003213,4019339144183,Dinkel,8,DAV
4022381002943,4022381104142,Dinkel,1,SPI
4022381002950,4022381104166,Dinkel,4,SPI
4022381002967,4022381104180,Dinkel,6,SPI
4022381104067,4022381104067,Dinkel,1,SPI
4056114015382,4056114005383,Dinkel 3 Ingwer Cookies,6,SOM
4032105000414,4032105000414,Dinkel Alles Drin,1,SB
4056114015399,4056114005390,Dinkel Amaretti mit Mandeln,6,SOM
4031779001147,4031779317811,Dinkel Apfelfranzbrtchen vegan,48,MOI
4260360276262,4260360271267,Dinkel Baguette,6,NPU
4022381013956,4022381013949,Dinkel Bandnudeln 9mm,8,SPI
4024297003755,4024297062639,Dinkel Bandnudeln gewalzt hell,10,NAT
4022381041225,4022381041218,Dinkel Bauernsptzle hell,12,SPI
4260311981405,4260311981399,Dinkel Bllchen Tomate Karotte,10,MGL
4031779000058,4031779808302,Dinkel Bltterteig,10,MOI
4260311980279,4260311980262,Dinkel Brezeln,10,MGL
4260360276026,4260360271021,Dinkel Brtchen 73% VK,6,NPU
4024297005063,4024297005056,Dinkel Buchstaben hell,12,NAT
4022381013994,4022381013987,Dinkel Buchstabennudeln,14,SPI
4022381003094,4022381182201,Dinkel Bulgur,4,SPI
4006182015081,4006182005082,Dinkel Butter Herzen,6,SOM
4021496615703,4021496015701,Dinkel Butter Kekse,12,VNA
4006182015142,4006182005143,Dinkel Butter Zwieback,6,SOM
4006182017221,4006182007222,Dinkel Butterherzen mit Bourbon Vanille,6,SOM
4014051007099,4014051002193,Dinkel Butterkeks,12,WIK
4016249400088,4016249012700,Dinkel Butterkeks,12,ALO
4005967006726,4005967006719,Dinkel Butterkekse Snack,10,ROS
4006182015012,4006182005013,Dinkel Cantuccini,6,SOM
4006182017276,4006182007277,Dinkel Cantuccini Orange,6,SOM
4028112060053,4028112060053,Dinkel Ciabatta,18,SDL
4260360276019,4260360271014,Dinkel Croissant,6,NPU
4014051007495,4014051007488,Dinkel Doppelkeks,12,WIK
4016249143633,4016249143732,Dinkel Drink Naturell,12,ALO
4009176342422,4009176342415,Dinkel Eierpltzchen,12,LNA
4260360275630,4260360270635,Dinkel Frischeiwaffeln,12,NPU
4000381076126,4000381076119,Dinkel Grissini,7,ERD
4005967508800,4005967004968,Dinkel Guten Morgen Msli,6,ROS
4005561032657,4005561532652,Dinkel Hafer Kekse,6,BOL
4021496615925,4021496015923,Dinkel Heidesand,6,VNA
4016249511111,4016249006785,Dinkel Honig Poppies,6,ALO
4015637802664,4015637822341,Dinkel Kaiserschmarrn,6,BAK
4014051007983,4014051007976,Dinkel Kakao Doppelkeks mit Kakaocreme,12,WIK
4056114015801,4056114005802,Dinkel Kinder Pizzaparty Stngel,6,SOM
4056114015818,4056114005819,Dinkel Kinder Waldtiere,6,SOM
4028112040635,4028112040611,Dinkel Kirschmrbchen,64,SDL
4015637022338,4015637823874,Dinkel Kleie,6,BAK
4005967508411,4005967004715,Dinkel Knusper Waffeln Vollmilch,6,ROS
4031779000874,4031779613357,Dinkel Krustis SB,8,MOI
4031779000744,4031779724350,Dinkel La Flute mini SB,8,MOI
4022381019774,4022381019767,Dinkel Lasagne hell,10,SPI
4009176412699,4009176048409,Dinkel Lffelbiscuits,16,LNA
4024297006336,4024297006329,Dinkel Maccaroni kurz hell,12,NAT
4006182015326,4006182005327,Dinkel Mandel Aprikose,6,SOM
4005561032381,4005561532386,Dinkel Mandel Heidesand,6,BOL
4018722015246,4018722014775,Dinkel Maultaschen mit Fleisch,6,ALU
4018722011132,4018722308942,Dinkel Mie Noodles,8,AGO
4006748008366,4006748008304,Dinkel Mini Brezel,12,MAY
4056114015825,4056114005826,Dinkel Msli-Keks mit Haselnssen,6,SOM
4022381015967,4022381015950,Dinkel Muschelnudeln,14,SPI
4015637802633,4015637822310,Dinkel Mzli Beerenzart,8,BAK
4015637802503,4015637822228,Dinkel Mzli Frchtezart,8,BAK
4015637802497,4015637822211,Dinkel Mzli Knusperzart,8,BAK
4015637804019,4015637823713,Dinkel Mzli Schokozart,8,BAK
4005967508367,4005967004661,Dinkel Nougat Waffeln,6,ROS
4005967508442,4005967004746,Dinkel Nougatcreme Waffeln,6,ROS
4005967990339,4005967585689,Dinkel Osterhasen Kekse mit Vollmilchschokolade,6,ROS
4005967008058,4005967008041,Dinkel Osterhasen Kekse mit Zartbitterschokolade,6,ROS
4006182015753,4006182005754,Dinkel Paniermehl,6,SOM
4015637802381,4015637822129,Dinkel Paniermehl / Brsel,6,BAK
4022381019712,4022381019705,Dinkel Penne hell,8,SPI
4022381039420,4022381039413,Dinkel Penne hell,1,SPI
4024297001232,4024297062615,Dinkel Penne hell,9,NAT
4015637802657,4015637822334,Dinkel Pfannkuchen,6,BAK
4260360275951,4260360270956,Dinkel Pita Taschen 4 Stck,12,NPU
4019339012239,4019339291122,Dinkel Pops,6,DAV
4022381029247,4022381029230,Dinkel Porridgeflocken Klassik,6,SPI
4006182015388,4006182005389,Dinkel Rbli Kekse,6,SOM
4006182017238,4006182007239,Dinkel Rbli Kekse mit Karotten und Butter,6,SOM
4022381019750,4022381019743,Dinkel Rhrchen hell,8,SPI
4022381041409,4022381041393,Dinkel Ruchbrotmehl,6,SPI
4000915305272,4000915105278,Dinkel Saccottini m. Burrata/Spinat,6,ISA
4005394195031,4005394282694,Dinkel Sauerteig flssig,10,BVE
4005967508374,4005967004678,Dinkel Schoko Brezeln Vollmilch,6,ROS
4014051007105,4014051002209,Dinkel Schoko Butterkeks,12,WIK
4006182015029,4006182005020,Dinkel Schoko Cookies,6,SOM
4005561032398,4005561532393,Dinkel Schoko Heidesand,6,BOL
4021496615772,4021496015770,Dinkel Schoko Kekse,12,VNA
4005967006740,4005967006733,Dinkel Schoko Kekse Snack,10,ROS
4006182015289,4006182005280,Dinkel Schoko Orange Cookies,6,SOM
4006182015104,4006182005105,Dinkel Schoko Split,6,SOM
4021496615918,4021496015916,Dinkel Schwarzweiá Gebck,6,VNA
4022381019736,4022381019729,Dinkel Spaghetti hell,12,SPI
4022381038829,4022381038812,Dinkel Spaghetti VK,12,SPI
4022381014014,4022381014007,Dinkel Spiralen hell,8,SPI
4022381039383,4022381039376,Dinkel Spiralen hell,1,SPI
4000381072807,4000381007281,Dinkel Spritzgebck,6,ERD
4022381012706,4022381012690,Dinkel Sptzlemehl 630,6,SPI
4005561903414,4005561006580,Dinkel Tierlix,6,BOL
4006182015067,4006182005068,Dinkel Vanille Kipferl,6,SOM
4005561032367,4005561532362,Dinkel Vanillekipferl,6,BOL
4032105003415,4032105003415,Dinkel Vital,1,SB
4022381022095,4022381022088,Dinkel Vollkorn Couscous,4,SPI
4022381014052,4022381014045,Dinkel Vollkorn Rhrchen,8,SPI
4022381039369,4022381039352,Dinkel Vollkorn Spiralen,1,SPI
4005967508336,4005967004630,Dinkel Waffelblttchen Vollmilch,6,ROS
4005967508343,4005967004647,Dinkel Waffelblttchen Zartbitter,6,ROS
4015637802671,4015637822358,Dinkel Waffeln,6,BAK
4005967508404,4005967004708,Dinkel Waffelrllchen Natur,6,ROS
4005967508381,4005967004685,Dinkel Waffelrllchen Vollmilch,6,ROS
4005967508398,4005967004692,Dinkel Waffelrllchen Zartbitter,6,ROS
4019339003060,4019339147047,Dinkel wie Reis im Kochbeutel,6,DAV
4019339016817,4019339147061,Dinkel wie Reis mit Gourmet Berglinsen,6,DAV
4000381071961,4000381071978,Dinkel Wolkenzwieback,6,ERD
4015637805221,4015637824901,Dinkel Zitronenkuchen,6,BAK
4006182015043,4006182005044,Dinkel Zwieback,6,SOM
3419390403747,3419390403730,Dinkel-Baguettes,5,BNR
4028112060169,4028112060169,Dinkel-Baguettestange,20,SDL
4260229160411,4260229160428,Dinkel-Bltterteig,6,KRI
4032105000889,4032105000889,Dinkel-Croissant,1,SB
4028112059897,4028112059897,Dinkel-Fitnessbrtchen VK,60,SDL
4028112060176,4028112060176,Dinkel-Kornbaguettestange,20,SDL
4028112040109,4028112040048,Dinkel-Ksetrtchen,64,SDL
4026813331533,4026813330536,Dinkel-Mini-Pizza Caprese vegan,10,BSI
4026813331335,4026813330352,Dinkel-Mini-Pizza Spinaci vegan,10,BSI
4028112040116,4028112040116,Dinkel-Mohntrtchen,64,SDL
4250073457676,4250073457669,Dinkel-Pizza Funghi,7,FWO
4250073453593,4250073453586,Dinkel-Pizza Vegetariana,7,FWO
4250073456082,4250073456075,Dinkel-Pizza Verdura vegan,6,FWO
4032105000445,4032105000445,Dinkel-Saaten-Brot,1,SB
4032105000063,4032105000063,Dinkel-Schrotling,1,SB
4018722411413,4018722830306,Dinkel-Schupfnudeln frisch,6,ALU
4011849804014,4011849804007,"Dinkel-Schupfnudeln hell, frisch",6,PAN
4032105000421,4032105000421,Dinkel-Spezial,1,SB
4018722410416,4018722830290,Dinkel-Sptzle frisch,6,ALU
4011849801310,4011849801303,"Dinkel-Sptzle hell, frisch",6,PAN
4000381071510,4000381007151,Dinkelbrezel,12,ERD
4032105000407,4032105000407,Dinkelbrot,1,SB
4024884110682,4024884010685,Dinkelbrtchen,4,HEB
4260360276200,4260360271205,Dinkelbrtchen,6,NPU
4028112059903,4028112059903,Dinkelbrtchen VK,60,SDL
4013392116323,4013392016326,Dinkelchen Mini,20,QUE
4013392759056,4013392016340,Dinkelchen Vollmilch,12,QUE
9020200130872,4038375025140,Dinkeldrink Mandel,8,NTM
9020200131596,4038375025027,Dinkeldrink Natural,8,NTM
4019339014899,4019339291207,Dinkelflakes,6,DAV
4022381003520,4022381358224,Dinkelflakes,6,SPI
4022381003438,4022381305204,Dinkelflocken Groáblatt,6,SPI
4022381001908,4022381001892,Dinkelflocken Kleinblatt,6,SPI
4015637008127,4015637822204,Dinkelflocken Zartblatt,6,BAK
4022381014830,4022381014823,Dinkelflocken Zartblatt,6,SPI
4022381003278,4022381232203,Dinkelgrieá,4,SPI
4024297006619,4024297000341,Dinkelkaffee Instant,6,NAT
4024297013112,4024297013105,Dinkelkaffee Instant,6,NAT
4056114015344,4056114005345,Dinkelkekse Hanf Schoko mit Macawurzel,6,SOM
4260013330013,4260013330013,Dinkelkissen groá 7 Kammern,1,ATX
4260013330037,4260013330037,Dinkelkissen klein 4 Kammern,1,ATX
4022381025317,4022381025300,Dinkelkleie grob,6,SPI
4028112059781,4028112059781,DinkelkornissŠ,60,SDL
4022381003223,4022381231169,Dinkelmehl 1050,4,SPI
4022381003230,4022381231183,Dinkelmehl 1050,6,SPI
4022381024679,4022381024662,Dinkelmehl 1050,6,BUM
4022381231060,4022381231060,Dinkelmehl 1050,1,SPI
4015637022260,4015637821368,Dinkelmehl 630,10,BAK
4022381002103,4022381002097,Dinkelmehl 630,4,SPI
4022381003247,4022381234184,Dinkelmehl 630,6,SPI
4022381020091,4022381011426,Dinkelmehl 630,6,BUM
4022381039062,4022381039055,Dinkelmehl 630,4,BUM
4015637009414,4015637009407,DinkelNuss Burger,6,BAK
4032105000452,4032105000452,Dinkelrschen Brot,1,SB
4024884112693,4024884012696,Dinkelrusti,4,HEB
4028112059798,4028112059798,Dinkelrustic,56,SDL
4028112059705,4028112059705,DinkelrustissŠ,56,SDL
4028112010072,4028112008796,DinkelrustissŠ (4 St) SB,10,SDL
4005967991213,4005967533093,Dinkels Kmmel Crcker,6,ROS
4005967991244,4005967533390,Dinkels Parmesan Crcker,6,ROS
4005967978818,4005967533499,Dinkels Tomaten Crcker,6,ROS
4260360275883,4260360270888,Dinkeltoast,6,NPU
4024884145608,4024884045601,Dinkeltoast 250 g,8,HEB
4024884145653,4024884045656,Dinkeltoast 500 g,4,HEB
4022381003261,4022381230186,Dinkelvollkornmehl,6,SPI
4022381020114,4022381011440,Dinkelvollkornmehl,6,BUM
4260051655710,4260051655017,Dinkelvollkorntoast,8,BAH
4260051655727,4260051655024,Dinkelvollkorntoast,6,BAH
4028112059750,4028112059750,DinkissŠ,64,SDL
4260112292229,4260112292236,Dirty Harry Classic BBQ,6,MKS
4030917048501,4030917048402,Dnische Burgersauce,6,SAC
4031779001369,4031779405815,Dnische Butter Birkes,42,MOI
5701975205074,5701975001225,Dnische Butter gesalzen,10,TMJ
4000915220650,4000915020656,Dolmades aus Griechenland,6,ISA
4032105060210,4032105060210,Donauwelle,24,SB
4260198090597,4260198090597,Doppelanspitzer,1,BEN
4014051003572,4014051003671,Doppelkeks mit Kakaocreme,12,WIK
4014051006184,4014051006092,Doppelkeks mit Zartbittercreme,12,WIK
4037865130302,4037865000308,Dornfelder rot,6,SND
4260039373131,4260039372134,"Dornfelder, Traubensaft rot",6,VNN
4260039373162,4260039372165,"Dornfelder, Traubensaft rot",12,VNN
4007547702004,4007547702004,Dosier Waschkugel,1,SNT
4018462160978,4018462160978,Dosierspender,1,BYO
8711823193542,8711823193504,Double Choc Cookies,9,RIT
4260264980753,42486114,Double Chocolate Protein Pudding,6,HVM
4013320098936,4013320098912,Double milk fairness,18,GEP
4044889015102,4044889005103,Drages Cashew,8,VNI
4044889015096,4044889005097,Drages Cranberry,8,VNI
4044889015119,4044889005110,Drages Espresso,8,VNI
4022381013871,4022381013864,Dreh Hrnchen,8,SPI
4016249435943,4016249435936,Drei Nuss Drink,6,ALO
4018462417331,4018462417317,Dressing Sylter Art,6,BYO
9004145109698,9004145006447,Druiden Trank ohne Hanf,6,STN
4016249402013,4016249010201,Duetto Doppelkekse,12,ALO
4016249402075,4016249013615,Duetto Zartbitter,12,ALO
4019886616102,4019886016100,Duft und Pflegesplung,6,SOD
4086900601147,4086900601147,Duftstein Energy,1,PVL
4086900601130,4086900601130,Duftstein Ornament,1,PVL
4024297016885,4024297016878,Dunkle Edel VM Schokolade 50%,10,NAT
4024297020363,4024297020356,Dunkle Edelvollmilch Madagaskar 55%,10,NAT
4016512932216,4016512032213,Dunkle Feinkostsoáe Vorratsdose,6,ERN
4044889015287,4044889005288,Dunkle Nougat,12,VNI
4000345948339,4000345048336,Dunkle Sauce feinkrnig,12,NCO
4044889012569,4044889002560,Dunkle Vollmilch 50% Cacao,10,VNI
4024297020462,4024297020455,Dunkle Vollmilch Schokolade Brasilien 50%,10,NAT
9004145115439,9004145026490,Durchatmen im Wald TB,6,STN
9004145221000,9004145012806,Durchatmen im Wald Tee lose,6,STN
9004145111189,9004145026407,Durchschlafen Tee Happiness is,6,STN
4019886619561,4019886019569,Dusch Badreiniger,6,SOD
4019886619554,4019886019552,Dusch Badreiniger Nachfllkonzentrat,6,SOD
4021457648689,4021457648689,Dusch-Peeling,1,LAV
4260198097848,4260198097848,Duschgel 2in1 (Krper u Haare) ZIRBELKIEFER,1,BEN
4260198096247,4260198096247,Duschgel 2in1 Gin GIB DEINER DUSCHE EINEN GIN,1,BEN
4260198096223,4260198096223,Duschgel 2in1 Hanf LASS GRAS DRBER WACHSEN,1,BEN
4260198096216,4260198096216,Duschgel 2in1 Minze FR EIN FRISCHES MINZEINANDER,1,BEN
4260198096230,4260198096230,"Duschgel 2in1 Olive GEDUSCHT, NICHT GERHRT",1,BEN
4260491223821,4260491223821,Duschgel Berry Infusion in der Aluflasche,1,BDN
4260491223838,4260491223838,Duschgel Blue Lagoon in der Aluflasche,1,BDN
4260198095974,4260198095974,Duschgel FAMILY Fruity Beauty Mango Orange,1,BEN
4260198095981,4260198095981,Duschgel FAMILY Garden Pleasure Apple Grape,1,BEN
4260198095967,4260198095967,Duschgel FAMILY Wellness Moment Aloe Melissa,1,BEN
4260198096193,4260198096193,Duschgel Grntee ALLES IM GRNEN BEREICH,1,BEN
4260198096209,4260198096209,Duschgel Hafer DEINE DUSCHE IM KORNFELD,1,BEN
4260198096186,4260198096186,Duschgel Ingwer Zitrone LOST UNTERM LEMONTREE,1,BEN
4260198096155,4260198096155,Duschgel Lavendel URLAUB IN DER PROVENCE,1,BEN
4260491223845,4260491223845,Duschgel Magnolia Breeze in der Aluflasche,1,BDN
4260198096179,4260198096179,Duschgel Pampelmuse DU BIST MEINE PAMPEL MUSE,1,BEN
4260198096162,4260198096162,Duschgel Wildrose ENTDECKE DIE WILDE ROSE IN DIR,1,BEN
4260620682031,4260620682031,Duschseife Disney DSCHUNGELBUCH,1,OFZ
4260620682130,4260620682130,Duschseife Disney FROZEN,1,OFZ
4260620682475,4260620682475,Duschseife Disney VAIANA,1,OFZ
4280001996076,4280001996076,Duschseife Lemon Eukalyptus,1,NIA
4280001996045,4280001996045,Duschseife Limette Lavendel,1,NIA
4280001996069,4280001996069,Duschseife Melisse Salbei,1,NIA
4280001996052,4280001996052,Duschseife Olivenl Salz,1,NIA
4019838190049,4019838090042,Earl Grey,5,CDO
4013320033968,4013320033340,Earl Grey Blanc,10,GEP
4012346523897,4012346523804,Earl Grey classic,6,LEB
4012346524092,4012346520124,Earl Grey Mild,6,LEB
4012346524191,4012346524108,Earl Grey mild,6,LEB
4012346524283,4012346524207,Earl Grey Mild,1,LEB
4012346204994,4012346204901,Earl Grey TB,6,LEB
4012346206196,4012346206103,Earl Grn TB,6,LEB
9004145233614,9004145013179,Easy Goreng Gewrzzubereitung,6,STN
7612534070706,7612534070706,Eau de Cologne Frangipani,1,FAF
7612534070690,7612534070690,Eau de Cologne Mandarine,1,FAF
7612534070843,7612534070843,Eau de Cologne Rose,1,FAF
7612534070935,7612534070935,Eau de Cologne Waldzauber,1,FAF
7612534070904,7612534070904,Eau de Parfum Alpine Blue,1,FAF
7612534070713,7612534070713,Eau de Parfum Aura 1968,1,FAF
7612534283137,7612534283137,Eau de Parfum Collection,1,FAF
7612534070775,7612534070775,Eau de Parfum Vanilla Nuvola,1,FAF
7612534070768,7612534070768,Eau de Parfum Woody Bergamot,1,FAF
4019339003961,4019339236185,Echter Basmati Reis VK,8,DAV
4019339005545,4019339236109,Echter Basmati Reis VK,8,DAV
4024297005209,4024297005193,Ecuador 42%,10,NAT
4009309592267,4009309522660,Edamame,6,MAR
4026813001337,4026813000279,Edamame ohne Schale,12,BSI
4260651480026,4260651480019,Edamame Spaghetti,6,JTT
2000001222072,,Edamer leicht,"1,5",MA
4044889014105,4044889004106,Edel Bitter 100% und Nibs,10,VNI
4044889014822,4044889004755,Edel Bitter Blutorange,10,VNI
4044889015249,4044889005240,Edel Bitter Cranberry,10,VNI
4044889015225,4044889005226,Edel Bitter mit 70% Cacao,10,VNI
4044889015256,4044889005257,Edel Vollmilch mit 37% Cacao,10,VNI
4044889015232,4044889005233,Edelbitter Chili,10,VNI
4024297005148,4024297005131,Edelbitter Ecuador 70%,10,NAT
4024297011675,4024297011668,Edelbitter Indien 85%,10,NAT
4024297013631,4024297013624,Edelbitter Karibik 90%,10,NAT
4024297016861,4024297016854,Edelbitter Lateinamerika 100%,10,NAT
4024297005162,4024297005155,Edelbitter Peru 75%,10,NAT
4013320066386,4013320066379,Edelbitter Schokolade 85%,10,GEP
4024297007609,4024297007593,Edelkakao Lateinamerika,10,NAT
4002029991273,4002029001279,Edelkastanien Honig,6,HOY
4260027921757,4260027921757,"Edelstahl Proviantdose 0,9 L",1,XXX
4260027928909,4260027928909,Edelstahl-Lunchbox mit Trennsteg und Dichtung,1,XXX
94026913556990,,Edler Weiáer Brie Walnuss,1,MA
94026913553982,,Edler Weisser Brie Pistazien-Knacker,1,MA
94026913550998,,Edler Weisser Rahmbrie,1,MA
4032586101013,4032586001016,Eďsener Dinkelbrot,6,BH
8718754500487,8718754500470,Eier Mie Nudeln - Egg Noodles,6,YAK
4019578018238,4019578018221,Eier-Liqueur,1,DWE
4000915306064,4000915106060,Eier-Sptzle,6,ISA
7611650600514,7611650600507,Eierlikr,6,HUA
4032067005656,4032067705655,Eierlikrzipfel in Tte,13,ROM
4032067005632,4032067605641,Eierlikrzipfel Theke,15,ROM
4045800914436,4045800773118,Eiersalat,3,GRH
9004145108172,9004145006928,Eierspeisgewrz,6,STN
4026813333315,4026813333315,Eiersptzle,1,DFE
9004145327078,9004145027077,Eine Mtze voll SchlafŠ,6,STN
4011162194106,4011162194106,Einkochringe 100 mm,1,WCK
4011162054110,4011162054110,Einkochringe 60 mm,1,WCK
4011162074118,4011162074118,Einkochringe 80 mm,1,WCK
4022381012768,4022381012751,Einkorn,4,SPI
4032105004948,4032105004948,Einkorn pur,1,SB
4022381012867,4022381012850,Einkornflocken,4,SPI
4022381012829,4022381012812,Einkornmehl,4,SPI
9004145147485,9004145012660,Einlege Gewrz,6,STN
5016383021971,5016383021971,Einlegeschale fr 1/4 Antipasti - Fleur Crock,1,WSE
5016383028406,5016383028406,Einlegeschale fr 1/6 Antipasti - Fleur Crock,1,WSE
4011432029176,4011432029176,Einschubtasche fr A2-Plakat,1,WSE
4000345798811,4000345298816,Eintopf Erbse Karotte,6,EVP
4000345798828,4000345298823,Eintopf Kartoffel Lauch,6,EVP
4000345798804,4000345298809,Eintopf Linse-Kartoffel,6,EVP
4011162090552,4011162090552,EinweckŠ Klammern,1,WCK
4250367550281,4250367550298,Eis am Stiel Mandel Multipack,8,GEC
8006040207296,8006040710208,Eis im Hrnchen auf Sojabasis,6,NTT
8006040209535,,Eis im Hrnchen auf Sojabasis Himbeere,6,NTT
8006040205933,8006040710918,Eis Kakao-Vanille auf Kokosbasis,6,NTT
8006040204363,8006040710055,Eis Ministicks auf Kokosbasis,6,NTT
8006040205308,8006040710086,Eis Ministicks auf Reisbasis,6,NTT
8006040205957,8006040710932,Eis Vanille-Himbeere auf Reisbasis,6,NTT
4250367550014,4250367550021,Eiscreme Bourbon Vanille,6,GEC
4250367550212,4250367550229,Eiscreme Eissterne Zimt-Apfel,6,GEC
4250367550038,4250367550045,Eiscreme Schokolade,6,GEC
4250367550052,4250367550069,Eiscreme Tricolore,6,GEC
4250367550199,4250367550205,Eisdessert im Glas,12,GEC
4035784160400,4035784160400,Eisen & Vitamin C Complex,1,GSE
4035784161407,4035784161407,Eisen Vital Complex,1,GSE
8713576502596,8713576002591,Eislollies Frucht,12,TSI
4250367550625,4250367550632,Eispraline Himbeere vegan,12,GEC
4250367550168,4250367550151,Eispraline Kokos vegan,12,GEC
4250367550182,4250367550175,Eispraline Mango Maracuja vegan,12,GEC
4250367550878,4250367550885,Eispraline Vanille,12,GEC
4015533027741,4015533027734,Eistee mit Himbeere Hibiskus,10,VOE
4015533027765,4015533027758,Eistee mit Matcha,10,VOE
4015533027727,4015533027710,Eistee mit Mate und Zitrone,10,VOE
4032067006714,4032067706812,Eiswaffel Hrnchen 125 mm x 48 mm,8,ROM
4032067006929,4032067706928,Eiswaffel Taler rund 60 mm,9,ROM
4037273083061,4037273005926,Elbling Sekt Brut weiá,6,EHN
94026913529598,,Emmentaler Allguer Rsslerhof,"3,2",MA
94026913528843,,Emmentaler g.U. foliengereift,4,MA
4026913574052,4026913174054,Emmentaler Heumilch Scheiben,8,MA
4026913573024,,Emmentaler Scheiben,1,MA
9004283492614,9004283492607,Emmentaler Scheiben,10,BWI
9008281404877,9008281004879,Emmentaler Scheiben aus Tirol,8,BOM
9004584051930,9004584051930,Emmentaler Stange,"2,25",SGM
4022381012782,4022381012775,Emmer,4,SPI
4018462147412,4018462147405,Emmer Volanti,12,BYO
4022381012843,4022381012836,Emmerflocken,4,SPI
4022381012805,4022381012799,Emmermehl,4,SPI
4025089086192,4025089086192,ENERGY Bodylotion Zitrone & Quitte,1,SAN
7611916160738,7611916160738,Energy Shower Gel Ingwer,1,WEL
7611916164606,7611916164606,Energy Shower Gel Ingwer,1,WEL
4024967012841,4024967012858,Engel Rieslingsekt alkoholfrei,6,RIE
4024967000466,4024967000794,Engel Rieslingsekt extra dry,6,RIE
4024967004051,4024967004044,Engelchen Rieslingsekt extra dry,12,RIE
4012346525785,4012346525709,English Breakfast Tea,1,LEB
4012346552392,4012346001531,English Breakfast Tea TB,12,LEB
4012346525693,4012346520155,English Breakfast Tee,6,LEB
8437004217684,8437004217677,Enguera Tempranillo,6,1FE
4016249153687,4016249153786,Entdecker Kekse Kakao,12,ALO
4007547112711,4007547102712,Enthrter,4,SNT
4007547112919,4007547102910,Enthrter,4,SNT
4019886600606,4019886000604,Enthrter,5,SOD
4019886617505,4019886017503,Entkalker,6,SOD
9004145121683,9004145011045,Entkoffeinierter Kaffee gemahl Wiener VerfhrungŠ,5,STN
4086900382701,4086900382701,Entspannung Krperl,1,PVL
9004145123120,9004145023178,Entspannungszeit,6,STN
4026813001139,4026813020031,Erbsen,8,NCL
4260360276392,4260360271397,Erbsen,6,NPU
4260360276408,4260360271403,Erbsen,6,NPU
4260360276415,4260360271410,Erbsen,6,NPU
4260360276804,4260360271809,Erbsen & Mhren,6,NPU
4260360276811,4260360271816,Erbsen & Mhren,6,NPU
4031829508107,4031829263037,Erbsen Cremesuppe,6,KL
4019339004234,4019339435106,Erbsen grn,8,DAV
4260360277108,4260360272103,Erbsen grn,6,NPU
4000915300925,4000915100921,Erbsen Guacamole,4,ISA
4026813001153,4026813000194,Erbsen und Fingermhrchen,8,NCL
4026813043092,4026813004994,"Erbsen zart, 4x2,5 kg",4,DFE
4250096907929,4250096907936,Erbseneintopf Eintopfliebe,6,KBH
4260148651595,4260148650598,Erbsensuppe,3,PUF
4000503750095,4031829232101,Erbsensuppe mit Wrstchenscheiben,6,KL
4000503750699,4031829232156,Erbsensuppe mit Wrstchenscheiben,6,KL
4005967006597,4005967006580,Erdbeer Cheesecake Snack,12,ROS
4017194989024,4017194489029,Erdbeer Eis,6,SBG
5060466500198,5060466500051,Erdbeer Fruchtaufstrich,6,TFT
4021246555662,4021246555655,Erdbeer Fruchtriegel gf,25,LUB
4019736004691,4019736004684,Erdbeer Rhabarber Fruchtgarten,6,ZWE
8711521143047,8711521345793,Erdbeere Cone,24,ICF
4019736017264,4019736017271,Erdbeere Fein,6,ZWE
9004998004034,9004998003976,Erdbeere fr Dich,5,LAG
4260091350026,4260091350019,Erdbeere Fruchtaufstrich,6,DBB
4260360277436,4260360272431,Erdbeere Fruchtaufstrich,6,NPU
4019736008156,4019736008149,Erdbeere Fruchtgarten,6,ZWE
9004998002788,9004998002061,Erdbeere in Vollmilch Schokolade,10,LAG
9004998007622,9004998007615,Erdbeere in Zartbitter Schokolade,10,LAG
4260506612084,4260506610165,Erdbeere und Minze Sorbet,6,DFI
4026584903519,4026584103315,Erdbeeren,6,SOF
4026813111234,4026813110237,Erdbeeren,10,NCL
9004998005895,9004998005857,Erdbeeren gefriergetrocknet,8,LAG
9004998015795,9004998015757,Erdbeeren in weiáer Zitronen Beeren Schokolade,5,LAG
4026813423092,4026813423092,"Erdbeeren, 1x10 kg",1,DFE
8711542251301,8711542151304,Erdbeerschlange Giraffe,24,TER
8005020100930,80625452,Erdbeersorbet Eis,6,RAC
8005020191310,80603023,Erdbeersorbet Eis,12,RAC
4000430418686,4000430007729,Erdmandel Flocken gf,6,WER
4000430001529,4000430008917,Erdmandel Taler,6,WER
4038507003893,4038507002421,Erdmandelcreme,6,GOV
4022381027700,4022381027694,Erdmandelflocken gf,4,SPI
4038507004074,4038507001943,Erdmandeln gemahlen,6,GOV
4016249190910,4016249191016,Erdnuss Drink,6,ALO
8711812479862,8711812928667,Erdnuss Flips,6,RIT
8718754506861,8718754506854,Erdnuss Flips,8,TFO
4270003151634,4270003151603,Erdnuss Karamell Riegel,20,CDI
3445020004817,3445020004824,Erdnussl gerstet,6,BPL
3445020609029,3445020260909,Erdnussl nativ,6,BPL
4019339015230,4019339311226,Erdnussmus,5,DAV
8713576503418,8713576003413,Erdnussmus crunchy,6,TER
8713576503425,8713576003420,Erdnussmus crunchy,6,TER
8713576503463,8713576003468,Erdnussmus fein,6,TER
8713576503470,8713576003475,Erdnussmus fein,6,TER
4030917011307,4030917011208,Erdnusssauce Sat Sauce,6,SAC
4086900381407,4086900381407,Erkltungszeit Baby & Kinder Pflegebalsam,1,PVL
4086900381100,4086900381100,Erkltungszeit Duftmischung bio,1,PVL
4086900381506,4086900381506,Erkltungszeit Pflegebalsam,1,PVL
4019886605168,4019886005159,Ersatz Sticks,1,SOD
8713638005133,8713638005133,Ersatzdraht Kaas-O-Maat,1,WSE
4260000231255,4260000231255,Ersatzschneiderdchen Folienabroller,1,WSE
4013320334904,4013320334843,Espresso Ankole ganze Bohne,4,GEP
4000799610752,4000799110658,Espresso Barista ganze Bohne,6,MOU
4044889014501,4044889004502,Espresso Biscotti Riegel,18,VNI
4013320257401,4013320225189,Espresso Das faire Pfund Bohne,6,GEP
4000799609343,4000799109348,Espresso ganze Bohne,6,MOU
4000799610837,4000799110832,Espresso ganze Bohne entkoffeiniert,6,MOU
4000799609381,4000799109386,Espresso ganze Bohne Softpack,6,MOU
4000799609558,4000799109553,Espresso gemahlen entkoffeiniert,6,MOU
4000799609596,4000799109591,Espresso gemahlen Softpack,6,MOU
4000799611438,4000799111433,Espresso Honduras ganze Bohne,6,MOU
4000799610868,4000799110818,Espresso Instant,6,MOU
4012346460796,4012346460703,Espresso Instant,6,LEB
4024297019954,4024297016021,Espresso instant,10,NAT
9004145121690,9004145011038,Espresso Kaffee ganze Bohne Wiener VerfhrungŠ,5,STN
4044889015140,4044889005141,Espresso Milch 38 %,10,VNI
4012346456393,4012346456300,Espresso Minero gemahlen,6,LEB
4012346461496,4012346461403,Espresso Minero Pads,5,LEB
4012346455891,4012346455808,Espresso MineroŠ ganze Bohne,4,LEB
4044889015157,4044889005158,Espresso Pistacchio Dark,10,VNI
4024297013310,4024297013303,Espresso Sticks Instant,8,NAT
95701975208924,,Esrom g.g.A. Benedict Klosterkse,"1,5",TMJ
4019886601009,4019886001007,Essigreiniger,6,SOD
4012346153490,4012346153407,Estragon Tte,6,LEB
4086900006935,4086900106093,Eukalyptus citriodora bio,1,PVL
4086900005266,4086900105188,Eukalyptus globulus bio,1,PVL
4086900005280,4086900102200,Eukalyptus radiata bio,1,PVL
4001638188388,4001638088381,EVERON Lippenpflege,6,WEL
9004145322165,9004145022164,Everybody's Darjeeling TB,6,STN
9004145302211,9004145002210,Everybody's Darjeeling Tee,6,STN
4038857116373,4038857116311,Exotik Mix,12,KV
4001638523028,4001638523028,Express Handcreme Sanddorn,1,WEL
4017645017252,4017645017252,EXTRA FRISCHE Pfefferminz Zahncreme,1,LOG
4005529239012,4005529239012,extra rich beauty elixier,1,SAV
4017645017269,4017645017269,EXTRAFRISCHER RUNDUMSCHUTZ Pfefferminz Zahncreme,1,LOG
4260198095219,4260198095219,Eybrow Gel brunette,1,BEN
4020829098732,4020829098732,Eye and Brow Palette 01 stone,1,HAU
4032061411118,4032061011110,Eye Care Cream,1,GEB
4086900049505,4086900276208,Eye Cream Brightening,1,PVL
4086900049550,4086900277205,Eye Cream for Face Cell Renewing,1,PVL
4005529238015,4005529238015,eye creme ohne Duft,1,SAV
4020829098756,4020829098756,Eye Definer 01 black,1,HAU
4020829098763,4020829098763,Eye Definer 02 brown,1,HAU
4020829098770,4020829098770,Eye Definer 05 taupe,1,HAU
4020829042476,4020829042476,Eye Definer Brush,1,HAU
4086900049604,4086900274204,Eye Roll On Instantly Cooling,1,PVL
4020829097018,4020829097018,Eyebrow Definer 01 light brown,1,HAU
4020829097032,4020829097032,Eyebrow Definer 02 dark brown,1,HAU
4260198091600,4260198091600,Eyebrow Designer blond,1,BEN
4260198090627,4260198090627,Eyebrow Designer braun,1,BEN
4260198090634,4260198090634,Eyebrow Designer gentle brown,1,BEN
4260198095202,4260198095202,Eyebrow Gel ash brown,1,BEN
4260198095196,4260198095196,Eyebrow Gel clear,1,BEN
4020829098787,4020829098787,Eyeshadow 04 verdelite,1,HAU
4020829098800,4020829098800,Eyeshadow 07 aquamarine,1,HAU
4020829098824,4020829098824,Eyeshadow 08 golden topaz,1,HAU
4260198091525,4260198091525,Eyeshadow Base prime fine,1,BEN
4020829042445,4020829042445,Eyeshadow Blender Brush,1,HAU
4260198094526,4260198094526,Eyeshadow Brush Colour Edition,1,BEN
4086900049314,4086900274402,Face Cream Ultra soft u Calming,1,PVL
4086900049307,4086900274105,Face Fluid Pollution Protection,1,PVL
4086900049031,4086900275003,Face Toner Clarifying u Pore Minimizing,1,PVL
4086900049024,4086900274006,Face Toner Ultra Hydrating,1,PVL
4024297006374,4024297006367,Fadennudeln Dinkel hell,9,NAT
4086900024649,4086900185050,Fahr fit Duftmischung,1,PVL
4015533040634,4015533040627,Fair Eistee Pfirsich Zitrone,10,VOE
4026584931208,4026584131202,Falafel Burger,5,SOF
4022381035910,4022381035903,Falafel gf,4,SPI
4026584933639,4026584133633,Falafel Levante Kitchen,5,SOF
4026584933547,4026584133541,Falafel Oriental,5,SOF
4026584934537,4026584133534,Falafel Sesam-Minze,5,SOF
4026584933646,4026584133640,Falafel Traditionell,6,SOF
4015637803302,4015637822952,Falafelmischung gf,6,BAK
4009044058981,4250820602847,Falthandtcher 1-lagig 25 x 23cm,20,WSE
4014167100813,8024929009496,Falthandtcher 2-lagig 23 x 25cm,1,WSE
4005967508930,4005967005071,Familien Msli ungesát,6,ROS
4032105000230,4032105000230,Familienbrot,1,SB
4032105003934,4032105003934,Familienbrot - Roggensaft,1,SB
4032105002005,4032105002005,Familienbrot - Saatenfrisch,1,SB
4016249400200,4016249012748,Familienkeks,12,ALO
4000799600760,4000799100031,Family Cappuccino,6,MOU
4260026691415,4260026691415,Family Shampoo & Duschbad,1,BIT
4260423370302,4260423370265,Fanti das Schaf Fetacreme mit Paprika,4,JMH
4260026694089,4260026694089,Farbglanz blond Shampoo,1,BIT
4260026694218,4260026694218,Farbglanz blond Splung,1,BIT
4260026694096,4260026694096,Farbglanz rot Shampoo,1,BIT
4017645008984,4017645008984,Farbreflex Shampoo Blond Kamille,1,LOG
4017645008977,4017645008977,Farbreflex Shampoo Braun-Schwarz Haselnuss,1,LOG
4017645008960,4017645008960,Farbreflex Shampoo Rot-Braun mit Henna,1,LOG
4005394145111,4005394145104,Farbspaá Frbende Lebensmittel,7,BVE
4260512463809,4260512463809,Farbtonkarte,1,AYA
8015197010611,8015197010611,Farfalle,1,IRI
4045800918540,4045800773125,Farmersalat mit Karotten,6,GRH
2900000990845,2900000990845,Fass Lammsbru leer,1,5WP
2900000990890,2900000990890,Fass Strtebeker leer,1,5WP
4250017300945,4250017300921,Fassbutter Sauerrahm gesalzen,10,GLM
4250017300938,4250017300914,Fassbutter Sauerrahm natur,10,GLM
4015533022937,4015533022937,Fastenkasten,1,VOE
4012346223094,4012346223001,Fastenkruter,6,LEB
4005561904190,4005561007914,Favabohnen Burger,7,BOL
2900000996502,2900000996502,Federbodenwagen,1,5WP
610585219515,610585219508,Feel Munich Dry Gin,12,FEE
9004145325388,9004145025387,Feierabend Krutertee TB,6,STN
4016249236816,4016249236915,Feige Himbeer Porridge,6,ALO
4250442401675,4250442401675,"Feigen Salami, Theke",1,MAX
4018462161418,4018462161401,Feigen Senf,6,BYO
4260112294889,4260112294872,Feigensenf,6,MKS
4262437690056,4262437698311,Fein Waschmittel,6,KLY
4024297005186,4024297005179,Feinbitter Panama 80%,10,NAT
4044889015270,4044889005271,Feine Bitter,12,VNI
4044889014334,4044889004335,Feine Bitter Caramel Flor de Sal 62% Cacao,10,VNI
4044889015461,4044889005455,Feine Bitter Dattel 80%,10,VNI
4044889015317,4044889005318,Feine Bitter Kuvertre,12,VNI
4044889014341,4044889004342,Feine Bitter Mallorca Flor de Sal 75% Cacao Panama,10,VNI
4044889012200,40843087,Feine Bitter Minitafeln,40,VNI
4044889012712,4044889002713,Feine Bitter mit 75% Cacao,10,VNI
4044889015263,4044889005264,Feine Bitter mit 85% Cacao,10,VNI
4044889012248,4044889002249,Feine Bitter mit 92% Cacao,10,VNI
4044889012903,4044889002904,Feine Bitter mit 99% Cacao,10,VNI
4044889012262,4044889002263,Feine Bitter Naps im Spender,1,VNI
4031829804018,4031829261101,Feine Kruterleberwurst,10,KL
4031829804001,4031829261002,Feine Leberwurst,10,KL
4250042405080,22505088,"Feine Leberwurst m. Preiselbeeren, Theke","0,6",MAX
4250442405192,4250442405109,"Feine Leberwurst mit Kalbfleisch, Theke","0,6",MAX
4031829804049,4031829261408,Feine Puten Lyoner,10,KL
4031829804056,4031829261507,Feine Puten-Leberwurst,10,KL
4031829804025,4031829261200,Feine Schinkenwurst,10,KL
4015637802183,4015637836072,Feine Speisestrke aus Mais gf,6,BAK
4019736006435,4019736006428,Feiner Senf,6,ZWE
4019339017968,4019339177129,Feinkorn Hirse,8,DAV
4019339017975,4019339177204,Feinkorn Hirse,8,DAV
4019339003039,4019339177044,Feinkorn Hirse im Kochbeutel,6,DAV
4031222517515,,"Feinkost Becher groá m. Deckel, 500ml",1,WSE
4031222515511,,"Feinkost Becher klein m.Deckel, 250ml",1,WSE
5016383008040,5016383008040,Feinkostlffel Antipasti mit Schlitzlochung,1,WSE
5016383008057,5016383008057,Feinkostlffel Antipasti ohne Lochung,1,WSE
5016383017783,5016383017783,Feinkostschale Antipasti 1/4 (2 L.) Fleur Crock,1,WSE
5016383017844,5016383017844,Feinkostschale Antipasti 1/6 (1L.) - Fleur Crock,1,WSE
9008281304917,9008281004916,Felsenkeller Bergkse Plangger 15 M,4,BOM
4002029930807,4002029030804,Fenchel & Thymian Honigsirup,5,HOY
4012346279190,4012346279107,Fenchel Anis Kmmel,6,LEB
9004145232921,9004145013148,Fenchel Anis Kmmel lose,6,STN
9004145108103,9004145026148,Fenchel Anis Kmmel TB,6,STN
4012346551890,4012346277004,Fenchel Anis Kmmel Tee TB,12,LEB
4012346147789,4012346147789,Fenchel ganz,1,LEB
4012346155692,4012346155609,Fenchel ganz Tte,6,LEB
4022346807019,4022346307304,Fenchel ganz Tte,5,HEU
9004145303225,9004145003224,Fenchel ganz Tte,6,STN
9004145743168,9004145025530,Fenchel Tee TB,6,STN
4031829507506,4031829235218,Fenchelsalami luftgetrocknet,3,KL
4012346537191,4012346537108,Fencheltee,6,LEB
4012346512594,4012346000404,Fencheltee TB,8,LEB
4012346552293,4012346000404,Fencheltee TB,12,LEB
4260112342092,4260112342092,Ferment Bulgarisch,1,MYY
4260112342030,4260112342030,Ferment Lacto Pro,1,MYY
4260112342054,4260112342054,Ferment Lacto Pro Inulin,1,MYY
4260435776994,4260435776208,Fermentierter Pfeffer,6,SPC
4260026696434,4260026696434,Feste Dusche Hibiskus,1,BIT
4260026696458,4260026696458,Feste Dusche Sandelholz,1,BIT
4260026696441,4260026696441,Feste Dusche Vanille-Tonkabohne,1,BIT
4260026696427,4260026696427,Feste Dusche Zitronengras-Minze,1,BIT
4260664930624,4260664930624,Feste Gesichtsreinigung Patchouli,1,NYK
4021457648016,4021457648016,Feste Pflegedusche High Vitality,1,LAV
4021457648030,4021457648030,Feste Pflegedusche Hydro Feeling,1,LAV
4021457655373,4021457655373,Festes Pflegeshampoo Feuchtigkeit,1,LAV
4021457655397,4021457655397,Festes Pflegeshampoo Volumen und Kraft,1,LAV
4260026696373,4260026696373,Festes Shampoo Anti-Fett,1,BIT
4262361260028,4262361260028,festes Shampoo Feuchtigkeit,1,HLI
4017645020108,4017645020108,Festes Shampoo Hanf & Brennessel,1,LOG
4260026696380,4260026696380,Festes Shampoo Repair,1,BIT
4260026696397,4260026696397,Festes Shampoo Volumen,1,BIT
4262361260011,4262361260011,festes Shampoo Volumen,1,HLI
7611916163234,7611916163234,Festigende Nachtpflege Blauer Enzian & Edelweiá,1,WEL
7611916163227,7611916163227,Festigende Tagespflege Blauer Enzian & Edelweiá,1,WEL
4000915230970,4000915030976,Feta in Krutermarinade,6,ISA
4026913552166,4026913152168,"Feta PDO Tharros, laktosefrei",10,MA
4000915903324,4000915103328,Feta-Creme Brlauch,4,ISA
4000915903331,4000915103335,Feta-Creme Knobi/Peperoni,4,ISA
4260067150360,4260067150360,"Feta-Oliven-Mix, mariniert",1,CES
4000915900460,4000915100464,Feta-Wrfel mit Krutern,4,ISA
4012359180032,4012359180001,FETO Natur,6,TAI
4026367049175,4026367040172,"Fettarme Milch 1,5% - Karton",10,UBM
4056479184150,4056479184105,"Fettarme Milch 1,5%, lnger haltbar",10,HAM
4017194962126,4017194462121,"Fettarmer Joghurt 1,8 %",6,SBG
5019493203237,782126203137,Feuchtes Toilettenpapier,16,NAC
4005120851040,4005120801014,Feuchtigkeits Maske,10,LUK
4017645019683,4017645019683,Feuchtigkeits Splung Aloe Vera,1,LOG
4017645014046,4017645014046,Feuchtigkeits-Shampoo Aloe Vera,1,LOG
4055297186223,4055297186223,Feuchtigkeitsspendendes Gesichtswasser,1,LOG
4008471712121,4008471514510,Feuerkse Scheiben,8,SB
4018462142950,4018462142905,Filini Suppennudeln semola,12,BYO
7640166799962,7640166799672,Filona Kruter - vegane Frischcreme,6,ZFK
7640166799610,7640166799603,Filona Natur - vegane Frischcreme,6,ZFK
8437004217691,8437004217646,Finca Enguera Crianza rot,6,1FE
8437004217707,8437004217714,Finca Enguera Reserva rot,6,1FE
8001505001525,8001505007015,Fiordifrutta Aprikosen Fruchtaufstrich,6,RDA
8001505001549,8001505007039,Fiordifrutta Bittere Orange Fruchtaufstrich,6,RDA
8001505001457,8001505007176,Fiordifrutta Erdb. u. Wald Erdbeeren Aufstrich,6,RDA
8001505001532,8001505007022,Fiordifrutta Himbeeren Fruchtaufstrich,6,RDA
8001505001631,8001505007121,Fiordifrutta Pfirsich Fruchtaufstrich,6,RDA
8001505001440,8001505007169,Fiordifrutta Wild Heidelbeer Fruchtaufstrich,6,RDA
8001505001471,8001505007190,Fiordifrutta Zitronen Fruchtaufstrich,6,RDA
4250073463394,4250073463387,Fisch Curry mit Reis MSC,8,FWO
4250073460621,4250073460614,Fisch Nuggets,6,FWO
4046102115651,4046102115651,Fisch Nuggets GV,1,FWO
4026813281166,4026813280176,Fisch-Burger,6,WOC
4012346158891,4012346158808,Fischgewrz Tte,6,LEB
9120081090408,9120081090392,Fischsauce,6,GKO
4250073451384,4250073451377,"Fischstbchen, paniert",10,FWO
4015533167935,4015533010057,Fitness Cocktail,6,VOE
4015637024288,4015637023779,Fladenbrot,6,BAK
4015637009056,4015637009049,Flammkuchen gf,6,BAK
4260281116050,4260281116012,Flammkuchenbden Dinkel,6,FLJ
4260281114056,4260281114018,Flammkuchenbden Dinkelvollkorn,6,FLJ
4260281115053,4260281115015,Flammkuchenbden Weizen,6,FLJ
4037892234561,4037892234561,Flaschenbrsten Set,1,RED
4007547303300,4007547303300,Flchendesinfektion,1,SNT
4019886019255,4019886019255,Flchendesinfektion,1,SOD
4007547313200,4007547303201,Flchendesinfektion Nachfller,6,SNT
4019886619202,4019886019200,Flchendesinfektion Sprayer,6,SOD
4007547313101,4007547303102,Flchendesinfektion Sprhflasche,6,SNT
4019886618090,4019886018098,Fleckengel,6,SOD
4007547290006,4007547200005,Fleckenspray,6,SNT
7610612004742,7610612004735,"Fleischkse-Alternative, vegan",5,SNA
4045800917994,4045800773217,Fleischsalat,3,GRH
4012346130897,4012346130804,Fleur de Sel Dose,6,LEB
4022346851661,4022346351666,Fleur de Sel Tte,5,HEU
4024967006802,4024967702308,Fleur et Sekt,6,RIE
9004145115941,9004145006737,Flohsamen ganz,6,STN
4038507004623,4038507000809,Flohsamenschalen,6,GOV
9004145115279,9004145006478,Flohsamenschalen,6,STN
4038507012895,4038507012888,Flohsamenschalen gemahlen,6,GOV
4038507012314,4038507012307,Flohsamenschalen-Kapseln,6,GOV
4262361260103,4262361260103,Floraseife Blumenwiese,1,HLI
4262361260110,4262361260110,Floraseife Gartenbeere,1,HLI
4262361260134,4262361260134,Floraseife Krutergarten,1,HLI
4262361260097,4262361260097,Floraseife Laubwald,1,HLI
4262361260141,4262361260141,Floraseife Nadelwald,1,HLI
4262361260127,4262361260127,Floraseife Nordseedne,1,HLI
4005967506967,4005967003640,Florentiner,20,ROS
4005967008812,4005967008805,Florentiner Duo,8,ROS
4015537502718,4015537002423,Florentiner mit gersteten Mandeln und Haselnuss,8,HMO
9004145303768,9004145003767,FlowerPower Gew BltenMix Tte,6,STN
4019886677165,4019886077163,Flssigseife Citrus Olive,6,SOD
4019886677363,4019886077361,Flssigseife Citrus Olive,6,SOD
4019886679169,4019886079167,Flssigseife Lavendel Olive,6,SOD
4019886679367,4019886079365,Flssigseife Lavendel Olive,6,SOD
4019886676168,4019886076166,Flssigseife Rose Olive,6,SOD
4019886676366,4019886076364,Flssigseife Rose Olive,6,SOD
4019886675161,4019886075169,Flssigseife sensitive,6,SOD
4019886675369,4019886075367,Flssigseife sensitive,6,SOD
4024297011750,4024297011743,Flssigwrze Flasche hf,6,NAT
4260360275678,4260360270673,Fltes Gruyre,12,NPU
4260360275685,4260360270680,Fltes salzig,12,NPU
4022993447309,4022993047073,Focaccia gf,6,STZ
4260360276132,4260360271137,Focaccia Rosmarin,6,NPU
4035784161308,4035784161308,Folsure,1,GSE
4001638589574,4001638589574,For Men 5in1 Multi-Action Serum,1,WEL
7611916153600,7611916153600,For Men Active Fresh Duschgel,1,WEL
4260266542164,4260266542164,For Men Aleppo Seife,1,JIS
4001638589567,4001638589567,For Men Energy 2in1 Face,1,WEL
7611916458286,7611916558283,For Men Energy Fresh Duschgel,1,WEL
4001638086561,4001638086561,For Men Feuchtigkeitscreme,1,WEL
4260198097794,4260198097794,for men only Deo Stick,1,BEN
4260198097770,4260198097770,for men only Gesichtscreme,1,BEN
4260198097787,4260198097787,for men only Hand- und Krperseife,1,BEN
4260198097763,4260198097763,for men only Handcreme,1,BEN
4001638098809,4001638098809,For Men Rasiercreme,1,WEL
4004689027248,4004689027101,"Forellen-Filet, geruchert",5,BMR
4000915908152,4000915108156,"Forellen-Filet, kaltgeruchert",4,ISA
4020829098336,4020829098336,Foundation 001 cashew,1,HAU
4020829098350,4020829098350,Foundation 002 pine,1,HAU
4020829098374,4020829098374,Foundation 01 macadamia,1,HAU
4020829098398,4020829098398,Foundation 02 almond,1,HAU
4020829098411,4020829098411,Foundation 03 chestnut,1,HAU
4020829098435,4020829098435,Foundation 04 hazelnut,1,HAU
4020829098459,4020829098459,Foundation 05 nutmeg,1,HAU
4020829098473,4020829098473,Foundation 06 walnut,1,HAU
4020829042384,4020829042384,Foundation Brush,1,HAU
4260198094502,4260198094502,Foundation Brush Colour Edition,1,BEN
3445020822732,3445020221634,Fracheur Olivenl,6,BPL
4000503700090,4031829230701,Frankfurter im Glas,12,KL
4032105060227,4032105060227,Frankfurter Schnitte,24,SB
4260221611652,4260221611614,Franzsische Vinaigrette,6,EMS
9004145741690,9004145025790,Frau sein Tee Happiness is,6,STN
4035784161452,4035784161452,Frauen Vital Complex,1,GSE
9004145137134,9004145023291,Frauenmantel,6,STN
9004145304819,9004145004818,Frauenmantel lose,6,STN
4012346223292,4012346223209,Frauentee,6,LEB
4086900030954,4086900217102,Frauenwohl Hitzewallungsspray,1,PVL
4086900030503,4086900217300,Frauenwohl Intim Sensitiv l,1,PVL
4086900047662,4086900217508,Frauenwohl Zyklus Akut Roll On,1,PVL
4086900030732,4086900217201,Frauenwohl Zyklus Balance l,1,PVL
9004145110625,9004145009707,Frchtchen vegan,10,STN
4005967989906,4005967511657,Frchte Msli,4,ROS
4005967989913,4005967511664,Frchte Msli,6,ROS
4022381023672,4022381023665,Frchte Msli,6,BUM
4022381039048,4022381039048,Frchte Msli,1,BUM
4022381040419,4022381040402,Frchte Msli,6,SPI
4005967508831,4005967004999,Frchte Porridge ungesát,6,ROS
4032105000711,4032105000711,Frchtebrot mit Kokos,1,SB
4012346250090,4012346250007,Frchtetee,6,LEB
4012346250281,4012346250212,Frchtetee,1,LEB
4012346542492,4012346542409,Frchtetee,8,LEB
9004145325494,9004145025493,Frchtetraum TB,6,STN
4260423370609,4260423370562,Freches Frollein Ziege Kruter & Knoblauch,4,JMH
4260423370593,4260423370555,Freches Frollein Ziege Pepita Chili & Paprika,4,JMH
4260423370586,4260423370579,Freches Frollein Ziege Sweet Curry,4,JMH
4014807201030,4014807001036,Frei Bier alkoholfrei,20,ST
9004145327047,9004145027046,Frei von der Leber wegŠ,6,STN
4260198092584,4260198092584,Fresh Bronzing Duo ibiza nights,1,BEN
4260355581876,4260355581869,Fresh lziehkur,4,BPL
4262417560195,4262417560058,Frhjahrshonig,6,IAA
4000345033035,4000345033028,Frhling Klare Suppe,12,ERN
4012346224091,4012346224008,Frhlingsbote TB,8,LEB
9004145309746,9004145009745,FrhlingskussŠ Krutertee lose,6,STN
9004145322639,9004145022638,FrhlingskussŠ Krutertee TB,6,STN
4026584930003,4026584130007,Frhlingsrolle China-Style,5,SOF
4026584930010,4026584130014,Frhlingsrolle Thai-Style,5,SOF
4026584906237,4026584109232,Frhlingsrollen,6,SOF
4012346777306,4012346777306,Frhlingstee Display 2026,1,LEB
4012346555294,4012346555201,Frhlingszauber TB,12,LEB
4260158470407,4260158470568,Friesisch Blue,"1,7",BAC
4250096906090,4250096906304,Frikassee vom Huhn,6,KBH
4004689510757,4004689510740,Frischcreme Forelle & Meerrettich,6,BMR
4004689500659,4004689500550,Frischcreme Lachs,6,BMR
4062681113284,,"Frischcreme Lachs, Theke","1,2",ROG
7610612003615,7610612003547,Frischcreme Soja Kruter-Knoblauch,6,SNA
4004689520947,4004689520930,Frischcreme Wildlachs & Chili,6,BMR
4101530003915,4101530001164,"Frische Alpenmilch 1,5% Flasche",6,BGL
4101530001881,4101530003274,"Frische Alpenmilch 1,5% Tetra",10,BGL
4101530003908,4101530001157,"Frische Alpenmilch 3,5% Flasche",6,BGL
4101530001874,4101530003212,"Frische Alpenmilch 3,5% Tetra",10,BGL
4101530010401,4101530009573,"Frische Alpenmilch 3,5% Tetra Top",8,BGL
4000915301151,4000915101157,Frische Brlauch-Nockerl,6,ISA
4101530010487,4101530010234,Frische Buttermilch - Tetra Top Flasche,8,BGL
4000915305289,4000915105285,Frische Dinkel Tagliatelle,8,ISA
4000915303421,4000915103427,Frische Dinkel-Nockerl,6,ISA
4260623221206,4260623220209,"Frische Gemsebrhe mediterran, Rohkost",6,SWL
4260623221411,4260623220414,"Frische Gemsebrhe mild, Rohkost",6,SWL
4260623221008,4260623220018,"Frische Gemsebrhe, roh und hefefrei",6,SWL
4260623221022,4260623220032,"Frische Gemsebrhe, roh und hefefrei",6,SWL
4260623221015,4260623220025,"Frische Gemsebrhe, roh, hefefrei",6,SWL
4000915303414,4000915103410,Frische Gnocchi Originale,6,ISA
4000915303407,4000915103403,Frische Krbis-Nockerl,6,ISA
4000915229240,4000915029246,Frische Lasagne Platten,6,ISA
4000915305067,4000915105063,Frische Linguine,8,ISA
4017194109156,4017194009159,"Frische Milch 1,5% Flasche",6,SBG
4000915306033,4000915106039,Frische Nockerl,6,ISA
4056479382051,4056479382006,Frische Sahne 38% - im Becher,6,HAM
4000915229158,4000915029154,Frische Tagliatelle - Bandnudeln,8,ISA
4000915305050,4000915105056,Frische Tagliolini - dnne Bandnudeln,8,ISA
4000915229233,4000915029239,Frische Tortelloni mit Brlauch,6,ISA
4017194109118,4017194009111,"Frische Vollmilch 3,8% Flasche",6,SBG
9011600033788,9011497841442,Frischecreme Brlauch,6,GHR
9011600033795,9011497121452,Frischecreme Gegrillter Paprika,6,GHR
9011600030213,9011574160381,Frischecreme Natur,6,GHR
9011600027046,9011600010741,Frischecreme Pomodori Secchi,6,GHR
9011600027053,9011600010758,Frischecreme Schnittlauch,6,GHR
4056479884050,4056479884005,Frischer Haferdrink,10,HAM
4056479884067,4056479884043,"Frischer Haferdrink 0,5l",10,HAM
4011162090415,4011162090415,Frischhaltedeckel 100 mm,1,WCK
4011162090460,4011162090460,Frischhaltedeckel 80 mm,1,WCK
4039416544590,4039416840128,Frischhaltefolie 30 cm,6,WSE
4028112059941,4028112059941,Frischkeimbrtchen,56,SDL
4104060484575,4104060025563,Frischkse Kruter,8,AND
7640166797975,7640166796169,"Frischkse Kruter, laktosefrei",6,ZFK
4104060484568,4104060025556,Frischkse Natur (mit Jogurt),8,AND
7640166797968,7640166796787,"Frischkse Natur, laktosefrei",6,ZFK
9004145018693,9004145018693,Frohe Ostern Bodendisplay 2026,1,STN
9004145018686,9004145018686,Frohe Ostern Pultdisplay 2026,1,STN
9004145739901,9004145005778,Frohe Ostern Tee lose,6,STN
9004145739932,9004145025776,Frohe Ostern Tee TB,6,STN
9004145120501,9004145012059,Frosch im HalsŠ Bonbons Wieder gut,12,STN
9004145327023,9004145027022,Frosch im HalsŠ Tee,6,STN
8005020109759,8005020009752,Frozen Tiramisu-Cafe-Dessert,4,RAC
9004145327016,9004145027015,Frs BauchgefhlŠ Tee TB,6,STN
4101530014546,4101530007456,Frucht & Knusper Banane,10,BGL
4101530014553,4101530002826,Frucht & Knusper Himbeere,10,BGL
4101530014539,4101530002802,Frucht & Knusper Vanille,10,BGL
4016249139162,4016249139360,Frucht Pur Amarenakirsche,6,ALO
4016249056100,4016249280000,Frucht Pur Aprikose,6,ALO
4016249056117,4016249281601,Frucht Pur Erdbeere,6,ALO
4016249056124,4016249282806,Frucht Pur Heidelbeere,6,ALO
4016249056131,4016249282813,Frucht Pur Himbeer,6,ALO
4016249053093,4016249284800,Frucht Pur Mango,6,ALO
4016249287290,4016249003463,Frucht Pur Orange,6,ALO
4016249053109,4016249286002,Frucht Pur Pflaume,6,ALO
4016249056155,4016249287214,Frucht Pur Sauerkirsche,6,ALO
4016249056162,4016249287207,Frucht Pur Sch Johannisbeere,6,ALO
4016249287702,4016249039110,Frucht Pur Waldfrucht,6,ALO
4260039373605,4260039372608,Frucht-Secco Apfel Quitte,6,VNN
4260039373636,4260039372639,Frucht-Secco Apfel-Quitte,12,VNN
4260039373612,4260039372615,Frucht-Secco Traube,6,VNN
4250096904447,4250096904010,Fruchtaufstrich Erdb Rhabarber,6,KBH
4250096904430,4250096904003,Fruchtaufstrich Erdbeer,6,KBH
4250096904454,4250096904027,Fruchtaufstrich Heidelbeere,6,KBH
4250096904461,4250096904034,Fruchtaufstrich Pflaumenmus,6,KBH
4250096904737,4250096904614,Fruchtaufstrich Sauerkirsch,6,KBH
4260229234594,4260229234587,Fruchtchips Ananas,15,FOD
4260229234358,4260229234341,Fruchtchips Ananas Mango Apfel,13,FOD
8711521996995,8711521021987,Fruchteis Fruit Peak 6 x 60 ml,6,ICF
8711521995455,8711521020836,Fruchteis Fruit Wave 8 x 40 ml,6,ICF
4019736017950,4019736017967,Fruchtgelee Himbeere,6,ZWE
4019736018032,4019736018049,Fruchtgelee Holunderblte,6,ZWE
4019736018018,4019736018025,Fruchtgelee Quitte,6,ZWE
4019736017998,4019736018001,Fruchtgelee rote Johannisbeere,6,ZWE
4019736017974,4019736017981,Fruchtgelee schwarze Johannisbeere,6,ZWE
9004145231337,9004145013124,Fruchtige Ostern Tee TB,6,STN
4012346113593,4012346113500,Fruchtige Vielfalt,6,LEB
4012346226095,4012346226002,Fruchtiger Frhling TB,6,LEB
4101530005322,4101530003205,Fruchtquark Erdbeere 20%,8,BGL
4101530006008,4101530002833,Fruchtquark Heidelbeere 20%,8,BGL
4104060485794,4104060028694,Fruchtquark Himbeere 20%,6,AND
4104060485787,4104060028687,Fruchtquark Mango-Vanille 20%,6,AND
4104060484827,4104060028427,Fruchtquark Pfirs.-Mango-Maracuja,6,AND
4104060484629,4104060028229,Fruchtquark Vanille 20%,6,AND
4104060485619,4104060029219,Fruchtquark Vanille 20%,6,AND
4104060485626,4104060029226,Fruchtquark Zitrone 20%,6,AND
4016249068332,4016249068233,Fruchtriegel Blaubeere,25,ALO
4016249068356,4016249068257,Fruchtriegel Mango,25,ALO
13301594002833,3301594002836,Fruchtzauber Pflaumen Kompott,6,CNS
4038857115574,4038857115512,Fruit Frites,12,KV
7640230493208,7640230493192,Fruit Mix,10,HOL
4038857101164,4038857101119,Frutti Mellows,8,KV
4038857120479,4038857120417,Frutti Worms,12,KV
4251191843501,4251191843501,Fuá u Hornhaut Aktiv Balsam,1,APR
4008576400794,4008576400794,Fuáfeile aus Buchenholz,1,NYK
4260198095158,4260198095158,Fun Size Mascara black onyx,1,BEN
38032804431837,8032804431836,Fusili Buchweizen gf Felicia,10,FEL
8015197010581,8015197010581,Fusilli,1,IRI
8015197025271,8015197025271,Fusilli bunt,1,IRI
38032804431653,8032804431652,Fusilli Mehrkorn gf Felicia,10,FEL
4018462149614,4018462149607,Fusilli Protein Plus,12,BYO
8015197053250,8015197053250,Fusilli Vk,1,IRI
4022381015943,4022381015936,Gabel Spaghetti,10,SPI
4012346171494,4012346171401,Galgant gemahlen,6,LEB
9004145303447,9004145003446,Galgant gemahlen,6,STN
4022346808153,4022346308158,Galgantwurzel gemahlen Dose,5,HEU
4007547213005,4007547203006,Gallseife flssig,6,SNT
4086900052185,4086900195035,Ganz entspannt Raumspray,1,PVL
4026813006035,4026813004420,"Ganze Bohnen, Prinzessbohnen, 8-9 mm, 4x2,5kg",1,DFE
4019736006473,4019736006466,Ganzkorn Senf,6,ZWE
33277594887050,3277594887042,Gaperon,4,VAV
4012346168890,4012346168807,Garam Masala,6,LEB
4013320299630,4013320295854,Garam Masala,10,GEP
4260435776536,4260435771395,Garam Masala,6,SPC
4022346807972,4022346307977,Garam Masala Dose,5,HEU
9004145123199,9004145006416,Garam Masala Gewrz Tte,6,STN
4260229230015,4260229230220,Garden Gusto,24,FOD
4007604957323,4007604257317,Garnelen gekocht,10,RIS
4004689268948,4004689268849,Garnelen Natur,5,BMR
4007604957330,4007604257331,Garnelen Provencal (Shrimps),10,RIS
4250073450769,4250073450752,Garnelen roh,6,FWO
4008576400596,4008576400596,Garten Handwaschbrste,1,NYK
4012346173887,4012346173887,Gartenkruter geschnitten getrocknet,1,LEB
4012346155296,4012346155203,Gartenkruter Mischung Tte,6,LEB
4031829700075,4031829253205,"Gartenkruter, fein gehackt",10,KL
4019838190292,4019838090295,Garucha Matcha,6,CDO
4019838190308,4019838090301,Garucha Matcha,3,CDO
9004145305373,9004145005372,Geburtstagstee,6,STN
9004145324091,9004145024090,Geburtstagstee TB,6,STN
4000503700724,4031829230794,Geflgel Bockwrstchen im Glas,12,KL
4000503754093,4031829230640,Geflgel Bratwrstchen (9 St.),10,KL
4031829803226,4031829231722,Geflgel Frhstcksfleisch Gourmet Qualitt,6,KL
4260100268441,4260100263446,Geflgel Hackbllchen,7,BCO
4031829803233,4031829231777,Geflgel Leberwurst Gourmet Qualitt im Glas,6,KL
4031829803257,4031829231784,Geflgel-Leberpastete Gourmet Qualitt,6,KL
4030068029510,4030068029510,Geflgelleberwurst,3,CHI
4045800914450,4045800773095,Geflgelsalat,3,GRH
63422210448462,3422210448460,"Geflgelschnitzel, paniert",6,LPI
4000503700199,4031829230800,Geflgelwrstchen im Glas,6,KL
4260067150186,4260067150186,Gefllter Oliven-Mix mariniert,1,CES
4260067150353,4260067150353,Gefllter Oliven-Mix mariniert,1,CES
4260272987836,4260272987829,Gegrillte Paprika Kesselchips,12,LCH
9004145123069,9004145023161,Geistesblitz Tee,6,STN
4025174135118,4025174125119,Gelatine vom Schwein,15,SOB
4260360277092,4260360272097,Gelbe Orient Linsen,6,NPU
4262415020103,4262415020042,Gelber Smoothie,6,KRK
4002029930531,4002029030538,Gelee Royale im Honig,6,HOY
4260418024364,4260418020366,Gelenk Fit Trinkpulvermischung Vital.,4,GNC
4086900383104,4086900383104,Gelenkwohl Einreibung,1,PVL
4013044700184,4013044100182,Geliermittel,15,BTH
4005394158012,4005394158005,Gelierzucker 2:1,8,BVE
4024297016281,4024297340751,Gelierzucker 2:1,8,NAT
4260096396777,4260096395770,Gelierzucker 2:1,6,AGA
4005394158173,4005394285404,Gelierzucker 3:1,8,BVE
4260096396784,4260096395787,Gelierzucker 3:1,6,AGA
4005394154052,4005394154700,Gelierzucker ohne Kochen,8,BVE
9120047406434,9120047400432,Gemischter Satz weiá,6,LGI
4015533062551,,Gemse Balance Elopak,8,VOE
4022381041447,4022381041430,Gemse Bratlinge,4,SPI
4024297015291,4024297015284,Gemse Brhwrfel hf,15,NAT
4106060215425,4106060071496,Gemse Direktsaft mit Pastinake,6,BEU
4012346160399,4012346160306,Gemse Kartoffel Gewrzsalz Streudose,6,LEB
4000345033059,4000345033042,Gemse Nudelsuppe Asia,12,ERN
4260752751780,4260752751711,Gemse Power,6,SPC
4031829701010,4031829251713,Gemse-Curry,6,KL
4031829700884,4031829251102,Gemse-Kartoffel-Pfanne,6,KL
4031829700969,4031829255223,Gemse-Lachs-Pfanne,6,KL
4000503749693,4031829232316,Gemse-Nudelsuppe,6,KL
4031829700914,4031829251416,Gemse-Pilz-Pfanne,6,KL
4026584933202,4026584133206,Gemse-Reis Taler,4,SOF
4031829700891,4031829251201,Gemse-Reis-Pfanne,6,KL
7640230491488,7640230491471,Gemseallerlei,6,HOL
4031829804117,4031829262023,Gemsebrhe,6,KL
4024297013839,4024297013822,Gemsebrhe Bio Hefe Nachfllp,6,NAT
4016512951057,4016512051054,Gemsebrhe Dose hf,6,ERN
4024297001003,4024297000990,Gemsebrhe hf,6,NAT
4016512950500,4016512050507,Gemsebrhe in der Dose,6,ERN
4024297011699,4024297011682,Gemsebrhe Kruter hf,6,NAT
4016512950555,4016512050552,Gemsebrhe mediterran,6,ERN
4024297014959,4024297014942,Gemsebrhe mediterran hf,6,NAT
4024297013853,4024297013846,Gemsebrhe mit Bio Hefe,6,NAT
4024297001270,4024297001263,Gemsebrhe Nachfll hf,6,NAT
4016512951040,4016512051047,Gemsebrhe Nachfllb hf,12,ERN
4016512950524,4016512050521,Gemsebrhe Nachfllbeutel,12,ERN
4016512951200,4016512051207,Gemsebrhwrfel,15,ERN
4016512951217,4016512051214,Gemsebrhwrfel hf,15,ERN
4037892026111,4037892026029,Gemsebrsten,15,RED
4015637019291,4015637019284,Gemseburger gf,6,BAK
4106060214343,4106060070376,Gemsecocktail m Pastinake,6,BEU
4250096906144,4250096906311,Gemsefond,6,KBH
8018759006633,8018759001638,Gemsefond hf,6,SEL
4026584931079,4026584131066,Gemsefrikadellen,4,SOF
4012346171791,4012346171708,Gemsegewrz,6,LEB
4015533132124,4015533000423,Gemsemost milchsauer,6,VOE
7640230490979,7640230490962,Gemserisotto,6,HOL
4015533061936,4015533061929,Gemsesaft feldfrisch,10,VOE
4015533134678,4015533000416,Gemsesaft feldfrisch,6,VOE
4015533114458,4015533000225,Gemsesaft Komposition milchsauer,6,VOE
4000503750293,4031829232309,Gemsesuppe mit Huhn,6,KL
4016249600549,4016249600518,Genieáer Schmalz,6,ALO
4020943194174,4020943134170,Genmai Miso,6,ARC
8713576071474,8713576270143,Genmai Miso mit Schraubverschluss,6,TER
8713576673258,8713576173253,Genmai Su - Sushi-Essig (ungesát),6,TER
4024967013947,4024967013954,Gens et Pierres Chardonnay weiá alkoholfrei,6,SAP
3760206310071,3760206310620,Gens et Pierres Nord Sud Blanc,6,RIE
3760206311023,3760206311016,Gens et Pierres Sud Sud Ros,6,RIE
3760206311047,3760206311030,Gens et Pierres Sud Sud Rouge,6,RIE
4260289421071,4260289421064,Genuss Scheiben Pfeffer (Ksealternative),8,THV
4260289421033,4260289421026,Genuss Scheiben Schnittlauch (Ksealternative),8,THV
9001969133106,9001969013316,Germkndel mit Pflaumenfllung,5,HGR
4022381003346,4022381302203,Gerstenflocken,6,SPI
4260418024210,4260418020212,Gerstengras Superfood Trinkpulver,4,GNC
4019339006054,4019339133101,Gerstengraupen,8,DAV
4022381003032,4022381321204,Gerstengraupen,4,SPI
4020943194372,4020943134378,Gerstenmalz,6,ARC
4260752753104,4260752753012,Gerucherte Paprika,12,SPC
4009800065574,4009800005570,Geschenkseife Fr Dich,6,MSP
4019886619462,4019886190466,Geschenkseife LOVE,12,SOD
4019886619479,4019886190473,Geschenkseife THANX,12,SOD
4086900444454,4086900444454,Geschenkset Alles Liebe,1,PVL
4021457734580,4021457664542,Geschenkset Baby & Kinder Waschlotion & Pflegel,4,LAV
4260198096896,4260198096896,Geschenkset Mini Nicht nur fr Warmduscher,1,BEN
4260198096889,4260198096889,Geschenkset Mini Party unter der Dusche,1,BEN
4007547305908,4007547305908,Geschirrsplmittel Calendula,1,SNT
4007547316409,4007547306400,Geschirrsplmittel Calendula,6,SNT
4007547316508,4007547306509,Geschirrsplmittel Calendula,6,SNT
4007547307209,4007547307209,Geschirrsplmittel Lemon,1,SNT
4007547307605,4007547307605,Geschirrsplmittel Lemon,1,SNT
4007547317000,4007547307001,Geschirrsplmittel Lemon,6,SNT
4007547317307,4007547307308,Geschirrsplmittel Lemon,6,SNT
4007547316706,4007547306707,Geschirrsplmittel sensitiv,6,SNT
4007547316805,4007547306806,Geschirrsplmittel sensitiv,6,SNT
4007547306905,4007547306905,Geschirrsplmittel Sensitive,1,SNT
4039468023203,4039468022978,Geschirrtcher aus Bio Baumwolle 50 x 70 cm 2 Set,1,MEM
4024297007883,4024297158219,Geschlte Tomaten,6,NAT
4024297015864,4024297015857,Geschlte Tomaten,6,NAT
4012346174891,4012346174808,Geschnetzeltes PB,10,LEB
4260198097855,4260198097855,Gesichts- und Krpercreme 2in1 BUTTER BEI DIE HAUT,1,BEN
4008576405119,4008576405119,Gesichtsbrste weich,1,NYK
4260198097862,4260198097862,"Gesichtsfluid Aloe Vera NICHT LANG SCHNACKEN, PFLE",1,BEN
4260198099033,4260198099033,Gesichtsreinigungsschaum,1,BEN
4008576401029,4008576401029,Gesichtsschwamm,1,NYK
4020829101821,4020829101821,Gesichtswaschcreme Kleingráe,1,HAU
4021457661046,4021457661046,Gesichtswasser Pure Beauty,1,LAV
4031829507070,4031829234914,Gestreifter Speck geschnitten,3,KL
4004191900091,4004191000098,Gesunder Blutdruck,6,RAB
4260009210206,4260009210206,Getntes Gesichtsl,1,PVD
4012346460093,4012346460000,Getreidekaffee,6,LEB
4024297000570,4024297440420,Getreidekaffee Aufguss,6,NAT
4024297000587,4024297440680,Getreidekaffee Cappu Instant,6,NAT
4024297006602,4024297440154,Getreidekaffee Instant,6,NAT
4024297009092,4024297440130,Getreidekaffee Instant,6,NAT
4024297013099,4024297013082,Getreidekaffee Instant,6,NAT
4024297018667,4024297018650,Getreidekaffee Zimt und Kardamom,6,NAT
4000915301656,4000915101652,Getrocknete Tomaten gekrutert,4,ISA
8713576508819,8713576230116,getrocknete Tomaten in der Tte,8,TER
5202423180054,5202423180047,Getrocknete Tomaten in Olivenl,6,MAN
4000915305524,4000915105520,getrocknete Tomaten mariniert,4,ISA
4260067150438,4260067150438,"Getrocknete Tomaten, mariniert",1,CES
4260067150445,4260067150445,"Getrocknete Tomaten, mariniert",1,CES
8018759005575,8018759000570,Gewrfelte Tomaten Cubettato,6,SEL
9004145196681,9004145023390,Gewrz Chai,6,STN
4018462157503,4018462157510,Gewrz Ketchup,6,BYO
4009309119389,4009309114384,Gewrzgurken,6,MAR
4009309191071,4009309191071,Gewrzgurken 40/60,1,MAR
4009309111543,4009309114544,Gewrzgurken ohne Zuckerzusatz,6,MAR
4260360276989,4260360271984,Gewrzgurken sá sauer,6,NPU
4260360276996,4260360271991,Gewrzgurken sá sauer,6,NPU
4260512460020,4260512460006,Ghassoul Marokkanische Lavaerde,1,AYA
4260512460037,4260512460037,Ghassoul Marokkanische Lavaerde,1,AYA
4260512460167,4260512460143,Ghassoul Waschcreme Marokkanische Lavaerde,1,AYA
4260506612046,4260506610141,Gianduia Nuss-Nougat Eis,6,DFI
4000915220667,4000915020663,Gigantes Riesenbohnen aus Griechenland,6,ISA
4019339017142,4019339487198,Gigantes Riesenbohnen in Tomatensauce,6,DAV
4032061410081,4032061010083,Ginseng Cream,1,GEB
4000915305401,4000915105407,Girasoli alla Carbonara,8,ISA
4260026694034,4260026694034,Glanz Shampoo,1,BIT
4260026696182,4260026696182,Glanz Shampoo,1,BIT
4017645004580,4017645004580,Glanz Shampoo Arganl,1,LOG
4260026694188,4260026694188,Glanz Splung,1,BIT
4017645004597,4017645004597,Glanz Splung Arganl,1,LOG
4046203050813,4046203418149,Glashalter f. Teelichter,20,KFH
4008576400831,4008576400831,Glasnagelfeile,1,NYK
4020943192453,4020943132459,Glasnudeln,6,ARC
8713576503913,8713576003918,Glasnudeln Vermicelli,6,TER
4007547301207,4007547301207,Glasreiniger,1,SNT
4262437690032,4262437698229,Glasreiniger,6,KLY
4007547311107,4007547301108,Glasreiniger Nachfller,6,SNT
4007547311008,4007547301009,Glasreiniger Sprhflasche,6,SNT
4019886619004,4019886019002,Glasreiniger Sprhpistole,6,SOD
9004145307391,9004145007390,Glcks Gewrz Blten Tte,6,STN
4026584933301,4026584133305,Glcks Sterne,4,SOF
4086900033504,4086900268500,Glcksgefhle Deo Creme,1,PVL
4086900043756,4086900268302,Glcksgefhle Duschbalsam,1,PVL
4086900044098,4086900268401,Glcksgefhle Handcreme,1,PVL
4086900046757,4086900268005,Glcksgefhle Krperl,1,PVL
4086900042773,4086900268104,Glcksgefhle Krperlotion,1,PVL
9004145305229,9004145005228,GlcksTee lose,6,STN
9004145325227,9004145025226,Glckstee TB,6,STN
9004145119642,9004145023024,Glhweingewrz rot TB,6,STN
5016383082910,5016383082910,Glocke mit Zink-Griff,1,WSE
4021457733743,4021457663705,Glow By Nature Body Lotion,1,LAV
4021457664207,4021457664207,Glow by Nature Fluid LSF 50,1,LAV
4021457664269,4021457664269,Glow by nature Vitamin C Boost Serum,1,LAV
7611916163876,7611916163876,Glttende Augenpflege Wildrose & Weiáer Tee,1,WEL
4001638590518,4001638590518,Glttende Body Lotion Wildrose,1,WEL
7611916163890,7611916163890,Glttende Nachtpflege Wildrose & Weiáer Tee,1,WEL
7611916164026,7611916164026,Glttende Tagespflege Wildrose & Weiáer Tee,1,WEL
4026813331281,4026813330147,Glutenfreie Pizza Margherita,8,BSI
4011849870019,4011849870002,"Gnocchetti/Nockerl, frisch",6,PAN
4026813000842,4026813334428,Gnocchi,1,DFE
4012346179292,4012346179209,Gnocchi Gemsepfanne,10,LEB
4011849900013,4011849900006,Gnocchi Gluten frei,6,PAN
4011849885013,4011849885006,Gnocchi Krbis,6,PAN
4011849856013,4011849856006,Gnocchi mit Sákartoffeln,6,PAN
4018462145210,4018462145203,Gnocchi Sardi semola,12,BYO
4011849850011,4011849850004,Gnocchi traditionelle Rezeptur,6,PAN
4260650731099,4260650731044,goji rote beete,6,CPO
8713576636239,8713576236231,Gojibeeren,6,TER
4019339004029,4019339175118,Gold Hirse,8,DAV
4015637803814,4015637823522,Gold Leinsaat geschrotet gf,6,BAK
4019838190025,4019838090028,Golden Banana Wildtee,5,CDO
9004145325173,9004145025172,Goldener Kurkuma Tee TB,6,STN
4019339004470,4019339416068,Goldgelbe Leinsaat,8,DAV
4019339009871,4019339416105,Goldgelbe Leinsaat,6,DAV
4022381003988,4022381514187,Goldhirse,6,SPI
4022381003995,4022381113205,Goldhirse,4,SPI
4022381113069,4022381113069,Goldhirse,1,SPI
4022381027809,4022381027793,Goldleinsamen,4,SPI
8713576508864,8713576008869,Gomasio,6,TER
4038507012925,,Goodel Fussili Kichererbse,5,GOV
4038507012932,,Goodel Fussili Rote Linse,5,GOV
4038507012918,,Goodel Pacceri Mais,5,GOV
4038507012987,,Goodel Penne Buchweizen,5,GOV
98002255831823,269581,"Gorgonzola DOP ""cremoso""0,75kg","0,75",CAG
4000915300000,4000915100006,Gorgonzola DOP Azzurro dolce,"1,4",ISA
4000915300017,4000915100013,"Gorgonzola DOP Azzurro dolce, 125g egalisiert",6,ISA
8711842241965,8711842242320,Gouda Basilikum-Knoblauch,4,BAS
8714565001113,8714565061193,Gouda Brlauch,4,BAS
8711842337699,8711842337705,Gouda Gewrzgurke & Dill,4,BAS
8711842338702,8711842338719,Gouda Ingwer & Limette,4,BAS
8711842241972,8711842242337,Gouda Italiano,4,BAS
8711842241897,8711842242252,"Gouda Jong, 10-12 kg",12,BAS
8714565000468,8711842336067,"Gouda Jong, 4 kg",4,BAS
8714565001540,8714565000543,"Gouda jung, Demeter",4,BAS
8714565061155,8711842336074,Gouda Mhre,4,BAS
8714565000482,8714565000901,Gouda Old,4,BAS
8711842241903,8711842242269,"Gouda Pikant mittelalt, 10-12 kg",12,BAS
8714565000406,8714565000406,"Gouda Pikant mittelalt, 4 kg",4,BAS
8714565001687,8714565000581,"Gouda Pikant mittelalt, Demeter",4,BAS
4008471712138,4008471514527,Gouda Scheiben,8,SB
4026913573055,4026913573055,Gouda Scheiben,1,MA
4026913574021,4026913174023,Gouda Scheiben,8,MA
4104060485930,4104060029073,Gouda Scheiben,10,AND
9004283493017,9004283493000,Gouda Scheiben,10,BWI
8711842302208,8711842302215,Gouda Schwarzer Knoblauch,4,BAS
9004584057222,9004584057215,Gouda Stange/Block,"2,6",SGM
8711842338610,8711842338627,Gouda Tex-Mex (hot),4,BAS
4026913528017,4026913128019,"Gouda, gerieben 5kg",5,MA
8711842242047,8711842242405,Gourmet,4,BAS
4012346461892,4012346461809,Gourmet Caff Crema entk Pads,5,LEB
4012346461793,4012346461700,Gourmet Caff Crema klass Pads,5,LEB
4012346454795,4012346454702,Gourmet Kaffee entkoff gem,6,LEB
4012346452593,4012346045726,Gourmet Kaffee gemahlen,12,LEB
4012346456195,4012346456102,Gourmet Kaffee klassisch Bohne,4,LEB
4012346454894,4012346454801,Gourmet Kaffee krftig gem,12,LEB
4250073452350,4250073452343,"Gourmet Prawns, Riesengarnelen, blanchiert",6,FWO
8714565000758,8714565002844,Gourmet Superieur,4,BAS
4000915307832,4000915107838,Grana Padano DOP,1,ISA
4000915307825,4000915107821,Grana Padano DOP 125g,8,ISA
4000915307818,4000915107814,Grana Padano DOP gerieben,10,ISA
4018462416365,4018462416358,Granatapfel Balsam,6,BYO
4004191902064,4004191002061,Granatapfel Muttersaft,6,RAB
4015533060274,4015533060267,Granatapfel Muttersaft,10,VOE
4012346273495,4012346273402,Granatapfel Orange Frchtetee,6,LEB
4012346554693,4012346210100,Granatapfel Orange TB,12,LEB
4015533023019,4015533023002,Granatapfel pur,6,VOE
4026813421241,4026813420206,Granatapfelkerne,10,BSI
4260039375135,4260039374138,Granatapfelsaft,6,VNN
4013320329955,4013320328330,Grand Chocolat Fleur de Sel Noir,10,GEP
4260506612022,4260506610127,Grand Cru Schokolade Eis,6,DFI
4260506613524,4260506611155,Grand Cru Schokolade Eis,12,DFI
4106060221952,4106060077467,Grande Shot Ingwer Mango,6,BEU
4005561903889,4005561007198,Granola Himbeer,6,BOL
15425038430650,5425038430653,Granola Pekannuss & Ahornsirup,8,TUE
15425038430643,5425038430646,Granola Schokolade & Haselnuss,8,TUE
4086900005334,4086900101487,Grapefruit bio,1,PVL
4015533063879,4015533063862,Grapefruitsaft,8,VOE
4106060218631,4106060074985,Grapefruitsaft,6,BEU
8023376761308,8023376761308,Grappa Barbera Affinata,1,HUA
8023376860346,8023376860308,Grappa Moscato,1,HUA
8023376862302,8023376862302,Grappa Nebbiolo,1,HUA
4260491972507,4260491972392,Grauburgunder trocken weiá,6,WCX
4033548006827,4033548000825,Grauburgunder weiá,6,SHE
4004689268795,4004689268788,Gravad-Dill-Lachs,5,BMR
7610612004278,7610612004261,Greekstyle Kruter & Olivenl-alternative zu Feta,6,SNA
4015533090981,4015533014659,Grenadine Sirup,6,VOE
4008471701811,4008471507314,Grieápudding mit Vanille,6,SB
4008471701804,4008471507307,Grieápudding Traditionell,6,SB
4008471708377,4008471507383,Grieápudding Traditionell,6,SB
4260067150315,4260067150315,"Griech. Kalamata Oliven ohne Stein, mariniert",1,CES
4260067150063,4260067150063,"Griech. Kalamata Oliven, ohne Stein natur",1,CES
4260067150148,4260067150148,"Griech. Kalamata Oliven, ohne Stein, marin.",1,CES
4260067150131,4260067150131,"Griech. Kalamata-Oliven, mit Stein, mar.",1,CES
4260067150766,4260067150766,"Griech. Oliven grn o Stein, mariniert, ohne Knob.",1,CES
4260067150049,4260067150049,Griech. Oliven grn o. Stein natur,1,CES
4260067150773,4260067150773,"Griech. Oliven grn, mariniert ohne Stein",1,CES
4260067150179,4260067150179,"Griech. Oliven m Knoblauch, mariniert",1,CES
4260067150094,4260067150094,Griech. Oliven m Mandeln,1,CES
4260067150162,4260067150162,"Griech. Oliven m Paprika, mariniert",1,CES
4260067150988,4260067150988,Griech. Oliven m. Zitrone gefllt natur,1,CES
4260067150346,4260067150346,Griech. Oliven mit Knoblauch gefllt,1,CES
4260067150261,4260067150261,Griech. Oliven mit Mandeln gefllt,1,CES
4012346112299,4012346112206,Griechische Kche,6,LEB
4012346537993,4012346537900,Griechischer Bergtee,6,LEB
9004145309050,9004145009059,Griechischer Bergtee lose,6,STN
4000915230819,4000915230819,"Griechischer Feta g.U. Salzlake, 2 kg",2,ISA
4000915930856,4000915030853,"Griechischer Feta g.U., vakuum",6,ISA
4000915330830,4000915030839,"Griechischer Mini-Feta g.U., vakuum",10,ISA
4260067150599,4260067150599,Griechischer Ziegen Weichkse mariniert,1,CES
4260067151152,4260067150582,Griechischer Ziegen Weichkse Natur,6,CES
9004145123892,9004145012172,Griechisches Salatgewrz,6,STN
4008576400626,4008576400626,Griffkamm Buchenholz,1,NYK
4260664939597,4260664939597,"Griffkamm groá, aus recycelten Tauen",1,NYK
4260664939603,4260664939603,"Griffkamm klein, aus recycelten Tauen",1,NYK
4018462161111,4018462161104,Grill & Fondue Senf,6,BYO
4018462198018,4018462198001,Grill und Burger Sauce,6,BYO
4012346133508,4012346133508,Grill und Pfannengewrz,1,LEB
4030917008000,4030917007904,Grill und Wrzsauce Barbecue,6,SAC
4012346768007,4012346768007,Grillgewrz Display,1,LEB
4012346158990,4012346158907,Grillgewrz Tte,6,LEB
4012346104294,4012346104201,Grillmeister,6,LEB
4030917016500,4030917016401,Grillsauce Cajun Island,6,SAC
4030917002909,4030917002800,Grillsauce Hllenfeuer Sauce,6,SAC
4030917035600,4030917035501,Grillsauce Louisiana,6,SAC
4030917016302,4030917016203,Grillsauce Mexican Salsa,6,SAC
4018462180013,4018462180006,Grissini Classico,12,BYO
4022993058154,4022993045987,Grissini Sesam gf,8,STZ
4022346909041,4022346609040,Grn Tee Aktion China,20,HEU
5202423211024,5202423201025,Grne & Kalamata Oliven al Naturale entkernt,6,MAN
4260067151329,4260067152494,Grne Amphissa Oliven mit Krutern entsteint,6,CES
4260100268755,4260100263750,Grne Bohnen,8,BCO
4027468000775,4027468000768,Grne Currypast,6,ERH
4260360277054,4260360272059,Grne Delikatess Linsen,6,NPU
3283950927963,3283950927963,Grne Heilerde Maske,20,CAT
4260418024234,4260418020250,Grne Kraft Superfood Trinkpulvermischung,4,GNC
5202423210041,5202423200042,Grne Oliven entkernt,6,MAN
5200104106737,5200104106737,Grne Oliven m Knoblauch,1,EPI
4000915301649,4000915101645,Grne Oliven mit Knoblauch,4,ISA
4000915303216,4000915103212,Grne Oliven mit Knoblauch,1,ISA
4000915307115,4000915107111,Grne Oliven mit Knoblauch,2,ISA
5202423128216,5202423123211,Grne Oliven mit Koriander u rosa Pfeffer mit Stei,6,MAN
4000915304114,4000915104110,Grne Oliven mit Mandeln,1,ISA
4000915307108,4000915107104,Grne Oliven mit Mandeln,2,ISA
5200104106836,5200104106836,Grne Oliven mit Mandeln,1,EPI
4000915305562,4000915105568,"Grne Oliven mit Mandeln, mariniert",4,ISA
8018759006305,8018759001300,Grne Oliven mit Stein,6,SEL
4000915301625,4000915101621,Grne Oliven o.St gekrutert,4,ISA
4000915306972,4000915106978,Grne Oliven oh. Stein,2,ISA
4000915303810,4000915103816,Grne Oliven ohne Stein,1,ISA
5200104102081,5200104102005,Grne Oliven ohne Stein,6,EPI
5200104106430,5200104106430,Grne Oliven ohne Stein,1,EPI
4000915305531,4000915105537,"Grne Oliven ohne Stein, mariniert",4,ISA
5200104109424,5200104109134,"Grne Oliven, ohne Stein, Rohkost",2,EPI
4260067153699,4260067151923,Grne Peperoni in Lake,6,CES
5202423128223,5202423123228,Grne u Kalamata Oliven Chili u Krutern mit Stein,6,MAN
4262415020257,4262415020240,Grner Smoothie,6,KRK
4019838190179,4019838090172,Grner Tee,6,CDO
4068871197089,4068871097082,Grner Tee TB,6,UFN
9120001705115,9120001701100,Grner Veltliner Heideboden weiá,6,SMU
9120047406533,9120047400531,Grner Veltliner weiá,6,LGI
4019339003251,4019339154106,Grnkern,8,DAV
4022381002981,4022381105200,Grnkern,4,SPI
4022381035897,4022381035880,Grnkern Bratlinge,4,SPI
4015637004952,4015637004945,Grnkern Burger,6,BAK
4019339015469,4019339672464,Grnkern Dinkelbrot,7,DAV
4022381021852,4022381021845,Grnkernschrot,4,SPI
4009309576502,4009309572504,Grnkohl,12,MAR
4026813001092,4026813000118,Grnkohl,8,NCL
4026813006059,4026813004444,"Grnkohl portioniert, 20 g,4x2,5 kg",1,DFE
4250096904270,4250096904225,Grnkohleintopf Eintopfliebe,6,KBH
4012346242996,4012346242903,Grntee China Blatt,6,LEB
4022346908747,4022346608746,Grntee Chun Mee,20,HEU
4012346533797,4012346533704,Grntee Darjeeling Blatt Ambootia,6,LEB
4012346553498,4012346521602,Grntee Darjeeling TB,12,LEB
4012346523699,4012346523606,Grntee Earl Grey,6,LEB
4012346536095,4012346536002,Grntee Gunpowder,6,LEB
4012346552996,4012346525105,Grntee Ingwer Zitrone TB,12,LEB
4012346536590,4012346536507,Grntee Jasmintee,6,LEB
4012346554198,4012346519005,Grntee Marokkanische Minze TB,12,LEB
4012346533490,4012346533407,Grntee Sencha,6,LEB
4012346552194,4012346527000,Grntee Sencha TB,12,LEB
4005967977385,4005967977385,Groáes Display Frhling/Ostern,1,ROS
8005020009431,8005020009431,Groágebinde Vanille Eiscreme,1,RAC
4019339016633,4019339471494,Grobe Soja-Schnetzel,6,DAV
2900000991453,2900000991453,Grosskiste fr pfel,1,5WP
4025089006817,4025089006817,Grow Mode On Tonikum,1,SAN
4015533028809,4015533028793,GS Grnkohl Mango Spinat Ingwe,6,VOE
4015533026072,4015533026065,GS Rote Bete Grnkohl Spinat,6,VOE
4012346181592,4012346181509,Guacamole,12,LEB
4000915300703,4000915100709,Guacamole (Avocado-Creme),4,ISA
4260148650963,4260148659966,Guacamole mit Tomaten u. Limetten,4,PUF
4260418024135,4260418020137,Guarana Superfood Trinkpulver,4,GNC
4020943332194,4020943232197,Guarkernmehl,6,ARC
4012346450094,4012346450001,Guatemala Kaffee ganze Bohne,6,LEB
4012346460994,4012346460901,Guatemala Kaffee gemahlen,6,LEB
4000503750392,4031829232408,Gulaschsuppe ung. Art,6,KL
4012346536101,4012346536101,Gunpowder Blatt,1,LEB
4009309629642,4009309622643,Gurkensalat,6,MAR
4009309251072,4009309251072,Gurkenschnitzel,1,MAR
4009309116210,4009309111215,Gurkentopf,6,MAR
4009309121078,4009309121078,Gurkenwrfel 10x10mm,1,MAR
4019736014478,4019736014485,Gut Aufgelegt Rote Bete Meerrettich,6,ZWE
4019736014454,4019736014461,Gut Aufgelegt Senf Dill,6,ZWE
4019736014430,4019736014447,Gut Aufgelegt Tomate Basilikum,6,ZWE
9004145305052,9004145005051,Gute Laune Krutertee,6,STN
9004145322561,9004145022560,Gute Laune Krutertee TB,6,STN
4026584933318,4026584133312,Gute Laune Sterne,4,SOF
4022346831106,4022346331101,Gute Nacht,5,HEU
4012346231495,4012346222806,Gute Nacht Tee,5,LEB
4002029994502,4002029004508,Gute Nacht Trunk,5,HOY
9004145141711,9004145023253,GuTEE Besserung,6,STN
9004145325012,9004145025011,Guten Morgen Krutertee TB,6,STN
9004145305014,9004145005013,Guten Morgen Tee,6,STN
14062681164443,4062681064449,GV-Bergbltenkse Scheiben,4,ROG
9008281304641,9008281004640,GV-Bergkse Scheiben,6,BOM
4251632600816,4251632600809,GV-Butterkse Scheiben,6,AUA
14046896690218,4046896690211,GV-Red Cheddar Scheiben,8,VAV
4101530007616,4101530007418,"H-Alpenmilch 1,5% laktosefrei",12,BGL
4101530002574,4101530002567,"H-Alpenmilch 1,5%, Tetra",12,BGL
4101530007609,4101530007401,"H-Alpenmilch 3,5% laktosefrei",12,BGL
4101530002512,4101530002505,"H-Alpenmilch 3,5%, Tetra",12,BGL
4065400004085,4065400004085,"H-Kochsahne 15%, 5kg",1,13:00
4008471700296,4008471499947,"H-Kuhmilch 1,5% laktosefrei",12,SB
4008471701699,4008471499893,"H-Kuhmilch 3,5% laktosefrei",12,SB
4065400804043,4065400004047,"H-Milch 1,5%",12,13:00
4065400004016,4065400004016,"H-Milch 1,5%, 10l",1,13:00
4065400804050,4065400004054,"H-Milch 3,8%",12,13:00
4065400004092,4065400004092,"H-Schlagsahne 30%, 5 kg",1,13:00
4026913555037,4026913155039,H-Tee- und Kaffeesahne 10%,12,MA
4065400004030,4065400004030,"H-Vollmilch 3,8%, 10l",1,13:00
4260026432568,4260026432544,"H-Weidemilch 1,5%, Tetra",12,GLM
4260026432575,4260026432551,"H-Weidemilch 3,8%, Tetra",12,GLM
4104060488658,4104060031526,H-Ziegenmilch 3% Elopak,12,AND
4015016020153,4015016000155,Haaner Fein Perlend Glas,6,HAA
4015016023178,4015016003170,Haaner Felsenquelle Gastro,20,HAA
4260378043184,4260378043184,Haar l Color Care,1,KHD
4260378042224,4260378042224,Haar l Rose Repair,1,KHD
4260378042217,4260378042217,Haar l Strong Amla,1,KHD
4260378042231,4260378042231,Haar l Vitality Grow,1,KHD
4008576400473,4008576400473,Haarbrste groá mit Holznoppen,1,NYK
4008576400503,4008576400503,Haarbrste klein mit Holznoppen,1,NYK
4008576400497,4008576400497,Haarbrste lnglich mit Holznoppen,1,NYK
4260512460907,4260512460907,Haarfarbe Bordeauxrot,1,AYA
4260512460624,4260512460600,Haarfarbe Chilirot,1,AYA
4260512460648,4260512460648,Haarfarbe Hellbraun,1,AYA
4260512460228,4260512460204,Haarfarbe Honigblond,1,AYA
4260512460808,4260512460808,Haarfarbe Kaffeebraun,1,AYA
4260512460327,4260512460303,Haarfarbe Karamellblond,1,AYA
4260512460426,4260512460402,Haarfarbe Kupferrot,1,AYA
4260512460525,4260512460501,Haarfarbe Maronenrot,1,AYA
4260512460266,4260512460242,Haarfarbe Saharablond,1,AYA
4260512460846,4260512460846,Haarfarbe Schokobraun,1,AYA
4260512461003,4260512461003,Haarfarbe Schwarzbraun,1,AYA
4260512461102,4260512461102,Haarfarbe Tiefschwarz,1,AYA
4260512460129,4260512460105,Haarkur Cassia,1,AYA
4260026694201,4260026694201,Haarkur Repair,1,BIT
4021457655427,4021457655427,Haarkur Repair und Tiefenpflege,1,LAV
4260026697158,4260026697158,Haarl,1,BIT
4260672890200,4260378042330,Haarmaske Deep Charcoal Cleanse,5,KHD
4262361260165,4262361260165,Haarmaske Feuchtigkeit,1,HLI
4262361260158,4262361260158,Haarmaske Reparatur,1,HLI
4009800066168,4009800006164,Haarseife,12,MSP
4260026696137,4260026696137,Haarspray,1,BIT
4031829705001,4031829259603,Hackfleisch gemischt,6,KL
4031829705018,4031829259702,Hackfleisch vom Rind,6,KL
4026813001726,4026813000644,"Hackspinat, portioniert",8,NCL
9020200131305,9020200031308,Hafer Alge Calcium Drink,8,NTM
4001638195621,4001638095624,Hafer Aufbau Shampoo,1,WEL
4001638195584,4001638095587,Hafer Aufbau Splung,1,WEL
4015637024523,4015637023748,Hafer Baguette,6,BAK
4004790123761,4004790023764,Hafer Barista Drink,8,BCE
4015637019437,4015637019420,Hafer BBQ Burger gf,6,BAK
4022381053716,4022381053709,Hafer Buchstabennudeln gf,4,SPI
4009176034549,4009176034556,Hafer Cookies,12,LNA
4005561902387,4005561002872,Hafer Crunchy 100%,6,BOL
4015637019116,4015637019109,Hafer Crunchy Beere gf,6,BAK
4005967509449,4005967005385,Hafer Crunchy Kakao,6,ROS
4005967509456,4005967005392,Hafer Crunchy Natur,6,ROS
4015637019130,4015637019123,Hafer Crunchy Schoko Nuss,6,BAK
4015533048838,4015533048821,Hafer Cuisine,10,VOE
4016249206901,4016249207007,Hafer Cuisine,15,ALO
4038375025072,4038375025065,Hafer Cuisine,15,NTM
4016249225001,4016249225100,Hafer Drink 0% Zucker,6,ALO
4004790123792,4004790023795,Hafer Drink glutenfrei,8,BCE
4260313280117,4260313280100,Hafer Drink Natur Pur,10,STR
4016249143626,4016249143725,Hafer Drink Naturell,12,ALO
4004790137355,4004790037358,Hafer Drink Ohne Zucker,8,BCE
4019339003114,4019339124185,Hafer entspelzt,8,DAV
4022381029261,4022381029254,Hafer Erdmandel Porridgeflocken,6,SPI
4016249184827,4016249184926,Hafer Flapjack Nuss,16,ALO
4016249184803,4016249184902,Hafer Flapjack Schoko,16,ALO
4022381002998,4022381320184,Hafer geschlt,6,SPI
4022381029643,4022381029636,Hafer geschlt,1,SPI
4022381106061,4022381106061,Hafer geschlt,1,SPI
4260264980531,42418702,Hafer Jogh.altern. Blueberry Vanilla,6,HVM
4260264980579,42434788,Hafer Jogh.altern. Himbeere,6,HVM
4260264980524,42418696,Hafer Jogh.altern. Mango Maracuja,6,HVM
9010179000252,9010179000245,Hafer Jogh.altern. Natur,6,MML
4260289420463,4260289420456,Hafer Joghurt Mango-Maracuja Alternative,6,THV
4260289420425,4260289420418,Hafer Joghurt Natur Alternative,6,THV
4260289420449,4260289420432,Hafer Joghurt Vanille Alternative,6,THV
4260289420500,4260289420494,Hafer Joghurt Waldfrucht Alternative,6,THV
4015637019055,4015637019048,Hafer Knusper Msli Mango,6,BAK
4015637019031,4015637019024,Hafer Knusper Msli Schoko,6,BAK
4004790126946,4004790026949,Hafer Mandel Drink,8,BCE
9020200131268,4038375025997,Hafer Mandel Natural,8,NTM
38032804431875,8032804431874,Hafer Mezzi Rigatoni gf,8,FEL
4005561904244,4005561008065,Hafer Moment Erdmandel Honig,6,BOL
4005561904237,4005561008058,Hafer Moment Preiselbeere Zitrone,6,BOL
4005561904251,4005561008072,Hafer Moment Schoko Chai,6,BOL
4015637018829,4015637018812,Hafer Msli Beeren gf,8,BAK
4015637018898,4015637018881,Hafer Msli Bircher,8,BAK
4015637018959,4015637018942,Hafer Msli Frchte gf,8,BAK
4015637018867,4015637018850,Hafer Msli Hofmischung gf,8,BAK
4015637018911,4015637018904,Hafer Msli Protein gf,8,BAK
4015637018805,4015637018799,Hafer Msli Schoko Flakes gf,8,BAK
4015637018935,4015637018928,Hafer Msli Schoko gf,8,BAK
4015637018997,4015637018980,Hafer Msli Schoko gf,4,BAK
4015637018973,4015637018966,Hafer Mzli Nussgenuss gf,8,BAK
4015637022406,4015637022390,Hafer Pancakes,6,BAK
4019339007051,4019339241004,Hafer Porridge Flocken Zartblatt,6,DAV
4022381029223,4022381029216,Hafer Porridgeflocken Klassik,6,SPI
4022381039147,4022381039130,Hafer Rigatoni gf,6,SPI
4005967006689,4005967006672,Hafer Schoko Kekse Snack,10,ROS
4260026696045,4260026696045,Hafer Shampoo,1,BIT
4022381039123,4022381039116,Hafer Spiralen gf,6,SPI
4056114016150,4056114006151,Hafer Zitronen Kringel,8,SOM
4032105000193,4032105000193,Hafer-Dinkel,1,SB
4026584933592,4026584133596,Hafer-Karotten Bllchen,6,SOF
4016249143534,4016249143527,Hafer-Mandel Drink ungesát,6,ALO
4260289420562,4260289420555,Haferblock Butter Alternative,12,THV
4015537502749,4015537002454,Haferbrezeln,9,HMO
4015637007267,4015637007250,Haferbrot Backmischung gf,6,BAK
4024884110491,4024884010494,Haferbrtchen,4,HEB
4016249332822,4016249332921,Hafercrrrunch Riegel Frucht,12,ALO
4016249332808,4016249332907,Hafercrrrunch Riegel mit Nssen,12,ALO
4016249332754,4016249332853,Hafercrrrunch Riegel Schoko,12,ALO
4015533041532,4015533041525,Haferdrink,6,VOE
4015533046773,4015533046766,Haferdrink,6,VOE
4015533043710,4015533043703,Haferdrink Barista,6,VOE
9020200131572,4038375026116,Haferdrink Barista,8,NTM
9020200131039,9020200031032,Haferdrink Choco,8,NTM
9020200130599,4038375025461,Haferdrink Glutenfrei,8,NTM
9020200129760,9020200029763,Haferdrink Kaffee,6,NTM
4004790027564,4004790017565,Haferdrink Natural,8,BCE
9020200130827,4038375024396,Haferdrink Natural,8,NTM
4016249024369,4016249024260,Haferdrink ohne l,6,ALO
9020200130254,9020200030257,Haferdrink Omega-3,8,NTM
4260313281916,4260313281909,Haferdrink Pulver,8,STR
9020200131589,4038375024419,Haferdrink Vanille,8,NTM
9020200131398,9020200031391,Haferdrink Zero,8,NTM
4019339007037,4019339242001,Haferflocken Groáblatt,6,DAV
4019339007044,4019339242018,Haferflocken Groáblatt,4,DAV
4022381003360,4022381303163,Haferflocken Groáblatt,1,SPI
4022381003377,4022381303187,Haferflocken Groáblatt,6,SPI
4022381003384,4022381303200,Haferflocken Groáblatt,6,SPI
4022381020367,4022381020350,Haferflocken Groáblatt,6,BUM
4022381029827,4022381029810,Haferflocken Groáblatt,1,SPI
4022381303064,4022381303064,Haferflocken Groáblatt,1,GEH
4015637805818,4015637824819,Haferflocken Groáblatt gf,6,BAK
4022381027588,4022381027571,Haferflocken Groáblatt gf,6,SPI
4022381037365,4022381037358,Haferflocken Groáblatt gf,6,SPI
4015637008042,4015637883120,Haferflocken Kleinblatt,6,BAK
4019339007068,4019339240007,Haferflocken Kleinblatt,6,DAV
4019339007075,4019339240014,Haferflocken Kleinblatt,4,DAV
4022381003407,4022381304160,Haferflocken Kleinblatt,1,SPI
4022381003414,4022381304184,Haferflocken Kleinblatt,6,SPI
4022381003421,4022381304207,Haferflocken Kleinblatt,6,SPI
4022381020404,4022381020398,Haferflocken Kleinblatt,6,BUM
4022381029841,4022381029834,Haferflocken Kleinblatt,1,SPI
4022381304061,4022381304061,Haferflocken Kleinblatt,1,GEH
4015637805825,4015637823645,Haferflocken Kleinblatt gf,6,BAK
4015637806914,4015637827407,Haferflocken Kleinblatt gf,4,BAK
4022381027601,4022381027595,Haferflocken Kleinblatt gf,6,SPI
4022381037341,4022381037334,Haferflocken Kleinblatt gf,6,SPI
4022381037402,4022381037396,Haferflocken Porridge Klassik gf,6,SPI
4015637008059,4015637822242,Haferflocken Zartblatt,6,BAK
4022381002165,4022381002158,Haferflocken Zartblatt,6,SPI
4022381020237,4022381020220,Haferflocken Zartblatt,6,SPI
4022381037426,4022381037419,Haferflocken Zartblatt,1,SPI
4015637003351,4015637003344,Haferflocken Zartblatt gf,6,BAK
4022381037327,4022381037310,Haferflocken Zartblatt gf,6,SPI
4022381037389,4022381037372,Haferflocken Zartblatt gf,6,SPI
4008728146907,4008728046900,Hafergebck Kokos,9,SIJ
4021496615802,4021496015800,Haferkekse,12,VNA
4019339011898,4019339313107,Haferkleie,8,DAV
4022381003322,4022381241205,Haferkleie,6,SPI
4032105000070,4032105000070,Haferling,1,SB
4005561032404,4005561532409,Haferlinge,6,BOL
4022381024716,4022381024709,Hafermehl gf,4,SPI
4015637007922,4015637007915,Hafermehl VK gf,6,BAK
4015637018782,4015637018775,Hafermsli Basis,8,BAK
4015637018843,4015637018836,Hafermsli Frchte Flakes gf,8,BAK
4015637805870,4015637824420,Haferpops gf,6,BAK
4022346808825,4022346308820,Hafertee grn geschnitten,5,HEU
4031779001086,4031779605345,Haffys Pur,6,MOI
4031779001093,4031779606342,Haffys Sonnenblumenkerne,6,MOI
4031779001109,4031779607349,Haffys Vitalsaaten,6,MOI
4019736005896,4019736005889,Hagebutte Fruchtgarten,6,ZWE
4012346552491,4012346000602,Hagebutte Hibiskus Tee TB,12,LEB
4022346808931,4022346308936,Hagebutten Pulver,5,HEU
4260418024302,4260418020304,Hagebutten Superfood Trinkpulver,4,GNC
4012346260099,4012346260006,Hagebuttentee,6,LEB
5701058013046,5701058013046,Hair & Body Wash Men,1,URT
4019339004227,4019339434109,Halbe Schlerbsen,8,DAV
4260360277061,4260360272066,Halbe Schlerbsen,6,NPU
5200112127403,4046896602009,Halloumi g.U. Grill- und Bratkse,10,1GR
4012346222394,4012346222301,Halsschmeichler,6,LEB
4012346230795,4012346222301,Halsschmeichler,5,LEB
4016249427511,4016249003531,Halva,12,ALO
4086900033016,4086900741317,Hamameliswasser,1,PVL
4028112059026,4028112059026,Hamburger Brtchen,48,SDL
4260360276231,4260360271236,Hamburger Brtchen,6,NPU
4022993057324,4022993046076,Hamburger buns gf,5,STZ
4019886600200,4019886000208,Hand Geschirrsplmittel Lemon & Lime,6,SOD
4019886600231,4019886000239,Hand Geschirrsplmittel Lemon & Lime,6,SOD
4262437690001,4262437698106,Hand Splmittel,6,KLY
8718754502405,8718754502399,Handcooked Chips Meersalz,10,TFO
8718754505666,8718754505659,Handcooked Chips Paprika,10,TFO
8718754502184,8718754502177,Handcooked Chips Rosmarin,10,TFO
8718754502429,8718754502412,Handcooked Chips Salz Pfeffer,10,TFO
8718754502443,8718754502559,Handcooked Chips Sweet Chili,10,TFO
4260198096322,4260198096322,Handcreme Hafer DU HAND SCHMEICHLER DU,1,BEN
4017645001183,4017645001183,Handcreme intensiv,1,LOG
4020829101845,4020829101845,Handcreme Kleingráe,1,HAU
4260198096339,4260198096339,Handcreme Pampelmuse DU HAST DIE HNDE SCHN,1,BEN
4260198097527,4260198097527,Handcreme Sheabutter ICH BIN DANN MAL NEUTRAL,1,BEN
4019886619332,4019886019330,Handdesinfektion Euroflasche,6,SOD
4051900004090,4051900004090,"Handkse g.g.A., Thekenware",24,BIR
4007547216501,4007547206502,Handseife Calendula Nachfller,6,SNT
4007547216402,4007547206403,Handseife Calendula Spender,6,SNT
4007547302600,4007547302600,Handseife Citrus,1,SNT
4007547312500,4007547302501,Handseife Citrus Nachfllfl,6,SNT
4007547312401,4007547302402,Handseife Citrus Spender,6,SNT
4007547302907,4007547302907,Handseife Lavendel,1,SNT
4007547312807,4007547302808,Handseife Lavendel Nachfllfl,6,SNT
4007547312708,4007547302709,Handseife Lavendel Spender,6,SNT
4007547205208,4007547205208,Handseife Rose,1,SNT
4007547215108,4007547205109,Handseife Rose Nachfllfl,6,SNT
4007547215009,4007547205000,Handseife Rose Spender,6,SNT
4007547206205,4007547206205,Handseife Rosmarin,1,SNT
4007547216105,4007547206106,Handseife Rosmarin Nachfllfl,6,SNT
4007547216006,4007547206007,Handseife Rosmarin Spender,6,SNT
4007547311800,4007547301801,Handseife sensitiv Nachfllfl,6,SNT
4007547311909,4007547301900,Handseife sensitiv Spender,6,SNT
4007547204805,4007547204805,Handseifen Geschenk-Set,1,SNT
4019886623568,4019886023566,Handsplmittel sensitiv,6,SOD
4008576400671,4008576400671,Handwaschbrste doppelseitig aus Buchenholz,1,NYK
4008576400527,4008576400527,Handwaschbrste grob,1,NYK
4038507006870,4038507003275,Hanf Proteinpulver,6,GOV
4026584933561,4026584133565,Hanf-Emmer Bllchen,6,SOF
4019339006375,4019339431054,Hanfsamen,8,DAV
4019339000205,4019339431078,Hanfsamen geschlt,8,DAV
4038507004852,4038507002391,Hanfsamen geschlt,6,GOV
4022381040051,4022381040044,Hanfsamen ungeschlt,6,SPI
4086900029422,4086900745551,Hanfsamenl,1,PVL
4025089086178,4025089086178,HAPPINESS Bodylotion Orange & Mango,1,SAN
9004145122628,9004145023130,Happiness is Probier mal,6,STN
7611916161759,7611916161759,Happiness Shower Gel Grapefruit,1,WEL
4032061312088,4032061012087,Happy Aging Cleanser,1,GEB
4032061410173,4032061010175,Happy Aging Cream,1,GEB
4032061312309,4032061012308,Happy Aging Face Lotion,1,GEB
4032061312200,4032061012209,Happy Aging Tonic,1,GEB
4262436240382,4262436240375,Happy Birthday-Seife Lemon Eykalyptus,6,NIA
4012346112091,4012346112008,Harissa,6,LEB
4027468000133,4027468000041,Harissa,6,ERH
4260752753128,4260752753029,Harissa,12,SPC
4015637805160,4015637824833,Harissa Falafel gf,6,BAK
4022346809211,4022346309216,Harissa Gewrz gemahlen Dose,5,HEU
9004145123939,9004145012189,Harissa Gewrzmischung,6,STN
8714685907432,8714685907425,Harissa mild,7,FRT
4022381003209,4022381219204,Hartweizengrieá,4,SPI
5060002043097,5060002043035,Haselnuss Crunch Trffel Mini,16,BXO
8005020100947,8005020000940,Haselnuss Eis,6,RAC
8005020191013,80603054,Haselnuss Eis,12,RAC
4260506612039,4260506610134,Haselnuss Piemont Eis,6,DFI
4005967978146,4005967556399,Haselnuss Waffelriegel,15,ROS
4017194489159,4017194989154,Haselnuss-Nougat Eis,6,SBG
4032105000377,4032105000377,Haselnussbrot mit Mohn,1,SB
4005967506974,4005967003657,Haselnussknacker,20,ROS
4021246000018,4021246000063,Haselnussnougat Lieblinge,12,LUB
4020943194181,4020943134187,Hatcho Miso,6,ARC
9008281305440,9008281005449,Hatzenstdter Heubauernkse 25%,"1,75",BOM
4262437690018,4262437698205,Haushaltsreiniger,6,KLY
4039468030690,4039468030638,Haushaltsreinigungstuch aus Bio Baumwolle,8,MEM
4051900005059,4051900004052,Hausmacher Bauernhandkse g.g.A.,5,BIR
4260166240283,4260166240276,Haussecco weiá,6,HUC
4012346537597,4012346537504,Haustee,6,LEB
4012346544090,4012346544007,Haustee TB,8,LEB
4260166240153,4260166240146,Hauswein rot,6,HUW
4260166240139,4260166240122,Hauswein weiá,6,HUW
4086900385405,4086900385405,Haut Intensiv Balsam,1,PVL
4008576400718,4008576400718,Hautschere Solingen Vitaloy,1,NYK
4260026691019,4260026691019,Hautschutz Salbe,1,BIT
4260026691057,4260026691057,Hautschutz Salbe,1,BIT
4008576400725,4008576400725,Hautzange Solingen Vitaloy,1,NYK
4260516391184,4260516390170,Hazel Choc Eis,6,ICE
4013320099100,4013320099087,Hazel nougat fairness,18,GEP
4270001544407,4270001544360,Hazelnut Choco Nougat Pralinis,12,LNB
4260264980777,42486091,Hazelnut Chocolate Protein Pudding,6,HVM
4024297022268,4024297022251,Hazelnut Crisp Schokoriegel,24,NAT
4270001075376,4270001075314,Hazelnut Nougat Choc Riegel,12,LNB
4260717840030,4270001544315,Hazelnut Spread,6,LNB
9004145743830,9004145025943,Heavy Metal Tee Happiness is,6,STN
4024884130451,4024884030454,Hefehrnchen,40,HEB
4260028361774,4260028361521,Hefepaste Bioreal,3,REA
4260028363198,4260028360425,Hefepaste Bioreal,12,REA
4022381037907,4022381037891,Hefezopf gf Backmischung,6,SPI
4024297013136,4024297013129,Heiáe Schokolade,6,NAT
4024297018544,4024297018537,Heiáe Schokolade Nachfllbeutel,8,NAT
4106060211502,4106060047675,Heiáer Apfel,6,BEU
4260166240191,4260166240191,Heiáer Hirsch Bag in Box rot,1,HHI
4260166240269,4260166240269,Heiáer Hirsch Bag in Box weiá,1,HHI
4260166240665,4260166240658,Heiáer Hirsch ros,6,HHI
4260166240054,4260166240061,Heiáer Hirsch rot,6,HHI
4260166240238,4260166240221,Heiáer Hirsch weiá,6,HHI
5060466500112,5060466500013,Heidelbeer Fruchtaufstrich,6,TFT
4021246111202,4021246101203,Heidelbeer Fruchtriegel gf,25,LUB
4106060220054,4106060075630,Heidelbeer Muttersaft,12,BEU
4005967506332,4005967003299,Heidelbeer Vanille Msli ungesát,6,ROS
4019736017288,4019736017295,Heidelbeere Fein,6,ZWE
4260091350361,4260091350354,Heidelbeere Fruchtaufstrich,6,DBB
4260360277443,4260360272448,Heidelbeere Fruchtaufstrich,6,NPU
4019736008170,4019736008163,Heidelbeere Fruchtgarten,6,ZWE
4021246000025,4021246000070,Heidelbeere Lieblinge,12,LUB
4026813421302,4026813420220,Heidelbeeren,6,NCL
9004998006205,9004998006199,Heidelbeeren gefriergetrocknet,8,LAG
4005120803018,4005120803018,Heilerde aufbauendes Gesichtsfluid,1,LUK
4005120163327,4005120163327,"Heilerde Bitterquell Plus Kapseln, Verdauung",1,LUE
4005120665050,4005120665050,Heilerde Cholesterin mikrofein Kapseln,1,LUV
4005120170332,4005120170332,Heilerde extrafein akut FA surebd. Magenbeschw.,1,LUV
4005120170356,4005120170356,Heilerde extrafein akut FA surebd. Magenbeschw.,1,LUV
4005120001513,4005120000158,"Heilerde Gastrosan Kapseln Blhungen, Schmerzen",1,LUV
4005120163310,4005120163310,Heilerde Haar und Nagel Plus Kapseln,1,LUE
4005120163303,4005120163303,Heilerde Haut Plus Kapseln,1,LUE
4005120202019,4005120202019,Heilerde hautfein Akne,1,LUV
4005120163075,4005120163075,Heilerde imutox Granulat bindet Schadstoffe,1,LUV
4005120163143,4005120163143,Heilerde imutox Kapseln bindet Schadstoffe,1,LUV
4005120163044,4005120163044,Heilerde imutox Pulver bindet Schadstoffe,1,LUV
4005120414016,4005120414016,Heilerde magenfein Granulat Reizdarm,1,LUV
4005120411015,4005120411015,Heilerde magenfein Reizdarm,1,LUV
4005120205058,4005120205058,Heilerde mikrofein Cholesterin,1,LUV
4005120170493,4005120170493,Heilerde ultrafein akut Sodbrennen FA,1,LUV
4005120170523,4005120170523,Heilerde ultrafein akut Sodbrennen FA,1,LUV
4005120805012,4005120805012,Heilerde Waschcreme,1,LUK
24260012647758,4260012647754,Heiliges Basilikum,5,BIN
4015533025709,4015533025693,Heimischer Apfelsaft Elopak,6,VOE
4106060217818,4106060073858,Heimischer Multi,6,BEU
4015533066115,4015533066108,Heimischer Multi Birne Mirabellen Saft,8,VOE
4260166240443,4260166240436,Helga LIEBLINGSSECCO,6,LCC
4038857112276,4038857112214,Helix Lakritzschnecken,12,KV
8018759006398,8018759001393,Helle Balsamcreme,6,SEL
8018759005711,8018759000716,Helle Balsamcreme mit Zitrone,6,SEL
4016512932117,4016512032114,Helle Feinkostsoáe Vorratsdose,6,ERN
4260485633513,4260485633506,Helle mit Salz & Karamell,10,FAQ
4000345948322,4000345048329,Helle Sauce,12,NCO
4026968115606,4026968015609,Heller Thunfisch in l,10,FON
4026968115705,4026968015708,Heller Thunfisch in Olivenl,10,FON
98412439285043,8412439285040,Heller Thunfisch in Olivenl,10,PDM
4026968115804,4026968015807,Heller Thunfisch naturell,10,FON
4260435776574,4260435775126,Hello Mediterraneo,6,SPC
4260435776567,4260435775119,Hello Mexico,6,SPC
28437007732591,8437007732597,HELLOW Garnacha rose 9%,6,1SI
28437007732584,8437007732580,HELLOW Sauvignon Blanc 9%,6,1SI
4002029967124,4002029067121,herbafresh Classic Mint Pastil,12,HOY
4026968105850,4026968005853,Heringfilets in Paprika Chilli Creme,6,FON
4026968105751,4026968005754,Heringfilets in Senf Dill Creme,6,FON
4026968105706,4026968005709,Heringfilets in Tomatencreme,6,FON
4250073451711,4250073451704,Herings Filets Senfsauce,10,FWO
4250073451735,4250073451728,Herings Filets Tomatensauce,10,FWO
4000915908329,4000915108323,Herings-Salat Dill-Jogh- Sahne,4,ISA
4000915908336,4000915108330,Herings-Salat Rote Beete,4,ISA
4000915308358,4000915108354,Herings-Salat Senf-Marinade,4,ISA
4045800918885,4045800773132,Heringshppchen in Dill-Sauce,6,GRH
4026968105805,4026968005808,Heringsplatte m Gemsebeilage,6,FON
3380330005638,3380330005621,Herisson Floreal weiá,6,JFR
3380330005584,3380330005577,Herisson Le Nat rot,6,JFR
3380330005768,3380330005751,Herisson Orange,6,JFR
3380330003924,3380330003115,Herisson Syrah rose,6,JFR
4026367049359,4026367040356,"Hessische Weidemilch 3,7% Karton",10,UBM
4104060486951,4104060029851,"Heumilch (Vollmilch) 3,8% - Elopak",10,AND
94026913555900,,Heumilch Emmentaler rindengereift,"2,5",MA
4104060486968,4104060029868,"Heumilch Joghurt 3,8% - im Becher",6,AND
4104060487927,4104060030727,"Heumilch Joghurt 3,8% mild Natur",6,AND
9006545451599,9006545451513,"Heumilch-Butter Sauerrahm, g.t.S.",8,KRB
95701975211191,,"Hhlenkse, 1/4 Laib",2,TMJ
4036396910025,4036396900026,Hhnchen Kinder Dinos,4,FPF
4036396910636,4036396900637,Hhnchen Knusper Flgel,4,FPF
4036396911152,4036396901153,Hhnchen Nuggets,4,FPF
4260100268847,4260100263842,Hhnchen Schnitte Wiener Art,10,BCO
7640104952701,7640104952695,Hhnchenfleisch,6,HOL
4042025014651,4042025014651,Hhnchenhackfleisch,1,BKH
4250096906267,4250096906335,Hhner Bouillon,6,KBH
4016512951156,4016512051153,Hhner Brhwrfel,15,ERN
4000345943631,4000345043638,Hhner Nudel Suppe,12,ERN
4026739670006,4026739670006,Hhner Vollei pasteurisiert,12,DFE
4016512950302,4016512050309,Hhnerbouillon,6,ERN
4016512950326,4016512050323,Hhnerbouillon hf,6,ERN
4250096906137,4250096906281,Hhnerbrhe,6,KBH
4031829804131,4031829262115,Hhnerfleisch in Brhe,6,KL
4250096906151,4250096906328,Hhnerfond,6,KBH
4031829701003,4031829255117,Hhnerfrikassee,6,KL
9004145302327,9004145002326,Hibiskus (Rote Malve),6,STN
4012346242187,4012346242101,Hibiskusblten,1,LEB
4012346240596,4012346240503,Hibiskusbltentee,6,LEB
4022381053990,4022381053983,High Protein Flocken,6,SPI
4020829098848,4020829098848,Highlighter 01 illuminating,1,HAU
4022346809983,4022346309988,Hildegarten Gewrzmisch Dose,5,HEU
4260040171054,4260040174055,Hima Kristallsalz Granul Tte,5,NHU
4260040171009,4260040174000,Himal Kristallsalz Brock Tte,5,NHU
4260040171016,4260040174017,HimalajaKristallsalz fein Tte,5,NHU
4019339000052,4019339235119,Himalaya Basmati Reis weiá,8,DAV
4260040171030,4260040174031,Himalaya Kristallsalz fein im Streuer,6,NHU
4260040171061,4260040174062,Himalaya Kristallsalz grob in Keramik Mhle,6,NHU
4019339005132,4019339235195,Himalaya Reis Basmati weiá,8,DAV
4016512962299,4016512062296,Himalaya Ur Salz feinkrnig,6,ERN
4016512962305,4016512062302,Himalaya Ur Salz feinkrnig,6,ERN
4016512962367,4016512062364,Himalaya Ur Salz grob,6,ERN
4260040174543,4260040174543,Himalaya Zahncreme Minze Eukalyptus Kamille,1,NHU
4260040174536,4260040174536,Himalaya Zahncreme Nelke,1,NHU
4260040174529,4260040174529,Himalaya Zahncreme Salbei,1,NHU
4086900007659,4086900105324,Himalayakiefer,1,PVL
4086900105317,4086900105317,Himalayazeder bio,1,PVL
4018462417416,4018462417409,Himbeer Balsam,6,BYO
4085900601225,4085900001223,Himbeer Cassis Schnitte,16,VNA
4000430103865,4000430103810,Himbeer Kokos Trumchen gf,6,WER
4019339864531,4019339864531,Himbeer Konfitre,1,DAV
4005967008294,4005967008287,Himbeer Maracuja Msli,6,ROS
4260096396289,4260096395282,Himbeer Mousse,16,AGA
4005967508848,4005967005002,Himbeer Porridge ungesát,6,ROS
4015533030390,4015533014109,Himbeer Sirup,6,VOE
4005967509517,4005967005453,Himbeer Splitter,6,ROS
4022346810064,4022346310069,Himbeerbltter,5,HEU
4012346106694,4012346106601,Himbeerdressing,6,LEB
4019736017301,4019736017318,Himbeere Fein,6,ZWE
9004998004003,9004998003945,Himbeere fr Dich,5,LAG
4260091350200,4260091350194,Himbeere Fruchtaufstrich,6,DBB
4260360277450,4260360272455,Himbeere Fruchtaufstrich,6,NPU
4019736008194,4019736008187,Himbeere Fruchtgarten,6,ZWE
9004998002771,9004998002054,Himbeere in Beeren Schokolade,10,LAG
9004998002115,9004998002030,Himbeere in Zartbitter Schokolade,10,LAG
4026584903304,4026584103308,Himbeeren,10,SOF
4026813111203,4026813110206,Himbeeren,10,NCL
4026813423078,4026813024046,Himbeeren,1,DFE
9004998005901,9004998005864,Himbeeren gefriergetrocknet,8,LAG
9004998015788,9004998015740,Himbeeren in Zartbitterschokolade,5,LAG
4018462441855,4018462441800,Himbeeressig,6,BYO
8711542252308,8711542152301,Himbeerschlange Giraffe,24,TER
8005020100954,80540397,Himbeersorbet Eis,6,RAC
8005020191327,80603030,Himbeersorbet Eis,12,RAC
4019339011553,4019339177105,Hirse,8,DAV
4019339011560,4019339177181,Hirse,8,DAV
4000430615894,4000430003073,Hirse Kokos Taler mit Schoko gf,8,WER
4001638195553,4001638095556,Hirse Pflege Shampoo,1,WEL
4022993055047,4022993045055,Hirse Schnitten gf,6,STZ
9020200230206,4038375025287,Hirsedrink Natural,6,NTM
4022381010191,4022381010184,Hirseflocken,6,SPI
4022381027663,4022381027656,Hirseflocken gf,4,SPI
4022381010177,4022381010160,Hirsegrieá,4,SPI
7640166798651,7640101097399,"Hirtenkse, laktosefrei",6,ZFK
4017645004887,4017645004887,Hitzeschutz Spray Aloe Vera,1,LOG
4260026697165,4260026697165,Hitzeschutzspray,1,BIT
4086900384606,4086900384606,Hitzewallungspray,1,PVL
4086900383401,4086900383401,Hmatom & Narben Pflegel,1,PVL
4007547219007,4007547209008,Hndedesinfektion,6,SNT
4019886019354,4019886019354,Hndedesinfektion,1,SOD
4007547219205,4007547209206,Hndedesinfektion Nachfller,6,SNT
4007547219106,4007547209107,Hndedesinfektionsmittel,6,SNT
4002029930418,4002029030415,Hochland Bltenpollen,6,HOY
4016249131388,4016249131883,Hof Msli Bircher,6,ALO
4016249131418,4016249131913,Hof Msli Bircher,5,ALO
4016249075477,4016249131876,Hof Msli Hildegards,5,ALO
4016249140601,4016249140700,Hof Pastete Champignon,12,ALO
4016249140557,4016249140656,Hof Pastete Classico,12,ALO
4016249140564,4016249140663,Hof Pastete Grner Pfeffer,12,ALO
4016249140571,4016249140670,Hof Pastete Kruter,12,ALO
4016249108410,4016249108519,Hofgemse Champignon Zwiebel,6,ALO
4000345033110,4000345033103,Hofgemse Cremesuppe,12,ERN
4016249017002,4016249016395,Hofgemse Curry Zucchini,6,ALO
4016249108441,4016249108540,Hofgemse Erbse Basilikum,6,ALO
4016249132255,4016249132354,Hofgemse Olive Tomate,6,ALO
4016249017088,4016249017071,Hofgemse Paprika Trio,6,ALO
4016249017064,4016249017057,Hofgemse Rote Bete Meerettic,6,ALO
4016249108472,4016249108571,Hofgemse Rucola Kirschtomate,6,ALO
4016249132262,4016249132361,Hofgemse scharfe Tomate,6,ALO
4016249017040,4016249017033,Hofgemse Spinat Pinienkerne,6,ALO
4016249132231,4016249132330,Hofgemse Tomate Brlauch,6,ALO
8718754503099,8718754503082,Hoisin Sauce,6,YAK
4012346553894,4012346282503,Holunder Minze TB,12,LEB
4106060206577,4106060044759,Holunder Punsch,6,BEU
4260065968189,4260065961180,Holunder Secco alkoholfrei,6,GUS
4260065967199,4260065961197,"Holunder Secco alkoholfrei 0,2l",6,GUS
4015141648178,4015141048176,Holunderblte Likr,6,LDM
9004145304727,9004145004726,Holunderblten lose,6,STN
4015533050589,4015533014147,Holunderblten Sirup,6,VOE
4015533058059,4015533058042,Holundersaft,6,VOE
4260752754064,4260752751728,Holy Guacamoly,6,SPC
9004145739505,9004145008632,Holy Veggie Grillgewrz,6,STN
7611243205959,7611243205959,Holz Eisspaten,1,WSE
8059513501377,8059513501377,Holzdisplay Lazzaris + Befllung,1,LLF
4037865100572,4037865000575,Holzkelter GS rot,6,SND
4250073453395,4250073453388,Holzofen-Minis Margherita,8,FWO
4250073453418,4250073453401,Holzofen-Minis Spinacio,8,FWO
4026813331199,4026813330208,Holzofen-Pizza 3 Formaggi,7,BSI
4026813331182,4026813330192,Holzofen-Pizza Margherita,7,BSI
4026813331373,4026813330390,Holzofen-Pizza Pesto vegan,7,BSI
4026813331236,4026813330253,Holzofen-Pizza Tricolore Ziege,6,BSI
4026813331205,4026813330215,Holzofen-Pizza Verdura,7,BSI
4013320098592,4013320098578,Honey almond fairness,18,GEP
35425038430395,5425038430394,Honey Balls,7,TUE
4013320247785,4013320247778,Honig Cashew Cookies,7,GEP
4013320227497,4013320225905,Honig Das faire Pfund,6,GEP
4260221611058,4260221611010,Honig Senf Dressing,6,EMS
4024297021766,4024297021759,Honig Senf Sauce,6,NAT
8711812437039,8711812436803,Honigkuchen,8,RIT
4021246011243,4021246001244,Honigmarzipan,12,LUB
4021246311350,4021246301351,Honigmarzipan,6,LUB
4260112295084,4260112295077,Honigsenf,6,MKS
98711258436668,,Hooidammer Gouda Grnes Pesto,"4,5",HOI
8711258847027,8711258847027,"Hooidammer Jersey, Mini - 280 g",1,HOI
8711258940056,8711258940056,"Hooidammer Supreme, 1/2 Laib","3,5",HOI
4018722014577,4018722014454,Hoppel Hasen Pasta,18,AGO
4046815062921,4046815002927,Hornberger medium,6,HBG
4046815202907,4046815002903,Hornberger medium,20,HBG
4046815062822,4046815002828,Hornberger naturelle,6,HBG
4046815202808,4046815002804,Hornberger naturelle,20,HBG
4260360276248,4260360271243,Hot Dog Brtchen,6,NPU
4015637805689,4015637825403,Hot Hafer Apfel Zimt gf,6,BAK
4015637805702,4015637825427,Hot Hafer Basis,6,BAK
4015637805696,4015637825410,Hot Hafer Beere gf,6,BAK
4015637022147,4015637022130,Hot Hafer Golden Milk Porridge,6,BAK
4015637022550,4015637022543,Hot Hafer Protein Porridge,6,BAK
4015637805764,4015637825458,Hot Hafer Schoko gf,6,BAK
4015637806372,4015637826424,Hot Hirse Yogi Fit gf,6,BAK
4018462157213,4018462157206,Hot Ketchup,6,BYO
4000915309652,4000915109658,Hot Pepper Sauce,6,ISA
4250073462588,4250073462571,Hot Spicy Chili Noodles,10,FWO
4024297006350,4024297006343,Hrnchen Dinkel hell,12,NAT
8015197010604,8015197010604,Hrnchen Mini geriffelt,1,IRI
4018462144510,4018462144503,Hrnchen semola,12,BYO
4030068014301,4030068014301,Httenschinken v. Schwein,3,CHI
4260166240429,4260166240412,Hugo LIEBLINGSSECCO,6,LCC
4018722014553,4018722014447,Huhn und Hahn Pasta,18,AGO
4012346179698,4012346179605,Hummus,12,LEB
4260148659089,4260148659980,Hummus,4,PUF
8713576598018,8713576198010,Hummus,6,TER
8714685907548,8714685907531,Hummus,6,FRT
8718754505031,8718754505024,Hummus Chips Meersalz,6,TFO
8718754505079,8718754505062,Hummus Chips Paprika,6,TFO
8718754505055,8718754505048,Hummus Chips Rosmarin,6,TFO
4000915900569,4000915100563,Hummus Ginger,4,ISA
8714685906404,8714685906398,Hummus Jalape¤o,6,FRT
4260148659263,4260148659263,Hummus Klassisch GV,1,PUF
4000915300635,4000915100631,Hummus Krbis-Sesam,4,ISA
8714685907609,8714685907593,Hummus Mango Curry,6,FRT
9011600024083,9011600002722,Hummus Marrakesch,6,GHR
9011600023116,9011600023086,Hummus Natur,6,GHR
8714685903380,8714685903373,Hummus Pikant,6,FRT
8714685907579,8714685907562,Hummus Pinienkerne,6,FRT
4000915300666,4000915100662,Hummus Rote Beete,4,ISA
4000915900552,4000915100556,Hummus Tahini,4,ISA
4000915300604,4000915100600,Hummus Tomate-Basilikum,4,ISA
8714265972461,8714265071768,Hund Dose Brckchen Huhn,12,YAR
8714265972478,8714265071904,Hund Dose Brckchen Huhn,6,YAR
8714265973932,8714265973925,Hund Dose Brckchen Huhn u. Rind,12,YAR
8714265973956,8714265973949,Hund Dose Brckchen Huhn u. Rind,6,YAR
8714265972416,8714265270765,Hund Dose Pastete Huhn getreidefrei,12,YAR
8714265002175,8714265002168,Hund pflanzliche Dental-Sticks,12,YAR
8714265975653,8714265973116,Hund Schale Pastete Huhn getreidefrei,12,YAR
8714265975677,8714265973123,Hund Schale Pastete Huhn u. Truthahn getreidefrei,12,YAR
8714265002328,8714265002311,Hund Schale Pastete Huhn und Ente getreidefrei,12,YAR
8714265975691,8714265973130,Hund Schale Pastete Rind getreidefrei,12,YAR
8714265972652,8714265971716,Hund Snack Kaustange mit Rind,25,YAR
8714265975134,8714265975127,Hund Snack Mini,10,YAR
8714265000249,8714265000232,Hund Trockenfutter Erwachsene Huhn,4,YAR
8714265000263,8714265000263,Hund Trockenfutter Erwachsene Huhn,1,YAR
8714265000348,8714265000331,Hund Trockenfutter Senior Huhn,4,YAR
4260158470124,4260158470117,"Husumer, klein","0,4",BAC
4260198099019,4260198099019,Hyaluron Lip Balm Blister,1,BEN
4086900049406,4086900277007,Hyaluron Serum Destressing u Regenerating,1,PVL
4260418987201,4260418987201,Hyaluron Serum Hydra Lift,1,RRT
4260009211449,4260009211449,Hydra Boosting Vitamin C Face Mask,1,PVD
4001638590464,4001638590464,Hydrating Body Lotion Citrus,1,WEL
4021457733750,4021457663712,Hydro Refresh Body Lotion,1,LAV
4021457653522,4021457653522,Hydro Refresh Mizellenwasser,1,LAV
4021457653508,4021457653508,Hydro Refresh Serum,1,LAV
4260009213313,4260009213313,Hydroaktive Rosencreme,1,PVD
4260026691033,4260026691033,Hydrolotion,1,BIT
4260491970435,4260491970404,Hyggelig Bio Aperitivo,6,APT
4022569370000,4022569310006,Ich bin-Quelle /still,6,LHQ
4044889014624,4044889004625,iChoc Crunchy Hazelnut,10,ICH
2900000991668,2900000991668,IFCO BLL,1,5WP
4020829099173,4020829099173,Illuminating Fluid,1,HAU
4260060160243,28006800,Ilsebr Ziegenweichkse,"0,14",DR
4260060160274,28006794,"Ilsebunt, Ziegentaler Mix (6 x 4 x ca. 30g)","0,72",DR
4260060160229,4260060160120,Ilsekrem Ziegenfrischkse mit Curry,1,DR
4260060160236,4260060160113,Ilsekrem Ziegenfrischkse mit Rucola,1,DR
4260060160212,4260060160007,Ilsekrem Ziegenfrischkse mit Tomate,1,DR
4260060160137,4260060160137,Ilsekrem Ziegenfrischkse Natur,1,DR
4260060160267,28006787,"Ilsewittchen, Ziegentaler Natur (6 x 4 x ca. 30g)","0,72",DR
9004145750586,9004145025844,Im Wechsel Tee Wieder gut TB,6,STN
4086900033023,4086900741324,Immortellenwasser,1,PVL
4035784162701,4035784162701,Immun Complex,1,GSE
4260703370022,4260703370008,Immun Kruterauszug,6,KUU
4260703371838,4260703370534,Immun Shot Wildkruter,10,KUU
4004191925827,4004191025824,Immunstark Fruchtsaft,6,RB
4004191955824,4004191055821,Immunstark Mini Fruchtsaft,24,RB
4000345798842,4000345298847,Indian Linsen Dal,6,EVP
4012346459899,4012346459806,Indien Espresso Kaapi Kerala gemahlen,6,LEB
4012346529295,4012346529202,Indien Gold Broken,6,LEB
4012346554891,4012346520803,Indien Gold TB,12,LEB
4012346462592,4012346462509,Indien Kaapi Kerala Espresso Bohne,4,LEB
7640166799344,7640101098396,Indischer Grill-/Bratkse Paneer Natur,6,ZFK
3360100291201,3360100290105,Ingwer Bonbons,12,ANI
9004145750432,9004145025745,Ingwer Energietee TB,6,STN
4012346156590,4012346156507,Ingwer gemahlen Tte,6,LEB
9004145116221,9004145006799,Ingwer gemahlen Tte,6,STN
9004998002108,9004998002023,Ingwer in Zartbitter Schokolade,10,LAG
4054411014220,4054411014206,Ingwer Kruter Bonbons,20,BFU
9004145750296,9004145025714,Ingwer Kurkuma Tee TB,6,STN
4054411014824,4054411014800,Ingwer Limette und Ingwer Orange Bonbons,20,BFU
4054411014428,4054411014404,Ingwer Mango Bonbons,20,BFU
4004191905195,4004191005192,Ingwer Mix Direktsaft,6,RAB
4012346512891,4012346282701,Ingwer Orange TB,8,LEB
4012346553993,4012346282701,Ingwer Orange TB,12,LEB
9004145750234,9004145025707,Ingwer Ruhe Tee TB,6,STN
4015533058691,4015533058684,Ingwer Shot Zitrone Honig,6,VOE
4015533050855,4015533050848,Ingwer Sirup,6,VOE
4012346542591,4012346542508,Ingwer TB,8,LEB
9004145750357,9004145025721,Ingwer Zitrone Tee TB,6,STN
9004145305960,9004145005969,Ingwer Zitronen Sirup,6,STN
4020943195317,4020943135313,Ingwerreibe (Porzellan),6,ARC
4015533030901,4015533030895,Ingwersaft,12,VOE
4106060218235,4106060074602,Ingwersaft,12,BEU
8437001620111,8437001620005,Initium Navarra rot,6,BOQ
4005537021760,4005537021760,Insektenschutz Sprhlotion,1,ZED
4005537021777,4005537021777,Insektenschutz Sprhlotion intensiv,1,ZED
7611916125720,7611916125720,Inspire Shower Cream Granatapfel,1,WEL
7611916164576,7611916164576,Inspire Shower Cream Granatapfel,1,WEL
4000799609329,4000799109324,Instant Kaffee entkoffeiniert,6,MOU
4012346461199,4012346461106,Instant Kaffee Gourmet,6,LEB
4017645001794,4017645001794,Intense Repair Haarmaske Schachtelhalm,1,LOG
4001638088459,4001638088459,Intensiv Handcreme Granatapfel,1,WEL
4260026693341,4260026693341,Intensiv-Handcreme,1,BIT
4025089081319,4025089081319,INTENSIVE REPAIR Handcreme Sheabutter & Macadamia,1,SAN
4086900030541,4086900030541,Intim Pflegel,1,PVL
4260026691279,4260026691279,Intim Salbe,1,BIT
4260026691262,4260026691262,Intim Wasch Gel,1,BIT
4260026691347,4260026691347,Intim Wasch Schaum,1,BIT
4260026697011,4260026697011,Intim Waschstck,1,BIT
4001638590099,4001638590099,Iris Feuchtigkeitscreme,1,WEL
4001638590105,4001638590105,Iris Nachtpflege,1,WEL
4001638590112,4001638590112,Iris Tagespflege,1,WEL
4000915909500,4000915109504,"Irischer Atlantik Lachs, ger.",4,ISA
4260100266133,4260100261138,Irischer Lachs,10,BLR
4260100266959,4260100261954,"Irischer Lachs, mit Haut",10,BLR
4106060210734,4106060046883,isis bio Alpentee,12,IIS
4106060210758,4106060046906,isis bio Bitter Lemon,12,IIS
4106060212080,4106060048313,isis bio Cola,12,IIS
4106060213209,4106060049365,isis bio Cola Orange,12,IIS
4106060215326,4106060071403,isis bio Ginger Ale,12,IIS
4106060210789,4106060046937,isis bio Granatapfel,12,IIS
4106060210772,4106060046920,isis bio Holunderblte,12,IIS
4106060216897,4106060072929,isis bio Tonic,12,IIS
4106060210741,4106060046890,isis Grner Eistee,12,IIS
4106060221372,4106060076927,Isis Holunder-Himbeere,12,IIS
4106060210765,4106060046913,Isis Orange,12,IIS
4106060221723,4106060077252,Isis Wildkruter,12,IIS
4106060214145,4106060070178,Isis Zitrone,12,IIS
4016249315795,4016249315894,Iss mir nicht Wurst Leberwurst,6,ALO
18008161501700,,Ital. Coppa,1,GBR
18008161501724,8008161501727,Ital. Landschinken Crudo,1,GBR
4260067151527,4260067151527,Ital. Leccino Oliven oh. Stein pikant mariniert,1,CES
4260067151718,4260067151718,Ital. Leccino-Oliven oh. Stein pikant mariniert,1,CES
4260067151695,4260067151695,Ital. Leccino-Oliven ohne Stein,1,CES
4260067151497,4260067151497,Ital. Leccino-Oliven ohne Stein mariniert,1,CES
8008161501796,8008161501796,Ital. Mortadella,1,GBR
8008161501772,8008161501772,Ital. Prosciutto Arrosto alle erbe,1,GBR
8008161501802,8008161501802,Ital. Prosciutto Cotto,1,GBR
8008161501819,8008161501819,Ital. Salame Milano,1,GBR
18008161501731,8008161501734,Ital. Speck,1,GBR
8008161501741,8008161501741,Ital. Variet di Salumi,1,GBR
4012346173900,4012346173900,Italienische Kche,1,LEB
4012346153292,4012346153209,Italienische Kche Tte,6,LEB
4031829700211,4031829253601,Italienische Kruter,10,KL
4260752753159,4260752753005,Italienische Kruter,12,SPC
4038507010037,4038507010020,Jackfrucht Fruchtfleisch Geschnetzeltes,6,GOV
4031829803189,4031829231418,Jagdwurst Gourmet Qualitt im Glas,6,KL
3760253220064,3760253220057,"Janis, Alternative zu Feta SB",4,JJY
4012346516790,4012346276601,Janosch Faulenzertee TB,8,LEB
4012346559995,4012346559902,Janosch Sáschnabel,8,LEB
4012346516998,4012346276700,Janosch Tigertee TB,8,LEB
4012346517094,4012346277806,Janosch Waldbrentee TB,8,LEB
4022346912133,4022346612132,Japan Sencha extra fine,5,HEU
4086900021037,4086900111202,Jasmin 4%,1,PVL
4012346536682,4012346536682,Jasmin Tee,1,LEB
4019838190933,4019838090936,Jasmin Traditionell,5,CDO
4012346206295,4012346206202,Jasmin und Grn TB,6,LEB
4022381022552,4022381022545,Jasminreis weiá,4,SPI
9120009120415,9120009120361,Jausen Gurkerl,9,LUZ
3760253220491,3760253220484,"Jean-Jacques - vegane Alternative, SB",4,JJY
3760253220453,3760253220330,"Jeanne - vegane Blauschimmel Alternative, SB",4,JJY
4019838190438,4019838090431,Jeju Island Green,5,CDO
95701975209938,,Jens Langkniv hhlengereift 20%,"1,3",TMJ
4260009210398,4260009210398,Jeunesse Tagescreme,1,PVD
4000345948346,4000345048343,Jgersauce feinkrnig,12,NCO
3760253220477,3760253220378,"Jil - vegane Bche Alternative, SB",4,JJY
4038857114072,4038857114010,Jo Frutti,12,KV
4047679120031,4047679120017,Jod Natur,12,LHQ
4017194467607,4017194467607,"Joghurt 3,5% stichfest 5kg",1,SBG
4017194964106,4017194464101,"Joghurt ABC 3,5%",6,SBG
4017194965301,4017194465306,"Joghurt Bananensplit 3,5%",6,SBG
4008471711179,4008471492108,"Joghurt Blaubeere 3,8%",6,SB
4008471711261,4008471486503,"Joghurt Blaubeere 3,8%",6,SB
4104060489754,4104060031854,"Joghurt Bratapfel 3,8%",6,AND
4017194460417,4017194960412,"Joghurt Erdbeere 3,5%",6,SBG
4017194968401,4017194468406,"Joghurt Erdbeere 3,5%",6,SBG
4101530015208,4101530008835,"Joghurt Erdbeere 3,9%",10,BGL
4008471712404,4008471495093,"Joghurt Erdbeere-Guave 3,8%",6,SB
4008471712190,4008471495048,"Joghurt Feige Zimt 3,8%",6,SB
4008471700890,4008471500148,"Joghurt fettarm 1,5%",6,SB
4017194962133,4017194462138,"Joghurt fettarm 1,8%",3,SBG
4104060485831,4104060028731,"Joghurt Fit mit 0,1%, im Becher",6,AND
4104060486227,4104060031427,"Joghurt griechische Art 0,2%",6,AND
4104060485442,4104060030642,"Joghurt griechische Art 0,2% (4x100g Cluster)",6,AND
4262452080030,4262452080023,"Joghurt griechische Art Kirsche 7,5%",6,GLM
4262452080054,4262452080047,"Joghurt griechische Art Vanille 7,5%",6,GLM
4008471712398,4008471490753,Joghurt griechischer Art auf Feige-Sonnenblumenker,6,SB
4008471712374,4008471490739,Joghurt griechischer Art auf Honig,6,SB
4008471712381,4008471490746,Joghurt griechischer Art auf Orange,6,SB
4017194960313,4017194460318,"Joghurt Heidelbeere 3,5%",6,SBG
4008471711216,4008471492146,"Joghurt Himbeer-Granatapfel 3,8%",6,SB
4104060481987,4104060011184,"Joghurt Himbeer-Holunder 3,8%",6,AND
4017194961914,4017194461919,"Joghurt Himbeere 3,5 %",6,SBG
4101530014584,4101530001485,"Joghurt Himbeere 3,9% laktosefrei",10,BGL
4008471711292,4008471486534,"Joghurt Himbeere-Granatapfel 3,8%",6,SB
4017194968937,4017194468932,"Joghurt Holunderblte-Lemon 3,5%",6,SBG
4017194968845,4017194468840,"Joghurt Honig-Walnuss 3,5%",6,SBG
4017194965813,4017194465818,"Joghurt Kirsche 3,5%",6,SBG
4017194109484,4017194009487,"Joghurt Kirsche Holunder 3,5%",6,SBG
4017194965325,4017194465320,"Joghurt Kirsche Schokosplits 3,5%",6,SBG
4008471712411,4008471495109,"Joghurt Kiwi-Stachelbeere 3,8%",6,SB
4104060480522,4104060024726,"Joghurt Latte Macchiatto 3,8%",6,AND
4017194969835,4017194469830,"Joghurt Mango 3,5 %",6,SBG
4008471708339,4008471493587,"Joghurt Mango Mousse 7,5%",6,SB
4104060480645,4104060011030,"Joghurt Mango Vanille 3,8%",6,AND
4008471711186,4008471492115,"Joghurt Mango-Vanille 3,8%",6,SB
4008471711278,4008471486510,"Joghurt Mango-Vanille 3,8%",6,SB
4017194965349,4017194465344,"Joghurt Matcha Latte 3,5%",6,SBG
4104060489105,4104060032905,"Joghurt Matcha-Mango 3,8%",6,AND
4104060480638,4104060012211,"Joghurt mild 0,1%",6,AND
4104060480614,4104060010965,"Joghurt mild 1,8 %",6,AND
4104060480515,4104060024740,"Joghurt mild 1,8%, im Becher",6,AND
4104060480607,4104060000065,"Joghurt mild 3,8%",6,AND
4104060480652,4104060010958,"Joghurt mild 3,8%",10,AND
4008471700975,4008471500186,"Joghurt mild 3,8%, cremig gerhrt",10,SB
4104060479991,4104060024757,"Joghurt mild 3,8%, im Becher",6,AND
4104060482649,4104060000041,"Joghurt mild Erdbeere 3,8%",6,AND
4101530003533,4101530003533,"Joghurt mild fettarm 1,7%, 5kg",1,BGL
4104060484650,4104060028250,Joghurt mild Heidelbe.-Cassis,6,AND
4104060485275,4104060029059,"Joghurt mild Heidelbeere 3,8%",6,AND
4104060484223,4104060027017,"Joghurt mild Himbeere 3,8%",10,AND
4008471701606,4008471507925,"Joghurt mild Himbeere 7,5%",6,SB
4008471701583,4008471507901,"Joghurt mild Kokos 7,5%",6,SB
4104060485268,4104060029066,"Joghurt mild Mango 3,8%",6,AND
4104060485411,4104060026386,"Joghurt mild Mango 3,8%",10,AND
4104060482755,4104060025679,"Joghurt mild Mango-Vanille 3,8%",6,AND
4104060479960,4104060011245,"Joghurt mild Natur 3,8%",6,AND
4104060479977,4104060011399,Joghurt mild Pfirsich-Maracuja,6,AND
4104060484254,4104060028175,"Joghurt mild Stracciatella 3,7%",10,AND
4104060483387,4104060027291,"Joghurt mild Stracciatella 3,8%",6,AND
4104060485428,4104060026393,"Joghurt mild Vanille 3,8%",10,AND
4008471707165,4008471500193,"Joghurt mild, cremig gerhrt",6,SB
4017194964212,4017194464217,"Joghurt Natur - Vollmilch 3,5%",6,SBG
4008471701088,4008471503040,"Joghurt Natur 1,5%",10,SB
4026367947716,4026367047713,"Joghurt natur 1,5% cremig gerhrt",6,UBM
4101530008385,4101530008170,"Joghurt natur 3,5% laktosefrei",8,BGL
4101530014560,4101530002116,"Joghurt natur 3,5% laktosefrei",10,BGL
4026367947709,4026367047706,"Joghurt natur 3,7% cremig gerhrt",6,UBM
4008471701439,4008471503057,"Joghurt Natur cremig ger. 1,5%",6,SB
4008471701095,4008471503064,"Joghurt Natur cremig ger. 3,8%",6,SB
4008471711575,4008471498414,"Joghurt Natur cremig gerhrt 3,5%",6,SB
4017194962225,4017194462220,"Joghurt Natur mild 3,5%",6,SBG
4101530014577,4101530008132,"Joghurt Natur mild 3,5%",10,BGL
4008471711483,4008471492849,"Joghurt Natur NRW 3,8%",6,SB
4104060489112,4104060032912,"Joghurt Passionsfrucht-Guave 3,8%",6,AND
4017194109439,4017194009432,"Joghurt Pfirsich-Maracuja 3,5%",6,SBG
4008471711193,4008471492122,"Joghurt Pfirsich-Maracuja 3,8%",6,SB
4008471711285,4008471486527,"Joghurt Pfirsich-Maracuja 3,8%",6,SB
4017194965332,4017194465337,"Joghurt Pflaume Vanille 3,5%",6,SBG
4104060489372,4104060032172,"Joghurt Pumpkin Spice 3,8%",6,AND
4260026431776,4260026431738,"Joghurt pur Aprikose 3,5%",6,GLM
4260026431936,4260026431868,"Joghurt pur Blaubeere 3,5%",6,GLM
4260026431554,4260026431547,"Joghurt pur Himbeere 3,5%",6,GLM
4262452080146,4262452080139,"Joghurt pur Mango 3,5%",6,GLM
4008471700883,4008471504009,"Joghurt Sanddorn-Orange 3,8%",6,SB
4017194964311,4017194464316,"Joghurt stichfest 3,5%",6,SBG
4008471700944,4008471500124,"Joghurt stichfest, 3,8%",6,SB
4017194969019,4017194469014,"Joghurt Stracciatella 3,5%",6,SBG
4104060489310,4104060032110,"Joghurt Stracciatella 3,8%",6,AND
4008471701613,4008471507932,"Joghurt Stracciatella 7,5%",6,SB
4017194107862,4017194007865,Joghurt Vanille,3,SBG
4017194965011,4017194465016,"Joghurt Vanille 3,5%",6,SBG
4008471701187,4008471503996,"Joghurt Vanille 3,8%",6,SB
4104060481970,4104060000058,"Joghurt Vanille 3,8%",6,AND
4101530014591,4101530002109,"Joghurt Vanille 3,9% laktosefrei",10,BGL
4017194107831,4017194007834,"Joghurt Vollmilch 3,5%",3,SBG
4008471712237,4008471495062,"Joghurt Winter Orange 3,8%",6,SB
4008471707622,4008471497042,"Joghurt Zitronencreme 7,5%",6,SB
4260112341040,4260112341040,Joghurtbereiter stromlos mint,1,MYY
4032105000469,4032105000469,Joghurtbrot - Baloo spezial,1,SB
4017194964120,4017194464125,"Joghurtdrink ABC 1,5%",6,SBG
4005394181096,4005394287392,Johannisbrotkernmehl,12,BVE
9004145302051,9004145002050,Johanniskraut lose,6,STN
4086900029156,4086900743564,Johanniskrautl,1,PVL
4086900029439,4086900745568,Johanniskrautl,1,PVL
4260491971685,4260491971579,Johanniter trocken weiá,6,WCX
4260491972255,4260491972149,Johanniter trocken weiá,6,WCX
4086900029163,4086900743571,Jojobal,1,PVL
4086900029446,4086900745575,Jojobal,1,PVL
3760253220460,3760253220118,"Josphine - vegane Brie Alternative, SB",4,JJY
4018874623207,4018874023205,Jubilums-Mottenbox,6,ARI
4005537124607,4005537024600,Juckreiz Stop Rollstift,12,ZED
4260198097022,4260198097022,Jumbo Lipstick apricot affair,1,BEN
4260198097046,4260198097046,Jumbo Lipstick cherry lady,1,BEN
4260198097015,4260198097015,Jumbo Lipstick red delight,1,BEN
4260198097039,4260198097039,Jumbo Lipstick rosy brown,1,BEN
4260198097008,4260198097008,Jumbo Lipstick warm sunset,1,BEN
4026813051080,4026813050076,Jumbo Pommes Frites,6,NCL
4031829700341,4031829252406,"Junge Erbsen, zart und sá",10,KL
4015141660156,4015141060154,"JuniPaero 0,0 % vol.",6,LDM
4012346459998,4012346459905,Kaapi Kerala Espresso ganze Bohne,6,LEB
4250073450196,4250073450189,Kabeljau Filets MSC,10,FWO
4250073463899,4250073463882,Kabeljau Filets MSC,10,FWO
4250073451292,4250073451285,"Kabeljau Filets, paniert",10,FWO
4026813281197,4026813280190,Kabeljau-Filets natur,8,WOC
4026813281067,4026813280022,"Kabeljau-Filets, mit Panade",6,WOC
4250073450707,4250073450691,Kabeljau-Fischstbchen,10,FWO
4260198094519,4260198094519,Kabuki Brush Colour Edition,1,BEN
4015141647171,4015141047179,Kaffee Arabica Likr,6,LDM
4013320116722,4013320116432,Kaffee benita instant fairness,6,GEP
4013320059272,4013320350607,Kaffee Esperanza gemahlen,6,GEP
4012346463193,4012346463100,Kaffee Gourmet entkoffeiniert ganze Bohne,6,LEB
4013320227893,4013320042236,Kaffee Guatemala Pur gemahlen,6,GEP
4013320227879,4013320225196,Kaffee Kolumbien Pur gemahlen,6,GEP
4013320188231,4013320019696,Kaffee Organico Bohne,6,GEP
4013320242377,4013320035009,Kaffee Organico gemahlen,6,GEP
4013320242384,4013320035016,Kaffee Organico gemahlen entkoffeiniert,6,GEP
4000799609299,4000799109294,Kaffee Pads,10,MOU
4000799610592,4000799110597,Kaffee Pads,10,MOU
4013320188262,4013320110539,"Kaffee Sereno, gemahlen, entkoffeiniert",6,GEP
4000799610196,4000799109461,Kaffee und Malz Instant,6,MOU
4017194932211,4017194432216,"Kaffeedrink Cappuccino 3,8%",6,SBG
4017194932228,4017194432223,Kaffeedrink Espresso,6,SBG
4012346630496,4012346630403,Kaffeefilter Gr 4 Papier,18,LEB
4005967506844,4005967003527,Kaffeehaus Schnitte,16,ROS
5411128500078,8711823191456,Kaffeekekse,9,RIT
4008230381513,4008230381506,Kaffeemilch 4% Fett,20,SLI
4008230201514,4008230201507,Kaffeesahne 10% Fett,20,SLI
4008230202511,4008230202504,Kaffeesahne 10% Fett,15,SLI
4028112059002,4028112059002,Kaiserbrtchen,60,SDL
4260360276170,4260360271175,Kaiserbrtchen,6,NPU
9001969457004,9001969457011,Kaiserschmarrn,6,HGR
4024297000853,4024297467489,Kakao,10,NAT
8713576639032,8713576239034,Kakao Antioxidant Pulver RAW,6,TER
4005967007730,4005967007723,Kakao Bananen Msli,6,ROS
4005967007655,4005967007648,Kakao Crunchy Erdbeeren,6,ROS
4024297000648,4024297468417,Kakao Getrnk Instant,6,NAT
4270003151641,4270003151610,Kakao Karamell Riegel,20,CDI
4260311981542,4260311980026,Kakao Kekse,7,MGL
4005967508053,4005967004418,Kakao Mandeln,6,ROS
4015141647072,4015141047070,Kakao mit Nuss Likr,6,LDM
4005561009154,4005561109151,Kakao Monde,6,BOL
4019339016688,4019339414521,Kakao Nibs,8,DAV
4005967007679,4005967007662,Kakao Porridge,6,ROS
4005394105634,4005394202036,Kakao schwach entlt,6,BVE
4024297000846,4024297467380,Kakao stark entlt,10,NAT
4017194930903,4017194009333,"Kakao-Milch 6x0,5l",6,SBG
8713576636246,8713576236248,Kakaobohnen RAW,6,TER
8713576636253,8713576236255,Kakaonibs RAW,6,TER
4013320217139,4013320214817,Kakaopulver Amaribe stark entlt,6,GEP
4022346851852,4022346351857,Kala Namak indisch Schwarzsalz,5,HEU
5202423210119,5202423200110,Kalamata Oliven al Naturale entkernt,6,MAN
5202423210096,5202423200097,Kalamata Oliven al Naturale mit Stein,6,MAN
5202423210102,5202423200103,Kalamata Oliven entkernt,6,MAN
4260067151114,4260067150940,Kalamata Oliven in Lake natur ohne Stein,6,CES
4260067151183,4260067150971,Kalamata Oliven in Olivenl mit Stein,6,CES
4260067151305,4260067152470,Kalamata Oliven mit Krutern ohne Stein,6,CES
4260067150681,4260067150681,"Kalamata Oliven natur, mit Stein",1,CES
5200104106133,5200104106133,Kalamata Oliven ohne Stein,1,EPI
5200104101183,5200104101107,Kalamata Oliven ohne Stein schw,6,EPI
4000915305548,4000915105544,"Kalamata Oliven ohne Stein, mariniert",4,ISA
5200104109417,5200104109110,"Kalamata Oliven, ohne Stein, Rohkost",2,EPI
5202423416467,5202423281836,Kalamata Olivenpaste,6,MAN
5200104101619,5200104101602,"Kalamata-Oliven, ohne Stein",6,EPI
4007547313002,4007547303003,Kalklser,6,SNT
4260423370456,4260423370449,Kamilla Frischkse Knofi/Klee,4,JMH
4022346813157,4022346313152,Kamille,5,HEU
9004145302068,9004145002067,Kamille lose,6,STN
9004145322134,9004145022133,Kamille TB,6,STN
4012346551791,4012346277608,Kamillen Tee TB,12,LEB
4012346222097,4012346222004,Kamillentee,6,LEB
4026813281357,4026813280329,Kammmuscheln,8,WOC
4019339003091,4019339122181,KamutŠ,8,DAV
4022381013697,4022381013680,KamutŠ Flocken,4,SPI
4032105003866,4032105003866,KamutŠ Stuten Dattel-Walnuss,1,KKB
4032105002036,4032105002036,KamutŠ-Amaranth,1,KKB
4032105002029,4032105002029,KamutŠ-Amaranth-Schrotling,1,KKB
4032105000568,4032105000568,KamutŠKrbis,1,KKB
4003488000919,4003488000902,"Kanne BrolactaŠ 0,75 l",6,KAN
4003488000117,4003488000100,Kanne BrottrunkŠ,6,KAN
4260198098050,4260198098050,Kaolin Repair,1,BEN
8018759006916,8018759001911,Kapern in Essig,6,SEL
4009309526316,4009309522318,Kapern in Essig im Glas,1,MAR
4000915304619,4000915104615,Kapern in Essig Sud,6,ISA
5202423211123,5202423201124,Kapern in Olivenl,6,MAN
4260096394094,4260096393097,Karamellsirup agava,6,AGA
4015537503418,4015537003437,Karamellwaffeln gf,6,HMO
9004145750913,9004145008953,Kardamom ganz,6,STN
4012346158198,4012346158105,Kardamom ganz geschlt Tte,6,LEB
9004145750807,9004145008779,Kardamom gemahlen,6,STN
4012346128795,4012346128702,Kardamom gemahlen Tte,10,LEB
4012346178493,4012346178400,Kardamom Kapseln,6,LEB
4005561903438,4005561006603,KaribiX Hafer Fruchtkeks,6,BOL
4015533024429,4015533024412,Karotte Mango,6,VOE
7640161875722,7640161875715,Karotten,6,HOL
7640230491747,7640230491730,Karotten Kartoffeln Rind,6,HOL
7640230492300,7640230492294,Karotten mit Kartoffeln,6,HOL
9120009121139,9120009120354,Karotten Selleriesalat,9,LUZ
4260155028205,4260155021077,Karotten-Ingwer-Suppe,4,JOO
4026584904325,4026584104329,Karotten-Sesam-Fritten,6,SOF
4106060203316,4106060041062,Karottensaft Rodelika milchsauer,6,BEU
4106060203286,4106060040096,Karottensaft Rothild/ Rodelika,6,BEU
4000503755595,4031829232002,Kartoffel Creme Suppe,6,KL
4031779000836,4031779628344,Kartoffel Krusti SB,8,MOI
4260148651120,4260148651205,Kartoffel Salat mit Gurke in veganer Senfmarinade,4,PUF
4026813333308,4026813334039,"Kartoffel-Schupfnudeln, 1x5 kg",1,DFE
4026813153135,4026813154064,"Kartoffel-Wedges mit Schale, 4x2,5 kg",1,DFE
4032105003859,4032105003859,"Kartoffelbrot, 500g",1,SB
4022381053853,4022381053846,Kartoffelbrotmehl,6,SPI
4262365210104,4262365210043,Kartoffelchips Gemsepaprika,10,JON
8711812424978,8711823122207,Kartoffelchips Meersalz,12,RIT
8711812425043,8711823122191,Kartoffelchips Paprika,12,RIT
4262365210111,4262365210050,Kartoffelchips Steinsalz,10,JON
4262365210128,4262365210067,Kartoffelchips Tomate,10,JON
4260435775379,4260435775263,Kartoffelknaller,6,SPC
4026813153180,4026813153180,Kartoffelkndel,1,DFE
4009268096592,4009268006591,Kartoffelkndel halb und halb,8,BGK
4022381019095,4022381019088,Kartoffelkndel halb&halb,10,BUM
4015637800233,4015637821276,Kartoffelmehl (Strke) gf,6,BAK
4022381033947,4022381033930,Kartoffelmehl gf,4,SPI
7640230490955,7640230490948,Kartoffeln Erbsen Zucchini,6,HOL
4022381019057,4022381019040,Kartoffelpree,10,BUM
4026813151124,4026813150134,Kartoffelpuffer,10,NCL
4022381019071,4022381019064,Kartoffelpuffer / Reibekuchen,10,BUM
4045800914573,4045800773163,Kartoffelsalat mit Essig u. l,3,GRH
4045800914580,4045800773170,Kartoffelsalat mit Mayonnaise,3,GRH
4260155028182,4260155021053,Kartoffelsuppe,4,JOO
4250096904058,4250096906359,Kartoffelsuppe Suppenliebe,6,KBH
4028112059552,4028112059552,KartpfelchenŠ,54,SDL
4028112010010,4028112008772,KartpfelchenŠ (5 St) SB,9,SDL
4015637804033,4015637823737,Kastanienmehl gf,6,BAK
8714265972034,8714265071362,Katze Dose Brckchen Huhn,12,YAR
8714265972072,8714265071225,Katze Dose Brckchen Huhn u. Rind,12,YAR
8714265972058,8714265071423,Katze Dose Brckchen Huhn u. Truthahn,12,YAR
8714265971952,8714265270383,Katze Dose Pastete Fisch getreidefrei,12,YAR
8714265971914,8714265270369,Katze Dose Pastete Huhn getreidefrei,12,YAR
8714265973727,8714265973727,Katze Katzenstreu,1,YAR
8714265000836,8714265000829,Katze Pouch Filets mit Huhn in Soáe,14,YAR
8714265000812,8714265000805,Katze Pouch Truthahn Filets in Soáe,14,YAR
8714265973208,8714265090127,Katze Schale Brckchen Fisch getreidefrei,16,YAR
8714265973185,8714265290350,Katze Schale Brckchen Huhn u. Truthah getreidefr.,16,YAR
8714265002137,8714265002120,Katze Schale Pastete Huhn Einzelprote getreidefrei,16,YAR
8714265973253,8714265973154,Katze Schale Pastete Huhn u. Truthahn getreidefrei,16,YAR
8714265002304,8714265002298,Katze Schale Pastete Huhn und Ente getreidefrei,16,YAR
8714265973222,8714265090523,Katze Schale Pastete Lachs getreidefrei,16,YAR
8714265973246,8714265973147,Katze Schale Pastete Rind getreidefrei,16,YAR
8714265000027,8714265000010,Katze Trockenfutter Huhn,6,YAR
8714265000065,8714265000065,Katze Trockenfutter Huhn,1,YAR
8714265000089,8714265000072,Katze Trockenfutter Huhn u. Fisch,6,YAR
8714265000140,8714265000133,Katze Trockenfutter Huhn u. Fisch getreidefrei,6,YAR
8714265000850,8714265000843,Katzen Pouch Rind Filets in Soáe,14,YAR
7503011006328,7503011006083,Kaugummi Limone,10,CCZ
7503011006304,7503011006052,Kaugummi Minze,10,CCZ
7503011006311,7503010108061,Kaugummi Spearmint,10,CCZ
4019886619868,4019886019866,Kchenreiniger Spray,6,SOD
4039468025450,4039468025443,Kchenrollen 3-lagig,15,MEM
4019886680363,4019886080361,Kchenseife,6,SOD
4104060489853,4104060031953,"Kefir 1,5% - im Becher",6,AND
4260112342023,4260112342023,Kefir Ferment,1,MYY
4101530015291,4101530010265,"Kefir Fettarm 1,5 %",8,BGL
4008471711803,4008471492894,"Kefir mild 1,5%",6,SB
4017194931405,4017194009814,"Kefir mild 1,5%",6,SBG
4017194969897,4017194469892,"Kefir mild 1,5%",6,SBG
9004145301061,9004145001060,Keimsaat Alfalfa,6,STN
9004145301184,9004145001183,Keimsaat Bockshornklee,6,STN
9004145301078,9004145001077,Keimsaat Kresse,6,STN
9004145301139,9004145001138,Keimsaat Mungbohnen,6,STN
9004145301108,9004145001107,Keimsaat Radieschen,6,STN
9004145307834,9004145007833,Keimsaat Sprossen Mix,6,STN
9004145129597,9004145012318,Keimtrio,6,STN
4005561904039,4005561007501,KeksFreunde Schoko,6,BOL
4005561904053,4005561007525,KeksFreunde Vanille,6,BOL
4005561904046,4005561007518,KeksFreunde Zitrone,6,BOL
4014807201023,4014807001029,Keller Bier 1402,20,ST
4018157130149,4018157130149,Kellnermesser,1,XXX
4022346813591,4022346313596,Keltische Kruterkche Tte,5,HEU
4022346834305,4022346334300,Keltischer Haustee,5,HEU
4022346853955,4022346353950,Keltisches Wrzsalz Dose,5,HEU
4022346813652,4022346313657,Kerbel gerebelt,5,HEU
4007547212114,4007547202115,Kernseife,28,SNT
4019886679121,4019886079129,Kernseife pflanzlich,12,SOD
4046203043648,4046203417012,Kerze im Glas Orange Vanille,6,KFH
4046203226911,4046203417456,Kerze im Glas Vanille Zimt,6,KFH
4046203043518,4046203417067,Kerze im Glas Weihnachtstraum,6,KFH
4260026433978,4260026433510,Kesselmeister Camembert,5,GLM
8713576503388,8713576003383,Ketjap Manis,6,TER
4086900383609,4086900383609,Khlendes Hautspray,1,PVL
4009309553176,4009309553176,Kichererbsen,1,MAR
4009309553619,4009309553213,Kichererbsen,6,MAR
4009309955321,4009309552698,Kichererbsen,6,MAR
4019339004241,4019339440100,Kichererbsen,8,DAV
4019339011102,4019339487167,Kichererbsen,6,DAV
4022381034784,4022381034777,Kichererbsen,4,SPI
4260360276507,4260360271502,Kichererbsen,6,NPU
4260360276880,4260360271885,Kichererbsen,6,NPU
4260360277023,4260360272028,Kichererbsen,6,NPU
8718976002448,8718976002448,Kichererbsen,1,DOI
4005561904169,4005561007884,Kichererbsen Falafel,7,BOL
4260360276514,4260360271519,Kichererbsen in Tomatensauce,6,NPU
9120081090279,9120081090224,Kichererbsen Miso,6,GKO
4018462251614,4018462251607,Kichererbsen Waffeln VM,12,BYO
4018462251515,4018462251508,Kichererbsen Waffeln ZB,12,BYO
8711812414948,8711812414870,Kichererbsenchips Meersalz,8,RIT
8711812414665,8711812414597,Kichererbsenchips Paprika,8,RIT
8711812414801,8711812414733,Kichererbsenchips Rosmarin,8,RIT
8711812418991,8711812418922,Kichererbsenchips Sour Cream Onion,8,RIT
4015637805054,4015637824697,Kichererbsenmehl gf,6,BAK
4022381035149,4022381034791,Kichererbsenmehl gf,4,SPI
4260651480040,4260651480033,KicherSoja Fettuccine,6,JTT
4009309551172,4009309551172,Kidneybohnen,1,MAR
4009309556269,4009309551264,Kidneybohnen,6,MAR
4009309955123,4009309512722,Kidneybohnen,6,MAR
4019339011072,4019339487136,Kidneybohnen,6,DAV
4260360276521,4260360271526,Kidneybohnen,6,NPU
4001638175104,4001638075107,Kids 2in1 Shower & Shampoo Limette,1,WEL
4001638175111,4001638075114,Kids 2in1 Shower & Shampoo Orange,1,WEL
4260397794203,4260397794203,Kids Hand Schaumseife Maus Pfirsich,1,HYD
4018722003137,4018722302599,Kids Pasta Dino Nudeln,12,AGO
4018722010203,4018722345152,Kids Pasta Zoo Dinkel Nudeln,12,AGO
4260397795163,4260397795163,Kids Zahncreme Maus,1,HYD
4000915302028,4000915102024,Kimchi Das Original - mit Knoblauch,4,ISA
9004145142183,9004145012684,Kimchi Gewrz,6,STN
4000915302004,4000915102000,Kimchi Ingwer,4,ISA
4035784161650,4035784161650,Kinder Aktiv Complex,1,GSE
4019736006176,4019736006169,Kinder Ketchup mit Apfelsáe,6,ZWE
4007547217409,4007547207400,Kinder Schaumseife Calendula,6,SNT
4007547277304,4007547207301,Kinder Schaumseife Calendula,6,SNT
4260623225099,4260623225082,Kinder Tomatensauce,6,SWL
4019736003731,4019736003748,Kinder Tomatensauce m. Apfelsáe,6,ZWE
4001638081863,4001638081863,Kinder Zahngel,1,WEL
4012346250700,4012346250700,Kinderfrchtetee,1,LEB
7640230493345,7640230493338,Kinderfrhstck Choco Chipmunk,6,HOL
7640230493321,7640230493314,Kinderfrhstck Lama Loops,6,HOL
4018462157718,4018462157701,Kinderketchup,6,BYO
4260397794128,4260397794128,Kinderzahnbrste Elefant,1,HYD
4260397795811,4260397795811,Kinderzahnbrste Elefant,1,HYD
4260397794104,4260397794104,Kinderzahnbrste Maus,1,HYD
7611650310949,7611650310048,"Kirsch 0,02l",12,HUA
4260360277580,4260360272585,Kirsch Grtze,6,NPU
4005967506899,4005967003572,Kirsch Marzipan Schnitte,18,ROS
4000915306842,4000915106848,Kirschpaprika mit Feta-Creme,2,ISA
4260067150025,4260067150025,"Kirschpeperoni pikant, mariniert",1,CES
4260067150377,4260067150377,"Kirschpeperoni pikant, mariniert",1,CES
4260013330075,4260013330075,Kirschsteinkissen ca. 800g 7 Kammern,1,ATX
4028112077099,4028112077099,Kirschstrudel,60,SDL
8717496906199,8717496906182,Kirschtomaten in Tomatensaft,12,LBI
4028112059972,4028112059972,kissŠ,60,SDL
4028112010065,4028112008789,kissŠ (5 St.) SB,10,SDL
4019736010722,4019736010128,Kl Streich Rote Bete Meerrett,12,ZWE
4000345946007,4000345046004,Klare Gemsebrhe,12,NCO
4000345946083,4000345046080,Klare Gemsebrhe feinkrnig,6,NCO
4000345946113,4000345046110,Klare Gemsebrhe fettfrei,6,NCO
4007547318106,4007547308107,Klarspler,6,SNT
4019886600804,4019886000802,Klarspler,6,SOD
4260623225013,4260623225006,Klassische Tomatensauce,6,SWL
4022993059892,4022993045857,Klassisches Baguette gf,6,STZ
8053323649113,8053323644118,Kleine Geschlte Tomaten,6,SEL
4004191917730,4004191017737,Kleine Pause Tetra,15,RB
98412439285005,8412439285002,Kleine Sardinen in Olivenl,10,PDM
4000430617478,4000430005800,Kleine Tierwelt Dinkel VK,8,WER
4260158470452,4260158470445,Kleine Ziege,"1,7",BAC
4019736010609,4019736010005,Kleiner Streich 4 Pfeffer,12,ZWE
4019736005377,4019736005360,Kleiner Streich Arrabitom,12,ZWE
4019736010616,4019736010012,Kleiner Streich Aubergine,12,ZWE
4019736010630,4019736010036,Kleiner Streich Basilikum,12,ZWE
4019736012030,4019736010838,Kleiner Streich Basitom,12,ZWE
4019736010623,4019736010029,Kleiner Streich Brlauch,12,ZWE
4019736010647,4019736010043,Kleiner Streich Brotzeit,12,ZWE
4019736005971,4019736005964,Kleiner Streich Bruschesto,12,ZWE
4019736010678,4019736010074,Kleiner Streich Krbis Orange,12,ZWE
4019736010661,4019736010067,Kleiner Streich Kruter Tomate,12,ZWE
4019736010685,4019736010081,Kleiner Streich Mango Curry,12,ZWE
4019736010692,4019736010098,Kleiner Streich Meerrettich,12,ZWE
4019736005391,4019736005384,Kleiner Streich Mepfel,12,ZWE
4019736005957,4019736005940,Kleiner Streich Papayango,12,ZWE
4019736010708,4019736010104,Kleiner Streich Paprika Chilli,12,ZWE
4019736010746,4019736010142,Kleiner Streich Rucola Senf,12,ZWE
4019736010739,4019736010135,Kleiner Streich Rucola Tomate,12,ZWE
4019736010753,4019736010159,Kleiner Streich Schnittlauch,12,ZWE
4019736005933,4019736005926,Kleiner Streich Sendi,12,ZWE
4019736010760,4019736010166,Kleiner Streich Sonnen Tomate,12,ZWE
4019736010715,4019736010111,Kleiner Streich Streich Mediterran,12,ZWE
4019736010791,4019736010173,Kleiner Streich Tomate Olive,12,ZWE
4019736010654,4019736010050,Kleiner Zwergenstreich,12,ZWE
4001638500210,4001638500210,Klrendes Waschgel,1,WEL
4012346107288,4012346107202,Kmmel ganz,1,LEB
4260752753401,4260752753395,Kmmel ganz,12,SPC
4012346156798,4012346156705,Kmmel ganz Tte,6,LEB
4022346814581,4022346314586,Kmmel ganz Tte,5,HEU
9004145303027,9004145003026,Kmmel ganz Tte,6,STN
4012346155791,4012346155708,Kmmel gemahlen Tte,6,LEB
9004145303034,9004145003033,Kmmel gemahlen Tte,6,STN
4009268096585,4009268006584,Kndelinos (Mini Kartoffelkndel),8,BGK
4250073462380,4250073460034,Knoblauch Baguette,12,FWO
4260752753470,4260752752848,Knoblauch Granulat,12,SPC
9004145303256,9004145003255,Knoblauch granuliert,6,STN
5202423129176,5202423124171,Knoblauch in Olivenl,6,MAN
4031779001161,4031779708824,Knoblauch Kruste,8,MOI
4250442400821,4250442400821,Knoblauch Salamisticks,1,MAX
4018462192016,4018462192009,Knoblauch Sauce,6,BYO
4024297021421,4024297021414,Knoblauch Sauce,6,NAT
4012346159492,4012346159409,Knoblauchgranulat Tte,6,LEB
4030917060206,4030917060107,Knoblauchsauce,6,SAC
4260491771483,4260491770936,Knochenbrhe Huhn,6,BOX
4260491771476,4260491770912,Knochenbrhe Rind,6,BOX
4031829804100,4031829262016,Knochenbrhe vom Bio-Huhn,6,KL
4031829804094,4031829262009,Knochenbrhe vom Bio-Rind,6,KL
24260012647321,4260012647327,Knollensellerie Porthos,5,BIN
4018722003465,4018722303237,Knpfle frisch,6,ALU
4015637803449,4015637823119,Knusper Frhstck Zartbitter gf,6,BAK
4031829701027,4031829254172,Knusper Gemse-Stbchen,6,KL
4031829700631,4031829254158,Knusper Kartoffeltaschen,10,KL
4031829700723,4031829254110,Knusper Kroketten,8,KL
4031829700648,4031829254141,"Knusper Pommes Original,12x12mm",12,KL
4031829700709,4031829254134,"Knusper Pommes Wellenschnitt,12x12mm",12,KL
4031829700716,4031829254165,Knusper Rsti,6,KL
4000381030340,4000381003030,Knusperbrezel,20,HUO
4000381071244,4000381007120,Knusperbrezel Dinkel mit Sesam,12,ERD
4018462253113,4018462253106,Knusperecken Mais gf,12,BYO
4018462253212,4018462253205,Knusperecken Mais Hlsenfrchte gf,12,BYO
4018462253717,4018462253700,Knusperecken Rote Linse Protein gf,12,BYO
4018462253410,4018462253403,Knusperecken Roter Reis Kichererbse gf,12,BYO
15425038430445,5425038430448,Knusperkissen mit Erdnussfllung zuckerarm gf,8,TUE
4002317864050,4002317164051,Knusperpralinen,6,MKR
4260232635074,4260232635074,Knusperstange Asia vegan Theke,25,JOU
4260232635128,4260232635128,Knusperstange Bolognese Theke,25,JOU
4260232633667,4260232633667,Knusperstange Humus Tomate Theke,25,JOU
4260232635470,4260232635470,Knusperstange Krbis-Ingwer Theke,25,JOU
4260232635487,4260232635487,Knusperstange Linse Kichererbse vegan Theke,25,JOU
4260232635111,4260232635111,Knusperstange Spinat-Kse Theke,25,JOU
4260232635081,4260232635081,Knusperstange Tomate vegan Theke,25,JOU
4260360275593,4260360270604,Knusperwaffeln,7,NPU
8053323648802,8053323643807,Knusprige Fladen Rosmarin,10,SEL
4021234902454,4021234102458,Knuspy Kids Knusperbllchen,6,BHO
4019886105200,4019886005203,ko Haushaltstcher,10,SOD
4019886605182,4019886005173,ko Schwammtcher,20,SOD
4007547625006,4007547605008,ko Splschwamm,6,SNT
4260452330148,4260452330148,kobon B57/D38/LD12 mit allgem. Lastschrift,1,OEB
4260452330117,4260452330117,kobon B57/D38/LD12 mm REA Lastschrift,1,OEB
4260452330186,4260452330186,kobon B57/D38/LD12 unbedruckt,1,OEB
4260452330315,4260452330315,kobon B57/D40/LD12 mm allgem.Lastschrift,1,OEB
4260452330094,4260452330094,kobon B80/D80/LD12 plastikfrei unbedruckt,1,OEB
4260452330087,4260452330087,kobon Kassen Thermopapier Rckseite bedruckt 40 R,1,OEB
4260452330100,4260452330100,kobon Kassen Thermopapier Rea Lastschrift,1,OEB
4260452330018,4260452330018,kobon Kassen Thermopapier unbedruckt 40 Rollen,1,OEB
4004790145220,4004790045223,Kochcreme Hafer,8,BCE
4004790145237,4004790045230,Kochcreme Soja,8,BCE
4038507013458,4038507013441,Koffein Kick Bites Kaffee,8,GOV
4038507013434,4038507013427,Koffein Kick Bites Mango,8,GOV
4026813006257,4026813004000,"Kohlrabi Streifen, 20-80mm, 4x2,5 kg",1,DFE
4106060203361,4106060044452,Kokos Ananas,6,BEU
4016249175085,4016249145330,Kokos Cuisine,15,ALO
4056114015894,4056114005895,Kokos Feine Pltzchen,6,SOM
4005561032688,4005561532683,Kokos Haferlinge,6,BOL
9010179100297,9010179000122,Kokos Jogh.altern. Heidelbeere,6,MML
9010179100143,9010179000115,Kokos Jogh.altern. Mango-Maracuja,6,MML
9010179000160,9010179000153,Kokos Jogh.altern. Natur,6,MML
9010179100129,9010179000092,Kokos Jogh.altern. Natur,6,MML
9010179100136,9010179000108,Kokos Jogh.altern. Vanille,6,MML
4106060215692,4106060071786,Kokos Mango,6,BEU
4005967506943,4005967003626,Kokos-Cranberry-Ecke,24,ROS
4038507005149,4038507003527,Kokosbltenzucker,6,GOV
4260355580541,4260355580534,Kokosfett desodoriert,6,BPL
4260355584211,4260355584280,Kokosfett mild gedmpft,4,BPL
3445020005289,3445020205283,Kokosl nativ,6,BPL
3445020055628,3445020205566,Kokosl nativ,6,BPL
4260355584167,4260355584242,Kokosl nativ,4,BPL
4022381027526,4022381027519,Kokosmehl gf,4,SPI
8713576514100,8713576114102,Kokosmilch,6,TER
8713576514131,8713576114133,Kokosmilch,8,TER
4009309763261,4009309763209,Kokosmilch 18 % Fett,1,MAR
4260264980104,42295860,Kokosmilch Jogh.altern. Mango-Maracuja,6,HVM
4260264980081,42295846,Kokosmilch Jogh.altern. Natur,6,HVM
4260264980159,42342762,Kokosmilch Jogh.altern. Natur,6,HVM
4260264980135,42334767,Kokosmilch Jogh.altern. Schokolade,6,HVM
4260264980098,42295853,Kokosmilch Jogh.altern. Vanilla,6,HVM
8713576503685,8713576003680,Kokosmilch Schlagcreme,6,TER
8713576503876,8713576003871,"Kokosnuss Creme, Santen",6,TER
4260418024906,4260418020854,Kollagen Trinkpulver,6,WDX
4031829505045,4031829285503,kolnder Salami-Snack,15,KL
4031829505014,4031829285558,"kolnder Salami-Snack, Rind",20,KL
9008281005753,,Kolsasser Korbkse Salbei aus Heumlich g.t.S.,"1,6",BOM
4015533017520,4015533112133,Kombucha,6,VOE
4106060203132,4106060035986,Kombucha,6,BEU
4262421520291,4262421520154,Kombucha Cherry,24,BMJ
4106060221365,4106060076910,Kombucha Classic,12,BEU
4262421520277,4262421520130,Kombucha Earlybird,24,BMJ
4262421520284,4262421520147,Kombucha Hybiskus,24,BMJ
4262421520307,4262421520123,Kombucha Lemondrop,24,BMJ
4015533033049,4015533033032,Kombucha Limette Ingwer,10,VOE
4015533039294,4015533039287,Kombucha Limette Ingwer,6,VOE
4015533047497,4015533047480,Kombucha Maracuja Zitrone,10,VOE
4015533033063,4015533033056,Kombucha Original,10,VOE
4015533033025,4015533033018,Kombucha Sauerkirsche Minze,10,VOE
4039468031307,4039468031291,Kompostbeutel aus Recyclingpapier 10 l,15,MEM
9004145142169,9004145012677,Kompott Gewrz,6,STN
4005394158050,4005394284179,Konfitura,15,BVE
4005394158197,4005394286012,Konfitura im Schlauchbeutel,8,BVE
4008576405270,4008576405270,Konjac Schwamm,1,NYK
8713576502862,8713576002867,Konjak Spaghetti,6,TER
8713576502879,8713576002874,Konjak Tagliatelle,6,TER
8713576503692,8713576003697,Konjak-Reis,6,TER
4260026694133,4260026694133,Kopfhaut Serum,1,BIT
4260378042293,4260378042293,Kopfhautl Neem Harmony,1,KHD
4086900383302,4086900383302,Kopfwohl Roll-On,1,PVL
4019838190124,4019838090127,Korea Genmaicha,5,CDO
4019838190063,4019838090066,Korea Kukicha,5,CDO
4019838190148,4019838090141,Korea Sencha,5,CDO
4012346156293,4012346156200,Koriander ganz Tte,6,LEB
9004145303218,9004145003217,Koriander ganz Tte,6,STN
9004145303645,9004145003644,Koriander gemahlen,6,STN
4022346214077,4022346214077,Koriander gemahlen Dose,1,HEU
4022346814093,4022346314098,Koriander gemahlen Dose,5,HEU
4012346156392,4012346156309,Koriander gemahlen Tte,6,LEB
4012346106793,4012346106700,Korianderblatt geschnitten und getrocknet,6,LEB
4032105006669,4032105006669,Korn an Korn,1,SB
4032105006683,4032105006683,Kornknig,1,SB
4039468024804,4039468024804,Kosmetik Pads aus Baumwolle,1,MEM
4020829047815,4020829047815,Kosmetikspitzer,1,HAU
4039468007814,4039468007814,Kosmetiktcher Recycling 2-lagig,1,MEM
4038857116076,4038857116014,kovital Br,12,KV
4038857115055,4038857115017,kovital Br ohne Gelatine,12,KV
4038857116953,4038857116908,kovital Br ohne Gelatine,2,KV
8718754505963,8718754505956,Krabbenchips Krupuk,6,YAK
4086900386204,4086900386204,Kraft & Energie Duftmischung,1,PVL
4270000899638,4270000741807,Kraft Kruterauszug,6,KUU
4260703371814,4260703370558,Kraft Shot Wildkruter,10,KUU
4022381033862,4022381033855,Kraftbrot gf Backmischung,6,SPI
9004145123007,9004145023154,Kraftschpfer Tee,6,STN
4028112040031,4028112040031,Krapfen Hiffenmark m. Hagebutte (Berliner),60,SDL
4028112040017,4028112040017,Krapfen Himbeere (Berliner),60,SDL
4028112040161,4028112040161,Krapfen Marille (Berliner),60,SDL
4028112040024,4028112040024,Krapfen Pflaume (Berliner),60,SDL
4260669270312,4260669270176,Kraut de Luxe,6,SUU
4045800914481,4045800773187,Krautsalat,3,GRH
4031829508077,4031829263006,Krbis Cremesuppe,6,KL
7640230490993,7640230490986,Krbis mit Huhn,6,HOL
7640230492935,7640230492928,Krbis mit Reis,6,HOL
7640230491464,7640230491457,Krbis Zucchini Kartoffel,6,HOL
4000345020363,4000345020356,Krbiscremesuppe,12,ERN
4012346107196,4012346107103,Krbisgewrz,6,LEB
4028112059927,4028112059927,Krbiskernbrtchen,56,SDL
4019339004913,4019339604069,Krbiskerne,8,DAV
4022381001700,4022381517225,Krbiskerne,4,SPI
4022381025119,4022381025102,Krbiskerne,1,SPI
9004998900701,9004998002016,Krbiskerne in Vollmilch Schokolade,10,LAG
9004998901753,9004998001996,Krbiskerne in Zartbitter Schokolade,10,LAG
3445020802901,3445020202909,Krbiskernl gerstet,6,BPL
4260355584112,4260355584105,Krbiskernl nativ,6,BPL
4260155028175,4260155021022,Krbissuppe,4,JOO
4028332010135,4028332323013,Kreta Frische Creme,6,WMF
4028112077167,4028112077167,Kretastrudel,60,SDL
4012346163789,4012346163703,Kreuzkmmel ganz,1,LEB
4260752753258,4260752753241,Kreuzkmmel ganz,12,SPC
9004145307322,9004145007321,Kreuzkmmel ganz,6,STN
4012346156699,4012346156606,Kreuzkmmel ganz Tte,6,LEB
4022346814680,4022346314685,Kreuzkmmel ganz Tte,5,HEU
4012346127187,4012346127187,Kreuzkmmel gemahlen,1,LEB
4260752753166,4260752752886,Kreuzkmmel gemahlen,12,SPC
4022346214763,4022346214763,Kreuzkmmel gemahlen Dose,1,HEU
4012346156095,4012346156002,Kreuzkmmel gemahlen Tte,6,LEB
4022346814727,4022346314722,Kreuzkmmel gemahlen Tte,5,HEU
9004145307476,9004145007475,Kreuzkmmel gemahlen Tte,6,STN
4260096396319,4260096395312,Kristalline Reissáe,6,AGA
4260360275876,4260360270871,Krner Toastbrot,6,NPU
4104060489099,4104060027789,Krniger Frischkse 12 x 200g,12,AND
4018462161340,4018462161302,Krniger Senf,6,BYO
4022993059915,4022993045871,Krniges Baguette Grainy gf,6,STZ
4250367550922,4250367550939,Krokant Haselnuss Eis,6,GEC
4262436240177,4262436240177,Krper Peeling,1,NIA
4260672890767,4260672890767,Krperl Pink Lotus,1,KHD
4260672890781,4260672890781,Krperl Rose Love,1,KHD
4260672890750,4260672890750,Krperl Shatavari Everyoung,1,KHD
4260198096353,4260198096353,Krperlotion Olive FR DEINEN BODY CREAM INDEX,1,BEN
4260198096360,4260198096360,Krperlotion Wildrose ROSIGE AUSSICHTEN,1,BEN
4008576400992,4008576400992,Krperschwamm,1,NYK
4008576401005,4008576401005,Krperschwamm XXL,1,NYK
4021234901211,4021234101215,Krunchy Amaranth Dinkel Nuss,6,BHO
4021234901334,4021234101338,Krunchy and Friends Chocolate Chunks,6,BHO
4021234902027,4021234102021,Krunchy Apfel Zimt,6,BHO
4021234902126,4021234102120,Krunchy Apfel Zimt,6,BHO
4021234901556,4021234101550,Krunchy Caff Latte,6,BHO
4021234901563,4021234101567,Krunchy Chocolate Banana Chunks,6,BHO
4021234902270,4021234102274,Krunchy Dinkel,6,BHO
4021234902089,4021234008002,Krunchy Erdbeer,6,BHO
4021234902201,4021234102205,Krunchy Erdbeer,6,BHO
4021234901570,4021234101574,Krunchy High Protein,6,BHO
4021234901587,4021234101581,Krunchy Himbeere,6,BHO
4021234902287,4021234102281,Krunchy Honig,6,BHO
4021234903406,4021234103400,Krunchy Joy Cocoa,6,BHO
4021234903420,4021234103424,Krunchy Joy Nuss,6,BHO
4021234902232,4021234102236,Krunchy Klassik,6,BHO
4021234901532,4021234101536,Krunchy Linse Apfel,6,BHO
4021234901242,4021234101246,Krunchy Low Sugar Crazy Nuts,6,BHO
4021234901266,4021234101260,Krunchy Low Sugar No Choco,6,BHO
4021234901228,4021234101222,Krunchy Low Sugar Plain Grain,6,BHO
4021234901259,4021234101253,Krunchy Low Sugar Silly Seeds,6,BHO
4021234901235,4021234101239,Krunchy Low Sugar Very Berry,6,BHO
4021234901068,4021234101062,Krunchy PUR Dinkel,6,BHO
4021234901075,4021234101079,Krunchy PUR Dinkel,6,BHO
4021234902058,4021234102052,Krunchy PUR Hafer,6,BHO
4021234902157,4021234102151,Krunchy PUR Hafer,6,BHO
4021234901013,4021234101017,Krunchy PUR Waldbeere,6,BHO
4021234902195,4021234102199,Krunchy PUR Waldbeere,6,BHO
4021234901549,4021234101543,Krunchy Salted Caramel,6,BHO
4021234902065,4021234160007,Krunchy Schoko,6,BHO
4021234902164,4021234260936,Krunchy Schoko,6,BHO
4021234902829,4021234902829,Krunchy Schoko,5,BHO
4021234902447,4021234102441,Krunchy Schoko Nuss,6,BHO
4021234902461,4021234102465,Krunchy Schoko Nuss,6,BHO
4015637806952,4015637827445,Krustenbrot gf,6,BAK
9004145116245,9004145006812,Kruter all'Italiana geschnitten Tte,6,STN
4250073462397,4250073460027,Kruter Baguette,12,FWO
4012346152691,4012346152608,Kruter Blten Dose Topping,6,LEB
4022346209592,4022346209592,Kruter der Provence Dose,1,HEU
4012346135908,4012346135908,Kruter der Provence geschnitten getrocknet,1,LEB
4012346155395,4012346155302,Kruter der Provence Tte,6,LEB
4022346809617,4022346309612,Kruter der Provence Tte,5,HEU
4016512961100,4016512061107,Kruter Flssigwrze,6,ERN
4016512961155,4016512061152,Kruter Flssigwrze,6,ERN
4251191875151,4251191875151,Kruter Mundwasser Konzentrat mentholfrei blau,1,APR
4019736006459,4019736006442,Kruter Senf,6,ZWE
4251191875007,4251191875007,Kruter Zahncreme homopatievertrglich,1,APR
4051147026480,4051147026480,Kruterbutter 120g,1,SDS
4018462441657,4018462441602,Kruteressig aus Branntwein,6,BYO
9004145191501,9004145012769,Kruterjodler Sirup,6,STN
4101530007685,4101530001843,Kruterquark,8,BGL
4018462158715,4018462158708,Kruterremoulade mit Gewrzgurken,6,BYO
4012346160498,4012346160405,Krutersalz Dose,6,LEB
4031829507346,4031829234815,Kruterschinken geschnitten,3,KL
9010029000234,9010029000227,Kruterseitling Fungi Pad Italy Style,4,HEF
9010029000579,9010029000562,Kruterseitling Fungi Pad Mare,4,HEF
9010029101337,9010029001330,Kruterseitling Fungi Pad Natur,4,HEF
9010029000265,9010029000258,Kruterseitling Fungi Pad Spicy,4,HEF
4012346537795,4012346537702,Krutertee Abendtraum,6,LEB
4012346511993,4012346000107,Krutertee Abendtraum TB,8,LEB
4012346553795,4012346000909,Krutertee Krutertraum TB,12,LEB
4012346537894,4012346537801,Krutertee Morgengruá,6,LEB
4012346554594,4012346001104,Krutertee Morgengruá TB,12,LEB
9004145108974,9004145026216,Krutertee Probier mal! TB,6,STN
4012346513898,4012346001302,Krutertee Zitronenmelisse TB,8,LEB
4012346553191,,Krutertee Zitronenmelisse TB,12,LEB
4012346537498,4012346537405,Krutertraum,6,LEB
4251191898013,4251191898006,Kruterzahncreme ayurveda,1,APR
5016383025955,5016383025955,"Kse Glocke Dia 27cm x 16,5 cm",1,WSE
4000381070261,4000381070254,Kse Grissini,7,ERD
4260360276118,4260360271113,Kse Krbis Brtchen,6,NPU
8711823197052,8711823197045,Kse Stangen,10,RIT
4010303045406,4010303045406,Ksemesser 2 Griffe - 30cm,1,WSE
4010303045550,4010303045550,Kseschneidebogen,1,WSE
7310960002871,7310960028789,Kttbullar Fleischbllchen ca. 25 Stck,10,DAG
4010303035155,4010303035155,Kugelausstecher,1,WSE
4037892501014,4037892501304,Kupfertuch,15,RED
4260752753487,4260752752855,Kurkuma,12,SPC
9004145303553,9004145003552,Kurkuma (Gelbwurzel) gem Tte,6,STN
4012346157191,4012346157108,Kurkuma gem (Gelbwurz) Tte,6,LEB
4012346121482,4012346121482,Kurkuma gemahlen,1,LEB
9004145308312,9004145008311,Kurkuma Latte Ingwer Tte,6,STN
9004145478329,9004145978324,Kurkuma Latte Vanille Dose,1,STN
9004145308329,9004145008328,Kurkuma Latte Vanille Tte,6,STN
4260423370326,4260423370203,Kurt das Schaf Frischkse Kruter/Knoblauch,4,JMH
9004145110120,9004145026308,Kutz KutzŠ fr die Kleine TB,6,STN
9004145305083,9004145005082,Kutz KutzŠ Krutertee los,6,STN
94026913501020,,L'Agasse du Larzac,"0,75",MA
94026913553418,,L`amour rouge,"0,8",MA
2853409007112,,L`amour rouge (Spandose),"0,8",MA
8010333004615,8010333004608,La Gioia Frizzante Mineralwasser,6,LGO
8010333004240,8010333004219,La Gioia Mineralwasser still,6,LGO
3380330003344,3380330000480,La Marouette Cabernet Sauvignon rot,6,JFR
3380330003375,3380330001012,La Marouette Grenache rose,6,JFR
3380330003382,3380330001715,La Marouette Pinot noir rot,6,JFR
3380330003399,3380330002705,La Marouette Prestige Merlot,6,JFR
3380330004952,3380330004945,La Marouette Viognier weiá,6,JFR
8058056170927,8058056170910,La Rusticana - Pinsa Teig (2x250g),8,RUT
4250073459861,4250073459854,Lachs Burger,6,FWO
4250073453661,4250073453654,Lachs Filets,10,FWO
4250073454569,4250073454552,"Lachs Filets, mit Haut",10,FWO
4012346174990,4012346174907,Lachsgratin PB,10,LEB
4260100267741,4260100262746,Lagonda Mozzarella,12,BLR
4260100267758,4260100262753,Lagonda Spinaci,12,BLR
4260316620590,4260316620286,Lahrer Grauburgunder VDP. Ortswein,6,2W
8713576563221,8713576163223,Lakritz Confetti,20,TER
8713576162011,8713576162097,Lakritz Stangen Twist sá,10,TER
8711542222301,8711542122304,Lakritzschlange Giraffe,24,TER
4032816101257,4032816101257,Lammbert Schaf Weichkse grner Pfeffer,"0,25",RHF
4032816101202,4032816101202,Lammbert Schaf Weichkse Walnuss,"0,25",RHF
4012852015800,4012852001803,Lammsbru Bio Aktivmalz alkoholfrei,10,NEU
4012852015640,4012852001643,Lammsbru Bio alkoholfrei,10,NEU
4012852015657,4012852001650,Lammsbru Bio alkoholfrei,10,NEU
4012852015770,4012852001773,Lammsbru Bio alkoholfrei Hollerblte,10,NEU
4012852015015,4012852001018,Lammsbru Bio Dunkel,10,NEU
4012852015664,4012852001667,Lammsbru Bio Dunkel alkoholfrei,10,NEU
4012852015787,4012852001780,Lammsbru Bio Dunkel Zitrone alkoholfrei,10,NEU
4012852015695,4012852001698,Lammsbru Bio Glutenfrei,10,NEU
4012852015688,4012852001681,Lammsbru Bio Glutenfrei alkoholfrei,10,NEU
4012852015794,4012852001797,Lammsbru Bio Glutenfrei Zitrone alkoholfrei,10,NEU
4012852015206,4012852001209,Lammsbru Bio Hell,10,NEU
4012852015213,4012852001216,Lammsbru Bio Hell,10,NEU
4012852015589,4012852001582,Lammsbru Bio Hell alkoholfrei,10,NEU
4012852215743,4012852201746,Lammsbru Bio Naturradler,10,NEU
4012852015732,4012852001735,Lammsbru Bio Naturradler alkoholfrei,10,NEU
4012852015596,4012852001599,Lammsbru Bio Naturtrb alkoholfrei,10,NEU
4012852015046,4012852001049,Lammsbru Bio Pils,10,NEU
4012852015053,4012852001056,Lammsbru Bio Pils Zzzisch,10,NEU
4012852215712,4012852201715,Lammsbru Bio Radler,10,NEU
4012852015107,4012852001100,Lammsbru Bio Urstoff,10,NEU
4012852015527,4012852001520,Lammsbru Bio Weiáe,10,NEU
4012852015626,4012852001629,Lammsbru Bio Weiáe alkoholfrei,10,NEU
4012852015763,4012852001766,Lammsbru Bio Weiáe Grapefruit alkoholfrei,10,NEU
4012852015121,4012852001124,Lammsbru Bio Zwickl naturtrb,10,NEU
4012852015633,4012852001636,Lammsbru Dunkle Bio Weiáe alkoholfrei,10,NEU
4012852015619,4012852001612,Lammsbru Leichtes Bio Helles,10,NEU
3419390405024,3419390405017,Landbrot,5,BNR
4002029991945,4002029001941,Landhonig,6,HOY
4031829505038,4031829295052,Landjger 4 Stk.,3,KL
4030068006252,28068501,"Landjger Rind- 20 Stck, Theke","0,8",CHI
4002824950567,4002824150561,Landkrone Bio Margarine,12,LAN
4002824953407,4002824153401,Landkrone Bio Margarine,8,LAN
4002824950611,4002824150615,Landkrone Bio Plus 3,12,LAN
4002824950949,4002824150943,Landkrone Bio Veganer Block,12,LAN
4024967012940,4024967012957,Landpartie alkoholfrei rot,6,RIE
4024967012926,4024967012933,Landpartie alkoholfrei weiá,6,RIE
4024967002439,4024967512105,Landpartie ros,6,RIE
4024967003689,4024967512204,Landpartie rot,6,RIE
4024967003672,4024967512006,Landpartie weiá,6,RIE
4031829507810,4031829234839,Landschinken geschnitten,3,KL
4019339012208,4019339212189,Langkorn Naturreis,8,DAV
4022381029681,4022381029674,Langkornreis Natur,1,SPI
4022381036863,4022381036856,Langkornreis natur,4,SPI
4022381036887,4022381036870,Langkornreis natur,6,SPI
4022381016926,4022381016919,Langkornreis Thaibonnet weiá,6,SPI
4022381016964,4022381016957,Langkornreis Thaibonnet weiá,4,SPI
4022381029728,4022381029711,Langkornreis weiá,1,SPI
4019838190339,4019838090332,Laos Golden Saylom Wildtee,10,CDO
4019838190414,4019838090417,Laothang Curly Schwarztee Wildtee,5,CDO
4260100266638,4260100261633,Lasagne Bolognese,8,BLR
4024297019923,4024297004356,Lasagne Dinkel hell,12,NAT
4024297021506,4024297021490,Lasagne Dinkelvollkorn,12,NAT
8015197010628,8015197010628,Lasagne hell,1,IRI
8015197024069,8015197024069,"Lasagne hell, Gastronorm",1,IRI
4018462142820,4018462142813,Lasagne Platten semola,12,BYO
4018462148419,4018462148402,Lasagne Reis Mais gf,12,BYO
4260100267826,4260100262821,Lasagne Vegana,8,BLR
4260100266911,4260100261916,Lasagne Vegetariana,8,BLR
4104060483455,4104060025969,"Lassi Himbeere 3,5%",6,AND
4104060482922,4104060027659,"Lassi Mango 3,5%",10,AND
4086900007123,4086900105393,Latschenkiefer bio,1,PVL
4260100267260,4260100262265,Lauch Flammkuchen,13,BLR
4031779001222,4031779107818,Laugen 6-Korn Croissant,75,MOI
4028112020057,4028112020033,Laugen-Buttercroissant,64,SDL
4031779001215,4031779106811,Laugen-Buttercroissant,75,MOI
4031779001321,4031779711817,Laugen-Krautrock Vegan,32,MOI
4024884111535,4024884011538,Laugenbrezel 6er Weizen,9,HEB
4024884153337,4024884053330,Laugenbrezel Weizen,80,HEB
4031779001246,4031779402821,Laugenbrtchen mit Sesam vegan,50,MOI
4031779001253,4031779620829,"Laugenecke Sesam, vegan",36,MOI
4028112020026,4028112020026,Laugenstange,72,SDL
4031779404214,4031779404214,"Laugenstange vegan, m. Hagelsalz",54,MOI
9004145322622,9004145022621,"Laune gut,alles gutŠ Frchtetee",6,STN
9004145303775,9004145003774,"Laune gut,alles gutŠ Gewrz",6,STN
8004192403306,8004192103305,Lauretana Wasser mild,6,LTA
8004192403108,8004192103107,Lauretana Wasser ohne,6,LTA
4017645014510,4017645014510,Lavaerde Pulver,1,LOG
4017645014527,4017645014527,Lavaerde Waschcreme Patchouli,1,LOG
4086900007673,4086900105362,Lavandin bio,1,PVL
4016249614447,4016249610401,Lavandinl,12,ALO
4016249614454,4016249610425,Lavandinl,6,ALO
4008576400602,4008576400602,Lavastein,1,NYK
4086900005532,4086900101555,Lavendel extra Wildsammlung,1,PVL
4086900005518,4086900105423,Lavendel fein bio,1,PVL
4086900015128,4086900100428,Lavendel fein bio,1,PVL
9004145302365,9004145002364,Lavendelblten,6,STN
4086900033030,4086900741331,Lavendelwasser,1,PVL
7640230493826,7640230493819,Lazy Sweetato,12,HOL
23324040209836,3324040209856,Le Brie Blanc,1,VAV
13422290001286,3422290001289,Le Chevrolais fermier,4,VAV
4026913554665,4026913154667,Le Petit Brie Chili,1,MA
4026913555990,4026913155992,Le Petit Brie Natur,1,MA
4026913554993,4026913154995,Le Petit Brie Walnuss,1,MA
94026913554620,,Le Petit Trffel (lose),"0,33",MA
4270000814440,4270000814433,Leave In Pflege Afrolocke,1,AFL
4086900043732,4086900266308,Lebensfreude Cremedusche,1,PVL
4086900185203,4086900185203,Lebensfreude Duftmischung,1,PVL
4086900043879,4086900266506,Lebensfreude Frischedeo,1,PVL
4086900042759,4086900266100,Lebensfreude Krperlotion,1,PVL
4086900195202,4086900195202,Lebensfreude Raumspray,1,PVL
4086900046719,4086900266001,Lebensfreude Trockenl,1,PVL
4260096393905,4260096392908,Lebensmittelfarben,5,AGA
4031829507254,4031829233511,Leberwurst fein,3,KL
4031829803165,4031829231135,Leberwurst Hausmacher Art Gourmet Qualitt im Glas,6,KL
4003247902416,4003247702412,Leberwurst vegan,6,VTQ
4010303032161,4010303032161,"Leberwurstmesser, angewellt",1,WSE
9004145303614,9004145003613,Lebkuchengewrz gemahlen,6,STN
4012346252698,4012346252605,Leckermulchen,6,LEB
4086900385801,4086900385801,Leichte Beine Gel,1,PVL
4086900024069,4086900186002,Leichter lernen,1,PVL
4086900052000,4086900196001,Leichter lernen Raumspray,1,PVL
8714565642064,,"Leidener rot mit Kreuzkmmel, 1/4 Laib","2,5",BAS
4260355586727,4260355586710,Leindotterl nativ,6,BPL
3445020003810,3445020003827,Leinl nativ,6,BPL
3445020019521,3445020201957,Leinl nativ,6,BPL
3445020801904,3445020295901,Leinl nativ,6,BPL
4260355580527,4260355580510,Leinl nativ,6,BPL
4018462407646,4018462407608,Leinl nativ Dose,6,BYO
4260355586543,4260355586475,Leinl nativ Mehrweg,6,BPL
4022381027786,4022381027779,Leinsaat braun,4,SPI
4022381029773,4022381029773,Leinsaat braun,1,SPI
4019339004449,4019339413067,Leinsamen,8,DAV
4018462417461,4018462417454,Lemon Balsam,6,BYO
4044889015065,4044889004861,Lemon Cheesecake Riegel,18,VNI
4013320033845,4013320033302,Lemon Crisp,10,GEP
4260743410238,4260743410191,Lemon Meringue Eis,6,LCJ
4260189960069,42254317,Lemonaid Blutorange,20,LEA
4260189960014,42201854,Lemonaid Limette,20,LEA
4260189960052,42227281,Lemonaid Maracuja,20,LEA
4086900006942,4086900102491,Lemongrass bio,1,PVL
4086900015562,4086900102507,Lemongrass bio,1,PVL
4015637025353,4015637024882,Lemonies gf,6,BAK
95701975211160,,"Leuchtturmkse 12 M, 1/4 Laib","1,7",TMJ
94026913529031,,Leupolzer leicht,1,MA
4022569210009,4022569150008,Lichtquelle,6,LHQ
9004145303157,9004145003156,Liebstckel geschnitten Tte,6,STN
4012346154893,4012346154800,Liebstckel Tte,6,LEB
4020829098862,4020829098862,Light Reflecting Concealer 00 translucent,1,HAU
4262415020080,4262415020059,Lila Smoothie,6,KRK
4260651480088,4260651480071,Lila Ssskartoffel Fettuccine,6,JTT
4086900007178,4086900101937,Limette bio,1,PVL
4021246000032,4021246000087,Limette Lieblinge,12,LUB
4015533070785,4015533014130,Limetten Sirup,6,VOE
4015533881114,4015533014260,Limettensaft,12,VOE
4015141640646,4015141040644,Limoncello Artigiano 200 ml,6,LDM
8016448102222,8016448002225,Limoncello Biostilla,6,HUA
4019578018108,4019578018191,Limoncello-Liqueur,1,DWE
24260012647789,4260012647785,Limonen Basilikum,5,BIN
4022346815861,4022346315866,Lindenblten ganz,5,HEU
9004145302174,9004145002173,Lindenblten lose,6,STN
9004145743243,9004145025561,Lindenblten TB,6,STN
4262417560218,4262417560089,Lindenhonig,6,IAA
4018722010029,4018722344711,Linguine,12,AGO
8015197025011,8015197025011,Linguine hell,1,IRI
4260360276538,4260360271533,Linsen,6,NPU
4016249238070,4016249238179,Linsen Aufstrich Berglinse Lauch Paprika,6,ALO
4016249270889,4016249270988,Linsen Aufstrich Gelbe Linse Avocado,6,ALO
4016249270858,4016249270957,Linsen Aufstrich Gelbe Linse Grillgemse,6,ALO
4016249238124,4016249238223,Linsen Aufstrich rote Linse italienische Kruter,6,ALO
4019339004371,4019339485101,Linsen braune,8,DAV
4000503755199,4031829232545,Linsen Gemse Topf,6,KL
4022381023818,4022381023801,Linsen grn,4,SPI
4019339006207,4019339642016,Linsen Kokos Suppe,6,DAV
4260148651144,4260148651403,Linsen Salat mit Paprika und Rauchl,4,PUF
4260148650055,4260148650055,Linsen Salat mit Paprika und Rauchl GV,1,PUF
4011849851018,4011849851001,"Linsen-Gnocchi, frisch",6,PAN
4031829700907,4031829251355,"Linsen-Kartoffel-Pfanne, vegan",6,KL
4000915300581,4000915100587,"Linsen-Salat, vegan",4,ISA
4016249173784,4016249173883,Linsenaufstrich Belugalinse Balsamico,6,ALO
4016249173791,4016249173890,Linsenaufstrich Gelbe Linse Curry,6,ALO
4016249173807,4016249173906,Linsenaufstrich Rote Linse Chili,6,ALO
4016249197650,4016249197759,Linsenaufstrich Rote Linse Paprika Mango,6,ALO
4250096907943,4250096908483,Linseneintopf Eintopfliebe,6,KBH
4000345033011,4000345033004,Linsensuppe,12,ERN
4000503750798,4031829232255,Linsensuppe m. Wrstchenscheiben,6,KL
4000503750194,4031829232200,Linsensuppe mit Wrstchenscheiben,6,KL
4032061411125,4032061211121,Lip Balm,1,GEB
4086900048065,4086900277656,Lip Balm Care and Glow,1,PVL
4086900048058,4086900277601,Lip Balm Care and Repair,1,PVL
4260198099002,4260198099002,Lip Balm Hyaluron,1,BEN
4020829042490,4020829042490,Lip Brush,1,HAU
4260198094557,4260198094557,Lip Brush Colour Edition,1,BEN
4020829098879,4020829098879,Lip Line Definer 00 translucent,1,HAU
4020829098886,4020829098886,Lip Liner 01 tulipwood,1,HAU
4020829098893,4020829098893,Lip Liner 04 cumaru,1,HAU
4025089004523,4025089004523,Lip Oil 02 Orange,1,SAN
4260198098968,4260198098968,Lip Plumper,1,BEN
4260198098951,4260198098951,Lip Serum,1,BEN
4020829102866,4020829102866,Lip to cheek 01 apricot,1,HAU
4020829102880,4020829102880,Lip to cheek 03 rosewood,1,HAU
4020829102897,4020829102897,Lip to cheek 04 gold,1,HAU
4260198091297,4260198091297,Lipgloss flamingo,1,BEN
4260198090894,4260198090894,Lipgloss kiss me,1,BEN
4260198092416,4260198092416,Lipgloss natural glam,1,BEN
4260198092409,4260198092409,Lipgloss pink blossom,1,BEN
4260198090320,4260198090320,Lipgloss ros,1,BEN
4260026691026,4260026691026,Lipidlotion,1,BIT
4260198096964,4260198096964,Lipliner berry,1,BEN
4260198090559,4260198090559,Lipliner brown,1,BEN
4260198090245,4260198090245,Lipliner pink,1,BEN
4260198090238,4260198090238,Lipliner red,1,BEN
4260198096971,4260198096971,Lipliner sandalwood,1,BEN
8720254504858,8720254504841,Lippenpflege Lush Rasperry,12,WLP
8720254504827,8720254504810,Lippenpflege Silky Coconut,12,WLP
8720254504797,8720254504780,Lippenpflege Sweet Honey,12,WLP
4020829098909,4020829098909,Lipstick 02 mandevilla,1,HAU
4020829098923,4020829098923,Lipstick 03 camellia,1,HAU
4020829098947,4020829098947,Lipstick 06 azalea,1,HAU
4020829098961,4020829098961,Lipstick 07 orpine,1,HAU
4020829098985,4020829098985,Lipstick 10 dahlia,1,HAU
4020829099005,4020829099005,Lipstick 11 amaryllis,1,HAU
4020829099029,4020829099029,Lipstick 13 bromelia,1,HAU
4020829099043,4020829099043,Lipstick 14 caralluma,1,HAU
4020829099067,4020829099067,Lipstick 22 millionbells,1,HAU
4020829099081,4020829099081,Lipstick 26 hibiscus,1,HAU
4260198092126,4260198092126,Lipstick catwalk,1,BEN
4260198090399,4260198090399,Lipstick hot pink,1,BEN
4260198090498,4260198090498,Lipstick just red,1,BEN
4260198090887,4260198090887,Lipstick marry me,1,BEN
4260198093970,4260198093970,Lipstick muse,1,BEN
4260198090900,4260198090900,Lipstick peach,1,BEN
4260198090719,4260198090719,Lipstick pink honey,1,BEN
4260198090702,4260198090702,Lipstick pink rose,1,BEN
4260198090696,4260198090696,Lipstick soft coral,1,BEN
4260198093963,4260198093963,Lipstick very berry,1,BEN
4260198092393,4260198092393,Lipstick watermelon,1,BEN
4260198093956,4260198093956,Lipstick Wow,1,BEN
4020829099104,4020829099104,Liquid Eyeliner 01 black,1,HAU
4086900007079,4086900105492,Litsea bio,1,PVL
5605829100815,5605829000818,Liv Vinho Verde weiá,6,1AD
4260355585928,4260355585935,lkomposition fr Curry und Co,6,BPL
4260355586949,4260355586932,lkomposition fr die Thai Kche,6,BPL
4260355585669,4260355585652,lkomposition fr Pizza und Pasta,6,BPL
4260355585706,4260355585690,lkomposition fr Wokgerichte,6,BPL
24260012647659,4260012647655,llein Lirina Grndngung,5,BIN
4017645004894,4017645004894,Lngen und Spitzenfluid Arganl,1,LOG
4270000814495,4270000814488,Locken Styling Gel Afrolocke,1,AFL
4008576400510,4008576400510,Lockenkamm aus Holz,1,NYK
4260664939573,4260664939573,"Lockenkamm, aus recycelten Tauen",1,NYK
4017194989178,4017194489173,Lollie Eis Sahne Cassis,24,SBG
4000915240054,4000915040050,Lombarda Salami Aufschnitt,6,ISA
4020829112292,4020829112292,Long Lasting Mascara 01 black,1,HAU
4020829112308,4020829112308,Long Lasting Mascara 02 brown,1,HAU
4000381041216,4000381004129,Longstick Meersalz,12,HUO
4000381041018,4000381004105,Longstick Sesam,12,HUO
4020829099111,4020829099111,Loose Powder 00 translucent,1,HAU
4012346156194,4012346156101,Lorbeerblatt ganz Tte,6,LEB
9004145303355,9004145003354,Lorbeerbltter ganz,6,STN
4012346164885,4012346164885,Lorbeerbltter ganz getrocknet,1,LEB
4022346816042,4022346316047,Lorbeerbltter handverl Tte,5,HEU
9004145325340,9004145025349,Loslassen Krutertee TB,6,STN
4260026691378,4260026691378,Lotuseffekt Shampoo,1,BIT
4260669270305,4260669270152,Love craft Kraut - Kimchi-Style,6,SUU
4260669270206,4260669270022,Love craft Kraut - Kurkuma & Curry,6,SUU
4260669270190,4260669270008,Love craft Kraut - Rote Beete & Ingwer,6,SUU
7611916160769,7611916160769,Love Shower Cream Rose,1,WEL
4086900007383,4086900105386,Lrche bio,1,PVL
4260418984101,4260418984101,Luffascheibe,1,RRT
4008576400565,4008576400565,Luffastck,1,NYK
8054317280152,8054317280138,Lugana weiá,6,2LM
8018759006022,8018759001027,"Luigi Balsamessig, 70% Most",6,SEL
4009182003300,4009182003300,Lunchbox 2in1 mit Buchenholzdeckel,1,XXX
4019736017752,4019736017769,LupiLove Protein Curry,6,ZWE
4019736017851,4019736017868,LupiLove Protein Paprika Pfeffer,6,ZWE
4019736017790,4019736017806,LupiLove Protein Rote Bete,6,ZWE
4019736017776,4019736017783,LupiLove Protein Thai,6,ZWE
4019736017813,4019736017820,LupiLove Protein Tomate,6,ZWE
4019736017837,4019736017844,LupiLove Protein Zwiebel Knobi,6,ZWE
4010238792062,4010238792000,"Lupinen Filet, vegan",6,ALT
4010238734062,4010238734000,"Lupinen Geschnetzeltes, vegan",6,ALT
4010238731061,4010238731009,"Lupinen Gyros, vegan",6,ALT
4010238714064,4010238714002,"Lupinen Rostbratwrstchen,veg.",6,ALT
4010238715061,4010238715009,Lupinen Vevapcici,6,ALT
4024297016144,4024297016137,Lupinenkaffee Instant,6,NAT
4024297017165,4024297017158,Lupinenkaffee Instant Nachfllbeutel,6,NAT
4024297017141,4024297017134,Lupinenkaffee zum Filtern,10,NAT
4260418024203,4260418020205,Lwenzahn Superfood Trinkpulver,4,GNC
9004145112353,9004145026414,Lwenzahnbltter TB,6,STN
4260418024241,4260418020243,Maca Superfood Trinkpulver,4,GNC
4024297001164,4024297060925,Maccaroni lang hell HW,10,NAT
8024586005633,8024586005039,Madego rot,6,LBJ
94026913533519,,"Magerita leicht, 1/2 Laib",2,MA
7640101094688,7640101094671,Magerquark laktosefrei,6,ZFK
4012346104096,4012346104003,Magic Dust,6,LEB
4035784161155,4035784161155,Magnesium Compact,1,GSE
4009309965047,4009309654521,Mais,6,MAR
4022381022118,4022381022101,Mais Couscous gf,4,SPI
4015637804484,4015637824055,Mais Paniermehl gf,6,BAK
38032804431851,8032804431850,Mais Reis Fusilli,10,FEL
4018462250617,4018462250600,Mais Scheiben mit Meersalz gf,12,BYO
8717496900616,8717496900081,Maischips Nacho Cheese,10,AMI
8717496904058,8717496904041,Maischips Naturel 250g,10,AMI
8717496903730,8717496903716,Maischips Rollen Tomate,14,AMI
4019339017432,4019339309124,Maisgrieá Polenta gf,8,DAV
4022381003292,4022381237208,Maisgrieá Polenta gf,4,SPI
4009309646717,4009309642719,Maisklbchen,6,MAR
8711542060378,8711542002323,Maislutscher Erdbeere,40,CND
8711542060392,8711542002347,Maislutscher Himbeere,40,CND
8711542060361,8711542002316,Maislutscher Kirsche,40,CND
8711542060385,8711542002330,Maislutscher Schw Johannisbeere,40,CND
4015637805207,4015637824871,Maismehl gf,6,BAK
4022381003285,4022381236201,Maismehl gf,4,SPI
4009176202641,4009176202634,Maiswaffeln,12,LNA
4009176202665,4009176202658,Maiswaffeln Leinsamen,12,LNA
4260752753142,4260752752862,Majoran gerebelt,12,SPC
4022346217214,4022346117217,Majoran gerebelt Franken Tte,5,HEU
4012346146508,4012346146508,Majoran gerebelt getrocknet,1,LEB
4012346153193,4012346153100,Majoran Tte,6,LEB
9004145753990,9004145006683,Majoran Tte,6,STN
4260198094564,4260198094564,Make Up Sponge,1,BEN
4001638590242,4001638590242,Make-up Removal Cleansing Oil,1,WEL
8015197010703,8015197010703,Makkaroni geriffelt,1,IRI
4018462149515,4018462149508,Makkaroni Protein Plus,12,BYO
4026968116603,4026968016606,Makrele Currywurst-Style,10,FON
4250073461901,4250073461499,Makrelen Filets in Rapsl,12,FWO
98412439285012,8412439285019,Makrelenfilet in Olivenl,10,PDM
4026968105621,4026968005624,Makrelenfilet in Olivenl FOS,10,FON
98412439285081,8412439285088,Makrelenfilet in pikanter Sauce,10,PDM
98412439285241,8412439285248,Makrelenfilets in Tomatensauce,10,PDM
4000799610189,4000799109430,Malzkaffee,6,MOU
4260091351290,4260091351283,Mandarine Fruchtaufstrich,6,DBB
4086900006607,4086900100510,Mandarine grn bio,1,PVL
4086900005617,4086900101371,Mandarine rot bio,1,PVL
9020200131374,9020200031377,Mandel Barista Drink,8,NTM
4016249162344,4016249162443,Mandel Cuisine,15,ALO
9020200129265,9020200029268,Mandel Cuisine,15,NTM
4016249143541,4016249143558,Mandel Drink Naturell,6,ALO
4004790135863,4004790035866,Mandel Drink ohne Zucker,8,BCE
4016249190927,4016249191023,Mandel gerstet Drink,6,ALO
4005967989968,4005967513071,Mandel Himbeer Krokantmsli,6,ROS
9010179100051,9010179000054,Mandel Jogh.altern. Natur,6,MML
4005967008072,4005967008065,Mandel Kokos Splitter,6,ROS
9004998004041,9004998003983,Mandel Rosenblte fr Dich,5,LAG
4019736018070,4019736018087,Mandel Schmelz,6,ZWE
4021246555600,4021246001626,Mandel Vanille Fruchtriegel gf,25,LUB
4085900601157,4085900001155,Mandel Vanille Schnitte,16,VNA
4005967506936,4005967003619,Mandel-Amaranth-Ecke,24,ROS
7610612002687,7610612002663,"Mandel-Schlagcreme, vegan",6,SNA
4260516391108,4260516390101,Mandel-Vanille Eis,6,ICE
9020200131220,4038375025928,Mandeldrink Natural ungesát,8,NTM
4086900029170,4086900743588,Mandell,1,PVL
4086900029453,4086900745582,Mandell,1,PVL
3445020005111,3445020005128,Mandell nativ,6,BPL
4038507005521,4038507005477,Mandelmehl,6,GOV
9004998015771,9004998015733,Mandeln in weiáer Zitronen Schokolade Rosenblte,5,LAG
9004998002269,9004998900206,Mandeln Wrzig,10,LAG
4021246000001,4021246000056,Mandelnougat Lieblinge,12,LUB
4018462161463,4018462161456,Mango Balsamico Senf,6,BYO
4260091351467,4260091351450,Mango Bitterorange Fruchtaufstrich,6,DBB
4030917017101,4030917017002,Mango Chutney Gastrolinie,1,SAC
4260435774648,4260435770206,Mango Curry,6,SPC
4260112295244,4260112295237,Mango Curry Sauce,6,MKS
5060466500136,5060466500020,Mango Fruchtaufstrich,6,TFT
4106060213216,4106060049372,Mango Fruchtcocktail,6,BEU
4260221616954,4260221616916,Mango Fruchtsauce,6,EMS
4026584903465,4026584103469,Mango gewrfelt,6,SOF
4106060209578,4106060045602,Mango Maracuja,6,BEU
4021246000049,4021246000094,Mango Maracuja Lieblinge,12,LUB
4015533062636,,Mango Multi Elopak,8,VOE
4015533555442,4015533013928,Mango Multi Elopak,6,VOE
4015533063374,4015533063367,Mango Nektar,8,VOE
4054411014923,4054411014909,Mango Orange Bonbons,20,BFU
4085900601232,4085900001230,Mango Schnitte,16,VNA
4026813421050,4026813420053,Mango Stcke,10,NCL
4260516391122,4260516390125,Mango-Sorbet,6,ICE
8005020100992,80625421,Mangosorbet Eis,6,RAC
8005020191334,80603047,Mangosorbet Eis,12,RAC
4008576400824,4008576400824,Manikre Holzstbchen,1,NYK
4260198098005,4260198098005,Manikrset 6er Set,1,BEN
4038507011454,4038507011447,Maniok-Mehl gf,6,GOV
4000915230956,4000915030952,"Manouri g.U., griechischer Schaf Molkenkse",2,ISA
4000915230963,4000915030969,"Manouri, SB-Theke",6,ISA
4086900005631,4086900100459,Manuka,1,PVL
4021496614331,4021496014339,Manuka Honig Bonbon,10,LGK
4054411261020,4054411261006,Manuka Honig Bonbon,20,BFU
4002029940226,4002029040223,Manuka Honig Propolis Spray,5,HOY
4002029964208,4002029064205,Manukahonig Halspastillen Zitronenmelisse,12,HOY
4002029964055,4002029064052,Manukahonig Liquid Sticks,5,HOY
4002029916276,9421903616272,Manukahonig MGO 250+,12,HOY
4002029916207,9421903616203,Manukahonig MGO 400+,12,HOY
4002029916030,9421903616036,Manukahonig MGO 550+,12,HOY
4002029964307,4002029064304,Manukapastillen Cassis,12,HOY
4002029964406,4002029064403,Manukapastillen Kruter,12,HOY
4260423370296,4260423370258,Mara das Schaf Frischkse Maulbeere/Zedernuss,4,JMH
4260096396296,4260096395299,Maracuja Mousse,16,AGA
4015533063893,4015533063886,Maracuja Nektar,8,VOE
4106060207932,4106060034774,Maracuja Saft,6,BEU
4260355582057,4260355582040,Mariendistell,4,BPL
4260091351412,4260091351405,Marille Fruchtaufstrich,6,DBB
9002220345504,9002220045503,Marillenfruchtkndel,10,HGR
4015637806358,4015637826400,Marmorkuchen gf,6,BAK
4260067150247,4260067150247,"Marok. Oliven getr. schwarz, mit Stein",1,CES
4260067150070,4260067150070,"Marok. Oliven getrocknet, schwarz natur",1,CES
4260148651663,4260148650604,Marokkanischer Kichererbseneintopf,3,PUF
15425038430452,5425038430455,Marshmallow Crunchies gf,8,TUE
4032067005748,4032067605740,Marzipan Eier Mix Theke,20,ROM
4000433931939,4000433031936,Marzipan Hase mit Mhre in Cliptte,18,FUN
4000433931663,4000433031660,Marzipan Rbli fr die Torte,12,FUN
4000433931809,4000433031806,Marzipan Schaf,12,FUN
4021246011205,4021246001206,Marzipanbrot Vollmilchschokolade,18,LUB
4021246311107,4021246301108,Marzipanbrot Zartbitter Rohrohrzucker,18,LUB
4021246011236,4021246001237,Marzipanbrot Zartbitterschokolade,18,LUB
4031779001314,4031779327810,Marzipano Vegan,48,MOI
4260198093932,4260198093932,Mascara Adorable Lashes deep ocean,1,BEN
4260198093949,4260198093949,Mascara Glamour Look ultimate black,1,BEN
4260198090573,4260198090573,Mascara Maximum Length carbon black,1,BEN
4260198090108,4260198090108,Mascara Maximum Volume deep black,1,BEN
4260198090115,4260198090115,Mascara Maximum Volume smooth brown,1,BEN
4260198090580,4260198090580,Mascara Multi Effect black,1,BEN
4260198091617,4260198091617,Mascara Vegan Volume magic black,1,BEN
4028332010074,4028332310013,Mascarpone,6,WMF
7640166797920,7640101091052,Mascarpone,6,ZFK
7640166797913,7640166793885,"Mascarpone, laktosefrei",6,ZFK
7640166798811,7640166798804,"MascarVone (vegan), 4 x 250g",4,ZFK
4019886624121,4019886024129,Maschinen Splmittel Pulver,4,SOD
4019886624282,4019886024280,Maschinen Splmittel Tabs,6,SOD
4007547412309,4007547402300,Maschinensplmittel,4,SNT
4005120165703,4005120163525,Maske Hydro Booster 2 Phasen Pflege,10,LUK
4005120165710,4005120163532,Maske Lifting Booster 2 Phasen Pflege,10,LUK
4008576400633,4008576400633,Massagegurt aus Sisal,1,NYK
4008576400688,4008576400688,Massagegurt medium & weich aus Luffa und Baumwolle,1,NYK
4008576400589,4008576400589,Massagehandschuh aus Luffa & Baumwolle,1,NYK
4008576400541,4008576400541,Massagehandschuh gestrickt aus Sisal,1,NYK
4008576400664,4008576400664,Massagehandschuh weich aus Bambusfaser,1,NYK
4008576400480,4008576400480,Massagepad oval aus Luffa & Baumwolle,1,NYK
4022346956540,4022346756546,Matcha Bambusbesen,4,HEU
4013320033937,4013320033333,Matcha Blanc,10,GEP
4260418024319,4260418020311,Matcha Fresh Superfood Trinkpulver,4,GNC
4019838190315,4019838090318,Matcha Latte,5,CDO
618455599620,746052793384,Matcha Oat Latte,6,BQC
4260717841419,4260717841365,Matcha Raspberry Pralinis,12,LNB
9004145229013,9004145012912,Matcha Sirup,6,STN
4022346911075,4022346611074,Matcha Tee Pulver,5,HEU
4012346216096,4012346216003,Mate Tee,6,LEB
4260198095356,4260198095356,Matte Liquid Lipstick bloody berry,1,BEN
4260198095349,4260198095349,Matte Liquid Lipstick coral kiss,1,BEN
8713576636208,8713576236200,Maulbeeren weiá RAW,6,TER
4000915305180,4000915105186,Maultaschen m. Gemse geschnitten,6,ISA
4000915305173,4000915105179,Maultaschen mit Fleischfllung,6,ISA
4000915305111,4000915105117,Maultaschen mit Gemsefllung,6,ISA
4024297022794,4024297022787,Mayo vegan,6,NAT
4260221613052,4260221613014,Mayo vegan,6,EMS
4260112294124,4260112294124,Mayonnaise Delikatess 80 %,1,MKS
4260112295374,4260112295367,Mayonnaise vegan,6,MKS
4018874151021,4018874015101,Mckenstift Roll on,12,ARI
42373452,42373452,MED Akut Lippenpflege,1,HAU
4017645016668,4017645016668,MED Couperose Pflegecreme,1,LOG
4017645018747,4017645018747,MED Khlendes Couperose Spray,1,LOG
4020829103504,4020829103504,MED Minze Zahncreme forte,1,HAU
4020829103535,4020829103535,MED Sole Zahncreme sensitiv,1,HAU
4008471712114,4008471514503,Mediterran Kruterkse Scheiben,8,SB
5202423211130,5202423124102,Mediterraner Mix,6,MAN
4260650731976,4260650731969,Mediterranes Kimchi,6,CPO
4027468000102,4027468000010,Meerrettich,6,ERH
4024297022688,4024297150121,Meersalz Atlantik fein,6,NAT
4022346851111,4022346351116,Meersalz Atlantik fein Tte,10,HEU
4024297022664,,Meersalz Atlantik grob,6,NAT
4012346108896,4012346108803,Meersalz fein,6,LEB
4024297022428,4024297022411,Meersalz fein,12,NAT
4022381012393,4022381012393,Meersalz fein unjodiert Atlantik,1,SPI
4012346108995,4012346108902,Meersalz grob,6,LEB
4260272987751,4260272987744,Meersalz Kesselchips,12,LCH
4024297022640,4024297011927,Meersalz m jodhaltigen Algen,6,NAT
4015537503272,4015537003253,Mehl Mix Brot & Brtchen gf,5,HMO
4015537503265,4015537003246,Mehl Mix Kuchen & Kekse gf,5,HMO
4015637805757,4015637824604,Mehl Mix Kuchen gf,6,BAK
4015637805733,4015637824598,Mehl Mix Universal gf,6,BAK
4022381027564,4022381027557,Mehlmix Brot dunkel gf,4,SPI
4022381027540,4022381027533,Mehlmix universal hell gf,4,SPI
4260360276064,4260360271069,Mehrkorn Baguette Brtchen,6,NPU
4028112059934,4028112059934,Mehrkornbrtchen,56,SDL
15425038430377,5425038430370,Mehrkornflocken und Schokolade gf,8,TUE
4005561903940,4005561007341,Mein Crunchy Himbeer Zitrone,6,BOL
4005561903957,4005561007358,Mein Crunchy Mandel Nuss,6,BOL
4005561903964,4005561007365,Mein Crunchy Schoko Erdbeer Cassis,6,BOL
4005394100929,4005394285749,Mein Ei Ersatz gf,15,BVE
4012346535395,4012346535302,Mein erster Krutertee,8,LEB
4005394103074,4005394200803,Mein Krustenbrot Backmischung gf,6,BVE
4005394100530,4005394200186,Mein Pasta Topping klassisch,8,BVE
4005394105191,4005394287675,Mein Rhrei-Ersatz,15,BVE
4005394104880,4005394201329,Mein Tassenkuchen Salted Caramel Brownie,12,BVE
4005394104873,4005394201312,Mein Tassenkuchen Schoko,12,BVE
4005394103098,4005394287736,Mein Wikinger Brod Backmischung gf,6,BVE
4005394104897,4005394201459,Meine Burger Patties,6,BVE
4005394104583,4005394200889,Meine Cinnamon Rolls,6,BVE
4005394105528,4005394201664,Meister Backhefe,25,BVE
4005394104095,4005394104095,Meister Backpulver 1 kg,1,BVE
9004145121904,9004145011014,Melange Kaffee ganze Bohne Wiener VerfhrungŠ,5,STN
9004145121928,9004145011007,Melange Kaffee gemahlen Wiener VerfhrungŠ,5,STN
4024297015093,4024297015086,Melasse Hefeflocken,6,NAT
9004145194052,9004145023369,Melisse Verbene Lavendel,6,STN
4260026691217,4260026691217,Melkfett,1,BIT
4001638395229,4001638495226,Men 24h Deo Roll-On,1,WEL
4021457661619,4021457661619,Men 2in1 Gesichtswaschgel,1,LAV
4021457661572,4021457661572,Men 3in1 Duschgel,1,LAV
4009800003910,4009800003910,Men Active After Shave Lotion,1,SCK
4009800003859,4009800003859,Men Active Body Lotion,1,SCK
4009800003835,4009800003835,Men Active Deo Roll on,1,SCK
4009800003828,4009800003828,Men Active Deo Spray,1,SCK
4009800003866,4009800003866,Men Active Deo Stick,1,SCK
4009800003804,4009800003804,Men Active Duschgel,1,SCK
4009800003941,4009800003941,Men Active Intensiv Creme,1,SCK
4009800003903,4009800003903,Men Active Rasiercreme,1,SCK
4009800003927,4009800003927,Men Active Rasierseife,1,SCK
4009800003811,4009800003811,Men Active Shampoo,1,SCK
4021457661558,4021457661558,Men After Shave Balsam,1,LAV
4260198094335,4260198094335,Men Beard Oil Bartl,1,BEN
4260198098623,4260198098623,Men Body Wash 3in1 Sport,1,BEN
4021457661596,4021457661596,Men Deo Roll on 48h,1,LAV
4260198094328,4260198094328,Men Deo Spray,1,BEN
4260198094311,4260198094311,Men Face and Aftershave Balm,1,BEN
4021457661510,4021457661510,Men Feuchtigkeitscreme,1,LAV
4021457661534,4021457661534,Men Rasierschaum,1,LAV
4260418024357,4260418020359,Meno Balance Trinkpulvermischung Vital.,4,GNC
4035784000645,4035784000645,MenoFree,1,GSE
4017645017283,4017645017283,MENTHOLFREI Rosmarin & Kruter Zahngel,1,LOG
3523230033206,,Merlin Madrid,"1,8",2CP
3523230033213,,Merlin Natur,"1,8",2CP
4037865133006,4037865033009,Merlot rot,6,SND
8017955060364,8017955000377,Merlot rot,6,PLG
4002029940110,4002029040117,Met Honigwein,6,HOY
4250442400869,4250442400869,Mettenden,1,MAX
4037865101104,4037865001107,Mettenheimer Lss Riesling,6,SND
4037865101609,4037865001602,Mettenheimer Lss Sptburgunder,6,SND
4031829803196,4031829231524,Mettwurst gekocht Gourmet Qualitt im Glas,6,KL
93309480050193,3309480000065,Meule de Savoie Typ Gruyre,"2,5",VAV
4000345798859,4000345298854,Mexican Chili Sin Carne,6,EVP
4000503751498,4031829232590,Mexikanische Bohnensuppe,6,KL
4012346109794,4012346109701,Mexikanische Kche,6,LEB
4012346462196,4012346462103,Mexiko Plantagen Kaffee ganze Bohne,4,LEB
4012346455082,4012346045818,Mexiko Plantagen Kaffee gemahlen,6,LEB
4018462199510,4018462199503,Mexiko Salsa Sauce,6,BYO
4000915305425,4000915105421,Mezzelune Cacio e Pepe,8,ISA
4011849570018,4011849570001,Mezzelune Steinpilz,6,PAN
4024967000619,4024967210001,Mezzogiorno Grillo weiá,6,RIE
4024967192109,4024967210209,Mezzogiorno Nero d'Avola rot,6,RIE
4024967002095,4024967210407,Mezzogiorno Primitivo rot,6,RIE
4015637806945,4015637827438,Mhlenbrot 7 Saaten gf,6,BAK
4015533046414,4015533046407,Mhre Ingwer Saft,6,VOE
4260360276422,4260360271427,Mhren,6,NPU
4260148650109,4260148651007,Mhren Apfel Salat mit Ingwer,4,PUF
4260148651571,4260148650574,Mhren Ingwer Suppe,3,PUF
4015533062575,,Mhren Most Elopak,8,VOE
4015533222115,4015533000669,Mhren Sanddorn Saft,6,VOE
4000503749891,4031829232057,Mhren-Ingwer Cremesuppe,6,KL
4250096905024,4250096905017,Mhren-Ingwer Suppe,6,KBH
4032105006751,4032105006751,Mhrenbrot,1,SB
4015533017506,4015533000362,Mhrenmost milchsauer,6,VOE
4260039377320,4260039376323,Mhrensaft,6,VNN
4015533061950,4015533061943,Mhrensaft feldfrisch,10,VOE
4015533331121,4015533000348,Mhrensaft feldfrisch,6,VOE
4026813006080,4026813004475,"Mhrenscheiben, 4-6mm, 4x2,5 kg",1,DFE
4026813006073,4026813004086,"Mhrenwrfel, 10x10mm,4x2,5 kg",1,DFE
4018722011118,4018722305699,Mie Noodles,8,AGO
98412439285067,8412439285064,Miesmuscheln in Marinade,10,PDM
4260264980722,42402565,Milch Alternative Barista,6,HVM
9008281004602,9008281304603,"Milchbuben Brie ""Chili-Creme""","1,25",BOM
9008281304573,9008281004572,"Milchbuben Brie ""Kruter-Creme""","1,25",BOM
4005967006573,4005967006566,Milchcreme Kugeln,12,ROS
4037892200016,4037892206018,Milchflaschenbrste,15,RED
4017194989031,4017194489036,Milchkaffee Eis,6,SBG
4260096396272,4260096395275,Milchreis,9,AGA
4008471702269,4008471507505,Milchreis Natur,6,SB
4008471708384,4008471507550,Milchreis Natur,6,SB
4019339003480,4019339207109,Milchreis rund weiá,8,DAV
4022381003872,4022381503204,Milchreis Rundkorn weiá,4,SPI
4022381036849,4022381036832,Milchreis Rundkorn weiá,6,SPI
4019339003497,4019339207185,Milchreis weiá,8,DAV
4022381011952,4022381011952,Milchreis weiá,1,SPI
8018759005438,8018759000433,Milde Peperoncino in Weinessig,6,SEL
5200104108038,5200104108038,Milde Peperoni in l,1,EPI
4260650730764,4260650730757,mildes kimchi,6,CPO
4024297022244,4024297022237,Milk Crunch Schokoriegel,24,NAT
4104060489815,4104060031915,Milkis Apfel-Banane,6,AND
4104060489822,4104060031922,Milkis Bunte Frchte,6,AND
4104060489808,4104060031908,Milkis Erdbeere-Banane,6,AND
4260009215058,4260009215058,Mille Fleurs Gesichtswasser,1,PVD
4260009215034,4260009215034,Mille Fleurs Nachtcreme,1,PVD
4260009215065,4260009215065,Mille Fleurs Reinigungsmilch,1,PVD
4260009215027,4260009215027,Mille Fleurs Tagescreme,1,PVD
4260198090641,4260198090641,Mineral Powder light sand,1,BEN
4260198090658,4260198090658,Mineral Powder medium beige,1,BEN
4260198090061,4260198090061,Mineral Powder sand,1,BEN
4260198094472,4260198094472,Mineral Powder translucent,1,BEN
4017645017542,4017645017542,Mineralerde Vorbehandlung,1,LOG
4017645017276,4017645017276,MINERALSTOFF Calcium Zahncreme,1,LOG
4000503755090,4031829232521,Minestrone mit Reis,6,KL
4006748009363,4006748009301,Mini Brezel,12,MAY
4005561903902,4005561007242,Mini Cookie Himbeer Cheesecake,6,BOL
4005561903919,4005561007259,Mini Cookie Karamell Salz,6,BOL
4005561902158,4005561002421,Mini Cookie Schoko Haselnuss,6,BOL
4005561902714,4005561004142,Mini Cookie Schoko Orange,6,BOL
4086900060166,4086900600294,Mini Duftstein,1,PVL
8714685903632,8714685903625,Mini Falafel,8,FRT
8711823196246,8711823196239,Mini Karamellwaffeln,12,RIT
4260264980838,42495840,Mini Moments Apfel Zimt Jogh.altern.,6,HVM
4260264980821,42495857,Mini Moments Himbeere Jogh.altern.,6,HVM
4260264980845,42495833,Mini Moments Mango Jogh.altern.,6,HVM
4026813131003,4026813130013,Mini Potato Pockets,8,BSI
4005561904534,4005561008935,Mini Sncke Cheese Onion,7,BOL
4005561904527,4005561008928,Mini Sncke Curry Krbiskern,7,BOL
4005561904503,4005561008904,Mini Sncke Laugen Salz,7,BOL
4005561904510,4005561008911,Mini Sncke Sesam Dinkel,7,BOL
8711521156221,8711521348114,Mini Steieleis Seasalt Caramel Multipack,8,ICF
8711521147175,8711521364923,Mini Stieleis Choc Mix,6,ICF
8711521156214,8711521348107,Mini Stieleis Mix Cashew vegan,6,ICF
4026584932205,4026584132209,Mini-Frhlingsrollen China-Style,6,SOF
4026584932236,4026584132230,Mini-Frhlingsrollen Golden Sun,6,SOF
4026584932229,4026584132223,Mini-Frhlingsrollen Sá-Sauer,6,SOF
4026584932212,4026584132216,Mini-Frhlingsrollen Thai-Style,6,SOF
4036396207019,4036396207019,Mini-Frikadellen v. Bruderhahn,1,FPF
4260455750097,4260455750097,Mini-Wiener,1,WT
4038857401448,4038857401455,Mintelli,12,KV
8713576673265,8713576173260,Mirin - Ssser Reiswein,6,TER
4012346229997,4012346229904,Mischbox Zeit zum Ausprobieren TB,10,LEB
4000345033097,4000345033080,Miso Gemsesuppe,12,ERN
4020943194228,4020943134224,Misobrhe,6,ARC
4022381038362,4022381038355,Mittelkornreis natur,1,SPI
4018462161067,4018462161050,Mittelscharfer Senf,6,BYO
4018462161746,4018462161708,Mittelscharfer Senf,6,BYO
4019736007029,4019736007005,Mittelscharfer Senf,6,ZWE
4260112291222,4260112293622,Mittelscharfer Senf,6,MKS
4260112294100,4260112294100,Mittelscharfer Senf,1,MKS
4260112294117,4260112294117,Mittelscharfer Senf,1,MKS
4018462161739,4018462161722,Mittelscharfer Senf Tube,8,BYO
4260360276323,4260360271328,Mix Mexicane,6,NPU
4260198099026,4260198099026,Mizellenwasser,1,BEN
22000002,,"Mkkerstee Ziege pikant, 1/2 Laib",4,MKK
4260123533274,4260123533274,Mllbeutel 20 l,1,XXX
4260123533250,4260123533250,Mllbeutel 35 l,1,XXX
4260123535483,4260123535483,Mllbeutel 60 l,1,XXX
4009044013621,4009044013638,Mllscke 120 Liter,10,WSE
4013320033906,4013320033326,Mocca Sahne Schokolade,10,GEP
4019578002053,4019578002046,MoGin,1,DWE
4005967506875,4005967003558,Mohn Kuchenschnitte,18,ROS
4028112059583,4028112059583,Mohn-Sesam KartpfelchenŠ,54,SDL
4028112059064,4028112059064,Mohnzpfchen,56,SDL
4055297218948,4055297218948,MOISTURE LIFT Feuchtigkeitscreme Rose & Apfelsamen,1,LOG
4055297218658,4055297218641,MOISTURE LIFT Feuchtigkeitsmaske,10,LOG
4055297218825,4055297218825,MOISTURE LIFT getnte Creme Rose & Apfelsamen,1,LOG
4055297218764,4055297218764,MOISTURE LIFT Serum-in-Creme Rose & Apfel,1,LOG
5765228837337,5765228837337,Moisturising Shampoo Rose,1,URT
5765228837719,5765228837719,Moisturizing Shampoo Coconut,1,URT
15765228837006,5765228837009,Moisturizing Shampoo Rose,1,URT
9004145191471,9004145012745,Mojito Sirup,6,STN
4022381040310,4022381040303,Mond und Sterne Msli,6,SPI
4022381040334,4022381040327,Mond und Sterne Msli,6,SPI
4022381041348,4022381041331,Mond und Sterne Msli,4,SPI
4260512462758,4260512462703,Mondaufgang entspannender Badeschaum,1,AYA
4260344820016,4260344820009,Mondino Aperitivo Bavarese,6,MBC
4260344820061,4260344820023,Mondino Aperitivo Bavarese,8,MBC
4260344820108,4260344820146,Mondino Senza Aperitivo alkoholfrei,6,MBC
4022569190004,4022569130000,Mondquelle,6,LHQ
4022569200000,4022569140009,Mondquelle Vollmond,6,LHQ
4104060026164,4104060026164,Mondscheinkse,3,AND
4104060482601,4104060026287,Mondscheinkse in Scheiben,10,AND
4008471709152,4008471513124,"Monsieur Jean Bernard wrzig, SB-Theke",8,SB
4008471709008,4008471513100,"Monsieur Jean Bernard, wrzig 2 x 500g",2,SB
4000915303353,4000915103359,Montello Stick,6,ISA
4000915303315,4000915103311,"Montello, Keil","1,297",ISA
4260155028656,4260155025136,Moong Daal mit Grnen Linsen,4,JOO
2900000992382,2900000992382,Moprokiste 19%,1,5WP
8032130400018,8032130033049,Morellino di Scansano rot,6,TED
4012346513393,4012346001104,MorgengruáŠTB,8,LEB
4022346817827,4022346317822,Moringa Blatt Tee ganz,5,HEU
4260418024128,4260418020120,Moringa Superfood Trinkpulver,4,GNC
4260168399149,4260168399149,Mortadella,1,XUR
8022836001527,8022836000063,Moscato Spumante Dolce,6,PIZ
4018874231815,4018874023182,Mottenbox Ersatzset 2er Pack,10,ARI
4018874231044,4018874023106,Mottlock,12,ARI
4018874231150,4018874023113,Mottlock Maxi 2er Set,5,ARI
4018874231747,4018874023175,Mottlock Mottenbox,6,ARI
4000799600722,4000799100130,Mount Hagen Instant Kaffee,6,MOU
4018462175811,4018462175804,Mousse au Chocolat,20,BYO
4025174135866,4025174125867,Mousse au Chocolat,12,SOB
4260096399020,4260096398023,Mousse au Chocolat,16,AGA
4028332010463,4028332442011,Mousse au Chocolat Noir,6,WMF
4028332012894,4028332442851,Mousse au Chocolat Salted Caramel,6,WMF
4260418984712,4260418984712,Mousse de Karit Gute Laune,1,RRT
4260418984750,4260418984750,Mousse de Karit Rosentau,1,RRT
4032067002266,4032067702265,Mozartzipfel in Tte,13,ROM
4032067002259,4032067602251,Mozartzipfel Theke,15,ROM
4026913551756,4026913151758,Mozzarella 100g,10,MA
4026913551855,4026913151857,Mozzarella 125g,10,MA
4026913552852,4026913152854,Mozzarella di Bufala Campana DOP 125g,8,MA
7640101099508,7640101099485,Mozzarella gerieben,5,ZFK
7640101099546,7640101099539,"Mozzarella Herzli 130g, ca. 10 St.",5,ZFK
7640171280486,7640101094831,"Mozzarella Kugel 100g, laktosefrei",7,ZFK
7640166792574,7640101096859,Mozzarella Stange,5,ZFK
7640101099560,7640101099553,"Mozzarelline Mini Kugeln 150g, ca. 20 St.",5,ZFK
7640166798460,7640166798453,"MozzaVella Kugel, 6 x 125g",6,ZFK
4005561904640,4005561008959,Msli Beeren,6,BOL
4005561904657,4005561008966,Msli Frchte,6,BOL
4005561902462,4005561003251,Msli Keks,6,BOL
4260311984741,4260311984734,Msli Riegel,18,MGL
4260311986080,4260311986073,Msli Riegel,18,MGL
4005561904664,4005561008973,Msli Schoko Vollmilch,6,BOL
4005561904671,4005561008980,Msli Schoko ZB,6,BOL
4032105000605,4032105000605,Mslibrtchen Vollkorn,1,SB
9120081090361,9120081090354,Mugi Miso,6,GKO
8713576671445,8713576271447,Mugi Miso nicht pasteurisiert,6,TER
4106060218549,4106060074916,Multi + Eisen Pro,12,BEU
4106060218921,4106060075258,Multi + Eisen Pro,6,BEU
4021457734993,4021457665280,Multi Balm 01 Sunset Red,6,LAV
4021457735006,4021457665297,Multi Balm 03 Sundown Gold,6,LAV
4021457735013,4021457665303,Multi Balm 04 Sunrise Ros,6,LAV
4015533599910,4015533004087,Multi Natur,12,VOE
4015533734151,4015533000089,Multi Natur,6,VOE
4106060202975,4106060012673,Multi Pur,6,BEU
4106060222072,4106060077580,Multi-Saft,6,BEU
4260198098630,4260198098630,Multi-Stick be peachy,1,BEN
4260198098654,4260198098654,Multi-Stick be pinky,1,BEN
4260198098647,4260198098647,Multi-Stick be rosey,1,BEN
4004191905607,4004191005604,Multifrucht Direktsaft,6,RAB
4086900388109,4086900388109,Mundsplung,1,PVL
4251191898198,4251191898181,Mundspray ayurveda,1,APR
4260491220554,4260491220554,Mundwasser Ben und Anna,1,BDN
4251191898167,4251191898150,Mundwasser Konzentrat ayurveda grn,1,APR
4086900035003,4086900213005,Mundwohl lziehkur,1,PVL
4086900035034,4086900213111,Mundwohl Mundsplung,1,PVL
4086900388000,4086900388000,Mundziehl,1,PVL
4260360277139,4260360272134,Mungbohnen,6,NPU
4009309471678,4009309471470,Mungbohnensprossen,6,MAR
4260651481191,4260651481184,Mungo Edamame Fettucc,6,JTT
93304420071276,3304420071273,Munster AOP Haxaire Grand,"0,8",VAV
3304420071105,3304420071105,Munster AOP Haxaire Petit,1,VAV
13380330001378,3380330001371,"Muscat de Rivesaltes, T de Terroirs weiá",8,JFR
4012346158297,4012346158204,Muskatblte Macis gemahlen,6,LEB
4022346218273,4022346118276,Muskatblte/Macis gemahlen Dose,5,HEU
9120047406861,9120047400869,Muskateller lieblich weiá,6,LGI
4086900005655,4086900100565,Muskatellersalbei bio,1,PVL
4260752753326,4260752752879,Muskatnsse ganz,12,SPC
4022346218044,4022346118047,Muskatnsse ganz Tte,5,HEU
4022346818671,4022346318676,Muskatnsse ganz Tte,5,HEU
4012346153797,4012346153704,Muskatnuá ganz Tte,6,LEB
4012346157290,4012346157207,Muskatnuá gemahlen Tte,6,LEB
9004145303652,9004145003651,Muskatnuss ganz,6,STN
4012346145785,4012346145709,Muskatnuss gemahlen,1,LEB
4022346217986,4022346217986,Muskatnuss gemahlen Dose,1,HEU
9004145303096,9004145003095,Muskatnuss gemahlen Tte,6,STN
4086900383203,4086900383203,Muskelwohl Massagel,1,PVL
4021457658251,4021457658251,MY AGE Augen- und Lippenkonturcreme,1,LAV
4021457733767,4021457663729,My Age Body Lotion,1,LAV
4021457658374,4021457658374,MY AGE Intensiv l Serum,1,LAV
4086900005716,4086900101876,Myrte trkisch bio,1,PVL
9004145109582,9004145006423,Mystischer Hexentee ohne Hanf,6,STN
8713576504057,8713576004052,Naanbrot Knoblauch,6,TER
8713576504040,8713576004045,Naanbrot naturell,6,TER
98002255831304,,Nababbo (Typ Taleggio aus Ziegenmilch),1,CAG
6253802012977,6253802012977,Nablus Olivenseife Damaskus Rose,1,NAS
6253802010294,6253802010294,Nablus Olivenseife Salbei,1,NAS
6253802010324,6253802010324,Nablus Olivenseife Totes Meer Schlamm,1,NAS
4021457632947,4021457632947,Nachfllbeutel basis sensitiv milde Pflegeseife,1,LAV
4021457649761,4021457649761,Nachfllbeutel basis sensitiv Pflegedusche 2in1,1,LAV
4021457649778,4021457649778,Nachfllbeutel vitalisierende Dusche,1,LAV
4260418987171,4260418987171,Nachtcreme Good Night,1,RRT
4260009210022,4260009210022,Nachtkerzen Tagescreme,1,PVD
4086900030022,4086900742635,Nachtkerzensamenl,1,PVL
4022381003049,4022381109185,Nacktgerste,6,SPI
4019339003121,4019339131107,Nackthafer,8,DAV
4019339003138,4019339131183,Nackthafer,8,DAV
4022381003018,4022381107167,Nackthafer,4,SPI
4022381003025,4022381107181,Nackthafer,6,SPI
4022381021951,4022381021944,Nackthafer,4,SPI
4022381107068,4022381107068,Nackthafer,1,SPI
4260198097992,4260198097992,Nagelfeile 3er Set,1,BEN
4008576400800,4008576400800,Nagelfeile mit Holzgriff klein,1,NYK
4008576400770,4008576400770,Nagelknipser groá aus Edelstahl,1,NYK
4008576400787,4008576400787,Nagelknipser klein aus Edelstahl,1,NYK
4260198094755,4260198094755,Nagellack be my baby,1,BEN
4260198095066,4260198095066,Nagellack bubble gum,1,BEN
4260198094731,4260198094731,Nagellack cherry red,1,BEN
4260198098036,4260198098036,Nagellack cotton candy,1,BEN
4260198094724,4260198094724,Nagellack crystal,1,BEN
4260198094762,4260198094762,Nagellack hot summer,1,BEN
4260198095080,4260198095080,Nagellack licorice,1,BEN
4260198098012,4260198098012,Nagellack lovely lavender,1,BEN
4260198094687,4260198094687,Nagellack my secret,1,BEN
4260198094786,4260198094786,Nagellack mystery,1,BEN
4260198095059,4260198095059,Nagellack nordic blue,1,BEN
4260198094717,4260198094717,Nagellack oh lala!,1,BEN
4260198094670,4260198094670,Nagellack peach sorbet,1,BEN
4260198094816,4260198094816,Nagellack rock it!,1,BEN
4260198098029,4260198098029,Nagellack sage green,1,BEN
4260198094663,4260198094663,Nagellack sharp ros,1,BEN
4260198096995,4260198096995,Nagellack sweet plum,1,BEN
4260198094809,4260198094809,Nagellack vamp,1,BEN
4260198094694,4260198094694,Nagellack vintage red,1,BEN
4260198094700,4260198094700,Nagellack wild orchid,1,BEN
4260198094779,4260198094779,Nagellack you nique,1,BEN
4260198093871,4260198093871,Nagellackentferner,1,BEN
4008576400701,4008576400701,Nagelschere Solingen Vitaloy,1,NYK
4008576400732,4008576400732,Nagelzange Solingen Vitaloy,1,NYK
4260198098043,4260198098043,Nail Hardener,1,BEN
4031829700983,4031829254721,Nasi Goreng,6,KL
3445020001595,3445020001601,Natives Hanfl,6,BPL
8018759006268,8018759001263,Natives Olivenl extra - AUSGEWOGEN,6,SEL
8053323649090,8053323644095,Natives Olivenl extra - MILD,6,SEL
8053323648888,8053323643883,Natives Olivenl extra Í FRUCHTIG,6,SEL
4005394110638,4005394286005,Natron,8,VEG
4005394116227,4005394116210,Natron,20,VEG
4014807211213,4014807211206,Natur Radler Zitrone,20,ST
4014807211398,4014807211381,Natur Radler Zitrone alkoholfrei,20,ST
4016249434205,,Natur Reis Haselnuss Sampling,15,ALO
4026968104105,4026968004108,Natur Sauerteig,15,FON
4012561500048,4012561501014,Natur-Eierfarben,32,AUR
4009800001640,4009800001640,Natural Aktiv Deo Roll on ohne Alkohol,1,SCK
4009800001633,4009800001633,Natural Aktiv Deo Spray,1,SCK
4009800002647,4009800002647,Natural Aktiv Duschgel,1,SCK
4009800001206,4009800001206,Natural Aktiv Shampoo GuV,1,SCK
4260198091549,4260198091549,Natural BB Cream beige,1,BEN
4260198091532,4260198091532,Natural BB Cream fair,1,BEN
4260198095325,4260198095325,Natural BB Cream porcelain,1,BEN
4260198094267,4260198094267,Natural CC Concealer,1,BEN
4260198093925,4260198093925,Natural Compact Powder,1,BEN
4260198091204,4260198091204,Natural Concealer light,1,BEN
4260198095257,4260198095257,Natural Cover Stick beige,1,BEN
4260198095264,4260198095264,Natural Cover Stick vanilla,1,BEN
4260198095165,4260198095165,Natural Face Primer,1,BEN
4260198093666,4260198093666,Natural Happy Cleansing Wipes,1,BEN
4260198096957,4260198096957,Natural Kajal anthracite,1,BEN
4260198090016,4260198090016,Natural Kajal black,1,BEN
4260198090221,4260198090221,Natural Kajal bright-blue,1,BEN
4260198090207,4260198090207,Natural Kajal brown,1,BEN
4260198090191,4260198090191,Natural Kajal green,1,BEN
4260198090603,4260198090603,Natural Kajal grey,1,BEN
4260198090214,4260198090214,Natural Kajal night-blue,1,BEN
4260198090610,4260198090610,Natural Kajal olive,1,BEN
4260198090801,4260198090801,Natural Kajal white,1,BEN
4260198093727,4260198093833,Natural Lip Balm classic,10,BEN
4260198090818,4260198090818,Natural Liquid Eyeliner,1,BEN
4022381004893,4022381004893,Naturkornreis rund natur,1,SPI
4022381011815,4022381011815,Naturreis Langkorn,1,SPI
4022381003827,4022381501187,Naturreis Rundkorn,6,SPI
4022381003834,4022381501200,Naturreis Rundkorn,4,SPI
8713576682533,8713576282535,Naturreisnudeln Krbis Ingwer,12,TER
4005394131053,4005394144510,Natursauerteig flssig,10,BVE
4017645017313,4017645017313,NATURWEISS Pfefferminz-Zahncreme,1,LOG
8437001620258,8437001620517,Navarra Especial rot,12,BOQ
8034115194578,8034115194561,Negroamaro Integro,6,IGR
9004145303287,9004145003286,Nelken ganz,6,STN
4012346155890,4012346155807,Nelken ganz Tte,6,LEB
4022346819647,4022346319642,Nelken ganz Tte,5,HEU
4012346128894,4012346128801,Nelken gemahlen Tte,10,LEB
9004145303942,9004145003941,Nelken gemahlen Tte,6,STN
4086900005754,4086900100619,Nelkenknospe bio,1,PVL
8034115190273,8034115190266,Nero d'Avola rot,6,PSP
8034115195582,8034115195575,Nero d'Avola rot,12,PSP
4260421715174,4260421710612,Nero Grillanznder 25 Stck,12,NER
4260421710513,4260421710513,Nero Grillbrikett,1,NER
4260421710506,4260421710506,Nero Grillkohle,1,NER
4086900021211,4086900111219,Neroli 10 %,1,PVL
4032061410111,4032061010113,Nerolicream,1,GEB
5765228837177,5765228837177,Nettle Shampoo,1,URT
5765228837498,5765228837498,Nettle Shampoo,1,URT
4021457622474,4021457622474,Neutral Deo Roll-On,1,LAV
4021457625338,4021457625338,Neutral Dusch Shampoo,1,LAV
4021457625093,4021457625093,Neutral Gesichtscreme,1,LAV
4028719633186,4028719633186,Neutral Gesichtscreme,1,CMD
4021457625109,4021457625109,Neutral Gesichtsfluid,1,LAV
4021457625239,4021457625239,Neutral Handcreme,1,LAV
4028719633810,4028719633810,Neutral Handcreme,1,CMD
4021457625215,4021457625215,Neutral Krperlotion,1,LAV
4028719633438,4028719633438,Neutral Krperlotion,1,CMD
4021457625222,4021457625222,Neutral Mikrosilber Akutcreme,1,LAV
4021457626069,4021457626069,Neutral Reinigungsschaum,1,LAV
4028719633131,4028719633131,Neutral Reinigungsschaum,1,CMD
4028719633421,4028719633421,Neutral Shampoo/Duschgel,1,CMD
4086900049703,4086900276505,Night Cream u Mask Smoothing u Renewing,1,PVL
9004145132344,9004145023239,Nikolaus & Krampus Tee TB,6,STN
4046153118830,4046153118830,Nitril Handschuhe weiss Gráe L,1,WSE
4260597520022,4260597520022,Nitril Handschuhe weiss Gráe M,1,WSE
4046153118793,4046153118793,Nitril Handschuhe weiss Gráe S,1,WSE
4260664930181,4260664930181,Niyok Mundsplung Kokosl Pfefferminze,1,NYK
4260664930198,4260664930198,Niyok Mundziehl Pfefferminz,1,NYK
4270000005435,4270000005435,Niyok Zahncreme Blutorange Basilikum,1,NYK
4260664930136,4260664930136,Niyok Zahncreme Kokosl Eisminze,1,NYK
4270000983672,4270000983672,Niyok Zahncreme Kokosl Erdbeere Himbeere,1,NYK
4260664930129,4260664930129,Niyok Zahncreme Kokosl Pfefferminz,1,NYK
4270000005411,4270000005411,Niyok Zahncreme Pfefferminz Zitrone,1,NYK
4270000005428,4270000005428,Niyok Zahncreme Zitronengras Ingwer,1,NYK
4260763042037,4260763040040,No Coffee 75% ganze Bohne,8,NOY
4260763042013,4260763041412,No Coffee Drip Bags,3,NOY
4260763041788,4260763040019,No Coffee Filter ganze Bohne,8,NOY
4260763041795,4260763041436,No Coffee Filter gemahlen,8,NOY
4260763041771,4260763041351,No Coffee Pads,6,NOY
4260763042556,4260763041351,No Coffee Pads,5,NOY
4260763042150,4260763040620,No Espresso 75% ganze Bohne,8,NOY
4260763041801,4260763041177,No Espresso ganze Bohne,8,NOY
4260763041818,4260763041429,No Espresso gemahlen,8,NOY
4020943199353,4020943139359,No Fish Sauce,6,ARC
4022346851562,4022346351567,No Himalaya Kristallsalz feinTte,10,HEU
8052575090681,8052575090582,Nocciolata Crunchy 250 g,6,RDA
8052575090704,8052575090605,Nocciolata Haselnuss Nougat Aufstrich Bianca 250 g,6,RDA
8052575090629,8052575090520,Nocciolata Nuss Nougat Aufstrich 250g,6,RDA
8052575090643,8052575090544,Nocciolata Nuss Nougat Aufstrich 650 g,6,RDA
8052575090650,8052575090551,"Nocciolata Nuss Nougat Aufstrich, milchfrei 250g",6,RDA
8052575090674,8052575090575,"Nocciolata Nuss Nougat Aufstrich, milchfrei 650g",6,RDA
4000915908039,4000915108033,Nordatlantik Lachs geruchert,4,ISA
95701975208979,,"Nordseekse 6 M, 1/4 Laib","1,7",TMJ
2854400000003,,"Nordseekse 6 M, Laib",7,TMJ
95701975803716,,"Nordseekse geruchert, 1/4 Laib","1,7",TMJ
4020943196802,4020943136808,Nori Flocken,6,ARC
8054301740051,8054301740044,Nostru Catarratto Lucido weiá,6,CEJ
8054301740075,8054301740068,Nostru Nerello Mascalese rot,6,CEJ
4270003688567,4270003688543,NOU alkoholfrei rose,6,NOU
4170000076513,4170000072362,NOU Cremant,6,NOU
4270003688550,4270003688529,NOU Crmant rose brut,6,NOU
4270003688512,4270003688505,NOU Secco,6,NOU
4270003858861,4270003688581,NOU Weiáwein Souvignier Gris,6,NOU
4005967507018,4005967003695,Nougat Cashew Tartelette,20,ROS
4005967008966,4005967008959,Nougat Cashew Tartelette Duo,8,ROS
4005967508091,4005967004456,Nougat Cashews,6,ROS
4005967506677,4005967003404,Nougat-Taler,22,ROS
4005967507032,4005967003718,Nougat-Waffeln mit Mandelsplittern,32,ROS
4017645001404,4017645001404,NOURISH Overnight Maske,1,LOG
4017645001350,4017645001350,NOURISH Overnight Peeling Serum,1,LOG
4017645001657,4017645001657,NOURISH Vitamincreme Avocado & Vitamin E,1,LOG
4017645001695,4017645001695,NOURISH Vitamincreme Strahlender Teint,1,LOG
4002567688734,7804320211480,Novas Syrah Mourvedre rot,6,EML
4012852213800,4012852253806,now Black Cola,10,NOW
4012852214203,4012852204204,now Black Cola,10,NOW
4012852214708,4012852204709,now Black Cola light,10,NOW
4012852213831,4012852253837,now Fresh Lemon,10,NOW
4012852214234,4012852204235,now Fresh Lemon,10,NOW
4012852214272,4012852204273,now Grapefruit,10,NOW
4012852213893,4012852253899,now Holler Blte,10,NOW
4012852214296,4012852204297,now Holler Blte,10,NOW
4012852214913,4012852204914,now LaDolce Ingwer!,10,NOW
4012852213701,4012852253707,now Mate Granate,10,NOW
4012852213862,4012852253868,now Orange Cola,10,NOW
4012852214265,4012852204266,now Orange Cola,10,NOW
4012852214944,4012852204945,now Passion Crush,10,NOW
4012852213817,4012852253813,now Pure Zitrone,10,NOW
4012852214258,4012852204259,now Red Berry,10,NOW
4012852214036,4012852254032,now Sprizzz Apfelschorle,10,NOW
4012852214005,4012852254001,now Sprizzz Cassis Lime,10,NOW
4012852214043,4012852254049,now Sprizzz Rhabarber,10,NOW
4012852213848,4012852253844,now Sunny Orange,10,NOW
4012852214241,4012852204242,now Sunny Orange,10,NOW
4037865102507,4037865002500,Nuance rose,6,SND
4260148651168,4260148651601,Nudel Salat mit Tomaten Cashew Pesto und Oliven,4,PUF
4012346174792,4012346174709,Nudelauflauf PB,10,LEB
8713576682519,8713576282511,Nudeln aus thailndischem Reis,12,TER
4018722015185,4018722344049,Nudelreis,12,AGO
4045800917376,4045800773194,Nudelsalat,3,GRH
4260728612428,4260728612251,Nuspritz ros alkoholfrei,6,WIU
4260311983980,4260311983973,Nuss Creme Ecken,10,MGL
4015537502145,4015537001426,Nuss Crunchy,6,HMO
4005967989890,4005967511565,Nuss Msli,6,ROS
4013320105757,4013320093122,Nuss Nougat Creme Cocoba,6,GEP
4019736001379,4019736001362,Nuss Paprika,6,ZWE
4032105000360,4032105000360,Nuss-Mandel-Brot,1,SB
4005967506912,4005967003596,Nussecke mit Zartbitter Schoko,24,ROS
4260229234488,4260229234488,Nussriegel Variety Pack,24,FOD
4019339017050,4019339311271,Nut Butter Sweet Chai,5,DAV
4019339016152,4019339311257,Nut Butter Vanillekipferl,5,DAV
4019339016169,4019339311264,Nut Butter Zimtschnecke,5,DAV
4260728612435,4260728612213,Nuwyne weiá alkoholfrei,6,WIU
4260355586109,4260355586093,O'range und Balsamico Essig,6,BPL
15425038430476,5425038430479,Oat Crunchy Dark Chocolat,6,TUE
4260229234709,4260229234693,Oat Treat Choc Hazelnut,15,FOD
4260229234723,4260229234716,Oat Treat Pistazie Matcha,15,FOD
4012346174396,4012346174303,Ofenkartoffeln PB,10,LEB
4016249068509,4016249067007,"Ohne Muhhh 3,5% Fett",6,ALO
4016249024208,4016249024307,"Ohne Muhhh Drink 1,5 % 1l",6,ALO
4260360276651,4260360271656,Oliven Mayonnaise,6,NPU
4000915301618,4000915101614,Oliven Mix o.St. gekrutert,4,ISA
4000915303605,4000915103601,Oliven Mix ohne Stein,1,ISA
5200104109431,5200104109172,"Oliven Mix ohne Stein, Rohkost",2,EPI
4000915306736,4000915106732,Oliven Pesto vegan,6,ISA
4006182015128,4006182005129,Oliven Snacks Kruter d Provence,6,SOM
4006182017399,,Oliven Snacks Kruter d Provence,7,SOM
4006182017382,,Oliven Snacks natur,7,SOM
4006182017405,,Oliven Snacks Paprika,7,SOM
4056114015924,4056114005925,Oliven Snacks Paprika,6,SOM
4007547305106,4007547305106,Oliven Waschmittel fr Wolle und Seide,1,SNT
4007547315402,4007547305403,Oliven Waschmittel W+S sensitiv,6,SNT
4007547315006,4007547305007,Oliven Waschmittel Wolle Seide,6,SNT
4260067151343,4260067152517,Oliven-Mix mit Krutern entsteint,6,CES
4260067150902,4260067150902,Oliven-Mix natur entsteint,1,CES
4000915306965,4000915106961,Oliven-Mix oh. Stein mariniert,2,ISA
4000915305500,4000915105506,"Oliven-Mix ohne Stein, mariniert",4,ISA
4260067150926,4260067150926,"Oliven-Mix ohne Stein, mariniert",1,CES
4260067150933,4260067150933,"Oliven-Mix ohne Stein, mariniert",1,CES
4260067150155,4260067150155,"Oliven-Mix schwarz/grn, mit Stein",1,CES
5202423128148,5202423121149,Olivenl 100 % nativ Kchenheld,4,MAN
5200104100148,5200104100902,Olivenl extra nativ,6,EPI
8032771862381,8032771862725,Olivenl extra nativ,6,WBY
5200104100223,5200104100223,Olivenl extra nativ 3L,1,EPI
3445020822503,3445020222501,Olivenl fruchtig nativ extra,6,BPL
3445020822701,3445020222709,Olivenl fruchtig nativ extra,6,BPL
4000381076324,4000381076317,Olivenl Grissini,7,ERD
5200104100155,5200104100506,Olivenl Kalamata,6,EPI
5200104100162,5200104100803,Olivenl Kalamata,6,EPI
5202423300193,5202423300179,"Olivenl Kalamata g.U., nativ extra, Bio",6,MAN
3445020001847,3445020001847,Olivenl mild nativ extra,1,BPL
3445020120340,3445020120340,Olivenl mild nativ extra,1,BPL
3445020823500,3445020223508,Olivenl mild nativ extra,6,BPL
3445020823708,3445020223706,Olivenl mild nativ extra,6,BPL
4260355580343,4260355580336,Olivenl mit Basilikum,4,BPL
4260355580381,4260355580374,Olivenl mit Chili,4,BPL
4260355580367,4260355580350,Olivenl mit Knoblauch,4,BPL
3445020820509,3445020220507,Olivenl mittel fruchtig nat e,6,BPL
3445020820707,3445020220705,Olivenl mittel fruchtig nat e,6,BPL
4018462402511,4018462402504,Olivenl nativ extra,6,BYO
4260067151046,4260067150711,"Olivenl nativ extra 0,5 L",6,CES
4260067151053,4260067150728,Olivenl nativ extra 1 L,6,CES
4018462402313,4018462402306,Olivenl nativ extra fruchtig,6,BYO
5200104108342,5200104100971,Olivenl nativ extra g. U. Kreta - Messara,6,EPI
4260355586550,4260355586482,Olivenl nativ extra Mehrweg,6,BPL
4018462402412,4018462402405,Olivenl nativ extra mild,6,BYO
3445020825900,3445020225908,Olivenl oďcitron,6,BPL
3445020269025,3445020226905,Olivenl Orange,6,BPL
4260266541020,4260266541020,Olivenl Seife Block,1,JIS
5202423128186,5202423121187,"Olivenl Selection, nativ extra",6,MAN
5202423586245,5202423300032,"Olivenl Selection, nativ extra",6,MAN
3445020099226,3445020209922,Olivenl und Balsamico Essig,6,BPL
4260355581715,4260355581708,Olivenl und Trffel,4,BPL
4260764051106,4260764051106,Olivenlseife Achtsamkeit,1,SPU
4260764051151,4260764051151,Olivenlseife Aufmerksamkeit,1,SPU
4260764051090,4260764051090,Olivenlseife Dankbarkeit,1,SPU
4260764051144,4260764051144,Olivenlseife Gelassenheit,1,SPU
4260764051137,4260764051137,Olivenlseife Lebenslust,1,SPU
4260764051113,4260764051113,Olivenlseife Motivation,1,SPU
4260764052387,4260764052387,Olivenlseife Oliwunder,1,SPU
4260764051120,4260764051120,Olivenlseife Sonnenschein,1,SPU
4260067151091,4260067150575,Olivenpaste grn,6,CES
4260067151084,4260067150568,Olivenpaste schwarz,6,CES
4000915300901,4000915100907,Olivia frischer Brotaufstrich,4,ISA
4028112059651,4028112059651,Oliviss,54,SDL
4035784370908,4035784370908,Omega 3 Fischl Kapseln,1,GSE
4035784360152,4035784360152,Omega 3 Perillal 90 Kapseln,1,GSE
3445020001908,3445020001915,Omega Blue,4,BPL
3445020001861,3445020001878,Omega Orange,4,BPL
4260355580046,4260355580039,Omega Pink,4,BPL
4260355585744,4260355585737,Omega Purple,4,BPL
4260355583344,4260355583337,Omega Red,4,BPL
4001638590600,4001638590600,Omega Serum Drops,1,WEL
4260355587151,4260355587144,Omega Silver,4,BPL
7610612004339,7610612004322,"Omelette & Rhrei-Alternative, vegan",5,SNA
4086900005778,4086900105621,Orange bio,1,PVL
4086900015203,4086900100626,Orange bio,1,PVL
4044889015218,4044889005219,Orange Bitter Schoko,10,VNI
4106060221549,4106060077092,Orange Fruchtcocktail 1l,6,BEU
4015533024368,4015533024351,Orange Mango Maracuja,6,VOE
4015533064418,4015533064401,Orange Mhrensaft,8,VOE
4106060221594,4106060077139,Orange-Karotte-Ingwer Saft,6,BEU
4260039377481,4260039376484,Orangen Direktsaft,6,VNN
4022346942239,4022346642238,Orangen Grntee,5,HEU
4019886601405,4019886001403,Orangen Kraftreiniger,6,SOD
4018462161210,4018462161258,Orangen Senf,6,BYO
4019578018276,4019578018269,Orangen-Liqueur,1,DWE
4002029991563,4002029001569,Orangenbltenhonig,6,HOY
4086900033047,4086900741348,Orangenbltenwasser,1,PVL
4007547415508,4007547405509,Orangenkraftreiniger,6,SNT
4013044700122,4013044100120,Orangenl,8,BTH
4015533066054,4015533066047,Orangensaft,8,VOE
4015533643590,4015533004636,Orangensaft,12,VOE
4015533778797,4015533000638,Orangensaft,6,VOE
4106060202814,4106060010228,Orangensaft,12,BEU
4106060221587,4106060077122,Orangensaft,6,BEU
4106060217719,4106060073759,Orangensaft aus Europa,6,BEU
4015533063992,4015533063985,Orangensaft khlfrisch,8,VOE
4005394100844,4005394116166,Orangenschale gerieben,20,BVE
4013044700146,4013044100144,Orangenschale gerieben,10,BTH
4018462145319,4018462145302,Orecchiette semola,12,BYO
4260752753098,4260752752909,Oregano gerebelt,12,SPC
4022346220740,4022346220740,Oregano gerebelt Dose,1,HEU
4012346147482,4012346147482,Oregano gerebelt getrocknet,1,LEB
4012346153698,4012346153605,Oregano gerebelt Tte,6,LEB
4022346820711,4022346320716,Oregano gerebelt Tte,5,HEU
9004145307773,9004145007772,Oregano geschnitten,6,STN
4026813000828,4026813000811,Org. Elssser Flammkuchen Champignon-Knoblauch,13,BSI
4260067150018,4260067150018,"Orig. griechischer Feta, Theke, mariniert",1,CES
4000915930795,4000915030792,Orig. griechischer Ziegenkse,6,ISA
4026813000804,4026813000798,Original Elssser Flammkuchen,13,BSI
4000915305968,4000915105964,Original griechischer Feta g.U. in Salzlake,6,ISA
4260067151145,4260067150810,Original griechischer Feta Natur,6,CES
4260067150803,4260067150803,"Original griechischer Feta Natur, Theke",1,CES
4260067150193,4260067150193,"Original griechischer Feta, mariniert",1,CES
4260650731082,4260650731051,original kimchi,6,CPO
4022381040358,4022381040341,Original Mhlen Msli,6,SPI
4038507012819,4038507012796,Oster Kugeln Cacao Crunch,6,GOV
4038507012789,4038507012772,Oster Kugeln Salty Caramel,6,GOV
9004145325678,9004145025677,Osterberraschung Tee TB,6,STN
4024884131649,4024884031642,Osterbrot,6,HEB
4000430103650,4000430103650,Osterdisplay glutenfrei 2026,1,WER
4038507009291,4038507009284,Osterhase Hoppi,6,GOV
4013320041826,4013320133798,Osterhase Vollmilch in Stanniol,20,GEP
4013320308462,4013320308448,Osterhase Vollmilch klein,16,GEP
4024967004143,4024967002163,Osteria Merlot rot Bag in Box,4,RIE
4262436240122,4280001996908,Osterseife Lavendel Limette,6,NIA
4068871197034,4068871097037,Ostfreesen Tee TB,6,UFN
4012346525990,4012346525907,Ostfriesen Tee,6,LEB
4068871197010,4068871097013,Ostfriesen Tee Blatt,6,UFN
4012346525389,4012346525303,Ostfriesen Tee Broken,1,LEB
4068871197027,4270000263422,Ostfriesen Tee Broken,5,UFN
4012346554297,4012346531601,Ostfriesen Tee TB,12,LEB
4012346525297,4012346525204,Ostfriesenmischung Broken,6,LEB
8711842318490,28000433,"Oude Adel Gouda old, 1/4 Laib",3,HMW
4005537027403,4005537027403,Outdoor Zecken & Mcken Abwehr Lotion,1,ZEA
4025089007531,4025089007531,Overnight Elixir Intense Hydration,1,SAN
7640230493840,7640230493833,Paca Pumpkin,12,HOL
4031779001345,4031779314810,Pain au Chocolat Vegan,48,MOI
4086900755918,4086900755918,Paket Thekendisplay Roll-On,1,PVL
4086900005808,4086900106208,Palmarosa bio,1,PVL
24260012647673,4260012647679,Palmkohl Nero di Toscana,5,BIN
4028112060152,4028112060152,Pane Olive,14,SDL
4006182015586,4006182005587,Pane Picco Asia,6,SOM
4006182015456,4006182005457,Pane Picco Sesam u Schwarzkmm,6,SOM
4028112060145,4028112060145,Pane Rustic,14,SDL
4022993447521,4022993047059,Panini Classic gf,6,STZ
4022993447293,4022993047066,Panini Grainy gf,6,STZ
4022993059991,4022993045406,Panini Hafer gf,6,STZ
4028112059033,4028112059033,Panini Naturale,52,SDL
4022993300369,4022993300376,Panini Schoko,5,STZ
4020943190251,4020943130257,Panko,6,ARC
4530720100040,,"Paperlike Ksepapier 36x48cm, 1/4-Bogen",1,WSE
4012346628592,4012346628509,Papier Teefilter Gr 4,12,LEB
4009044011221,4009044011221,Pappteller eckig 10 x 16 cm,1,WSE
4009044011245,4009044011245,Pappteller eckig 13 x 20 cm,1,WSE
4009044011269,4009044011269,"Pappteller eckig 16,5 x 23 cm",1,WSE
4009044002458,4009044002458,"Pappteller eckig 21,5 x 29 cm",1,WSE
4009044011214,4009044011214,Pappteller eckig 9 x 15 cm,1,WSE
4260752753173,4260752752916,Paprika edelsá,12,SPC
4022346220443,4022346220443,Paprika edelsá Dose,1,HEU
4012346115788,4012346115788,Paprika edelsá gemahlen,1,LEB
4012346157399,4012346157306,Paprika edelsá Tte,6,LEB
4022346820940,4022346320945,Paprika edelsá Tte,5,HEU
9004145750883,9004145008946,Paprika edelsá Tte,6,STN
9004145142251,9004145012691,Paprika geruchert,6,STN
4012346179193,4012346179100,Paprika geruchert gemahlen,6,LEB
4031829507537,4031829235133,Paprika Salami Chorizo Art,3,KL
4012346181103,4012346181103,Paprika scharf gemahlen,1,LEB
4012346157498,4012346157405,Paprika scharf Tte,6,LEB
9004145754720,9004145006690,Paprika scharf Tte,6,STN
4250096908995,4250096904683,Paprikasuppe mit Sákartoffel,6,KBH
4019339003022,4019339220047,Parboiled Reis im Kochbeutel,6,DAV
4022381016940,4022381016933,Parboiled Reis lang,6,SPI
4022381016988,4022381016971,Parboiled Reis lang,4,SPI
4019339010105,4019339220184,Parboiled Reis Langkorn weiá,8,DAV
4022381029704,4022381029698,Parboiledreis Langkorn,1,SPI
4000915240207,4000915040203,"Parma-Schinken DOP 1/2 Keule, Theke","3,5",ISA
4000915307801,4000915107807,Parmigiano Reggiano DOP 125g,8,ISA
4000915307771,4000915107777,Parmigiano Reggiano gerieben,10,ISA
98437008467835,8437008467832,"Parra Manchego DO, 3 Monate",3,PAR
98437012218157,8437012218154,"Parra Manchego DO, 6 Monate","2,5",PAR
4000381090702,4000381009070,Party Classic,12,HUO
4000381090801,4000381009087,Party Pikant,12,HUO
4260067153606,4260067151831,Passata - Passierte Tomaten,12,CES
4024297002390,4024297158110,Passierte Tomaten,6,NAT
7640161875784,7640161875777,Pastinakenpree,6,HOL
24260012647710,4260012647716,Patagonisches Eisenkraut,5,BIN
4086900006638,4086900101197,Patchouli bio,1,PVL
4260423370319,4260423370210,Pauli das Schaf Frischkse Paprika/Chili,4,JMH
4004191958818,4004191058815,Pausenstark Mini Fruchtsaft,24,RB
8003938011928,8003938011904,Peanut & Salted Caramel Eis,6,RAC
8003938012062,8003938012017,Peanut & Salted Caramel Eis,12,RAC
4016249435400,4016249435509,Peanut Butter Creamy,6,ALO
4032067002532,4032067702531,Peanut Butter Creme Zipfel,13,ROM
4032067002525,4032067602527,Peanut Butter Creme Zipfel Theke,15,ROM
4016249435417,4016249435516,Peanut Butter Crunchy,6,ALO
94026913552152,,Pecorino Nero,2,MA
4000915307788,4000915107784,Pecorino Romano DOP gerieben,10,ISA
4005120001537,4005120000462,Peeling Creme-Maske,10,LUK
4086900049208,4086900273207,Peeling Gel Deeply Cleansing u Renewing,1,PVL
4262436240504,4262436240474,Peeling Seife Ingwer-Zitrone Ben's Ginger,6,NIA
7640230493864,7640230493857,Pelican Peach,12,HOL
8015197010529,8015197010529,Penne,1,IRI
38032804431509,8032804431508,Penne Buchweizen gf Felicia,10,FEL
38032804431844,8032804431843,Penne Mais VK gf Felicia,10,FEL
38032804431868,8032804431867,Penne Reis VK gf Felicia,10,FEL
4018462142233,4018462142202,Penne semola,12,BYO
8015197053267,8015197053267,Penne Vk,1,IRI
4009309586617,4009309582619,Peperoni mild,6,MAR
4009309581612,4009309581018,Peperoni rot ganz,1,MAR
4012346104195,4012346104102,Pepper Rub,6,LEB
4025089005087,4025089005087,Perfect Curls Shampoo,1,SAN
8053323646174,8053323641179,Pesto al limone,6,SEL
4018462154038,4018462154021,Pesto alla Genovese cremig,6,BYO
8018759006541,8018759001546,Pesto Basilikum Pecorino,6,SEL
4000915304800,4000915104806,"Pesto Basilikum, frisch",6,ISA
4000915304541,4000915104547,"Pesto Brlauch, frisch",6,ISA
4000915300956,4000915100952,"Pesto Brlauch, frisch Prepack",4,ISA
4018462154236,4018462154229,Pesto Calabrese,6,BYO
8053323649359,8053323644354,Pesto calabrese,6,SEL
4000915304510,4000915104516,"Pesto Genovese, frisch",6,ISA
4000915300932,4000915100938,"Pesto Genovese, frisch Prepack",4,ISA
8018759007197,8018759002192,Pesto mit Chili und Blten,6,SEL
8053323646150,8053323641155,Pesto mit Trffel,6,SEL
8018759007722,8018759002727,Pesto Pikante Tomate mit Schafskse,6,SEL
4000915304534,4000915104530,"Pesto Pomodoro, frisch",6,ISA
4000915300949,4000915100945,"Pesto Pomodoro, frisch Prepack",4,ISA
8018759006831,8018759001836,Pesto Rosso,6,SEL
8713576591224,8713576191226,Pesto Rosso,6,TER
4018462154137,4018462154120,Pesto Rosso cremig,6,BYO
8018759006886,8018759001881,Pesto Rucola,6,SEL
4000915304527,4000915104523,"Pesto Rucola, frisch",6,ISA
8018759008415,8018759003410,Pesto Tomaten Ricotta,6,SEL
8018759005377,8018759000372,Pesto Toscano,6,SEL
8713576591071,8713576191073,Pesto traditionale,6,TER
8018759005346,8018759000341,Pesto Verde,6,SEL
8713576591217,8713576191219,Pesto Verde,6,TER
4012346110981,4012346110981,Petersilie,1,LEB
9004145303140,9004145003149,Petersilie geschnitten Tte,6,STN
4012346154992,4012346154909,Petersilie Tte,6,LEB
4031829700068,4031829253106,"Petersilie, fein gehackt",10,KL
3770009610476,3770009610360,Petit Alba-Alternative zu Ziegenkse,6,PCI
3770009610452,3770009610025,Petit Azur-Alternative zu Blauschimmelkse,6,PCI
3770009610940,,Petit Frais Bruschetta-Alternative,5,PCI
3770009610933,3770009610834,Petit Frais Knobi/Kruter-Alternative,5,PCI
3770009610957,,Petit Frais Schalotte/Schnittlauch,5,PCI
3770009610469,3770009610346,Petit Lorrain-Alternative zu Camembert,6,PCI
94046896313106,4046896313103,"Petite Fleur, 300g Laibchen","0,32",VAV
8032692480237,8032692480220,Pettirosce Cerasuolo d'Abruzzo rose,6,OVO
2900000990234,2900000990234,"Pfand 10x0,08Eur+Kiste 1,50Eur",1,5WP
9004145750821,9004145008786,Pfeffer bunt ganz,6,STN
4012346128092,4012346128009,Pfeffer bunt ganz Mhle,6,LEB
4022346822456,4022346322451,Pfeffer bunt ganz Tte,5,HEU
4012346119380,4012346119304,Pfeffer bunt ganz Tten,1,LEB
4260752753197,4260752752954,Pfeffer ganz,12,SPC
4012346157993,4012346157900,Pfeffer grn ganz Tte,6,LEB
4012346158099,4012346158006,Pfeffer rosa ganz Tte,6,LEB
4250442400838,4250442400838,Pfeffer Salamisticks,1,MAX
4012346119687,4012346119687,Pfeffer schwarz ganz,1,LEB
4022346222522,4022346222522,Pfeffer schwarz ganz Dose,1,HEU
4012346125596,4012346125503,Pfeffer schwarz ganz Mhle,6,LEB
4012346153896,4012346153803,Pfeffer schwarz ganz Tte,6,LEB
4022346822173,4022346322178,Pfeffer schwarz ganz Tte,5,HEU
9004145750869,9004145008809,Pfeffer schwarz ganz Tte,6,STN
4012346119885,4012346119885,Pfeffer schwarz gemahlen,1,LEB
9004145754690,9004145006706,Pfeffer schwarz gemahlen,6,STN
4022346222546,4022346222546,Pfeffer schwarz gemahlen Dose,1,HEU
4012346153995,4012346153902,Pfeffer schwarz gemahlen Tte,6,LEB
9004145303423,9004145003422,Pfeffer weiá ganz,6,STN
4012346157597,4012346157504,Pfeffer weiá ganz Tte,6,LEB
4012346120386,4012346120386,Pfeffer weiá gemahlen,1,LEB
4022346221273,4022346221273,Pfeffer weiá gemahlen Dose,1,HEU
4012346157696,4012346157603,Pfeffer weiá gemahlen Tte,6,LEB
403006800689,4030068006818,Pfefferbeiáer 2 Stck,3,CHI
4044889011050,4044889001051,Pfefferminz,10,VNI
3360100301207,3360100300101,Pfefferminz Bonbons,12,ANI
4012346208909,4012346208909,Pfefferminze,1,LEB
4086900005853,4086900105539,Pfefferminze,1,PVL
4022346221846,4022346121849,Pfefferminze Blattkrll,5,HEU
9004145302099,9004145002098,Pfefferminze lose,6,STN
9004145322158,9004145022157,Pfefferminze TB,6,STN
4013044700245,4013044100243,Pfefferminzl,8,BTH
4012346538198,4012346538105,Pfefferminztee,6,LEB
4012346552095,4012346278001,Pfefferminztee TB,12,LEB
4086900033054,4086900741355,Pfefferminzwasser,1,PVL
403006800214,4030068002117,Pfeffersalami geschnitten,3,CHI
4031829234594,4031829234594,"Pfefferschinken, luftgetrocknet, Theke",2,KL
14260261492041,4260261492044,Pfifferlinge getrocknet,6,WOH
4004790146531,4004790046534,Pfirsich Drink Limited Edition,8,BCE
4019736005216,4019736005209,Pfirsich Maracuja Fruchtgarten,6,ZWE
4015533063350,4015533063343,Pfirsich Nektar,8,VOE
4260360277597,4260360272592,Pfirsich Stcke,6,NPU
4019736014317,4019736014324,Pfirsiche,12,ZWE
4009309751206,4009309751206,Pfirsiche halbe,1,MAR
4009309758410,4009309753415,Pfirsiche halbe Frucht,6,MAR
4260378040114,4260378040114,"Pfl.-haarf. Henna, Amla & Jatropha",1,KHD
4017645017566,4017645017566,Pflanzen Haarfarbe Creme 200 kupferblond,1,LOG
4017645017573,4017645017573,Pflanzen Haarfarbe Creme 210 kupferrot,1,LOG
4017645017580,4017645017580,Pflanzen Haarfarbe Creme 220 weinrot,1,LOG
4017645017597,4017645017597,Pflanzen Haarfarbe Creme 230 maronenbraun,1,LOG
4017645017603,4017645017603,Pflanzen Haarfarbe Creme 240 nougatbraun,1,LOG
4055297148733,4055297148733,Pflanzen Haarfarbe Pulver Kupferblond,1,LOG
4001638086554,4001638086554,Pflanzen Zahngel,1,WEL
4260378049698,4260378049698,Pflanzenhaarfarbe Aschbraun,1,KHD
4260672890217,4260672890217,Pflanzenhaarfarbe Color Prep,1,KHD
4260378040015,4260378040015,Pflanzenhaarfarbe Dunkelblond,1,KHD
4260378040169,4260378040169,Pflanzenhaarfarbe Dunkelbraun,1,KHD
4260378049704,4260378049704,Pflanzenhaarfarbe Goldbraun,1,KHD
4260378040046,4260378040046,Pflanzenhaarfarbe Goldhauch,1,KHD
4260378040039,4260378040039,Pflanzenhaarfarbe Hellblond,1,KHD
4260378040145,4260378040145,Pflanzenhaarfarbe Hellbraun,1,KHD
4260378049209,4260378049209,Pflanzenhaarfarbe Kupfer,1,KHD
4260672893188,4260672893188,Pflanzenhaarfarbe Mahagoni,1,KHD
4260378040022,4260378040022,Pflanzenhaarfarbe Mittelblond,1,KHD
4260378049711,4260378049711,Pflanzenhaarfarbe Mittelbraun,1,KHD
4260378040152,4260378040152,Pflanzenhaarfarbe Nussbraun,1,KHD
4260378040176,4260378040176,Pflanzenhaarfarbe Schwarz,1,KHD
4260378049797,4260378049797,Pflanzenhaarfarbe Sonnenblond,1,KHD
4019736014300,4019736014294,Pflaumen,8,ZWE
4260360277535,4260360271953,Pflaumen halbe Frucht,6,NPU
4005967506905,4005967003589,Pflaumen-Crumble-Schnitte,18,ROS
4019736005230,4019736005223,Pflaumenmus Fruchtgarten,6,ZWE
4017645008045,4017645008045,Pflege Shampoo Brennnessel,1,LOG
4017645013193,4017645013193,Pflege Shampoo Brennnessel,1,LOG
4017645019676,4017645019676,Pflege Splung Brennnessel,1,LOG
4021457648443,4021457648443,Pflegedusche Erfrischend,1,LAV
4021457648450,4021457648450,Pflegedusche Verwhnend,1,LAV
4021457648436,4021457648436,Pflegedusche Vitalisierend,1,LAV
4021457655120,4021457655120,Pflegeshampoo basis sensitv Feuchtigkeit u Pflege,1,LAV
4021457655137,4021457655137,Pflegeshampoo Family,1,LAV
4021457655144,4021457655144,Pflegeshampoo Farbglanz u Pflege,1,LAV
4021457655106,4021457655106,Pflegeshampoo Frische und Balance,1,LAV
4021457655151,4021457655151,Pflegeshampoo Repair und Tiefenpflege,1,LAV
4021457655113,4021457655113,Pflegeshampoo Volumen und Kraft,1,LAV
4021457655281,4021457655281,Pflegesplung basis sensitiv Feuchtigkeit u Pflege,1,LAV
4021457655298,4021457655298,Pflegesplung Farbglanz und Pflege,1,LAV
4021457655304,4021457655304,Pflegesplung Repair und Tiefenpflege,1,LAV
4031829803141,4031829231128,Pflzer Leberwurst Gourmet Qualitt im Glas,6,KL
4037892310951,4037892310104,"Pilzbrsten, rund",20,RED
4012346128979,4012346128900,Piment d`Espelette A.O.P,4,LEB
9004145303898,9004145003897,Piment ganz,6,STN
4012346157795,4012346157702,Piment gemahlen,6,LEB
4260423370371,4260423370364,Pina Frischkse Pfeffer/Zitrone,4,JMH
4015533063855,4015533063848,Pink Grapefruitsaft,8,VOE
4106060213957,4106060049976,Pink Grapefruitsaft,6,BEU
4023216000752,4023216000172,Pinkus Alkoholfrei,24,PIN
4023216000325,4023216000004,Pinkus Alt,8,PIN
4023216001780,4023216001506,Pinkus Extra Bgelflasche,16,PIN
4023216000776,4023216000264,Pinkus Hefe Weizen alkoholfrei,24,PIN
4023216000622,4023216000042,Pinkus Hefe Weizenbier,8,PIN
4023216000738,4023216000127,Pinkus Honig Malzbier,24,PIN
4023216000509,4023216000134,Pinkus Jubilate,8,PIN
4023216000714,4023216000110,Pinkus Malzbier,24,PIN
4023216000387,4023216000059,Pinkus Pils,8,PIN
4023216000417,4023216000073,Pinkus Pils Bgelflasche,16,PIN
4023216000790,4023216000301,Pinkus Radler,24,PIN
4023216000448,4023216000028,Pinkus Spezial Bier,8,PIN
4023216000455,4023216000035,Pinkus Spezial Bier Pils,24,PIN
4260065968110,4260065961111,Pino Secco,6,GUS
4024967005591,4024967514109,Pinot Blanc alkoholfrei Keth,6,7WK
4024967002798,4024967228365,Pinot Grigio Osteria klein,12,RIE
8017955060425,8017955000148,Pinot Grigio weiá,6,PLG
8024586000652,8024586000058,Pinot Grigio weiá,6,LBJ
4260137199015,4260137190081,Pinot Gris alkoholfrei Keth,6,7WK
4260039377207,4260039376200,Pinot Noir Deutscher Traubensaft,6,VNN
8713576503852,8713576003857,Pinsa,6,TER
4026813331588,4026813330581,Pinsa alla Pizzaiola,8,BSI
4026813331571,4026813330574,Pinsa Funghi,8,BSI
4015637024226,4015637023755,Pinsateig,6,BAK
4039468019602,4039468019602,"Pinsel mit Kunsthaar flach, Gráe 12",12,XXX
4039468019480,4039468019480,"Pinsel mit Kunsthaar rund, Gráe 12",12,XXX
4260360277184,4260360272189,Pinto Bohnen,6,NPU
4008576400756,4008576400756,Pinzette gerade Solingen Vitaloy,1,NYK
4008576400763,4008576400763,Pinzette schrg Solingen Vitaloy,1,NYK
8015197010567,8015197010567,Pipe Rigate Hrnchen geriffelt,1,IRI
9004145327108,9004145027107,Pipifein TB,6,STN
8711521996438,8711521020089,Pipo Sojaeis,18,ICF
4044889015133,4044889005134,Pistacchio Riegel,18,VNI
4018874410364,4018874041032,Pistal Universalspray Schdlinge,6,ARI
4017194989185,4017194489180,Pistazie Eis,6,SBG
8005020100848,8005020000841,Pistazien Eis,6,RAC
8005020191037,80540373,Pistazien Eis,12,RAC
8034034860233,8034034860202,Pistaziencreme,6,AGC
8713576504361,8713576004366,Pita Dinkel 2x4 Stck,6,TER
4022993300338,4022993300345,Pita gf,5,STZ
4260360276002,4260360271007,Pita Taschen 4 Stck,12,NPU
8713576504347,8713576004342,Pita Weizen 2x4 Stck,6,TER
4260435775508,4260435775256,Pizza & Pastazauberei,6,SPC
4250073460232,4250073459984,Pizza Bianca Vegan,10,FWO
4260100267796,4260100262791,Pizza Caprese,10,BLR
4260100267819,4260100262814,Pizza Diavolo,10,BLR
4250073453845,4250073453838,Pizza Gamberi,7,FWO
4000381076225,4000381076218,Pizza Grissini,7,ERD
4260100266744,4260100261749,Pizza Margherita,10,BLR
4250073453807,4250073453791,Pizza Margherita glutenfrei,7,FWO
5390887489100,764460916690,"Pizza Napoletana, handgemacht",6,1SO
4250073461284,4250073461277,Pizza Piccante,7,FWO
4026813331656,4026813330659,Pizza Salame,6,BSI
4260100267802,4260100262807,Pizza Salame,10,BLR
4250073453821,4250073453814,Pizza Salmone,7,FWO
4260100266751,4260100261756,Pizza Spinaci,10,BLR
4260311981931,4260311980286,Pizza Stangen mit Kse und Olivenl,12,MGL
4031779001475,4031779902345,Pizza Taschen SB,10,MOI
4015637801896,4015637821429,Pizza Teig Dinkel,6,BAK
4015637006666,4015637006659,Pizza Teig gf,6,BAK
4250073453616,4250073453609,Pizza Tonno MSC,7,FWO
4250073463066,4250073463059,Pizza Tonno vegan,5,FWO
9004145115903,9004145007000,Pizza u Pastagewrz Tte,6,STN
4260100266768,4260100261763,Pizza Vegetaria,10,BLR
4012359144232,4012359144201,Pizza-Pizza Bratfilets,8,TAI
8713576591026,8713576191028,Pizzabden 2 St,10,TER
4012346159294,4012346159201,Pizzagewrz Tte,6,LEB
4022381039161,4022381039154,Pizzamehl,6,SPI
4260229160046,4260229160022,Pizzateig,8,DST
4022381033886,4022381033879,Pizzateig gf Backmischung,4,SPI
4260229160398,4260229160435,"Pizzateig Urkorn, gerollt",6,KRI
8022836008250,8022836008243,Pizzolato Spumante Blanc alkoholfrei,6,PIZ
8022836001886,8022836001206,Pizzolato Spumante rose,6,PIZ
8022836008298,8022836008281,Pizzolato Spumante rose alkoholfrei,6,PIZ
8022836005495,8022836005488,Pizzolato Spumante rose Mini,24,PIZ
4012346455198,4012346455105,Plantagen Kaffee ganze Bohne,6,LEB
5016383062356,5016383062356,"Platte rechteckig, schwarz",1,WSE
4260012645866,4260012645866,Platzhalterkarten-Set,1,BIN
4039216000128,8017870000056,Plose Hochquellwasser frizzant,6,PLO
4039216000029,8017870000100,Plose Hochquellwasser medium,6,PLO
4039216000012,8017870000018,Plose Hochquellwasser naturale,6,PLO
4021457735174,4021457665549,Plumping Lip Balm,6,LAV
4032105000520,4032105000520,Plunderbrtchen,1,SB
4260229230176,4260229230169,Poesie Amelie,24,FOD
8053323648932,8053323643937,Polpa gelbe stckige Tomaten,12,SEL
8018759006589,8018759001584,Polpa mit Basilikum,6,SEL
4026813011510,4026813010513,"Pommes frites, 10x10mm",12,NCL
4026813053114,4026813054098,"Pommes frites, 10x10mm, 4x2,5kg",1,DFE
4012346109381,4012346109381,Pommes Gewrzsalz,1,LEB
9004145136151,9004145012592,Pommes Gewrzsalz,6,STN
4012346160191,4012346160108,Pommes Gewrzsalz Dose,6,LEB
4018462192511,4018462192504,Pommes Sauce,6,BYO
4030917044008,4030917043902,Popcorn sá,8,FRD
4030917044206,4030917044107,Popcorn salzig,8,FRD
4013320098769,4013320098691,Poppy & vanilla fairness,18,GEP
4055297219785,4055297219785,Pore Control 5in1 Peeling & Maske,1,SAN
4055297219907,4055297219907,Pore Control feste Gesichtsreinigung,1,SAN
4026813006172,4026813004574,"Porree (Lauch), 6-8 mm, 4x2,5 kg",1,DFE
4012346109190,4012346109107,Porridge Gewrz Beere,6,LEB
4012346169590,4012346169507,Porridge Gewrz Klassisch,6,LEB
4012346169798,4012346169705,Porridge Gewrz Kurkuma Orange,6,LEB
5606551602103,5606551002101,Porto Tawny Douro Portwein,6,1JO
4048885945531,4048885045538,Potato Fix Rosmarin Knoblauch,12,NCO
7640161877245,7640161877238,Pouchy Apple Ant,12,HOL
7640161877221,7640161877214,Pouchy Banana Lama,12,HOL
7640161877269,7640161877252,Pouchy Berry Puppy,12,HOL
7640161877306,7640161877290,Pouchy Blue Bird,12,HOL
7640161877344,7640161877337,Pouchy Carrot Cat,12,HOL
7640230493673,7640230493666,Pouchy Dino Dance,12,HOL
7640161877092,7640161877085,Pouchy Panda Peach,12,HOL
7640161877320,7640161877313,Pouchy Pear Pony,12,HOL
7640230492775,7640230492768,Pouchy Porridge Lion,6,HOL
7640230492799,7640230492782,Pouchy Porridge Peguin,6,HOL
7640230492812,7640230492805,Pouchy Porridge Tiger,6,HOL
7640161877016,7640161877009,Pouchy Red Bee,12,HOL
7640161877078,7640161877061,Pouchy Veggie Bunny,12,HOL
4020829042421,4020829042421,Powder Brush,1,HAU
4260198094489,4260198094489,Powder Brush Colour Edition,1,BEN
25425038430244,5425038430240,Power Granola Nsse und Saaten gf,8,TUE
4044889011081,4044889001082,Pralin Nougat,10,VNI
7640161879843,7640161879829,PRE Anfangsmilch,5,HOL
7640230492065,7640230492058,PRE Anfangsmilch Ziegenmilch,5,HOL
37391961111893,7391961111892,Preiselbeerkonfitre,6,LIS
4031829501009,4031829234006,Premium Bacon,3,KL
4031829507650,4031829234136,Premium Bruschetta-Schinken,3,KL
4031779000034,4031779080012,Premium Butter Bltterteig,10,MOI
4019838190377,4019838090370,Premium Green Earl Grey,5,CDO
4015141610076,4015141010074,Premium Korn,6,LDM
4031829501078,4031829234402,Premium Lachsschinken geruchert,3,KL
4031829501061,4031829234303,Premium Lachsschinken luftgetr.,3,KL
4031829234334,4031829234334,"Premium Lachsschinken, ca. 1kg, Theke",1,KL
4018462159019,4018462160374,Premium Meersalz fein,5,BYO
4018462159026,4018462160381,Premium Meersalz fein,6,BYO
4018462159002,4018462160251,Premium Meersalz grob,6,BYO
4031829507667,4031829234198,Premium Pfefferschinken,3,KL
4031829501054,4031829234204,Premium Schinken fein geruchert,3,KL
4031829501023,4031829234105,Premium Schinken luftgetr.,3,KL
4031829234631,4031829234631,"Premium Schinken, fein geruchert, Theke",2,KL
4031829507049,4031829234785,Premium Schinkenwrfel,3,KL
4019838190384,4019838090387,Premium White Earl Grey,5,CDO
4024297022220,4024297022213,Pretzel Milk Schokoriegel,24,NAT
8034115194592,8034115194585,Primitivo Integro,6,IGR
8017955062023,8017955002029,Primitivo rot,6,PLG
4026813001221,4026813000149,Prinzessbohnen,12,BSI
4260044672557,4260044672854,PriSecco Bio Ros alkoholfrei prickelnd,6,MJG
4260044674193,4260044674162,PriSecco Bio Ros alkoholfrei prickelnd - Piccolo,12,MJG
4260044679365,4260044672830,PriSecco Bio Rot alkoholfrei prickelnd,6,MJG
4260044679303,4260044672847,PriSecco Bio Weiá alkoholfrei prickelnd,6,MJG
4260044674186,4260044674155,PriSecco Bio Weiá alkoholfrei prickelnd - Piccolo,12,MJG
4106060221907,4106060077412,Pro Vitamin D Saft,12,BEU
4106060221914,4106060077429,Pro Vitamin D Saft,6,BEU
4260266541105,4260266541105,Probiergráe Aleppo Seife,1,JIS
4005529239807,4005529239807,probiotic drops,1,SAV
4002029968107,4002029068104,Propolis & Salbei,8,HOY
4032061410074,4032061010076,Propolis Cream,1,GEB
4086900007611,4086900105300,Propolis Extrakt Allgu,1,PVL
4002029940257,4002029040254,Propolis Extrakt flssig,5,HOY
4002029940288,4002029040285,Propolis Extrakt flssig alkoholfrei,5,HOY
4002029930548,4002029030545,Propolis im Honig,6,HOY
4000915240092,4000915040098,Prosciutto Crudo v. Schwein,6,ISA
4000915240153,4000915040159,"Prosciutto Milano, a.d. Lende",6,ISA
8018759006763,8018759001768,Prosecco Veneto,6,SEL
4260009217564,4260009217564,Protecting Vitamin C Serum,1,PVD
8713576501988,8713576001983,Protein Brot,9,TER
4038507011935,4038507011928,Protein Chunks Hack,6,GOV
4018462290712,4018462290705,Protein Knusperbrot,12,BYO
5411788071581,5411788048590,Protein Waffeln Linsen,12,LIM
4260418024517,4260418020519,Protein Whey Mischung Kakao,4,GNC
4260418024531,4260418020533,Protein Whey Mischung Kakao Probiergráe,15,GNC
4260418024500,4260418020502,Protein Whey Mischung Vanille,4,GNC
4260418024524,4260418020526,Protein Whey Mischung Vanille Probiergráe,15,GNC
9004145115965,9004145006744,Provencekruter Tte,6,STN
4028332012801,4028332442752,Pudding m. Sahne Schoko,6,WMF
4028332012818,4028332442769,Pudding m. Sahne Vanille,6,WMF
4018462173015,4018462173008,Pudding Schoko Gourmet,20,BYO
4018462173534,4018462173503,Pudding Schoko Gourmet,1,BYO
4018462172018,4018462172001,Pudding Vanille Gourmet,20,BYO
4018462172506,4018462172506,Pudding Vanille Gourmet,1,BYO
4020943355131,4020943255134,Puddingpulver Schokolade,10,ARC
4025174145520,4025174145520,Puddingpulver Schokolade mit Schokostckchen,1,SOB
4020943355100,4020943255103,Puddingpulver Vanille,10,ARC
4025174145506,4025174145506,Puddingpulver Vanille,1,SOB
4260096396456,4260096395459,Puderzucker,6,AGA
4024297000860,4024297340447,Puderzucker aus Rohrohrzucker,10,NAT
4024297010029,4024297340454,Puderzucker aus Rohrohrzucker,10,NAT
4019339005088,4019339680377,Pumpernickel,12,DAV
4004790146524,4004790046527,Pumpkin Spice Drink Limited Edition,8,BCE
4260096399013,4260096398016,Pumpkin Spice Sirup,6,AGA
9004145122871,9004145009837,Pumpkin Spice Sirup,6,STN
4017645000032,4017645000032,PUR beruhigendes Serum Kamille + Probiotika,1,LOG
4017645000025,4017645000025,PUR Feuchtigkeitscreme Kamille + Probiotika,1,LOG
4017645000049,4017645000049,PUR Waschgel Kamille + Probiotika,1,LOG
4009800002005,4009800002005,Pure Deo Stick,1,SCK
4086900043725,4086900265301,Pure Entspannung Cremedusche,1,PVL
4086900044029,4086900265400,Pure Entspannung Handcreme,1,PVL
4086900042735,4086900265103,Pure Entspannung Krpercreme Fluid,1,PVL
4086900046733,4086900265004,Pure Entspannung Krperl,1,PVL
4086900043862,4086900265509,Pure Entspannung Sensitivdeo,1,PVL
9004145741997,9004145025820,Pure Leichtigkeit Tee Happiness is,6,STN
83597155247,34731946764,Pure Oat Base 3 L,6,BQC
4028112077143,4028112077143,Puten-Kse-Croissant,64,SDL
4260455750011,4260455750011,Putenbierschinken,1,WT
4250442405314,,"Putenbrust gegart 7 Kruter, Theke","0,7",MAX
20488895,20488895,"Putenbrust, Teilstck (ca. 300g)","0,3",FPF
4260455750035,4260455750035,Putenjagdwurst,1,WT
4260455750042,4260455750042,Putenleberwurst,1,WT
4260455750127,4260455750127,Putenleberwurst Hausmacher Art,1,WT
4260455750059,4260455750059,Putenlyoner,1,WT
4260455750066,4260455750066,Putenpaprikalyoner,1,WT
4030068003909,4030068003909,Putensalami pur geschnitten,3,CHI
403006801556,4030068015513,Putenschinken a.d. Putenbrust,3,CHI
4260455750073,4260455750073,Putenschinkenwurst,1,WT
13422290001293,3422290000046,Pyramide de Chvre fermier,4,VAV
4260009213856,4260009213856,Q10 Bio Anti Aging,1,PVD
4104060489334,4104060032134,Quark zum Backen 20%,6,AND
4012346155593,4012346155500,Quarkgewrz Tte,6,LEB
4017194970022,4017194470027,"Quarkzubereitung 0,1%",6,SBG
4260198090825,4260198090825,Quattro Eyeshadow beautiful ey,1,BEN
4260198091587,4260198091587,Quattro Eyeshadow coffee cream,1,BEN
4260198092539,4260198092539,Quattro Eyeshadow smokey eyes,1,BEN
4260198095622,4260198095622,Quattro Eyeshadow true blue,1,BEN
9004145303409,9004145003408,Quendel gemahlen,6,STN
4260311984680,4260311984673,Quetschie Blaubeere,10,MGL
4260311984666,4260311984659,Quetschie Erdbeere,10,MGL
4260311984949,4260311984932,Quetschie Himbeere,10,MGL
4260311984703,4260311984697,Quetschie Kakao,10,MGL
4260311984963,4260311984956,Quetschie Kiwi,10,MGL
4260311984826,4260311984819,Quetschie Mango,10,MGL
4260311985434,4260311985427,Quetschie Pfirsich,10,MGL
4260311984987,4260311984970,Quetschie Pflaume,10,MGL
4260311985458,4260311985441,Quetschie Pflaume Kirsch,10,MGL
4250367550830,4250367550847,Quetschtte Cola,30,GEC
8719325110906,8719325110883,Quetschtte Cremige Orange,28,NIE
4250367550816,4250367550823,Quetschtte Erdbeere,30,GEC
8719325110647,8717953108548,Quetschtte Erdbeere,28,NIE
8720828386088,8719325110937,Quetschtte Erdbeere Multipack,6,NIE
4250367550809,4250367550892,Quetschtte Multipack Cola Erdbeere,6,GEC
8719325110661,8719325110470,Quetschtte Orange Himbeere,28,NIE
4250367550854,4250367550861,Quetschtte Zitrone,30,GEC
4013320098554,4013320098530,Quinoa crisp fairness,18,GEP
4022381020299,4022381020282,Quinoa Flocken,4,SPI
4014051006696,4014051006689,Quinoa Kakaokeks mit Schokostckchen,12,WIK
4019339011850,4019339291054,Quinoa Pops gf,6,DAV
4026584933226,4026584133220,Quinoa Taler,6,SOF
4019339005507,4019339192139,Quinoa Tricolore,8,DAV
4260148650062,4260148650154,Quinoa-Sákartoffelsalat GV,1,PUF
5998008708675,5998008700679,Quittenmus,6,TAR
4106060203071,4106060030776,Quittensaft,6,BEU
93503180010055,3503180010052,Rad - Comt AOP 8 M+EXTRA,35,VAV
9008281305105,9008281005104,Rad - Tiroler Bergkse g.U. Reith 3 M,35,BOM
4022381041843,4022381041836,Radiatori mit Ei,8,BUM
8714565003025,8714565003025,Rahm Brietorte,"1,5",BAS
7610612003592,7610612003523,Rahm Frischcreme Soja Natur,6,SNA
4101530015932,4101530010296,Rahm zum Kochen 15%,8,BGL
4031829700426,4031829256503,Rahm-Gemse,6,KL
4008471711827,4008471492870,Rahmjoghurt griechischer Art 10%,6,SB
4104060484674,4104060028274,Rahmjoghurt Heidelbeere-Cassis,6,AND
4104060482526,4104060012150,Rahmjoghurt Mango-Vanille 10%,6,AND
4008471708698,4008471492825,Rahmjoghurt mild 10%,6,SB
4104060482519,4104060020032,Rahmjoghurt Natur mild 10%,6,AND
4104060482786,4104060026300,Rahmjoghurt Stracciatella,6,AND
4104060485718,4104060028618,Rahmjoghurt Vanille 10%,6,AND
4026813001283,4026813000224,Rahmspinat,12,BSI
4031829700686,4031829256107,Rahmspinat,6,KL
8713576502138,8713576002133,Ramen Naturreisnudeln,6,TER
4260651481153,4260651481146,Ramen Nudeln,7,JTT
4020943194303,4020943134309,Ramen Nudelsuppe m Ingwer instant,6,ARC
8032692480213,8032692480206,Ramoro Pinot Grigio weiá,6,OVO
4260014353387,4260014353370,Raps Kernl Buttergeschmack,6,KME
4260014352458,4260014352441,Raps Kernl Vielseitig,6,KME
4260033051011,4260033050014,Rapshonig,6,IMK
4262417560188,4262417560041,Rapshonig,6,IAA
4260014353585,4260014353578,Rapskernl Bratl,6,KME
4260106713129,4260106713112,Rapsl Buttergeschmack,6,PUA
4018462400418,4018462400418,Rapsl extra mild desodorier,1,BYO
3445020880701,3445020296700,Rapsl nativ,6,BPL
4018462400432,4018462400432,Rapsl nativ,1,BYO
3445020980340,3445020980340,Rapsl nativ Box,1,BPL
4260355586574,4260355586505,Rapsl nativ Mehrweg,6,BPL
4012346108186,4012346108100,Ras el Hanout,1,LEB
4012346112190,4012346112107,Ras El Hanout,6,LEB
4260752753272,4260752753265,Ras el Hanout,12,SPC
9004145741157,9004145008458,Ras el Hanout Gewrz,6,STN
4260631130484,4260631130484,Rasiercreme Sanfte Rasur Hanf Hopfen,1,GR
4280001996175,4280001996175,Rasierseife Bergamotte Salbei,1,NIA
4270001544384,4270001544346,Raspberry Almond Caramel Pralinis,12,LNB
4019736003755,4019736003762,Ratatouille,6,ZWE
4026813001450,4026813000361,Ratatouille-Mix,12,BSI
4260435775478,4260435771258,Rauchige Drecksau,6,SPC
94062681113928,,Rauchkse Stange,"1,1",ROG
9004145142275,9004145012707,Rauchsalz,6,STN
4260752752145,4260752752039,Rauchsalz Buchenholz,6,SPC
4019886620109,4019886200103,Raumduft AQUA,2,SOD
4019886620284,4019886200288,Raumduft AQUA NF,2,SOD
4019886620239,4019886200233,Raumduft Cosy Nachfller,2,SOD
4019886620260,4019886200264,Raumduft Flower Nachfller,2,SOD
4019886620215,4019886200219,Raumduft Fresh Nachfller,2,SOD
4019886620222,4019886200226,Raumduft Relax Nachfller,2,SOD
4019886620277,4019886200271,Raumduft Sunny Nachfller,2,SOD
4086900195196,4086900195196,Raumspray Alles Liebe,1,PVL
4086900052017,4086900196025,Raumspray Beschtz mich,1,PVL
4086900005860,4086900105706,Ravintsara bio,1,PVL
4000503750590,4031829232705,Ravioli,6,KL
4000915305029,4000915105025,Ravioli mit 4 Sorten Kse,6,ISA
4000915305043,4000915105049,Ravioli mit Rucola & Ricotta,6,ISA
4000915229202,4000915029208,Ravioli mit Trffelpilzen,6,ISA
4005496225773,4005496224516,Ravioli mit veganer Bolognese,10,DAP
4000915229219,4000915029215,Ravioli mit Ziegenkse,6,ISA
4000915305319,4000915105315,Ravioli Rucola-Spinat-Fllung,6,ISA
4011849500510,4011849500503,"Ravioli Tomate, Mozzarella",6,PAN
5712840120064,5712840020067,Raw Bite Apple Cinnamon,12,RWB
5712840120026,5712840020029,Raw Bite Cacao,12,RWB
5712840120019,5712840020012,Raw Bite Cashew,12,RWB
5712840120033,5712840020036,Raw Bite Coconut,12,RWB
5712840120057,5712840020050,Raw Bite Peanut,12,RWB
5712840120132,5712840020135,Raw Bite Protein almond,12,RWB
5712840120125,5712840020128,Raw Bite Protein Cacao,12,RWB
5712840120071,5712840020074,Raw Bite Vanilla Berries,12,RWB
4015533052354,4015533052347,RAW Kombucha Himbeere Cassis,10,VOE
4015533052378,4015533052361,RAW Kombucha Ingwer Lemongras,10,VOE
4015533052330,4015533052323,RAW Kombucha Original,10,VOE
4022381032841,4022381032834,Rbenzucker,6,BUM
4024297005636,4024297005629,Rbenzucker,6,NAT
4024297010784,4024297010777,Rbenzucker,5,NAT
8437003467516,8437003467509,Rebel.lia DOP rot,6,6VF
4046896105111,4046896105111,Reblochon de Savoie AOP,1,VAV
4260687039427,4260687039472,Red Bean Umami-Style Bratling,5,BUG
4260491970442,4260491970411,Red Juliet Aperitivo,6,APT
95027632000060,4046896462078,Red Leicester,"2,5",VAV
4260198097428,4260198097428,Refill Blush magnolia please,1,BEN
4260198095554,4260198095554,Refill Blush rose please,1,BEN
4260198097411,4260198097411,Refill Blush tuscany please,1,BEN
4260491224439,4260491224439,Refill Case + Deostick,1,BDN
4260198095530,4260198095530,Refill Compact Powder warm desert 04,1,BEN
4260198095615,4260198095615,Refill Countouring Powder ash contour,1,BEN
4260491224446,4260491224446,Refill Deostick,1,BDN
4260198097343,4260198097343,Refill Eyeshadow dark mountains,1,BEN
4260198095394,4260198095394,Refill Eyeshadow lilac light,1,BEN
4260198097350,4260198097350,Refill Eyeshadow matt desert,1,BEN
4260198095486,4260198095486,Refill Eyeshadow muddy olive,1,BEN
4260198097374,4260198097374,Refill Eyeshadow pearl onyx,1,BEN
4260198095417,4260198095417,Refill Eyeshadow prismatic pink,1,BEN
4260198095493,4260198095493,Refill Eyeshadow rusty copper,1,BEN
4260198095424,4260198095424,Refill Eyeshadow very woody,1,BEN
4260198095479,4260198095479,Refill Eyeshadow whipped cream,1,BEN
4260198097398,4260198097398,Refill Highlighter dark illuminance,1,BEN
4260198095578,4260198095578,Refill Highlighter golddust,1,BEN
4260198097404,4260198097404,Refill Highlighter rose illuminance,1,BEN
4260198095585,4260198095585,Refill Highlighter shooting star,1,BEN
4260198097435,4260198097435,Refill Lip Cheek aperitif kiss,1,BEN
4260198097442,4260198097442,Refill Lip Cheek velvet rose,1,BEN
4260672893935,4260672893935,Refill Shampoo Amla Volume,1,KHD
4001638589628,4001638589628,Refining Hydra Toner,1,WEL
7611916124501,7611916124501,Refresh Shower Cream Citrus,1,WEL
7611916164569,7611916164569,Refresh Shower Cream Citrus,1,WEL
4020829101050,4020829101050,Regeneration Intensiv Augenserum,1,HAU
4020829102934,4020829102934,Regeneration Intensiv Kur,1,HAU
4020829101104,4020829101104,Regeneration Intensiv Nachtserum,1,HAU
4020829101166,4020829101166,Regeneration Intensiv Nachtserum Kleingráe,1,HAU
4020829102941,4020829102941,Regeneration Kur,1,HAU
4020829103108,4020829103108,Regeneration Serum,1,HAU
4001638590488,4001638590488,Regenerierende Body Lotion Sanddorn,1,WEL
4007547413009,4007547403000,Regeneriersalz,6,SNT
4019886600903,4019886000901,Regeneriersalz,5,SOD
4104060488641,4104060028656,Reibekse,12,AND
4008471712176,4008471514565,Reibekse Gouda,10,SB
4008471712169,4008471514558,Reibekse Quattro formaggi,10,SB
7640101099522,7640101099515,Reibkse-Mix,5,ZFK
9004145327030,9004145027039,Reine NervensacheŠ Tee,6,STN
4019886655118,4019886055116,Reine Zitronensure,6,SOD
4260378040121,4260378040121,Reines Indigo,1,KHD
4019886655125,4019886055123,Reines Natron,6,SOD
4260106713105,4260106713099,Reines Rapsl,6,PUA
4019886655101,4019886055109,Reines Soda,6,SOD
4005120001391,4005120000394,Reinigungs-Creme-Maske,10,LUK
4020829101838,4020829101838,Reinigungsbalsam Kleingráe,1,HAU
4260418987188,4260418987188,Reinigungsbalsam Melt away,1,RRT
4020829007000,4020829007000,Reinigungsmaske Spenderbox Sachets,1,HAU
4260026691361,4260026691361,Reinigungsmilch,1,BIT
4020829066441,4020829066441,Reinigungsmilch Kleingráe,1,HAU
4013044700009,4013044100007,Reinweinstein Backpulver,12,BTH
4018462290613,4018462290606,Reis & Kichererbsen Knusperbrot,12,BYO
4018462290415,4018462290408,Reis & Mais Knusperbrot gf,12,BYO
4019339003916,4019339235188,Reis Basmati weiá,8,DAV
4019339005521,4019339235102,Reis Basmati weiá,8,DAV
4000430610127,4000430110122,Reis Brtchen gf,6,WER
4038375025010,4038375025003,Reis Cuisine,15,NTM
4016249143596,4016249143695,Reis Drink Naturell,12,ALO
4016249218119,4016249218218,Reis Haselnuss Drink,6,ALO
4000430617010,4000430004803,Reis Hschen mit Schokolade gf,6,WER
4019339011430,4019339233108,Reis Jasmin weiá,8,DAV
4019339003596,4019339220108,Reis Parboiled lang weiá,8,DAV
4019339017067,4019339291269,Reis Pops mit Rbenzucker,6,DAV
4038507009901,4038507009895,Reis Proteinpulver,6,GOV
4020943190503,4020943130509,Reis Ramen Thai Curry,8,ARC
4020943190527,4020943130523,Reis Ramen Tom Yum,8,ARC
4000430614736,4000430114731,Reis Ringe mit Schokolade,6,WER
4000430610240,4000430110245,Reis Ringe Zitrone,6,WER
4000430001260,4000430008993,Reis Toastbrot gf,4,WER
4024297013778,4024297013761,Reis VK Spaghetti gf,12,NAT
4016249143602,4016249143701,Reis-Kokos Drink Naturell,6,ALO
4016249162337,4016249162436,Reis-Mandel Drink Naturell,6,ALO
9020200131602,4038375025300,Reisdrink Kokos,8,NTM
9020200132364,4038375024358,Reisdrink Natural,8,NTM
4020943179447,4020943129442,Reisessig Genmai Su,6,ARC
4022381003445,4022381308205,Reisflocken,6,SPI
4022381027625,4022381027618,Reisflocken gf,4,SPI
4022381027441,4022381027434,Reisgrieá gf,4,SPI
4022381003926,4022381508209,Reismischung mit Wildreis,4,SPI
8718754504096,8718754504089,Reispapier,15,YAK
4000430616587,4000430116582,Reissirup gf,6,WER
4022381003308,4022381260206,Reisvollkornmehl gf,4,SPI
5411788060806,5411788002509,Reiswaffel ungesalzen,12,LIM
5411788064828,5411788044271,Reiswaffel VK m. Salz dnn,12,LIM
4018462252727,4018462250709,Reiswaffeln mit Amaranth gf,6,BYO
4018462252420,4018462250402,Reiswaffeln mit Hirse gf,6,BYO
4018462252109,4018462250105,Reiswaffeln mit Meersalz gf,12,BYO
4018462252321,4018462250303,Reiswaffeln mit Sesam gf,6,BYO
4018462252208,4018462250204,Reiswaffeln ohne Salz gf,12,BYO
7611916160776,7611916160776,Relax Shower Cream Lavendel,1,WEL
7611916164583,7611916164583,Relax Shower Cream Lavendel,1,WEL
4024297006251,4024297006244,Remoulade Tube,8,NAT
4024297014850,4024297014843,Remoulade Tube vegan,8,NAT
4003247405832,4003247705833,Remoulade vegan,6,VTQ
4024297022855,4024297022848,Remoulade vegan,6,NAT
4260221613458,4260221613410,Remoulade vegan,6,EMS
4020829115705,4020829115705,Renew and Activate Ampoules,1,HAU
4260026694263,4260026694263,Repair Fuácreme,1,BIT
4021457726172,4021457645084,Repair Handcreme,4,LAV
4260026697141,4260026697141,Repair Leave-in Splung,1,BIT
4021457735150,4021457665525,Repair Lippenbalsam,6,LAV
4260026694041,4260026694041,Repair Shampoo,1,BIT
4260026696199,4260026696199,Repair Shampoo,1,BIT
4260026694195,4260026694195,Repair Splung,1,BIT
4260418987157,4260418987157,Restructuring Eye Cream,1,RRT
5765228837375,5765228837375,Revitalising Shampoo Aloe Vera dry hair,1,URT
5765228838228,5765228838228,Revitalising Shampoo Aloe Vera normal hair,1,URT
5765228838020,5765228838020,Revitalizing Shampoo Aloe Vera dry hair,1,URT
5765228838037,5765228838037,Revitalizing Shampoo Aloe Vera normal hair,1,URT
5765228838754,5765228838754,Revitalizing Spray Conditioner Aloe Vera,1,URT
5765228838983,5765228838983,Revitalizing Spray Conditioner Rose,1,URT
4028719623477,4028719623477,Rgener Kreide Balsam,1,CMD
4028719623811,4028719623811,Rgener Kreide Handcreme,1,CMD
4028719623439,4028719623439,Rgener Kreide Krperlotion,1,CMD
4028719623194,4028719623194,Rgener Kreide Pflegecreme,1,CMD
4015533064371,4015533064364,Rhabarber Nektar,8,VOE
4106060215678,4106060071748,Rhabarber Saft,6,BEU
4015533022845,4015533022838,Rhabarber Schorle,10,VOE
4015533023163,4015533023156,Rhabarber Sirup,6,VOE
4260091351344,4260091351337,Rhabarber Vanille Fruchtaufstrich,6,DBB
4260435774686,4260435771401,Rhrei Deluxe,6,SPC
4012346177595,4012346177502,Rhrei Gewrz,6,LEB
8711842287789,8711842287796,Ribeaupierre Kuh,"3,5",BAS
8711842295241,8711842295234,Ribeaupierre Schaf,"3,5",BAS
8714565008235,8711842336043,Ribeaupierre Ziege,"3,5",BAS
4020943192491,4020943132497,Rice Paper,10,ARC
4086900049390,4086900276307,Rich Face Oil Regenerating,1,PVL
7640101093544,7640101092356,Ricotta,4,ZFK
4000915301120,4000915101126,Ricotta Frischkse,6,ISA
4027013042137,4027013042038,Riedenburger alkoholfrei,10,RBB
4027013016114,4027013023013,Riedenburger Dinkel Malz,10,RBB
4027013023112,4027013016015,Riedenburger Dinkel Radler alkoholfrei,10,RBB
4027013009116,4027013283288,Riedenburger Dinkelbier alkoholfrei,10,RBB
4027013038130,4027013038031,Riedenburger Dolden Dark,10,RBB
4027013040133,4027013040034,Riedenburger Dolden Null,10,RBB
4027013005224,4027013373378,Riedenburger Emmerbier,20,RBB
4027013043226,4027013043028,Riedenburger Emmerbier alkoholfrei,20,RBB
4027013048139,4250993301615,Riedenburger Frischer Traum,10,RBB
4027013024102,4027013024003,Riedenburger Hefe Weizen alkoholfrei,10,RBB
4027013035139,4027013035030,Riedenburger IPA Doldensud,10,RBB
4027013000021,4027013006030,Riedenburger Keller Pils,10,RBB
4027013017104,4027013017005,Riedenburger Natur Radler,10,RBB
4027013018101,4027013018002,Riedenburger Natur Radler alkoholfrei,10,RBB
4027013027103,4027013027004,Riedenburger Ur Helles,10,RBB
4027013029107,4027013029008,Riedenburger Ur Helles alkoholfrei,10,RBB
4027013026106,4027013026007,Riedenburger Ur Weizen,10,RBB
4027013021224,4027013021026,Riedenburger Viva Bavaria,20,RBB
8720574840100,8720574840094,Riegel Alles Liebe Hibiskus Kakaonibs vegan,12,LOV
8718421155279,8718421155262,Riegel Extra Pur 94% RAW gesát mit Datteln,12,LOV
8720574840735,8720574840698,Riegel LOV Herzenswrme vegan,12,LOV
8718421153657,8718421150014,Riegel Mandel Feige RAW,12,LOV
8718421153695,8718421150052,Riegel Pur Kakaonibs RAW,12,LOV
4044889014211,4044889014211,Riegeldisplay Werkhaus leer,1,VNI
4260148650024,4260148650024,Riesenbohnensalat GV,1,PUF
4260100267581,4260100262586,"Riesengarnelen, gekocht",10,BLR
4260491972347,4260491972293,Riesling feinherb weiá,6,WCX
4037865103535,4037865003538,Riesling Sekt trocken weiá,6,SND
4037865104204,4037865004207,Riesling Sptlese lieblich,6,SND
4016462208195,4016462208102,Riesling VDP. Gutswein,6,1BW
4037865130609,4037865000605,Riesling weiá,6,SND
4018462145012,4018462145005,Rigatoni semola,12,BYO
4250442400845,4250442400845,Rinder Salamisticks,1,MAX
4031829507681,4031829237526,Rinder-Bratwurst Merguez Art (4 Stck),3,KL
4016512950425,4016512050422,Rinderbouillon hf,6,ERN
4250096906106,4250096906007,Rinderfond,6,KBH
4030068001011,,Rindersalami,3,CHI
4031829507551,4031829236819,"Rindersalami, geschnitten",3,KL
7640104956280,7640104956273,Rindfleisch,6,HOL
4000503749990,4031829232453,Rindfleisch Gemsesuppe,6,KL
4031829804124,4031829262108,Rindfleisch in Brhe,6,KL
4000503700298,4031829231906,Rindswiener,6,KL
14260261495011,4260261495014,Risotto mit Steinpilzen,6,WOH
4019339005675,4019339239100,Risotto Reis Arborio Art,8,DAV
4022381017008,4022381016995,Risottoreis Arborio weiá,4,SPI
4022381036924,4022381036917,Risottoreis Carnaroli weiá,4,SPI
4022381036900,4022381036894,Risottoreis Ribe weiá,4,SPI
98002255832523,,Roccolo Valtaleggio,"2,5",CAG
4019339003046,4019339110188,Roggen,8,DAV
4022381002929,4022381103183,Roggen,6,SPI
4022381013673,4022381013666,Roggen,1,SPI
4022381016483,4022381016476,Roggen,4,SPI
4022381103060,4022381103060,Roggen,1,SPI
4032105000513,4032105000513,Roggen Schrotling,1,SB
4022381053877,4022381053860,Roggen Schwarzbrotmehl,6,SPI
4031779618024,4031779618024,Roggen-Dinkel Krustis,50,MOI
4031779000881,4031779618352,Roggen-Dinkel Krustis SB,8,MOI
4032105000506,4032105000506,Roggenbrot,1,SB
4062681014222,4062681014222,Roggenburger Frischkse Kruter,6,ROG
4062681014215,4062681014215,Roggenburger Frischkse Natur,6,ROG
94062681113850,,Roggenburger Tilsiter,"2,4",ROG
4022381003339,4022381301206,Roggenflocken,6,SPI
4260013330099,4260013330099,Roggenkissen groá,1,ATX
4022381003216,4022381225182,Roggenmehl 1150,6,SPI
4022381024693,4022381024686,Roggenmehl 1150,6,BUM
4022381012744,4022381012737,Roggenmehl Vollkornmehl,6,SPI
4032105000308,4032105000308,Roggenmischbrot,1,SB
4260096396470,4260096395473,Roggensauerteig Extrakt,12,AGA
4260096396487,4260096395480,Roggensauerteig flssig,6,AGA
4028112059590,4028112059590,RoggisŠ,60,SDL
4260100267574,4260100262579,Rohe Garnelen,10,BLR
4019339015902,4019339852217,Rohrohrzucker,8,DAV
4019339015919,4019339852224,Rohrohrzucker,8,DAV
4022381023733,4022381023726,Rohrohrzucker,9,BUM
4022381023757,4022381023740,Rohrohrzucker,6,BUM
4022381631365,4022381631365,Rohrohrzucker,1,SPI
4024297009443,4024297009436,Rohrohrzucker,5,NAT
4024297009450,4024297340669,Rohrohrzucker,5,NAT
8718976006873,,Rohrohrzucker (hell),1,DOI
4086900047556,4086900756106,Roll On Drachenmut,1,PVL
4086900047464,4086900214002,Roll on Kopfwohl,1,PVL
4086900756007,4086900756007,Roll on Leichter Lernen,1,PVL
4026367045023,4026367045023,Rollenbutter Sárahm,1,UBM
94026913123413,,"Rollenbutter Sauerrahm 4x1,7kg","6,8",MA
2900000991606,2900000991606,Rolli Holz,1,5WP
2900000991507,2900000991507,Rolli Pappe,1,5WP
9004145196735,9004145023406,Rooibos Chai TB,6,STN
9004145302389,9004145002388,Rooibos natur,6,STN
4012346210094,4012346210001,Rooibos Pur TB,8,LEB
4012346553597,4012346210001,Rooibos Pur TB,12,LEB
4012346218090,4012346218007,Rooibostee,6,LEB
4022346837009,4022346337004,Rooibusch pur,5,HEU
8034115192147,8034115192130,Ros,6,PSP
9120001705306,9120001700301,Ros,6,SMU
4037865106536,4037865006539,Ros Sekt brut,6,SND
8033976832186,8033976832087,Rosato Frizzante,6,AZA
8018759007029,8018759002024,Rosato Frizzante Veneto,6,SEL
4086900021365,4086900111240,Rose 3%,1,PVL
4086900021242,4086900111387,Rose bulgarisch bio,1,PVL
4032061312019,4032061012018,Rose Cleanser,1,GEB
4032061410012,4032061010014,Rose Cream,1,GEB
4037865108530,4037865008533,Rose Secco,6,SND
4086900021099,4086900111431,Rose trk. 10% bio,1,PVL
4032061312316,4032061012315,Rosen Face Lotion,1,GEB
4032061312118,4032061012117,Rosen Tonic,1,GEB
4086900033009,4086900741300,Rosenbltenwasser,1,PVL
4086900005891,4086900106437,Rosengeranie bio,1,PVL
4022346823170,4022346323175,Rosengewrz Ras el Hanout Dose,5,HEU
9004145302334,9004145002333,Rosenknospen lose,6,STN
4026813001252,4026813000200,Rosenkohl,12,BSI
4026813003836,4026813004314,"Rosenkohl, 4x2,5 kg",1,DFE
4260096396494,4260096395497,Rosenwasser,5,AGA
4251191891007,4251191891007,Rosenwasser Vital Spray & Tonic,1,APR
4260229234570,4260229234563,Rosinen Saurer Apfel,10,FOD
4032105000650,4032105000650,Rosinenbrot,1,SB
4024884130079,4024884030072,Rosinenbrtchen,4,HEB
4028112059156,4028112059156,Rosinenbrtchen,56,SDL
4032105000667,4032105000667,Rosinenbrtchen rund,1,SB
4032105000698,4032105000698,Rosinenstuten (im Krbchen),1,SB
4086900005914,4086900105751,Rosmarin Campher bio,1,PVL
4260752753449,4260752753432,Rosmarin geschnitten,12,SPC
4012346144887,4012346144887,Rosmarin geschnitten getrocknet,1,LEB
9004145303164,9004145003163,Rosmarin geschnitten Tte,6,STN
4260272987775,4260272987768,Rosmarin Kesselchips,12,LCH
4012346155098,4012346155005,Rosmarin Tte,6,LEB
4022346823484,4022346323489,Rosmarin Tte,5,HEU
4086900007437,4086900105768,Rosmarin Verbenon bio,1,PVL
4015533064838,4015533064821,Rote Beerensaft khlfrisch,8,VOE
4260360276354,4260360271359,Rote Bete,6,NPU
4260360276361,4260360271366,Rote Bete,6,NPU
4106060211762,4106060047958,Rote Bete Direktsaft,6,BEU
4260039377658,4260039376651,Rote Bete Direktsaft,6,VNN
4009309456262,4009309452646,Rote Bete fermentiert,6,MAR
4015533064432,4015533064425,Rote Bete Ingwer,8,VOE
4015533062612,,Rote Bete Most Elopak,8,VOE
4015533111174,4015533000393,Rote Bete Most milchsauer,6,VOE
4015533061974,4015533061967,Rote Bete Saft feldfrisch,10,VOE
4015533334412,4015533000379,Rote Bete Saft feldfrisch,6,VOE
4106060203323,4106060043189,Rote Bete Saft milchsauer,6,BEU
4260148651137,4260148651304,Rote Bete Salate mit gerstetem Sesam,4,PUF
4260148650048,4260148650048,Rote Bete Salate mit gerstetem Sesam GV,1,PUF
4009309451076,4009309451076,Rote Bete Scheiben,1,MAR
4009309456408,4009309454404,Rote Bete Scheiben,6,MAR
4009309456415,4009309450246,Rote Bete Scheiben,6,MAR
4260418024180,4260418020182,Rote Bete Superfood Trinkpulver,4,GNC
4009309450116,4009309450116,Rote Bete Wrfel,1,MAR
4026813421289,4026813420114,Rote Frchte,6,NCL
8718976022446,8718976022446,Rote Ganze Linsen,1,DOI
4009309736470,4009309734476,Rote Grtze,6,MAR
4260360277573,4260360272578,Rote Grtze,6,NPU
4008471701842,4008471521501,"Rote Grtze, im Becher",6,SB
4260060160250,28006817,Rote Ilse Ziegenweichkse,"0,14",DR
4260418024272,4260418020274,Rote Immunkraft Superfood Trinkpulvermischung,4,GNC
4260091350330,4260091350071,Rote Johannisbeere Fruchtaufstrich,6,DBB
4106060207475,4106060014578,Rote Johannisbeere Himbeere,6,BEU
4026813421319,4026813420237,Rote Johannisbeeren,6,NCL
4019339011775,4019339448106,Rote Kidneybohnen,8,DAV
4260360277122,4260360272127,Rote Kidneybohnen,6,NPU
4026584931703,4026584131707,Rote Linse Burger,8,SOF
4019339004388,4019339490105,Rote Linsen,8,DAV
4260360277009,4260360272004,Rote Linsen,6,NPU
4005561904176,4005561007891,Rote Linsen Balls,7,BOL
4022381041423,4022381041416,Rote Linsen Bratlinge,4,SPI
4260360272257,4260360272257,Rote Linsen lose,1,NPU
4000503755892,4031829232231,Rote Linsensuppe,6,KL
9120009121177,9120009120323,Rote Rbensalat,9,LUZ
4045800918892,4045800773057,Roter Heringssalat in Sauce,6,GRH
4260248770127,4260248770127,Roter Lwe rot,6,HAD
4262415020097,4262415020011,Roter Smoothie,6,KRK
4009309441176,4009309441176,Rotkohl,1,MAR
4009309446300,4009309444306,Rotkohl,6,MAR
4260360276378,4260360271373,Rotkohl,6,NPU
4260360276385,4260360271380,Rotkohl,6,NPU
4009309490457,4009309444504,Rotkohl fermentiert,6,MAR
4026913527638,4026913127630,Rotondo gerieben 1 kg,1,MA
4018462441053,4018462441008,Rotweinessig,6,BYO
4260198094496,4260198094496,Rouge Brush Colour Edition,1,BEN
23324040210351,,Rouge France de Sane,1,VAV
4260491970428,4260491970398,Rsabel Bio Aperitivo,6,APT
9006348000499,9006348000482,Rsskse mit Steinsalzkruste,4,BOM
4026813153319,4026813154163,"Rsti-Kroketten, 45x25mm 15g, 2x2,5kg",1,DFE
4026813151070,4026813150073,Rstinchen - Mini Rsti,10,NCL
4000799160745,4000799110641,Rstkaffee Arabica Barista ganze Bohne,6,MOU
4000799609350,4000799109355,Rstkaffee Arabica gemahlen Softpack,6,MOU
4000799609367,4000799109362,Rstkaffee Bohne Soft Pack,6,MOU
4000799609336,4000799109331,Rstkaffee ganze Bohne Arabica Crema,6,MOU
4000799610059,4000799110054,Rstkaffee ganze Bohne entkoffeiniert,6,MOU
4000799610219,4000799110214,Rstkaffee ganze Bohne entkoffeiniert,6,MOU
4000799609602,4000799109560,Rstkaffee gemahlen Softpack,12,MOU
4000799611421,4000799111426,Rstkaffee Honduras gemahlen,6,MOU
4000799600852,4000799109638,Rstkaffee Peru Bohne Softpack,6,MOU
4000799610660,4000799110665,Rstkaffee Peru ganze Bohne,6,MOU
4000799600869,4000799109621,Rstkaffee Peru gemahlen Softpack,6,MOU
4032105010147,4032105010147,Rstkorn Brot,1,SB
8718754505208,8718754502337,Rstzwiebeln,8,YAK
4000915909746,4000915109740,Rucherlachs-Tatar,4,ISA
4031829507759,4031829234921,Rucherspeck fein geschnitten,3,KL
7612534310147,7612534310147,Rucherstbchen Amber,1,FAF
7612534310161,7612534310161,Rucherstbchen Lavendel,1,FAF
7612534310178,7612534310178,Rucherstbchen Lemongrass,1,FAF
7612534310185,7612534310185,Rucherstbchen Patchouli,1,FAF
7612534310192,7612534310192,Rucherstbchen Rosengeranie,1,FAF
7612534310208,7612534310208,Rucherstbchen Sandelholz,1,FAF
7612534310215,7612534310215,Rucherstbchen Vanille Benzoe,1,FAF
7612534310260,7612534310260,Rucherstbchen Vetiver,1,FAF
7612534310239,7612534310239,Rucherstbchen Weihrauch,1,FAF
7612534310222,7612534310222,Rucherstbchen Ylang Ylang,1,FAF
7612534310246,7612534310246,Rucherstbchen Zeder,1,FAF
7612534310253,7612534310253,Rucherstbchen Zimt,1,FAF
4012359111135,4012359111104,Ruchertofu klassik,8,TAI
4012359411129,4012359411105,Ruchertofu klassik GV,1,TAI
4012359113139,4012359113108,Ruchertofu Mandel-Sesam,8,TAI
4270000899652,4270000741821,Ruhe Kruterauszug,6,KUU
4260703371845,4260703370497,Ruhe Shot Wildkruter,10,KUU
7611650676854,7611650676854,Rum,1,HUA
7611650678957,7611650678049,"Rum de Marinero fair trade braun 0,02l",12,HUA
8032692480312,8032692480305,Ruminat Primitivo rot,6,OVO
4019339003459,4019339206102,Rundkorn Reis VK,8,DAV
4019339003466,4019339206188,Rundkorn Reis VK,8,DAV
4013392116118,4013392016111,Russisch Brot,10,QUE
3419390404980,3419390404973,Rustikale Brtchen,5,BNR
4022993059908,4022993045864,Rustikales Baguette gf,6,STZ
4024884110507,4024884010500,Rustis,4,HEB
4024297021667,4024297021650,Sá Sauer Sauce,6,NAT
4005967506998,4005967003671,Saaten Knacker,20,ROS
4005967008836,4005967008829,Saaten Knacker Duo,8,ROS
8713576500257,8713576162028,Sáe Lakritz Maxi Tubi,24,TER
8713576562057,8713576162059,Sáe Lakritz Tubis,12,TER
8713576563177,8713576163179,Sáe Lakritze Stones,20,TER
8713576563184,8713576163186,Sáe Lakritze Zoo,20,TER
8713576500271,8713576162042,Sáe Lakritzschlangen,24,TER
4260112291208,4260112291260,Sáer Hausmacher Senf,6,MKS
4018462161647,4018462161609,Sáer Senf,6,BYO
4019736007067,4019736007050,Sáer Senf bayerisch,6,ZWE
4018462161616,4018462161623,Sáer Senf Tube,8,BYO
4012346224695,4012346224602,Sáer Wintertraum TB,6,LEB
4022346823842,4022346323847,Safran Fden Glas,6,HEU
4012346160993,4012346160900,Safranfden,6,LEB
9004145303843,9004145003842,Safranfden Tte,6,STN
4018462160589,4018462160572,"Sahne Meerrettich, khlpflichtig",6,BYO
4104060482700,4104060025624,Sahne Pudding Schoko,10,AND
4104060482717,4104060025631,Sahne Pudding Vanille,10,AND
4000915901023,4000915101027,Sahne Schmelzksezubereitung,10,ISA
4000915908343,4000915108347,Sahne-Heringsfilets,4,ISA
4017194962188,4017194462183,Sahnejoghurt griech. Art stichfest 10%,6,SBG
4104060483233,4104060025235,Sahnejoghurt griechische Art,6,AND
4008471711865,4008471491019,Sahnekefir auf Blaubeere - Weidemilch,6,SB
4008471711872,4008471491026,Sahnekefir auf Erdbeere - Weidemilch,6,SB
4008471711858,4008471491002,Sahnekefir auf Himbeere - Weidemilch,6,SB
4008471711896,4008471491040,Sahnekefir auf Mango-Vanille - Weidemilch,6,SB
4008471711889,4008471491033,Sahnekefir auf Pfirsich-Maracuja - Weidemilch,6,SB
4008471711902,4008471491057,Sahnekefir auf Pflaume-Walnuss - Weidemilch,6,SB
4013044730051,4013044110051,Sahnestark,15,BTH
4005394105481,4005394201626,Sahnesteif,16,BVE
4046896107252,4046896107252,Saint Nectaire Fermier AOP,"1,65",VAV
13369640035037,3369640035030,Sainte Maure de Touraine AOP,3,VAV
13422290000029,3422290000022,Sainte Maure de Touraine AOP fermier,3,VAV
4026584931802,4026584131806,Sákartoffel Burger,8,SOF
4031829508114,4031829263044,Sákartoffel Cremesuppe,6,KL
4015637019253,4015637019246,Sákartoffel Falafel,6,BAK
8714685903236,8714685903229,Sákartoffel Falafel,6,FRT
4011849802010,4011849802003,Sákartoffel Schupfnudeln,6,PAN
4026584904318,4026584104312,Sákartoffel-Fritten,6,SOF
4026813001467,4026813000378,"Sákartoffeln, geschnitten",12,BSI
4026813421272,4026813420213,Sákirschen,6,NCL
5411788062817,5411788042475,Salade du Pcheur Streuer,6,LIM
4030068005057,,"Salametti Ring, ca. 600g, Theke","0,6",CHI
98008161701465,8008161605234,Salami al Finocchio,1,GBR
98008161701427,8008161605197,Salami al Tartufo,1,GBR
4000915240450,4000915040456,"Salami al tartufo, Aufschnitt",6,ISA
98008161701434,8008161705200,Salami al Vino,1,GBR
4000915240061,4000915040067,Salami Calabrese,6,ISA
4000915240382,4000915040388,"Salami Calabrese m. Fenchelsamen, Theke","1,3",ISA
4031829507568,4031829236826,"Salami Gourmet, geschnitten",3,KL
4000915240122,4000915040128,"Salami Lombarda, Theke","1,3",ISA
98008161701458,8008161605227,Salami Nostrano,1,GBR
98008161701441,,Salami Pepe & Aglio,1,GBR
98008161701472,8008161605241,Salami Piccante,1,GBR
4000915240115,4000915040111,"Salami Toscanella ca.1,2 kg, Theke","1,3",ISA
4031829507773,4031829235720,Salami-Snack Kruter,3,KL
4031829507766,4031829235713,Salami-Snack Natur,3,KL
4031829507780,4031829235737,Salami-Snack Pfeffer,3,KL
4019339010235,4019339433096,Salat Kern Mix,6,DAV
4003247405825,4003247705826,Salat Mayonnaise vegan,6,VTQ
9120081090262,9120081090255,Salat Wrze,6,GKO
4260752753463,4260752753456,Salat Zauberzeug,12,SPC
4012346161198,4012346161105,Salatdressing Garten Kruter,6,LEB
4012346108698,4012346108605,Salatdressing Griechische Art,6,LEB
4012346161099,4012346161006,Salatdressing Gurken Salat,6,LEB
4012346161297,4012346161204,Salatdressing Italienische Kruter,6,LEB
4012346161990,4012346161907,Salatdressing Joghurt Kruter,6,LEB
9004145303102,9004145003101,Salatgewrz gemahlen,6,STN
4012346153391,4012346153308,Salatgewrz Tte,6,LEB
4022346224038,4022346224038,Salatkruter Dose,1,HEU
3445020805711,3445020205719,Salatl nativ,6,BPL
9004145118157,9004145006508,Salattopping Gewrzzubereitung,6,STN
4012346242798,4012346242705,Salbei,6,LEB
4022346224175,4022346124178,Salbei,5,HEU
4086900005952,4086900105775,Salbei bio,1,PVL
4054411014725,4054411014701,Salbei Kruter Bonbons,20,BFU
9004145302105,9004145002104,Salbei lose,6,STN
4018874809847,4018874080987,Salbei Lutschpastillen,24,ARI
4012346509396,4012346509303,Salbei TB,8,LEB
4012346553092,,Salbei TB,12,LEB
4012346153094,4012346153001,Salbei Tte,6,LEB
4001638088060,4001638088060,Salbei Zahnfleischbalsam,1,WEL
9004145322011,9004145022010,Salbeitee TB,6,STN
4019578018306,4019578018306,Sale Salted Caramel Liqueur,1,DWE
8018759005902,8018759000907,Salsa Piccante Spaghettisauce,6,SEL
8018759005032,8018759000037,Salsa Pronta Spaghettisauce,6,SEL
8018759008934,8018759003939,Salsa Pronta Spaghettisauce - Familienglas,6,SEL
8718976015240,8718976015233,Salsa sá,6,AMI
4260112295268,4260112295251,Salsa Sauce,6,MKS
8718976015264,8718976015257,Salsa scharf,6,AMI
4260435779445,4260435779438,Salted Caramel,6,SPC
4270001544377,4270001544339,Salted Peanut Butter Pralinis,12,LNB
4270001075345,4270001075338,Salted Peanut Caramel Riegel,12,LNB
4260717841594,4260717841587,Salted Pistachio Pralinis,12,LNB
4038507013373,4038507013366,Salty Caramel Choc Bites,10,GOV
4044889014648,4044889004649,Salty Pretzel,10,ICH
4260360276910,4260360271915,Sálupinen,6,NPU
4009309416372,4009309414378,Salz Dillgurken milchsauer vergoren,6,MAR
9004584051879,9004584051879,Salzburger Bergksestange/Block 3 M,"2,6",SGM
4009309110560,4009309110256,Salzgurken fermentiert,6,MAR
5060002043783,5060002043776,Salzkaramel Trffel,8,BXO
8713576500288,8713576162073,Salzlakritz Schlangen,24,TER
8713576562088,8713576162080,Salzlakritz Tubi's,12,TER
4250367550762,4250367550779,Samba Eiscreme,6,GEC
4030917018108,4030917018009,Sambal Oelek Gastrolinie,1,SAC
4026584930744,4026584130748,Samosas Himalaya-Style,4,SOF
4026584930706,4026584132308,Samosas India-Style,4,SOF
4001638502399,4001638502399,Sanddorn 24h Deo Roll-On,1,WEL
4012346554792,4012346210209,Sanddorn Cranberry TB,12,LEB
4054411014596,4054411014503,Sanddorn Granatapfel Bonbons,20,BFU
4015533060335,4015533060328,Sanddorn Muttersaft,10,VOE
4086900030039,4086900742642,Sanddornfruchtfleischl,1,PVL
4086900111233,4086900111233,Sandelholz 10%,1,PVL
4032105004993,4032105004993,Sandkuchen Stracciatella,1,SB
4032105005952,4032105005952,Sandkuchen Walnuss-Apfel,1,SB
4032105004986,4032105004986,Sandkuchen Zitrone,1,SB
4028112059057,4028112059057,Sandwich Ciabatta,40,SDL
4017194989079,4017194489074,Sandwich Eis,24,SBG
4017194989239,4017194489234,Sandwich Eis Classic,20,SBG
4017194989246,4017194489241,Sandwich Eis Classic Multipack,9,SBG
8006040204370,8006040710062,Sandwicheis Kokos,6,NTT
4026367049113,4026367045108,Sárahmbutter,16,UBM
98412439287009,8412439287006,Sardellenfilet in Olivenl,10,PDM
4026968115354,4026968015357,Sardellenfilets in Olivenl extra,10,FON
4026968115200,4026968015203,Sardinen mit Grten in Olivenl MSC,10,FON
4026968105508,4026968005501,Sardinen o Haut + Grten Sonnenblumenl FOS,10,FON
4026968115156,4026968015159,Sardinen Premium Natur in eigenen Saft,10,FON
98412439285289,8412439285286,Sardinenfilet in Olivenl,10,PDM
4026968105553,4026968005556,Sardinenfilets ohne Grten in Olivenl FOS,10,FON
4003247405597,4003247705598,Sauce  la Brmaise vegan,6,VTQ
4000345948315,4000345048312,Sauce  la Hollandaise feinkrnig,12,NCO
4003247905585,4003247705581,Sauce  la Hollandaise vegan,6,VTQ
4030917041700,4030917041601,Sauce `a la Hollandaise vegan,6,SAC
4000345798767,4000345298762,Sauce Arrabbiata,6,EVP
4000345798750,4000345298755,Sauce Basilico,6,EVP
4000345798781,4000345298786,Sauce Bolognese,6,EVP
4000503755991,4031829232859,Sauce Bolognese,6,KL
4005394102527,4005394200650,Sauce Braten,15,BVE
4005394102510,4005394200643,Sauce Hollandaise,15,BVE
4016512932308,4016512032305,Sauce Hollandaise,12,ERN
4260221613557,4260221613519,Sauce Hollandaise vegan,6,EMS
4000345798774,4000345298779,Sauce Tomatina,6,EVP
4000345798798,4000345298793,Sauce VeCotta,6,EVP
4106060207451,4106060014479,Sauerkirsch Fruchtcocktail,6,BEU
4019736017325,4019736017332,Sauerkirsche Fein,6,ZWE
4260091351214,4260091351085,Sauerkirsche Fruchtaufstrich,6,DBB
4019736004615,4019736004608,Sauerkirsche Fruchtgarten,6,ZWE
4004191902057,4004191002054,Sauerkirsche Muttersaft,6,RAB
4015533063916,4015533063909,Sauerkirsche Nektar,8,VOE
4009309751176,4009309751176,Sauerkirschen,1,MAR
4009309756416,4009309752418,Sauerkirschen,6,MAR
4019736014287,4019736014270,Sauerkirschen,8,ZWE
4026584903557,4026584103353,Sauerkirschen,6,SOF
4026813421012,4026813420015,Sauerkirschen,10,NCL
4260360276965,4260360271960,Sauerkirschen entsteint,6,NPU
4026813423016,4026813424020,"Sauerkirschen entsteint, 4x2,5 kg",4,DFE
5998008708644,5998008700648,Sauerkirschmus 90%,6,TAR
4106060220771,4106060076361,Sauerkirschsaft naturtrb,12,BEU
4009309021071,4009309021071,Sauerkraut,1,MAR
4009309026304,4009309024300,Sauerkraut,6,MAR
4009309026618,4009309022610,Sauerkraut,6,MAR
4260360276330,4260360271335,Sauerkraut,6,NPU
4260360276347,4260360271342,Sauerkraut,6,NPU
4015533471445,4015533000409,Sauerkrautsaft,6,VOE
4015533062599,,Sauerkrautsaft Elopak,8,VOE
4106060203033,4106060017074,Sauerkrautsaft milchsauer,6,BEU
4017194450203,4017194450203,Sauerrahm / Saure Sahne 10% 5kg,1,SBG
4017194109538,4017194009531,Sauerrahm 10%,6,SBG
4104060479953,4104060011146,Sauerrahm 10% - im Becher,10,AND
7610612003639,7610612003561,Sauerrahm Soja Soyananda,6,SNA
4260272987911,4260272987904,Sauerrahm Zwiebel Kesselchips,12,LCH
4005394123126,4005394123003,Sauerteig Extrakt Dinkel,12,BVE
4005394122112,4005394121023,Sauerteig Extrakt Roggen,12,BVE
4022993055245,4022993045239,Sauerteigbrot gf,4,STZ
4026367049540,4026367042541,Saure Sahne 10%,10,UBM
4042287206191,4042287106194,Sauvignac weiá,6,WBF
8024586003639,8024586003035,Sauvignon Basaltik weiá,6,LBJ
4037865102101,4037865002104,Sauvignon blanc weiá,6,SND
8437001679843,8437001679355,Sauvignon demeter weiá,6,PAR
4032105006041,4032105006041,SBK-Saftkorn,1,SB
4026913534087,4026913134089,Scamorzetti Affumicate,6,MA
4026913534056,4026913534056,Scamorzine affumicate,1,MA
4012346159997,4012346159904,Schabzigerklee,6,LEB
9004145303416,9004145003415,Schabzigerklee gemahlen,6,STN
4022346824375,4022346324370,Schabzigerklee gemahlen Dose,5,HEU
4250111510806,28100805,"Schaf Brie, ca. 700g","0,7",ANL
8714565006408,8711842336081,Schaf Brietorte Brbelle,"1,5",BAS
4250111560221,4250111510226,Schaf Camembert bunter Pfeffer,"0,15",ANL
4250111560214,4250111510219,Schaf Camembert Kruter,"0,15",ANL
4250111560207,4250111510202,Schaf Camembert Natur,"0,15",ANL
4026913562288,4026913162280,"Schaf Feta PDO ""Der Grieche""",10,MA
94026913552206,,"Schaf Feta PDO ""Der Grieche""","1,73",MA
13273227241417,3273227241410,Schaf Frischkse Bergerie,6,BEG
8714565006255,8714565066051,Schaf Gouda Brbelle,4,BAS
13273227241011,3273227241014,Schaf-Quark Natur 400 g,6,BEG
4250111569910,4250111500302,Schafbert Bltenzauber,"0,15",ANL
13273227240748,3273227240741,Schafdessert Schoko,6,BEG
9004145302112,9004145002111,Schafgarbe lose,6,STN
13273227240069,3273227240062,Schafjoghurt natur,8,BEG
9007833008396,9007833008327,Schafjoghurt natur,6,LEE
9007833012201,9007833008204,Schafjoghurt Natur,6,LEE
4032816102117,,Schafjoghurt natur - im Glas,6,RHF
13273227241073,3273227241076,Schafjoghurt Natur cremig gerhrt,6,BEG
13273227240793,3273227240796,Schafjoghurt Natur griech. Art,6,BEG
13273227240755,3273227240758,Schafjoghurt Vanille griech. Art,6,BEG
94026273220524,,"Schafkse 4 M, 1/2 Laib - aus Heumilch g.t.S.",3,BK
4032816109123,4032816109123,"Schafkse in Lake (Typ Feta), 1 x 250g",1,RHF
4000915237801,4000915037807,Schafkse Knoblauch & Peperoni,6,ISA
9007833012300,9007833009003,Schafmilch frisch - Khlprodukt,6,LEE
44250023494216,4250023494218,Schafmilchseife Blume Mandarine Organza,24,SAI
44250023494254,4250023494256,Schafmilchseife Herz Frohe Ostern,24,SAI
44250023494957,4250023494959,Schafmilchseife Herz Lavendel,24,SAI
44250023494971,4250023494973,Schafmilchseife Herz Lieblingsmensch Organza,24,SAI
44250023494674,4250023494676,Schafmilchseife Herz pink,24,SAI
34250023495018,4250023495017,Schafmilchseife Lavendelblten,12,SAI
34250023495001,4250023495000,Schafmilchseife Ringelblume,12,SAI
34250023495070,4250023495079,Schafmilchseife Rose pink,12,SAI
44250023494292,4250023494294,Schafmilchseife Schaf Frohe Ostern,24,SAI
44250023490508,4250023490500,Schafmilchseife Schaf natur,24,SAI
34250023494103,4250023494102,Schafmilchseife Schaf weiá,12,SAI
34250023495087,4250023495086,Schafmilchseife Zirbe,12,SAI
9007833018456,9007833008440,Schafquark Natur,6,LEE
4032816002011,4032816000017,"Schafvollmilch 6x0,5l",6,RHF
4260423370333,4260423370197,Schani das Schaf Frischkse Curry/Dattel,4,JMH
4028108187252,4028108187252,"Scharfe Kthe mit Paprika, Theke",1,BDH
4019736006497,4019736006480,Scharfer Senf,6,ZWE
4018462161517,4018462161524,Scharfer Senf Tube,8,BYO
9004145303782,9004145003781,Scharfmacher Gewrzblten,6,STN
4260026696113,4260026696113,Schaumfestiger leicht,1,BIT
4260026696120,4260026696120,Schaumfestiger stark,1,BIT
4250073450622,4250073450615,Schellfisch Filets MSC,6,FWO
4026813281081,4026813280060,"Schellfisch-Filets, Wildfang",8,WOC
4007547410008,4007547400009,Scheuermilch,6,SNT
4019886600347,4019886000345,Scheuermilch,6,SOD
4037865101401,4037865001404,Scheurebe lieblich weiá,6,SND
4031829234532,4031829234532,"Schinken, luftgetr.o.Knochen, Theke",2,KL
4250442405819,22505811,"Schinkenspeck, Theke","1,2",MAX
4086900033962,4086900216600,Schlafwohl Baby und Kinder Balsam,1,PVL
4086900024939,4086900216303,Schlafwohl Duftmischung,1,PVL
4086900382107,4086900382107,Schlafwohl Duftmischung,1,PVL
4086900051485,4086900216204,Schlafwohl Kissenspray,1,PVL
4086900382602,4086900382602,Schlafwohl Kissenspray,1,PVL
4086900047440,4086900216006,Schlafwohl Roll On,1,PVL
4086900382305,4086900382305,Schlafwohl Roll-On,1,PVL
4005394285732,4005394285725,Schlagcreme,12,BVE
4101530015260,4101530001492,Schlagrahm 30% laktosefrei,10,BGL
4101530006015,4101530002840,"Schlagrahm 32%, Sahne",12,BGL
4101530008309,4101530008101,"Schlagrahm 32%, Sahne",8,BGL
4101530015253,4101530002529,"Schlagrahm 32%, Sahne - im Becher",10,BGL
4104060479946,4104060010927,Schlagsahne 30% - im Becher,10,AND
4017194109415,4017194009418,Schlagsahne 32%,6,SBG
4026367049571,4026367041575,Schlagsahne 32% - im Becher,10,UBM
4017194440105,4017194440105,"Schlagsahne 32%, 5kg",1,SBG
4017194840004,4017194009388,"Schlagsahne 6 x 0,5l",6,SBG
4000915300123,4000915100129,Schlemmer-Ecken Natur,10,ISA
4250073451179,4250073451162,Schlemmerfilet Bordelaise,10,FWO
4250073451254,4250073451247,Schlemmerfilet Brokkoli Kse,10,FWO
4016249600556,4016249600525,Schmalz Tpfle mit Zwiebeln und pfeln,6,ALO
4016249600563,4016249600532,Schmalz Tpfle mit Zwiebeln und pfeln,6,ALO
4017194450012,4017194450012,Schmand 18% im Eimer 5 kg,1,SBG
4017194950055,4017194450050,Schmand 24%,6,SBG
4008471701545,4008471500575,Schmand 24% - im Becher,10,SB
4026367049045,4026367042046,Schmand 24% - im Becher,10,UBM
4104060484001,4104060025990,Schmand 24% - im Becher,10,AND
4015637803456,4015637823126,Schnellbrot gf,6,BAK
4015637009018,4015637009001,Schnelle Brtchen Hafer gf,6,BAK
4015637009032,4015637009025,Schnelle Brtchen Saaten gf,6,BAK
4015637025629,4015637025612,Schneller Obstkuchen gf,6,BAK
4022993055016,4022993045024,Schnitte Buchweizen gf,6,STZ
4022993447354,4022993047127,Schnitte Quinoa gf,6,STZ
4022993055061,4022993045079,Schnitte Sesam gf,6,STZ
4031829700082,4031829253304,"Schnittlauch, fein geschnitten",10,KL
9120081090248,9120081090231,Schoarfe Wrze,6,GKO
8711823192491,8711823192538,Schoko Butterkeks,12,RIT
4005967501467,4005967000779,Schoko Cappuccino Mandeln,6,ROS
4005967007051,4005967007044,Schoko Cashew Cookie,20,ROS
4009176034501,4009176034518,Schoko Cookies,12,LNA
4013320247815,4013320247808,Schoko Cookies,7,GEP
15425038430223,5425038430226,Schoko Cornflakes Dunkel gf,6,TUE
4015537502947,4015537002775,Schoko Cornflakes gf,8,HMO
4017194989017,4017194489012,Schoko Eis,6,SBG
8005020190917,80625384,Schoko Eis aus Heumilch,6,RAC
8005020191204,80603009,Schoko Eis aus Heumilch,12,RAC
4021246444515,4021246444508,Schoko Genuss Kugeln mit Erdbeer Creme,12,LUB
4021246444492,4021246444485,Schoko Genuss Kugeln mit Kokos Creme,12,LUB
4021246444478,4021246444461,Schoko Genuss Kugeln mit Nuss Nougat Creme,12,LUB
4009176216822,4009176216815,Schoko Hafer Taler,18,LNA
4005561032633,4005561532638,Schoko Haferlinge,6,BOL
4005967501474,4005967000786,Schoko Himbeer Mandeln,6,ROS
4005967508138,4005967004494,Schoko Ingwer,6,ROS
4015537503029,4015537002867,Schoko Knusper Msli,6,HMO
4005967501450,4005967000762,Schoko Kokos Mandeln,6,ROS
4005967989937,4005967511862,Schoko Msli,6,ROS
4022381027366,4022381027359,Schoko Msli,6,BUM
4022381038966,4022381038966,Schoko Msli,1,BUM
4022381040433,4022381040426,Schoko Msli,6,SPI
4013320118856,4013320319888,Schoko Ostereier Vollmilch,12,GEP
4013320095720,4013320095706,Schoko Osterhase sitzend,12,GEP
4005394260043,4005394287286,Schoko Paradies Pudding,10,BVE
4005967007945,4005967007938,Schoko Pekannuss Cookie,20,ROS
4005967508114,4005967004470,Schoko Pflaume,6,ROS
4008471707172,4008471507024,Schoko Pudding,6,SB
4008471711025,4008471507178,Schoko Pudding 400g,6,SB
4018462251119,4018462251102,Schoko Reiswaffeln VM gf,12,BYO
4018462251218,4018462251201,Schoko Reiswaffeln ZB gf,12,BYO
4005967006634,4005967006627,Schoko Splitter Snack,10,ROS
4005967006559,4005967006542,Schoko Sultaninen Snack,12,ROS
4104060488849,4104060031649,Schoko-Pudding,6,AND
4031779001239,4031779108815,"Schokocroissant, vegan",75,MOI
4031779001154,4031779318818,"Schokofranzbrtchen, vegan",48,MOI
15425038430414,5425038430417,Schokokissen mit Haselnussfllung gf,12,TUE
4101530006510,4101530002123,Schokoladen-Milch,8,BGL
4008230439092,4008230439191,"Schokomilch 1,5 % Fett",12,SLI
4044889012521,4044889002522,Schokoriegel Black Cherry,18,VNI
4044889012514,4044889002515,Schokoriegel Creamy Caramel,18,VNI
4044889012552,4044889002553,Schokoriegel Dark Nougat,18,VNI
4002317082782,4002317182789,Schokoriegel Haselnuss Amaranth,12,MKR
4044889014495,4044889004496,Schokoriegel Milch Crme,18,VNI
4044889012545,4044889002546,Schokoriegel White Nougat Crisp,18,VNI
4270003678520,4270003678506,SchokoSchatz fr Kids,18,SGS
4260096394100,4260096393103,Schokosirup agava,6,AGA
4260096393936,4260096392939,Schokostreusel,10,AGA
4013320242353,4013320041093,Schonkaffee gemahlen,6,GEP
4031829700976,4031829251423,Schupfnudel-Pfanne,6,KL
4018722003472,4018722303244,Schupfnudeln frisch,6,ALU
4011849800016,4011849800009,"Schupfnudeln, frisch",6,PAN
4011849801013,4011849801006,"Schupfnudeln, vegan, frisch",6,PAN
9004145324329,9004145024328,SchutzengelŠ TB,6,STN
4019736004639,4019736004622,Schw Johannisbeer Fruchtgarten,6,ZWE
37391961111855,7391961111854,Schw. Johannisbeerkonfitre,6,LIS
4000915303919,4000915103915,Schw. Kalamata Oliven o. Stein,1,ISA
4000915306996,4000915106992,Schw. Kalamata Oliven oh. Stein,2,ISA
4000915301632,4000915101638,Schw. Kalamata-Olive o.Stein,4,ISA
4000915303513,4000915103519,Schw. Kalamata-Oliven m. Stein,1,ISA
4039468030492,4039468030454,Schwammtcher sortiert 3 Stck,5,MEM
4019339011065,4019339487129,Schwarze Bohnen,6,DAV
4260360276897,4260360271892,Schwarze Bohnen,6,NPU
4260360277146,4260360272141,Schwarze Bohnen,6,NPU
4004191901029,4004191001026,Schwarze Johannisbeer Nektar,6,RAB
4106060207925,4106060034675,Schwarze Johannisbeere,6,BEU
4260091350262,4260091350255,Schwarze Johannisbeere Fruchtaufstrich,6,DBB
4015533060311,4015533060304,Schwarze Johannisbeere Muttersaft,10,VOE
4015533064395,4015533064388,Schwarze Johannisbeere Nektar,8,VOE
4026813421333,4026813420251,Schwarze Johannisbeeren,6,NCL
8018759006329,8018759001324,Schwarze Oliven mit Stein,6,SEL
4056114015078,4056114005079,"schwarzer Emmer Zwieback, ungesát",6,SOM
4019339014196,4019339419052,Schwarzer Sesam,8,DAV
8713576775617,8713576275612,Schwarzer Sesam,8,TER
4019838190186,4019838090189,Schwarzer Tee,6,CDO
4012346156996,4012346156903,Schwarzkmmel ganz,6,LEB
4022346824658,4022346324653,Schwarzkmmel ganz Tte,5,HEU
9004145116009,9004145006768,Schwarzkmmel ganz Tte,6,STN
4260355587786,4260355587779,Schwarzkmmel ungefiltert,6,BPL
4018462408162,4018462408155,Schwarzkmmell,6,BYO
4018462408216,4018462408209,Schwarzkmmell,6,BYO
4086900029460,4086900745599,Schwarzkmmell,1,PVL
4260355586376,4260355586369,Schwarzkmmell Immun,4,BPL
4260355580947,4260355580930,Schwarzkmmell nativ,4,BPL
4260355584099,4260355584082,Schwarzkmmell nativ,6,BPL
4033548006216,4033548000214,Schwarzriesling rot,6,SHE
9004145196834,9004145023413,Schwarztee Chai,6,STN
4012346510798,,Schwarztee Darjeeling TB,8,LEB
4012346552699,4012346001463,Schwarztee Darjeeling TB,12,LEB
9004145306240,9004145006249,Schwarztee Pfirsich Eistee Sirup,6,STN
4022381000352,4022381000345,Schwbische Backerbsen,8,SPI
4022381014793,4022381014786,Schwbische Dinkel Backerbsen,8,SPI
4260155028298,4260155025051,Schwbischer Linseneintopf,4,JOO
4017194930101,4017194009210,Schwedenmilch 6x500g,6,SBG
4009176483712,4009176483705,Schweinshrchen,18,LNA
4005967506714,4005967003442,Schweinsohren in Zartbitter,18,ROS
4005967506691,4005967003428,Schweinsohren Natur,18,ROS
4005967506707,4005967003435,Schweinsohren Vollmilch,18,ROS
97610563104006,,Schweizer Emmentaler AOP 4 M,3,LUR
97610563999015,,Schweizer Gruyre AOP 5 M,"2,25",LUR
97610563271425,,Schweizer Gruyre AOP 8-10 M,"2,13",LUR
94046896508557,4046896508554,Schweizer Urgestein Reserve,"4,2",VAV
4013320299661,4013320296677,SĆo Tom 95%,10,GEP
4000915240283,4000915040289,Sdtiroler Speck (Schinken),6,ISA
4000915240290,4000915040296,"Sdtiroler Speck (Schinken), Theke","1,8",ISA
4015141647874,4015141047872,Sechser Likr,6,LDM
4015141647843,4015141047841,Sechser Likr 200 ml,6,LDM
4018462148914,4018462148907,Sedani Reis Mais gf,6,BYO
4026813281050,4026813280046,Seelachs Fischstbchen,12,WOC
4026813281159,4026813280169,"Seelachsfilets natur, Wildfang",6,WOC
4031779001260,4031779702822,"Seelen, Kmmel",48,MOI
4012359115034,4012359115003,Seidentofu,6,TAI
4009800067820,4009800007826,Seife Mixed Senses Ocean Sound,12,MSP
4009800067806,4009800007802,Seife Mixed Senses Oriental Scent,12,MSP
4009800067813,4009800007819,Seife Mixed Senses Pure Mind,12,MSP
4009800067837,4009800007833,Seife Mixed Senses Taste of Summer,12,MSP
4009800067844,4009800007840,Seife Mixed Senses Warm Embrace,12,MSP
54250023490864,,Seifenablage,1,SAI
4007547217003,4007547207004,Seifenblasen Bubbles,12,SNT
54250023490949,4250023490944,Seifendose aus Flssigholz,1,SAI
4280001996519,4280001996519,Seifendose mit Abtropfgitter,1,NIA
4260418984637,4260418984637,Seifendose Ros,1,RRT
4260026696366,4260026696366,Seifenfreies Waschstck 2 in 1,1,BIT
4260026696359,4260026696359,Seifenfreies Waschstck sensitiv,1,BIT
14515784515747,4515784515740,Seifenhalter Romantic mit Magnet,6,1TR
14516584516545,4516584516548,Seifenhalter Traditional mit Magnet,6,1TR
14055627073657,4055627073650,Seifenschale Ethno,6,1TR
14055627541972,,Seifenschale Oriental,6,1TR
14055627194499,4055627194492,Seifenschale Retro,6,1TR
14515184515149,4515184515142,Seifenschale Romantic,6,1TR
14515984515943,4515984515946,Seifenschale Traditional,6,1TR
14515484515443,4515484515446,Seifenspender Romantic,4,1TR
14516284516241,4516284516244,Seifenspender Traditional,4,1TR
4010238590064,4010238590002,Seitan,6,ALT
4020943199254,4020943139250,Seitan Fix,8,ARC
4010238591160,4010238591108,Seitan Hack,6,ALT
8712423018365,5400313000974,Seitan in Glas,6,YAK
8713576510010,8713576110012,Seitan in Tamarisauce,6,TER
4021457661794,4021457661794,Selbstbrunungslotion,1,LAV
4035784161353,4035784161353,Selen Compact,1,GSE
4026813006653,4026813004864,"Sellerie Wrfel 10mm, 4x2,5 kg",4,DFE
9002220377000,9002220077009,Semmelkndel,10,HGR
4004689704347,4004689704330,Senf Dill Sauce,6,BMR
4018462164419,4018462164402,Senf Dill Sauce,6,BYO
4009309406373,4009309404379,Senfgurken,6,MAR
4012346164182,4012346164182,Senfkrner gelb,1,LEB
9004145307742,9004145007741,Senfkrner gelb ganz,6,STN
4012346159591,4012346159508,Senfkrner gelb Tte,6,LEB
9004145307483,9004145007482,Senfkrner schwarz Tte,6,STN
4260355586741,4260355586734,Senfl nativ,6,BPL
4260378040138,4260378040138,Senna Cassia Neutrales Henna,1,KHD
4001638190084,4001638190084,Sensitiv Feuchtigkeitscreme Leicht Mandel,1,WEL
4001638590075,4001638590075,Sensitiv Feuchtigkeitscreme Mandel,1,WEL
4001638129756,4001638529754,Sensitiv Handcreme,1,WEL
4001638230360,4001638530361,Sensitiv Multi-Effekt Gesichtsl Mandel,1,WEL
4001638590068,4001638590068,Sensitiv Reinigungsmilch Mandel,1,WEL
4260026696076,4260026696076,Sensitiv Shampoo,1,BIT
4017645011687,4017645011687,Sensitive Shampoo Ringelblume,1,LOG
5765228836170,5765228836170,Sensitive Toothpaste Strong Mint,1,URT
15601638001234,5601638001237,Serrano Schinken 15 Monate gereift,1,LOU
4000915308617,4000915108613,"Serrano Schinken Block (Jamn Serrano), Theke",2,ISA
4000915308419,4000915108415,Serrano Schinken/ Jam˘n curado,6,ISA
4012346657196,4012346657196,Servietten 24x24cm,1,LEB
4085900618117,4085900018115,Sesam Cashew Krokant,24,VNA
4006748008069,4006748008007,Sesam Dinkelbrezel,12,MAY
4018462181010,4018462181003,Sesam Grissini rustico,12,BYO
4085900618100,4085900018108,Sesam Krokant klassisch,24,VNA
4038507004586,4038507000106,Sesam Laddu,6,GOV
4019339004494,4019339419069,Sesam ungeschlt,8,DAV
4019339009888,4019339419106,Sesam ungeschlt,6,DAV
4022381027823,4022381027816,Sesam ungeschlt,4,SPI
4086900029187,4086900743601,Sesaml,1,PVL
3445020006682,3445020006699,Sesaml gerstet,6,BPL
3445020006729,3445020006736,Sesaml gerstet,6,BPL
3445020006569,3445020006576,Sesaml nativ,6,BPL
3445020006606,3445020006613,Sesaml nativ,6,BPL
4260355586536,4260355586468,Sesaml nativ Mehrweg,6,BPL
4270000814419,705632025345,Shampoo Afrolocke,1,AFL
4260672890606,4260672890101,Shampoo Amla Volume,1,KHD
5765228837122,5765228837122,Shampoo Camomile,1,URT
5765228837443,5765228837443,Shampoo Camomile,1,URT
4260672893591,4260672893591,Shampoo Deep Cleanse,1,KHD
4260198095936,4260198095936,Shampoo FAMILY Freshness Adventure Lime Aloe,1,BEN
4260198095943,4260198095943,Shampoo FAMILY Sweet Sensation Apricot Olive,1,BEN
4262361260059,4262361260059,Shampoo Feuchtigkeit,1,HLI
5701058011608,5701058011608,Shampoo Fragrance Free,1,URT
5701058011943,5701058011943,Shampoo Fragrance Free,1,URT
4260672890118,4260672890118,Shampoo Lavender Sensitive,1,KHD
4260198096292,4260198096292,Shampoo Mnner SIEBEN BIER SIND AUCH EIN SHAMPOO,1,BEN
4260672890132,4260672890132,Shampoo Neem Balance,1,KHD
4260198096261,4260198096261,Shampoo Normales Haar DAS MACHT HAARE SCHN,1,BEN
4260672890125,4260672890125,Shampoo Orange Vitality,1,KHD
4262361260035,4262361260035,Shampoo Reparatur,1,HLI
4260198096278,4260198096278,Shampoo Reparatur REPARIEREN STATT WEGWERFEN,1,BEN
4260672890149,4260672890149,Shampoo Rose Repair,1,KHD
5765228837153,5765228837153,Shampoo Rosemary,1,URT
4260672890095,4260672890095,Shampoo Shining Shikakai,1,KHD
5701058006567,5701058006567,Shampoo Soothing Lavender,1,URT
5765228837146,5765228837146,Shampoo Tea Tree,1,URT
5765228837467,5765228837467,Shampoo Tea Tree,1,URT
4260198096285,4260198096285,Shampoo Unisex MOIN MOIN! COFFFEE FIRST!,1,BEN
4262361260073,4262361260073,Shampoo Volumen,1,HLI
4260198096254,4260198096254,Shampoo Volumen DREH DAS VOLUMEN AUF,1,BEN
5701058006543,5701058006543,Shampoo Wild Lemongrass,1,URT
34250023492215,4250023492214,Shampoo-Seife Brennnessel mit Schafmilch,12,SAI
34250023492208,4250023492207,Shampoo-Seife Weizenproteine mit Schafmilch,12,SAI
4260418982022,4260418982022,ShampooBit Calendula-Ghassoul,1,RRT
4260418982077,4260418982077,ShampooBit Kornblume-Zitrone,1,RRT
4260418982060,4260418982060,ShampooBit Melisse-Hanf,1,RRT
4260418982121,4260418982121,ShampooBit MEN 3-in-1 Bitterorange,1,RRT
4260418982053,4260418982053,ShampooBit Orange Salbei,1,RRT
4260418982015,4260418982015,ShampooBit Rose,1,RRT
4032061312071,4032061012070,Sheabutter Cleanser,1,GEB
4032061410050,4032061010052,Sheabutter Cream,1,GEB
4032061312392,4032061012391,Sheabutter Face Lotion,1,GEB
4032061312170,4032061012179,Sheabutter Tonic,1,GEB
14260261492065,4260261492068,Shiitake Scheiben getrocknet,6,WOH
4020943194099,4020943134095,Shiro Miso,6,ARC
4056114015276,4056114005277,Shortbread Bites - Buttergebck,6,SOM
4015533037450,4015533037443,Shot Ingwer,6,VOE
4015533054617,4015533051029,Shot Ingwer,8,VOE
4015533061493,,Shot Ingwer & Ananas khlfrisch,8,VOE
4015533054631,4015533051067,Shot Ingwer & Beeren,8,VOE
4015533037436,4015533037429,Shot Ingwer & Kurkuma,6,VOE
4015533054594,4015533051043,Shot Ingwer & Kurkuma,8,VOE
4015533045677,4015533045660,Shot Ingwer & Kurkuma 15x50,6,VOE
4015533061516,4015533054204,Shot Ingwer & Kurkuma khlfrisch,8,VOE
4015533045691,4015533045684,Shot Ingwer 15x50,6,VOE
4015533043635,4015533043628,Shot Ingwer und Beeren,6,VOE
4015533056895,4015533056888,Shot Zitrone - Honig,8,VOE
4260418982145,4260418982145,ShowerBit Gute Laune,1,RRT
4260418982152,4260418982152,ShowerBit Mandelblte,1,RRT
4020943197816,4020943137812,Shoyu,6,ARC
4020943197861,4020943137867,Shoyu,6,ARC
8713576671056,8713576271058,Shoyu Sojasauce mit Weizen mild,6,TER
8713576671063,8713576271607,Shoyu Sojasauce mit Weizen mild,6,TER
8713576671629,8713576271621,Shoyu Sojasauce mit Weizen mild,6,TER
8713576671636,8713576271638,Shoyu Sojasauce mit Weizen mild,6,TER
8713576771060,8713576271065,Shoyu Sojasauce Spender- Tischflasche,6,TER
4045800916652,4045800714678,Shrimps in Cocktailsauce,3,GRH
4045800916669,4045800714685,Shrimps in Knoblauchsauce,3,GRH
4022346912539,4022346612538,Shutoh Ban Japan Bancha fine,5,HEU
8034115195155,8034115195148,Siccari Appassimento,6,PSP
9004145116023,9004145006775,Sieglindes Erdpfelgewrz Tte,6,STN
8437001616268,8437001616022,Sierra Morena Palido Seco,6,1GZ
4260026691194,4260026691194,Silber Deo mild,1,BIT
4260026691125,4260026691125,Silber Lotion,1,BIT
4260026691118,4260026691118,Silber Salbe,1,BIT
4260360277511,4260360272516,Silberzwiebeln sá sauer,6,NPU
4037865100503,4037865000506,Silvaner weiá,6,SND
4015537503302,4015537003284,Simply Seeds Cracker Kse Zwiebel,7,HMO
4015537503319,4015537003291,Simply Seeds Cracker Parmesan Pfeffer,7,HMO
4015537502657,4015537002348,Simply Seeds Fnf-Saatenbrot,7,HMO
4015537502909,4015537002737,Simply Seeds Kekse Cranberry,7,HMO
4015537502916,4015537002744,Simply Seeds Kekse Kokos Mandel,7,HMO
4015537502893,4015537002720,Simply Seeds Kekse Schoko,7,HMO
4260065969230,4260065960237,Sinnvoll weiá,6,GUS
4260664930747,4260664930747,Sisal Sckchen,1,NYK
4001638093989,4001638093989,Skin Food,1,WEL
4001638526708,4001638526708,Skin Food Body Butter,1,WEL
4001638590204,4001638590204,Skin Food Cleansing Balm,1,WEL
4001638501491,4001638501491,Skin Food Light,1,WEL
4001638180788,4001638580786,Skin Food Lip Balm,6,WEL
7611916558399,7611916558399,Skin Food nhrende Nachtpflege,1,WEL
7611916558382,7611916558382,Skin Food nhrende Tagespflege,1,WEL
7611916164880,7611916164880,Skin Food Shower Cream,1,WEL
4055297219488,4055297219488,Skin Protection Toner,1,SAN
5701975208624,5701975304388,"Skyr mit Mango 0,2%",6,TMJ
5701975208631,5701975304395,"Skyr mit Vanille 0,2%",6,TMJ
4017194971203,4017194471208,Skyr natur,3,SBG
4101530015963,4101530007531,"Skyr natur 0,2%",8,BGL
4104060487972,4104060030772,"Skyr Natur 0,2%",6,AND
5701975208020,5701975303701,"Skyr natur 0,2%",6,TMJ
3273221119845,3273221119845,Skyr Natur aus Schafmilch,6,BEG
4017194971104,4017194471109,Skyr Natur im Glas,6,SBG
4104060487989,4104060030789,"Skyr Vanille 0,2%",6,AND
4005529236011,4005529236011,sleep & repair night cream,1,SAV
5019493030604,782126003065,Slipeinlagen geformt,16,NAC
5019493030505,782126003003,Slipeinlagen Mini,10,NAC
5019493030901,782126003096,Slipeinlagen ultra dnn,16,NAC
9004145116269,9004145006829,Smokey Paprika,6,STN
9004145307889,9004145007888,Smokey Salt,6,STN
4260650731341,4260650731303,smoky jalape¤o kraut,6,CPO
4015533058714,4015533058707,Smoothie Banane Yuzu blaue Spirulina,6,VOE
4015533054334,4015533054327,Smoothie Beere Acai,6,VOE
4015533054372,4015533054365,Smoothie Erdbeere Himbeere,6,VOE
4015533054297,4015533054280,Smoothie Mandarine Ingwer,6,VOE
4015533054358,4015533054341,Smoothie Mango Maracuja,6,VOE
4015533054273,4015533054266,Smoothie Spinat Minze Spirulina,6,VOE
4038507010471,4038507010464,Snack Balls Dattel,6,GOV
4038507010433,4038507010426,Snack Balls Mandel,6,GOV
4038507010419,4038507010402,Snack Balls Schoko Kirsch,6,GOV
4038507010396,4038507010389,Snack Balls Schoko Pur,6,GOV
4038507010532,4038507010525,Snack Bites Mango,6,GOV
4005561902653,4005561003732,Snckebrot Chia Leinsaat,8,BOL
4005561036037,4005561536032,Snckebrot Curry Krbiskern,8,BOL
4005561901618,4005561801611,Snckebrot Laugen Brezelsalz,8,BOL
4005561903971,4005561007389,Snckebrot Roggen Quinoa,8,BOL
4005561036013,4005561536018,Snckebrot Schwarzkmmel Kse,8,BOL
4005561036020,4005561536025,Snckebrot Sesam Dinkel,8,BOL
4005394311011,4005394286272,Soáen Zauber Vanille,7,BVE
8024586001635,8024586001031,Soave weiá,6,LBJ
8018759005728,8018759000723,"Sofia Condimento Bianco, 73% Most",6,SEL
13273227082584,3273227082587,Soja Alternative zu Quark Natur,6,SOJ
13273227682609,3273227682602,Soja Alternative zu Quark Vanille,6,SOJ
4016249206918,4016249207014,Soja Barista Drink,6,ALO
4016249162351,4016249162450,Soja Cuisine,15,ALO
4016249143510,4016249143503,Soja Drink 0% Zucker,6,ALO
4260313280087,4260313280070,Soja Drink Natur Pur,10,STR
4004790210300,4004790110303,Soja Drink Ohne Zucker,8,BCE
4025174131165,4025174121166,Soja Schnetzel fein,6,SOB
4025174131158,4025174121159,Soja Schnetzel grob,6,SOB
8006040207883,8006040710949,Soja Stieleis Nuss,6,NTT
4009309472675,4009309472477,Sojabohnensprossen,6,MAR
13273221121128,3273221121121,Sojade Apfel-Zimt,6,SOJ
13273227082041,3273227082044,Sojade Aprikose,6,SOJ
13273221121296,3273221114079,Sojade Crme Frache Alternative,6,SOJ
13273227083321,3273227083324,Sojade Heidelbeere,6,SOJ
13273220182410,3273220182413,Sojade Heidelbeere-Kirsche,6,SOJ
13273227082249,3273227082242,Sojade Himbeere-Maracuja,6,SOJ
13273227083222,3273227083225,Sojade Mango-Pfirsich,6,SOJ
13273221092947,3273221092940,Sojade Natur ohne Zucker,6,SOJ
13273227081020,3273227081023,Sojade Natur ohne Zucker,6,SOJ
3273220981023,3273220981023,"Sojade Natur ohne Zucker, 5 kg",1,SOJ
13273221115677,3273221115670,Sojade Skyr Alternative,6,SOJ
13273221115752,3273227082921,Sojade Soja m. Kefir Kulturen Natur,6,SOJ
13273220184988,3273220184981,Sojade Vanille,6,SOJ
9020200130087,4038375024204,Sojadrink Natural ungesát,8,NTM
4022381003476,4022381315203,Sojaflocken,6,SPI
4022381003315,4022381255226,Sojamehl,4,SPI
9120081090347,9120081090330,Sojasauce,6,GKO
4001638098090,4001638098090,Sole Zahncreme,1,WEL
4012346533292,4012346533209,Solea Espresso entkoffeiniert und gemahlen,6,LEB
4012346533391,4012346533308,Solea Espresso gemahlen,6,LEB
3380330003634,3380330001487,Soleiller rot,12,JFR
5060466500235,5060466500075,Sommerbeeren Fruchtaufstrich,6,TFT
4026813006288,4026813004673,"Sommergemse, 4x2,5 kg",1,DFE
4262417560225,4262417560072,Sommerhonig,6,IAA
7640111841111,7640111841012,Sonamďs Tsampa Gerste,8,ERD
4260072177147,4260072176591,Sonnenblumen Hack,6,SFF
4260014352533,4260014352526,Sonnenblumen Kernl Vielseitig,6,KME
4019339015476,4019339671467,Sonnenblumenbrot,7,DAV
4019339009284,4019339405079,Sonnenblumenkerne,8,DAV
4019339009901,4019339405116,Sonnenblumenkerne,6,DAV
4022381018883,4022381018883,Sonnenblumenkerne,1,SPI
4022381027762,4022381027755,Sonnenblumenkerne,4,SPI
4022381029803,4022381029797,Sonnenblumenkerne,1,SPI
3445020001151,3445020001151,Sonnenblumenl nativ,1,BPL
3445020810500,3445020210508,Sonnenblumenl nativ,6,BPL
3445020810708,3445020210706,Sonnenblumenl nativ,6,BPL
3445020110341,3445020110341,Sonnenblumenl nativ Box,1,BPL
4260355586567,4260355586499,Sonnenblumenl nativ Mehrweg,6,BPL
4106060216552,4106060072608,Sonnencocktail,6,BEU
4009800012103,4009800012103,Sonnencreme LSF 30,1,SCK
4009800012110,4009800012110,Sonnencreme LSF 50,1,SCK
8720254504940,8720254504940,Sonnencreme LSF 50,1,WLP
4021457661848,4021457661848,Sonnenfluid Sensitiv,1,LAV
4000915301526,4000915101522,Sonnengetrocknete Tomaten,6,ISA
4000915306989,4000915106985,Sonnengetrocknete Tomaten,2,ISA
9004145307278,9004145007277,Sonnenkuss Gewrzblten,6,STN
4021457661718,4021457661718,Sonnenlotion Kids LSF 50,1,LAV
4021457661732,4021457661732,Sonnenlotion LSF 30,1,LAV
4022569220008,4022569160007,Sonnenquelle,6,LHQ
4260248770080,4260248770080,Sonnensegler weiá,6,HAD
9004145325333,9004145025332,Sonnige Gráe TB,6,STN
4031779000850,4031779608353,Sonntags Krustis SB,8,MOI
4260423370418,4260423370401,Sontje Frischkse Sesam/Chili,4,JMH
4086900030527,4086900741089,SOS Spray,1,PVL
4019736012801,4019736012795,Soul Kitchen Bangkok Curry,6,ZWE
4019736012825,4019736012818,Soul Kitchen Chili sin Carne,6,ZWE
4019736012849,4019736012832,Soul Kitchen Gemse Curry,6,ZWE
4019736012719,4019736012726,Soul Kitchen Gemse Kse,6,ZWE
4019736012733,4019736012740,Soul Kitchen Tikka Masala,6,ZWE
4012346113197,4012346113104,Sour Cream,12,LEB
93589080005773,,Sourliette (Schaf),"0,7",VAV
9120023735404,9120023735404,Sous-Vide Ente Pulled Duck,1,XBE
8015197010512,8015197010512,Spaghetti,1,IRI
7640230491778,7640230491761,Spaghetti alla Bolognese,6,HOL
4012346174495,4012346174402,Spaghetti Bolognese PB,10,LEB
38032804430465,8032804430464,Spaghetti Buchweizen gf,18,FEL
4024297001201,4024297061625,Spaghetti Dinkel hell,10,NAT
4250367550496,4250367550502,Spaghetti Eis,6,GEC
4024297001140,4024297060949,Spaghetti hell Hartweizen,10,NAT
38032804431899,8032804431898,Spaghetti Mais gf Felicia,18,FEL
4018462142134,4018462142103,Spaghetti semola,12,BYO
8015197041486,8015197041486,Spaghetti Vk,1,IRI
4018462142172,4018462142165,Spaghettini semola,12,BYO
4260148651540,4260148650543,Spanische Gemsesuppe,3,PUF
4031829700990,4031829254769,Spanische Paella,6,KL
4011432028506,4011432028506,Spannrahmen fr DIN A3 Poster,1,WSE
4024297017363,4024297017356,Spargel weiá,6,NAT
4009309545669,4009309545263,Spargelabschnitte,6,MAR
4000345033134,4000345033127,Spargelsuppe,12,ERN
4260039377290,4260039376293,Sparkling Juicy Tea Verbene-Jasmin-Riesling,6,VNN
4009800009691,4009800009691,Speick Dosierpumpe fr 5 L Kanister,1,SCK
4008471709411,4008471500261,Speisequark 20%,8,SB
4017194470805,4017194470805,Speisequark 20% 5 kg,1,SBG
4008471711742,4008471500278,Speisequark 40%,12,SB
4104060480546,4104060011634,Speisequark halbfett 20%,6,AND
4017194970701,4017194470706,Speisequark halbfett 20% - im Glas,6,SBG
4017194970190,4017194470195,Speisequark mager - im Glas,6,SBG
4101530008347,4101530008149,"Speisequark mager 0,2% laktosefrei",8,BGL
4017194470300,4017194470300,Speisequark mager 5 kg,1,SBG
4008471711711,4008471500247,Speisequark Magerstufe 500g,12,SB
4104060486999,4104060029899,Speisequark Zubereitung 20%,6,AND
4104060480676,4104060011290,Speisequark Zubereitung mager,6,AND
4005394191040,4005394191033,Speisestrke fein,4,BVE
4022381033923,4022381033916,Speisestrke gf,4,SPI
4026584933257,4026584133251,Spinat Kse Taler,6,SOF
7640230494212,7640230494205,Spinat mit Kartoffeln,6,HOL
4016249371623,4016249371524,Spinat Ricotta,6,ALO
4031779000225,4031779907340,Spinat Taschen SB,10,MOI
4026584932151,4026584132155,Spinat-Cashew-Rllchen,6,SOF
9001969176998,9001969076991,Spinatkndel,10,HGR
4028112077136,4028112077136,Spinatstrudel,60,SDL
4000915300291,4000915100297,Spinattaschen,8,ISA
4018462142332,4018462142301,Spiralen semola,12,BYO
4018462142578,4018462142509,Spiralen semola bunt,12,BYO
4024297001218,4024297061601,Spirelli Dinkel hell,9,NAT
4024297001157,4024297060901,Spirelli hell Hartweizen,9,NAT
4035784130588,4035784130588,Spirulina 200 g Pulver,1,GSE
4035784130557,4035784130557,Spirulina 240 Tabletten,1,GSE
4035784130564,4035784130564,Spirulina 550 Tabletten,1,GSE
4035784130502,4035784130502,Spirulina 80 Tabl  500 mg,1,GSE
4021246112100,4021246102101,Spirulina Zitrone Riegel gf,24,LUB
4005967506684,4005967003411,Spitzbuben (mit feiner Johannisbeermarmelade),22,ROS
24260012647642,4260012647648,Spitzpaprika rot Resi,5,BIN
9004145193994,9004145023345,Spitzwegerich,6,STN
9004145194090,9004145023383,Spitzwegerich Fichtennade,6,STN
4019886625562,4019886025560,Spl-Balsam Orange & Hamamelis,6,SOD
4008576400749,4008576400749,Splitterpinzette Solingen Vitaloy,1,NYK
4019886620147,4019886020145,Splmittel Lavendel & Minze,6,SOD
4019886002165,4019886002165,Splmittel Lemon Bag in Box,1,SOD
4039468025498,4039468025481,Splschwamm kratzfrei aus Recyclingmaterial,12,MEM
4039468025474,4039468025467,Splschwamm scheuerstark,12,MEM
4039468025511,4039468025504,Splschwmme Set scheuerstark & kratzfrei,12,MEM
4270000814426,705632025352,Splung Afrolocke,1,AFL
4262361260066,4262361260066,Splung Feuchtigkeit,1,HLI
4262361260042,4262361260042,Splung Reparatur,1,HLI
4262361260080,4262361260080,Splung Volumen,1,HLI
7611916258275,7611916558276,Sport & Muskel Regenerationsbad Arnika,1,WEL
4019886615501,4019886015509,Sport & Outdoor Waschmittel,6,SOD
7611916154317,7611916154317,Sport Frische Boost Duschgel Arnika,1,WEL
4086900049659,4086900275201,Spot Acute Gel,1,PVL
4021457661107,4021457661107,Spot Treatment Pure Beauty,1,LAV
5765228837917,5765228837917,Spray Conditioner Coconut,1,URT
4007547513006,4007547503007,Sprhstrke Bgelhilfe,6,SNT
4020943320900,4020943220903,Sprossenfrische Keimgert,4,ARC
4260620682079,4260620682079,Sprudeltaler Disney FROZEN mit Spielzeug,1,OFZ
4260620682444,4260620682444,Sprudeltaler Disney VAIANA mit Spielzeug,1,OFZ
4018722003458,4018722303220,Sptzle frisch (Eiersptzle),6,ALU
4024297022022,4024297022015,Sptzle Hartweizengrieá hell,9,NAT
4022381012720,4022381012713,Sptzle und Nudelmehl 550,6,SPI
4011849811012,4011849811104,"Sptzle, frisch, vegan",6,PAN
4260651480101,4260651480095,Ssskartoffel Glas Spaghetti,6,JTT
4047679130030,4047679130016,St. Georgsquelle medium,12,LHQ
4047679130047,4047679130023,St. Georgsquelle medium,6,LHQ
4047679110032,4047679110018,St. Georgsquelle still,12,LHQ
4047679110049,4047679110025,St. Georgsquelle still,6,LHQ
4022569180005,4022569100003,St. Leonhard Quelle medium,6,LHQ
4022569170006,4022569110002,St. Leonhard Quelle still,6,LHQ
13440771106909,,St. Maure Ziegenrolle geascht,2,VAV
4046203238648,4046203669039,Stabkerzen aus Bienenwachs,4,KFH
4046203026900,4046203432640,Stabkerzen dunkelrot Stearin,10,KFH
4046203026863,4046203432602,Stabkerzen elfenbein Stearin,10,KFH
4046203026894,4046203432633,Stabkerzen rot Stearin,10,KFH
4046203026986,4046203432725,Stabkerzen weiá Stearin,10,KFH
4015533062339,4015533062322,Start Shot Rote Bete Ingwer Guarana,6,VOE
4015533062933,4015533062926,Start Shot Rote Bete Ingwer Guarana,8,VOE
4086900044128,4086900444973,Starter u Travel Set Glowing Age,1,PVL
4086900044104,4086900444959,Starter u Travel Set Hydrating,1,PVL
4086900044111,4086900444966,Starter u Travel Set Pure Balance,1,PVL
4019886191012,4019886190015,Stckseife Lavendel & Kamille,12,SOD
4019886191067,4019886190060,Stckseife Lemongrass & Ingwer,12,SOD
4019886191029,4019886190022,Stckseife Mandel & Avocado,12,SOD
4019886191074,4019886190077,Stckseife Rose & Geranie,12,SOD
4019886191050,4019886190053,Stckseife Verbene & Lemon,12,SOD
4018462191514,4018462191507,Steak & Pfeffer Sauce,6,BYO
4260435777069,4260435771388,Steinpilz Meersalz,6,SPC
14260261492010,4260261492013,Steinpilze getrocknet,6,WOH
4018462404034,4018462404027,Steirisches Krbiskernl,6,BYO
4260355582521,4260355582514,Steirisches Krbiskernl,4,BPL
9004145303980,9004145003989,Sternanis ganz Tte,6,STN
4012346157894,4012346157801,Sternanis Tte,6,LEB
4005967007716,4005967007709,Sternentraum Msli,6,ROS
4000381043319,4000381004334,Sticks,20,HUO
4006748009141,4006748009158,Sticks,12,MAY
4026584933103,4026584133107,Sticks Kreta-Style,6,SOF
4026584933004,4026584133008,Sticks Toskana-Style,6,SOF
8711521997756,8711521021925,Stieleis Almond Choc (Mandel),24,ICF
4250367550458,4250367550274,Stieleis Classic,22,GEC
8719325110678,8719325110692,Stieleis Erdbeer Sahne,24,NIE
4017194989086,4017194489081,Stieleis Flecki,26,SBG
4017194989093,4017194489098,Stieleis Flecki Multipack,8,SBG
8720828386279,8720828386248,Stieleis Haselnuss Schoko,24,NIE
8720828386132,8720828386125,Stieleis Heidelbeere Weiáe Schoko,24,NIE
4017194989109,4017194489104,Stieleis Himbeere,26,SBG
8719325110593,8717953108531,Stieleis Himbeere Hibiscus,24,NIE
4250367550465,4250367550304,Stieleis Mandel,22,GEC
4250367550670,4250367550663,Stieleis Mango Crisp,22,GEC
4250367550649,4250367550656,Stieleis Mango Crisp Multipack,8,GEC
4250073462779,4250073462762,Stieleis Mango-Passionsfrucht FIGGO Multipack,8,FWO
4017194989222,4017194489227,Stieleis Milch,26,SBG
18711521158901,8711521158904,Stieleis Milk Choc (Vollmilch),24,ICF
8711521997749,8711521021918,Stieleis Milk Choc (Vollmilch),24,ICF
4017194989192,4017194489197,Stieleis Mix Box,4,SBG
8711521997732,8711521021901,Stieleis Plain Choc (Zartbitter),24,ICF
4017194989208,4017194489203,Stieleis Sahne Kaffee,22,SBG
4017194989215,4017194489210,Stieleis Sahne Kaffee Multipack,8,SBG
18711521158925,8711521158928,Stieleis White Choc,24,ICF
4260664939542,4260664939542,"Stielkamm, aus recycelten Tauen",1,NYK
4012346535296,4012346535203,Stilltee TB,8,LEB
4011432045541,4011432045541,Straáenaufsteller Ersatzfolie,1,WSE
4011432033029,4011432033029,Straáenplakatstnder DIN A1,1,WSE
4017194989048,4017194489043,Stracciatella Eis,6,SBG
8005020190962,80625469,Stracciatella Eis aus Heumilch,6,RAC
8005020191211,80603078,Stracciatella Eis aus Heumilch,12,RAC
4044889015348,4044889005349,Stracciatella Weiáe mit Cacao Nibs,10,VNI
4001638180139,4001638580137,Straffende Augenpflege Granatapfel u Maca Peptide,1,WEL
4021457649204,4021457649204,Straffende Nachtpflege,1,LAV
4001638180092,4001638580090,Straffende Nachtpflege Granatapfel u Maca Peptide,1,WEL
4001638590501,4001638590501,Straffende Serum Bodylotion Maca-Peptide,1,WEL
4021457649174,4021457649174,Straffende Tagespflege,1,LAV
4001638180047,4001638580045,Straffende Tagespflege Granatapfel u Maca Peptide,1,WEL
4021457649266,4021457649266,Straffendes Serum,1,LAV
4001638579995,4001638579995,Straffendes Serum Granatapfel u Maca Peptide,1,WEL
4019736009405,4019736008804,Streich 4 Pfeffer,6,ZWE
4019736009412,4019736008811,Streich Aubergine,6,ZWE
4019736009436,4019736008835,Streich Basilikum,6,ZWE
4019736009429,4019736008828,Streich Brlauch,6,ZWE
4019736009443,4019736008842,Streich Brotzeit,6,ZWE
4003247801320,4003247201328,Streich Chili - vegane Frischksealternative,6,VTQ
4003247801313,4003247201311,Streich Garten - vegane Frischksealternative,6,VTQ
4019736009474,4019736008873,Streich Krbis Orange Streich,6,ZWE
4019736009467,4019736008866,Streich Kruter Tomate,6,ZWE
4019736009481,4019736008880,Streich Mango Curry,6,ZWE
4019736009528,4019736008927,Streich Mediterran,6,ZWE
4019736009498,4019736008897,Streich Meerrettich,6,ZWE
4003247801306,4003247201304,Streich natur - vegane Frischksealternative,6,VTQ
4019736009511,4019736008910,Streich Paprika Chili,6,ZWE
4003247801344,4003247201342,Streich Provence - vegane Frischksealternative,6,VTQ
4019736009535,4019736008934,Streich Rote Bete Meerrettich,6,ZWE
4019736009559,4019736008958,Streich Rucola Senf,6,ZWE
4019736009542,4019736008941,Streich Rucola Tomate,6,ZWE
4019736009566,4019736008965,Streich Schnittlauch,6,ZWE
4019736009573,4019736008972,Streich Sonnen Tomate,6,ZWE
4003247801337,4003247201335,Streich Tomate - vegane Frischksealternative,6,VTQ
4019736009504,4019736008903,Streich Tomate Olive,6,ZWE
4019736014577,4019736014584,Streich's drauf Natur,6,ZWE
4019736014515,4019736014522,Streichďs drauf Arrabitom,6,ZWE
4019736014799,4019736014805,Streichďs drauf Basitom,6,ZWE
4019736014638,4019736014645,Streichďs drauf Bruschesto,6,ZWE
4019736014690,4019736014706,Streichďs drauf Chilitoffel,6,ZWE
4019736014591,4019736014607,Streichďs drauf Currika,6,ZWE
4019736014812,4019736014829,Streichďs drauf Currychini,6,ZWE
4019736014775,4019736014782,Streichďs drauf Gelbie,6,ZWE
4019736014751,4019736014768,Streichďs drauf Ingwery,6,ZWE
4019736014713,4019736014720,Streichďs drauf Krbi,6,ZWE
4019736014614,4019736014621,Streichďs drauf Meditom,6,ZWE
4019736014539,4019736014546,Streichďs drauf Mepfel,6,ZWE
4019736014676,4019736014683,Streichďs drauf Papayango,6,ZWE
4019736014737,4019736014744,Streichďs drauf Papucchini,6,ZWE
4019736014836,4019736014843,Streichďs drauf Sendi,6,ZWE
4019736014553,4019736014560,Streichďs drauf Smoto,6,ZWE
4019736014492,4019736014508,Streichďs drauf Tomape¤o,6,ZWE
4019736014652,4019736014669,Streichďs drauf Tomesan,6,ZWE
4016249434014,4016249434113,Streichgenuss Brlauch,6,ALO
4016249128609,4016249128708,Streichgenuss Brotzeit,6,ALO
4016249128647,4016249128746,Streichgenuss Bruschetta,6,ALO
4016249128630,4016249128739,Streichgenuss Meerrettich,6,ALO
4016249128623,4016249128722,Streichgenuss Papaya Mango,6,ALO
7640166794288,7640166794271,Streichzart Butter mit Rapsl,5,ZFK
9004145371699,9004145071698,Streudose leer,6,STN
4008576400640,4008576400640,Strhnenkamm aus Buchenholz,1,NYK
4055297181259,4055297181259,Strkendes Kopfhaut Tonikum Brennnessel,1,LOG
4012346222592,4012346222509,Strkungstee,6,LEB
4018462145418,4018462145401,Strozzapreti semola,12,BYO
4260229160138,4260229160060,Strudelteig,6,DST
24260012647703,4260012647709,Studentenblume,5,BIN
4046203050516,4046203433807,Stumpen gr. elfenbein Stearin,6,KFH
4046203050547,4046203433838,Stumpen gr. rot Stearin,6,KFH
4046203049916,4046203433203,Stumpen kl. elfenbein Stearin,10,KFH
4046203049947,4046203433234,Stumpen kl. rot Stearin,10,KFH
4260664939566,4260664939566,"Stylingkamm, aus recycelten Tauen",1,NYK
4024297009382,4024297009375,Sucanat Vollrohrzucker,6,NAT
4022346829226,4022346329221,Sumach,5,HEU
4260651251022,4260651251015,sunflowerBOLOmix,10,SFF
4260651250995,4260651251008,sunflowerBURGERmix,10,SFF
4000915300826,4000915100822,Super Mousse Weiáe Bohne & Tomate,4,ISA
4022993300192,4022993300208,Super Panini Rustic gf,6,STZ
9004998014996,9004998014989,Superfruit Mix gefriergetrocknet,8,LAG
4026813001368,4026813020086,Suppengemse,8,NCL
4026813006134,4026813004529,"Suppengemse, 4x2,5 kg",1,DFE
4031829700228,4031829253700,Suppengrn,10,KL
4020943196864,4020943136860,Sushi Ingwer,6,ARC
8713576673395,8713576173390,Sushi Ingwer,6,TER
8713576971965,8713576471960,Sushi Nori 10 Bltter,12,TER
4020943191449,4020943131445,Sushi Reis,8,ARC
8713576775631,8713576275636,Sushireis,8,TER
4027468000393,4027468000386,Sweet and Sour,6,ERH
4260272987959,4260272987942,Sweet Chili Kesselchips,12,LCH
4250073463936,4250073463929,Sweet Chili Noodles,10,FWO
4024297021681,4024297021674,Sweet Chili Sauce,6,NAT
4020943195904,4020943135900,Sweet Matcha-Mix,6,ARC
4260221611751,4260221611713,Sylter Dressing mit Balsamico,6,EMS
8437008467511,8437008467047,Syrah demeter rot,6,PAR
4024297001119,4024297340485,Syramena Wrfelzucker,10,NAT
4019339006047,4019339641033,Taboul Salat,6,DAV
4007547412804,4007547402805,Tabs Geschirrsplmaschine,5,SNT
8718421156528,8718421156511,Tafel 93% RAW,8,LOV
8718421154364,8718421154333,Tafel Blaubeere Hanfsaat RAW,8,LOV
8718421158157,8718421158140,Tafel Extreme Dark 99% RAW,8,LOV
8720574842050,8720574842029,Tafel LOV Dark & Dates,8,LOV
8720574842364,8720574842357,Tafel LOV Dark Chocolate,8,LOV
8720574842241,8720574842234,Tafel LOV Ginger Orange,8,LOV
8720574842333,8720574842326,Tafel LOV Passionfruit Mango,8,LOV
8720574842272,8720574842265,Tafel LOV Pistachio Almond,8,LOV
8720574842210,8720574842203,Tafel LOV Raspberry Rosemary,8,LOV
8720574840605,8720574840599,Tafel LOV Soul vegan,8,LOV
8718421154357,8718421154326,Tafel Sáe Kakaonibs Meersalz RAW,8,LOV
4019736007012,4019736207016,Tafel-Meerrettich -Khlartikel,6,ZWE
4018462160633,4018462160558,"Tafelmeerettich ungeschwefelt, khlpflichtig",6,BYO
4018462160565,4018462160565,"Tafelmeerrettich, khlpflichtig",1,BYO
4260418987164,4260418987164,Tagescreme Good Morning,1,RRT
4021457661138,4021457661138,Tagespflege Pure Beauty,1,LAV
4018462143056,4018462143001,Tagliatelle Nester semola,12,BYO
4018462143117,4018462143100,Tagliatelle Nester semola grn,12,BYO
28032804430857,8032804430853,Tagliatelle Reis VK,8,FEL
4031829700945,4031829254950,Tagliatelle Verde mit Lachs,6,KL
8713576504255,8713576004250,Tahin braun Sesammus,6,TER
8713576504422,8713576004427,Tahin braun Sesammus,6,TER
8713576500110,8713576100112,Tahin weiá,6,TER
98002255834176,,"Taleggio DOP, 1/2 Laib",1,CAG
4020943197236,4020943137232,Tamari,6,ARC
4020943197915,4020943137911,Tamari Cedarwood,6,ARC
4020943191913,4020943131919,Tamari Cracker gf,8,ARC
8713576671216,8713576271218,Tamari Sojasauce,6,TER
8713576671209,8713576271225,Tamari Sojasauce Japan,6,TER
8713576671247,8713576271249,Tamari Sojasauce Japan,6,TER
8713576671254,8713576271256,Tamari Sojasauce Japan,6,TER
5019493010002,782126001009,Tampons normal,12,NAC
5019493020001,782126002006,Tampons super,12,NAC
5019493020025,782126002020,Tampons super plus,12,NAC
4250367550786,4250367550793,Tannenbaum Eis,6,GEC
4019838190261,4019838090264,Tansania Broken Mama Africa,10,CDO
4020943332712,4020943232715,Tapioka Strke,6,ARC
8018759006893,8018759001898,Taralli classic,10,SEL
4006182017139,4006182007130,Taralli glutenfrei,10,SOM
8018759006909,8018759001904,Taralli mit Fenchelsamen,10,SEL
4250367550540,4250367550557,Tartufo nero,6,GEC
4008576400695,4008576400695,Taschenkamm aus Buchenholz,1,NYK
4260664939559,4260664939559,"Taschenkamm, aus recycelten Tauen",1,NYK
4039468021094,4039468006039,Taschentcher 4-lagig,15,MEM
4039468024941,4039468024859,Taschentcher in der Spenderbox,15,MEM
9004145199484,9004145026629,Tee Probier mal TB,6,STN
4086900006027,4086900106826,Teebaum bio,1,PVL
4086900015319,4086900101821,Teebaum bio,1,PVL
4028719613188,4028719613188,Teebauml Feuchtigkeitscreme,1,CMD
42045120,42045120,Teebauml Intensivcreme,1,CMD
4028719100305,4028719100305,Teebauml kbA,1,CMD
4018874809045,4018874080901,Teebauml Lutschpastillen,24,ARI
4028719613294,4028719613294,Teebauml Pickelroller,1,CMD
4028719613904,4028719613904,Teebauml Zahncreme,1,CMD
4046203207149,4046203418125,Teelichter aus Bienenwachs,1,KFH
4046203050820,4046203418781,Teelichter aus Bienenwachs mit einem Glas,14,KFH
4046203026665,4046203432046,Teelichter dunkelrot Stearin,10,KFH
4046203026627,4046203432008,Teelichter elfenbein Stearin,10,KFH
4046203051735,4046203434903,Teelichter in Aluhlle weiá aus Stearin,1,KFH
4046203238211,4046203418934,Teelichter rot aus Bienenwachs,1,KFH
4046203237603,4046203418972,Teelichter rot aus Bienenwachs mit einem Glas,14,KFH
4046203026658,4046203432039,Teelichter rot Stearin,10,KFH
4046203026740,4046203432121,Teelichter weiá Stearin,10,KFH
4012346002897,4012346002835,Teenetze Gr. 2 (9 cm),10,LEB
4003247402428,4003247702429,Teewurst vegan,6,VTQ
4260229160169,4260229160152,Teig fr Quiche & Tartes,8,DST
4260435776451,4260435770343,Tellicherry Pfeffer,6,SPC
4260397822050,4260397821190,Tempeh Berglinsen,6,TMA
4260397821961,4260397821060,Tempeh Black Bean Tamari,6,TMA
4260397822203,4260397821213,Tempeh Burger Smoky Paprika,6,TMA
8712423018433,5400313002534,Tempeh im Glas,6,YAK
4260397822111,4260397821114,Tempeh Knoblauch-Koriander,6,TMA
4260397822258,4260397821268,Tempeh Lupinen Sweet Chili,6,TMA
4260397822272,4260397821282,Tempeh Lupinen Wildkruter,6,TMA
4260397822166,4260397821169,Tempeh Soja BBQ,6,TMA
4260397822159,4260397821152,Tempeh Soja Curry,6,TMA
4260397822128,4260397821121,Tempeh Soja Gyros,6,TMA
4260397822029,4260397821022,Tempeh Soja Natur,6,TMA
4260397822173,4260397821176,Tempeh Soja Teriyaki,6,TMA
4020943199391,4020943139397,Teriyaki,6,ARC
4250073462540,4250073462533,Teriyaki Noodles,10,FWO
4030917061005,4030917060909,Teriyaki Sauce,6,SAC
8713576673432,8713576173437,Teriyaki Woksoáe,6,TER
4037865130005,4037865030008,Terra Vita rot,6,SND
4030917019907,4030917019808,Thai Chili Sauce Gastroline,1,SAC
4000345798835,4000345298830,Thai Curry Kichererbse,6,EVP
4012346172897,4012346172804,Thai Curry PB,10,LEB
4019339005989,4019339641057,Thai Curry Pfanne,6,DAV
4012346168999,4012346168906,Thai Kche,6,LEB
4260155028281,4260155025013,Thaicurry mit Basmatireis,4,JOO
4262436240498,4262436240481,Thank you Seife Melisse Salbei,6,NIA
4260644620149,4260644620132,"The Beauty free 0,0 % Vol",6,HUA
4024967010359,4024967010342,The Beauty Organic Gin,6,HUA
4005967998243,4005967998243,Thekendisplay Frhling/Ostern,1,ROS
4009800004177,4009800004177,Thermal Sensitiv Deo Roll on,1,SCK
4009800004191,4009800004191,Thermal Sensitiv Deo Spray,1,SCK
4009800004405,4009800004405,Thermal Sensitiv Deo Stick,1,SCK
4035626000024,,"Thise Weihnachtskse, Laib",7,TMJ
4026968117709,4026968017702,Thunfisch Bonito naturell,10,FON
4026968117907,4026968017900,Thunfisch Bonito Olivenl,10,FON
4026968117808,4026968017801,Thunfisch Bonito Sonnenblumen,10,FON
4250073461062,4250073460041,Thunfisch Filets Pur ohne Abtropfen,8,FWO
4250073462861,4250073462854,Thunfisch im eigenen Saft Natur Duopack MSC,12,FWO
4250073450646,4250073450639,Thunfisch im eigenen Saft Natur MSC,8,FWO
4026968015975,4026968015975,Thunfisch in eigenem Saft MSC,1,FON
98412439285333,8412439285330,Thunfisch in Olivenl,10,PDM
4250073450660,4250073450653,Thunfisch in Olivenl MSC,8,FWO
4250073451230,4250073451223,Thunfisch in Sonnenblumenl MSC,8,FWO
4250073451520,4250073451513,Thunfisch Medaillons MSC,6,FWO
98412439285104,8412439285101,Thunfisch naturell,10,PDM
98412439286910,8412439286917,Thunfisch Oliven Pastete,6,PDM
4250073462885,4250073462878,Thunfisch Olivenl Duopack MSC,12,FWO
4250073463028,4250073463011,Thunfisch Pasta MSC,8,FWO
4026968118003,4026968018006,Thunfisch Pasta Oliven Kapern,8,FON
4045800918595,4045800656947,Thunfischsalat,3,GRH
4026968115408,4026968015401,Thunfischsalat Asia,8,FON
4026968115309,4026968015302,Thunfischsalat Texas,8,FON
95701975209532,,"Thybo 8 M, 1/8 Laib","1,5",TMJ
95701975805116,,"Thybo 8 Monate, 1/4 Laib","1,5",TMJ
4022346826270,4022346326275,Thymian gereb Thringen Tte,5,HEU
4260752753494,4260752752893,Thymian gerebelt,12,SPC
4022346226254,4022346226254,Thymian gerebelt Dose,1,HEU
4012346115481,4012346115481,Thymian gerebelt getrocknet,1,LEB
4012346155197,4012346155104,Thymian gerebelt Tte,6,LEB
9004145194076,9004145023376,Thymian Holunder Salbei,6,STN
9004145305618,9004145005617,Thymian lose,6,STN
9004145743281,9004145025578,Thymian TB,6,STN
4086900006072,4086900105836,Thymian Thymol bio,1,PVL
9004145754027,9004145006669,Thymian Tte,6,STN
4260026697134,4260026697134,Tiefenreinigung Shampoo,1,BIT
4260232320208,,Tilsiter,"2,2",OST
4260232320222,,Tilsiter mit Kmmel,"2,2",OST
4260435776437,4260435775140,Timut Pfeffer,6,SPC
4260198098999,4260198098999,Tinted Lip Balm mit LSF berry bliss,1,BEN
4260198098982,4260198098982,Tinted Lip Balm mit LSF coral breeze,1,BEN
4260198098975,4260198098975,Tinted Lip Balm mit LSF soft bloom,1,BEN
88412439285077,8412439285071,Tintenfischstcke galizisch,10,PDM
88412439285039,8412439285033,Tintenfischstcke in Olivenl,10,PDM
8003938009390,8003938009406,Tiramisu Eis,12,RAC
8003938009413,8003938009420,Tiramisu Eis,6,RAC
4026913502031,8005020009738,Tiramisu-Cafe-Dessert - 300g,4,GIL
9008281305556,9008281005555,Tiroler Almschnittlauchkse aus Heumlich g.t.S.,"2,4",BOM
9008281005135,,Tiroler Bergkse g.U. Reith 12 M,2,BOM
9008281305099,9008281005098,Tiroler Bergkse g.U. Reith 3 M,"3,2",BOM
9008281305129,9008281005128,Tiroler Bergkse g.U. Reith 8 M,"3,2",BOM
9008281305211,9008281005210,"Tiroler Emmentaler 1/1 Zwickel, 5 M","4,5",BOM
9008281305181,9008281005180,"Tiroler Emmentaler 1/2 Zwickel, 5 M","2,3",BOM
9008281302418,9008281002417,"Tiroler Emmentaler mit Steinsalz, Zwickel","4,5",BOM
9008281004824,9008281004824,"Tiroler Felsenkaiser, 10 M aus Heumlich g.t.S.",4,BOM
9008281005197,,Tiroler Gold aus Heumilch g.t.S.,"1,3",BOM
9008281305839,9008281005838,Tiroler Korbkse aus Heumilch g.t.S,"1,6",BOM
9120081090163,9120081090156,Tiroler Wrze,6,GKO
2900000995000,2900000995000,TK-Rollcontainer/Box,1,5WP
4000915300093,4000915100099,Toast & Burger Schmelzksescheiben,10,ISA
4022993300383,4022993300390,Toastie High Protein,8,STZ
94026913554514,,Toco (lose),"0,7",MA
4012359133021,4012359133007,Tofiner,6,TAI
4012346180595,4012346180502,Tofu,6,LEB
4012359114228,4012359114204,Tofu Basilico,6,TAI
4012359438126,4012359438102,Tofu Bratwrstchen GV,1,TAI
4012359130020,4012359130006,Tofu Bratwurst gepfeffert,6,TAI
4012359138125,4012359138101,Tofu Bratwurst geruchert,6,TAI
4012359139023,4012359139009,Tofu Bratwurst scharf,6,TAI
4012359114525,4012359114501,Tofu Curry-Mango,6,TAI
4260095201102,4260095520111,Tofu geruchert,8,BCE
4260095201003,4260095520104,Tofu Natur,8,BCE
4012359110121,4012359110107,Tofu Natur 200 g,8,TAI
4012359110220,4012359110206,Tofu Natur 400 g,5,TAI
4012359410320,4012359410306,Tofu Natur GV,1,TAI
4012359114426,4012359114402,Tofu Olive,6,TAI
4012359114327,4012359114303,Tofu Rosso,6,TAI
4012359136022,4012359136008,Tofu Rostbrterle,8,TAI
4012359114921,4012359114907,Tofu Spinacia,6,TAI
4262434310094,28060352,Tofu-Schinken SB (ca. 10 x ca. 100g),1,TOU
4012359120120,4012359120106,Tofu-Terrine Graffiti,6,TAI
4039468015048,4039468015079,Toilettenpapier 2-lagig,8,MEM
4039468030461,4039468030478,Toilettenpapier 3-lagig,7,MEM
4039468025559,4039468024842,Toilettenpapier 4-lagig,7,MEM
4015637804477,4015637824048,Tomate Basilikum Burger gf,6,BAK
24260012647697,4260012647693,Tomate Datella,5,BIN
4260272987812,4260272987805,Tomate Kesselchips,12,LCH
4016249371616,4016249371517,Tomate Mozzarella Hartkse,6,ALO
8018759005193,8018759000198,Tomate natur mit Basilikum,6,SEL
4016249371500,4016249371609,Tomate Olive Feta,6,ALO
4000503751191,4031829232507,Tomaten Creme Suppe,6,KL
4012346112497,4012346112404,Tomaten Gewrzsalz Topping,6,LEB
8018759005100,8018759000105,Tomaten halbgetrocknet in Olivenl,6,SEL
4018462157015,4018462157008,Tomaten Ketchup,6,BYO
4018462157404,4018462157404,Tomaten Ketchup,1,BYO
4019736005551,4019736005544,Tomaten Ketchup,6,ZWE
4018462157268,4018462157251,Tomaten Ketchup 80% Tomatenanteil PET,6,BYO
4018462157312,4018462157305,Tomaten Ketchup ohne Kristallzucker,6,BYO
4018462603642,4018462603628,Tomaten Paprika Mark,12,BYO
4024297000532,4024297158158,Tomaten Passata,12,NAT
4000915306729,4000915106725,Tomaten Pesto vegan,6,ISA
4024297022602,4024297022596,Tomaten Polpa,6,NAT
4019736018124,4019736018131,Tomaten Schmelz,6,ZWE
18015197025445,8015197025448,Tomaten-Passata Bag in Box,1,IRI
4012346179599,4012346179506,Tomatenbutter,12,LEB
18015197026084,8015197026087,Tomatenkonzentrat 28/30Brix,1,IRI
4018462603192,4018462603192,Tomatenmark,1,BYO
4019736000761,4019736000754,Tomatenmark 22%,6,ZWE
4019736001812,4019736000402,Tomatenmark 22%,6,ZWE
4024297003366,4024297003359,Tomatenmark 22%,12,NAT
4018462603635,4018462603604,Tomatenmark Doppelfrucht,12,BYO
4024297022756,4024297013945,Tomatenmark Tube,12,NAT
8018759005018,8018759000013,Tomatenpassata,12,SEL
8018759008781,8018759003786,Tomatenpassata,12,SEL
5202423180092,5202423180030,Tomatenpaste,6,MAN
8018759005025,8018759000020,Tomatenpolpa ohne Salz - stckig,12,SEL
8018759007180,8018759002185,Tomatenpolpa ohne Salz - stckig,6,SEL
8018759008644,8018759003649,Tomatenpolpa ohne Salz - stckig,12,SEL
4015533051159,4015533051142,Tomatensaft,6,VOE
4015533062537,,Tomatensaft Elopak,8,VOE
4260067153576,4260067151800,Tomatensauce Alla Norma - Aubergine,6,CES
4260067153569,4260067151794,Tomatensauce allďarrabbiata,6,CES
4019736003342,4019736003335,Tomatensauce Arrabbiata,6,ZWE
4260623225051,4260623225044,Tomatensauce Arrabiata,6,SWL
4019736004035,4019736004028,Tomatensauce Basilikum,6,ZWE
4030917040802,4030917040703,Tomatensauce Classico,6,SAC
4260623225136,4260623225129,Tomatensauce gegr. Gemse,6,SWL
8018759005780,8018759000785,Tomatensauce Kinder,6,SEL
8018759005872,8018759000877,Tomatensauce m. gerst. Auberginen,6,SEL
8018759006374,8018759001379,Tomatensauce m. orient. Gewrzen,6,SEL
4019736017202,4019736017219,Tomatensauce Mascarpone,6,ZWE
4260067153552,4260067151787,Tomatensauce mit Oliven und Kapern,6,CES
8018759008514,8018759003519,Tomatensauce mit Ricotta Kse,6,SEL
8018759006008,8018759001003,Tomatensauce mit Schafskse,6,SEL
8018759005933,8018759000938,Tomatensauce mit Seitan,6,SEL
4019736011613,4019736911616,Tomatensauce Napoli,6,ZWE
4260067153545,4260067151770,Tomatensauce natur,6,CES
4260623225211,4260623225204,Tomatensauce Olive Kapern,6,SWL
4019736004141,4019736004134,Tomatensauce Papaya Chili,6,ZWE
4019736004165,4019736004158,Tomatensauce Ricotta,6,ZWE
4030917041205,4030917041106,Tomatensauce Ricotta,6,SAC
4019736017189,4019736017196,Tomatensauce vegane Linsen Bolognese,6,ZWE
4030917041403,4030917041304,Tomatensauce Vegetarische Bolognese,6,SAC
4000345943686,4000345043683,Tomatensuppe,12,ERN
4250096904072,4250096907486,Tomatensuppe,6,KBH
4260148651496,4260148650499,Tomatensuppe,3,PUF
8053323649151,8053323644156,Tomatensuppe,6,SEL
4260155028199,4260155021060,Tomatensuppe mit Gemse,4,JOO
4260221615056,4260221615018,TomatenTomaten Ketchup,6,EMS
94026913500207,,Tome du Pays,"3,3",MA
93309480040903,3309480004513,Tommette de Yenne,"0,8",VAV
4086900049017,4086900276000,Toning Lotion Perfectly Illuminating,1,PVL
4022346827321,4022346327326,Tonkabohnen gemahlen,6,HEU
4260096396517,42431749,Tonkabohnen gemahlen,6,AGA
5765228837931,,Toothpaste Mint Aloe Vera,1,URT
5765228837825,,Toothpaste Tea Tree,1,URT
4037892226115,4037892226030,Topfbrsten,15,RED
4028112077495,4028112077495,Topfentaschen,64,SDL
4260435778684,4260435778677,Topping Allrounder,6,SPC
4012346779003,4012346779003,Topseller Tee Display,1,LEB
4000915229165,4000915029161,Tortelli mit Ricotta & Spinat,6,ISA
4000915229141,4000915029147,Tortelli mit Steinpilz,6,ISA
4005496225438,4005496224035,Tortellini Champignon,10,DAP
4000915307610,4000915107616,Tortellini Family Pack,8,ISA
4005496225414,4005496224011,Tortellini Gemse,10,DAP
4005496225407,4005496224004,Tortellini Kse,10,DAP
4000915229127,4000915029123,Tortellini mit Basilikum-Pesto 200g,8,ISA
4000915229110,4000915029116,Tortellini mit Kse und Tomaten,8,ISA
4005496225520,4005496224196,Tortellini Steinpilz,10,DAP
4011849200519,4011849200502,Tortelloni 4 Kse,6,PAN
4011849200717,4011849200700,Tortelloni Ricotta-Fllung,6,PAN
4011849200212,4011849200205,Tortelloni Spinat-Pinienkerne,6,PAN
4260096396524,4260096395527,Tortenguss,8,AGA
4005394105504,4005394201640,Tortenguss klar,12,BVE
4005394283363,4005394144879,Tortenguss klar,12,BVE
4013044710190,4013044110198,Tortenguss klar,10,BTH
4005394105511,4005394201657,Tortenguss rot,12,BVE
4005394283370,4005394144886,Tortenguss rot,12,BVE
4013044710206,4013044110204,Tortenguss rot,10,BTH
4260096396531,4260096395534,Tortenguss rot,8,AGA
8718754506809,8718754500746,Tortilla Chips Chili,15,TFO
8718754501903,8718754501897,Tortilla Chips Nacho,15,TFO
8718754501019,8718754501002,Tortilla Chips Naturel,15,TFO
8718754506762,8718754500951,Tortilla Chips Naturel,10,TFO
8717496904218,8717496903990,Tortilla Wraps,16,AMI
8718976015080,8718976015073,Tortilla Wraps ballaststoffreich,16,AMI
4000915240047,4000915040043,Toscanella Salami Aufschnitt,6,ISA
8437007732795,8437007732795,Toscar Airn-Sauvignon blanc weiá Bag in Box,1,1SI
8437007732399,8437007732399,Toscar rose Bag in Box,1,1SI
8437007732344,8437007732344,Toscar Tempranillo rot Bag in Box,1,1SI
4028332010142,4028332323020,Toskana Frische Creme,6,WMF
4005561903421,4005561006597,Traffix Kakao Kekse,6,BOL
4100570117842,4100570017845,Trakaya (Hirtenkse),5,BEP
4260198092577,4260198092577,Translucent Powder mission invisible,1,BEN
4015533513787,4015533000737,Traubensaft Chardonnay weiá,6,VOE
4015533019302,4015533019296,Traubensaft Merlot,6,VOE
4260065968011,4260065961012,Traubensaft PIWI rot,6,GUS
4106060202876,4106060011577,Traubensaft rot Barbera,6,BEU
8015197025745,,Trecce,1,IRI
4012346224190,4012346224107,Treibende Kraft,6,LEB
5060002043219,5060002043172,Trffel mit Cognac,8,BXO
4260100267888,4260100262883,Trffel Pizza,5,BLR
4017194932488,4017194432483,"Trink-Kefir Mango 6x0,5l",6,SBG
4017194932907,4017194432902,"Trink-Kefir mild 1,5% - 6x500g",6,SBG
4009816035233,4009816033680,Trinkhalme aus Glas mit Brste,1,XXX
4017194931306,4017194009807,"Trinkmolke 6x0,5l",6,SBG
4013320131756,4013320131725,Trinkschokolade,6,GEP
4044889014860,4044889004779,Trinkschokolade,8,VNI
4013320115466,4013320115442,Trinkschokolade Zartbitter,6,GEP
4260198091488,4260198091488,Trio Blush fall in love,1,BEN
4037865100404,4037865000407,Trio weiá,6,SND
4260148651557,4260148650550,Trkische Linsensuppe,3,PUF
4260026691330,4260026691330,Trockene Kopfhaut Shampoo,1,BIT
4013044700108,4013044100106,Trockenhefe aus Getreide,40,BTH
4260026697172,4260026697172,Trockenshampoo hell,1,BIT
4260026697189,4260026697189,Trockenshampoo hell Refill,1,BIT
4033548006315,4033548000313,Trollinger lieblich rot,6,SHE
4260009218950,4260009218950,Tropical Fruits Encyme Peeling,1,PVD
4018462149713,4018462149706,Trottole Protein Plus,12,BYO
4086900024076,4086900186019,Trum sá,1,PVL
4086900382404,4086900382404,Trum sá Baby & Kinder Balsam,1,PVL
9004145122826,9004145009813,Tschin Tschin Sirup,6,STN
4012346553290,4012346277202,Tulsi (Indisches Basilikum) TB,12,LEB
8713576503937,8713576003932,Twists Erdbeere,12,TER
8713576503944,8713576003949,Twists Himbeere,12,TER
8713576503623,8713576003628,Twists Salzlakritz,10,TER
8720165451630,8720165451623,TZAMPAS Bowl Golden Milk,5,TSP
8720165451616,8720165451609,TZAMPAS Bowl Tigernut,5,TSP
8720165451333,8720165451326,TZAMPAS Cacao Nibs,16,TSP
8720165451319,8720165451302,TZAMPAS Choco,16,TSP
8720165451050,8720165451043,TZAMPAS Cocoa Berry,16,TSP
8720165451876,8720165451067,TZAMPAS Coconut Oat,16,TSP
8720165451890,8720165451920,TZAMPAS Espresso,16,TSP
8720165451357,8720165451340,TZAMPAS Goji Orange,16,TSP
8720165451906,8720165451852,TZAMPAS Golden Milk,16,TSP
8720165451838,8720165451821,TZAMPAS Haselnuss,16,TSP
8720165451807,8720165451791,TZAMPAS Himbeere,16,TSP
8720165451883,8720165451869,TZAMPAS Protein Crunch,16,TSP
8714685902130,8714685902123,Tzatziki,6,FRT
8713576772968,8713576272963,Udon - Japanische Weizennudel,6,TER
4260651481139,4260651481122,Udon Nudeln,7,JTT
4012346462790,4012346462707,Uganda Kaffee ganze Bohne,6,LEB
4012346462998,4012346462905,Uganda Kaffee gemahlen,6,LEB
4260752750912,4260752750905,Umami Bums,6,SPC
9004145124547,9004145012219,Umami Gewrzzubereitung,6,STN
8713576771305,8713576271300,Umami Sauce,6,TER
4020943199421,4020943139427,Ume Su Umeboshi Wrzsauce,6,ARC
4016249076399,4016249076313,Ungesátes Crunchy Frucht,5,ALO
4016249076306,4016249075699,Ungesátes Crunchy Kakao,5,ALO
4016249073107,4016249073008,Ungesátes Crunchy Pur,5,ALO
4262437690049,4262437698304,Universal Waschmittel,6,KLY
4019886615617,4019886015615,Universal Waschmittel Limette,6,SOD
4019886015660,4019886015660,Universal Waschmittel Limette Bag in Box,1,SOD
4019886615716,4019886015714,Universal Waschmittel Sensitiv,6,SOD
5016383008194,5016383008194,Universalstnder schwarz,1,WSE
4011557118601,4011557118403,Uno e Basta ganze Bohne,4,
4280001996625,4280001996625,Upcycling Peelingseife Kaffeekirsche,1,NIA
4280001996304,4280001996304,Upcycling Peelingseife Orangenschale,1,NIA
4280001996915,4280001996915,Upcycling Peelingseife Zitronenschale,1,NIA
4016512962145,4016512062142,Ur Salz,6,ERN
4016512962206,4016512062203,Ur Salz grob fr die Mhle,6,ERN
4016512962107,4016512062104,Ur Salz im Streuer,6,ERN
4016512062180,4016512062180,Ur-Salz fein,1,ERN
4260026691231,4260026691231,Urea Gesichts Creme 5 %,1,BIT
4260026691132,4260026691132,Urea Lotion 10 %,1,BIT
4022346821497,4022346321492,Urwaldpfeffer Tribal schwarz ganz Tte,5,HEU
4009800002524,4009800002524,V- Aktiv Shampoo Glanz und Volumen,1,SCK
4086900060319,4086900600317,V- Aroma Zubehr Duftbox,1,PVL
4260631131832,4260631131832,V- GRN [GRN] Einfhrungspaket Gesichtspflege,1,GR
4260631131825,4260631131825,V- GRN [GRN] Einfhrungspaket Haarpflege,1,GR
4009800002630,4009800002630,V- Natural Aktiv Duschgel,1,SCK
4086900042124,4086900420205,V-Aroma Vernebler Purist,1,PVL
4086900042131,4086900420038,V-Aroma Vernebler Woody,1,PVL
9004145018280,9004145018280,V-Asia Gewrze Pultdisplay,1,STN
4035626002967,4035626002967,"V-b*Rostbratwurst vom Geflgel, 10 Stck",1,WBI
4035626102155,4035626102155,"V-b*Rostbratwurst, 10 Stck",1,WBI
4007547713819,4007547713819,V-Beutel fr Recycling Box,1,SNT
4001453835115,4001453835115,V-Bio Kuss Bodensteller,1,LNA
4026913921030,4026913921030,V-BioPap-Wrap Kse/Wurstpapier groá 50x35cm,1,WSE
9004145018181,9004145018181,V-Bitter Pultdisplay,1,STN
4001757004873,4001757014872,V-Bitterkuvertre,4,VNI
4007547308701,4007547308701,V-Bodenreiniger Konzentrat,1,SNT
4018462108192,4018462108192,V-Bratgenuss Bodendisplay,1,BYO
4006182017146,4006182017146,V-Brot Chips Knobi und Paprika Display,1,SOM
4056114015832,4056114015832,V-Brot Chips Knobi und Salt Pepper Display,1,SOM
4022381513067,4022381513067,V-Buchweizen,1,SPI
4260148656446,4260148656040,V-Burrito Mexicano,3,PBY
8713576679595,8713576279597,"V-Caddie Nakiri, traditionel. jap. Messer",1,MUA
8713576679557,8713576279559,"V-Caddie Santoku, traditionel. jap. Messer",1,MUA
4022381015394,4022381015394,V-Couscous,1,SPI
4260148654848,,V-Couscoussalat GV4,1,PUF
4056114015917,4056114015917,V-Croutons Display,1,SOM
4030917017903,4030917017804,V-Currypaste Red Thai,6,SAC
4022381234061,4022381234061,V-Dinkelmehl 630,1,SPI
4021234170617,4021234170617,V-Display Banana Chunks,1,BHO
7612534310277,7612534310277,V-Display Faircense Rucherstbchen,1,FAF
4262415020202,4262415020202,V-Display Kraftschluck gefllt,1,KRK
4021234970651,4021234970651,V-Display Krunchy Low Sugar,1,BHO
4008576416900,4008576416900,V-Display recycelte Kmme,1,NYK
94046896103424,,V-Douce de Chvre 6xca.160g-ohne Auszeichnung,"0,9",VAV
4260012643503,4260012643503,V-Erweiterungswand fr Warenstnder Single,1,BIN
94046896172123,,V-Fourme dďAmbert AOP 6xca.100 g-ohne ohne Auszeic,"0,6",VAV
4017194410108,4017194410108,"V-Frische Vollmilch 3,8%, 10l im Eimer",1,SBG
7640166796152,7640166796145,V-Frischkse Natur 4 x 1 kg,4,ZFK
4053259300748,4053259300748,V-Garnelenspiess mariniert,1,FGE
4053259300762,4053259300762,V-Garnelenspiess natur,1,FGE
4260198098692,4260198098692,V-Happy Nails Display,1,BEN
4008576406963,4008576408240,V-Hartwaren Standdisplay Holz Warenpaket,1,NYK
4016512020609,4016512020609,V-Helle Roux,1,ERN
8714265000379,8714265000362,V-Hund Trockenfutter Erw. empfindlich Huhn & Reis,4,YAR
8714265000270,8714265000270,V-Hund Trockenfutter Erwachsene Huhn,1,YAR
8714265000300,8714265000300,V-Hund Trockenfutter Erwachsene Huhn getreidefrei,1,YAR
4000915309515,,"V-Irischer Atlantik-Lachs ger., ca. 1-1,5kg","1,2",ISA
4021234970637,4021234970637,V-Jetzt wirds chunky Display,1,BHO
28106500,28106500,"V-Kabeljaufilet, ohne Haut, MSC","0,25",FGE
4260148654343,,V-Kartoffelsalat GV4,1,PUF
9004145019805,9004145019805,V-Keimsaaten Pultdisplay,1,STN
9004145018204,,V-Keks Pultdisplay 2025,1,STN
4056114015887,4056114015887,V-Kekse Kinder Display,1,SOM
4019339440230,4019339440230,V-Kichererbsen,1,DAV
4260148658013,,V-Kichererbsen Currysalat GV4,1,PUF
4012346107486,4012346107486,V-Kmmel gemahlen,1,LEB
4260452330285,4260452330285,V-kobon B57/D64/LD12 mm,1,OEB
4021234970620,4021234970620,V-Krunchy High Protein Display,1,BHO
9004145019768,9004145019768,V-Krutertees Mono lose Bodendisplay,1,STN
9004145018655,9004145018655,V-Kurkuma Latte Pultdisplay,1,STN
93489182888055,3489182888052,"V-L'Escabier de Chvre, LAIB",7,VAV
28582403,28582403,"V-Lachsfilet mit Haut, mariniert","0,25",FGE
28181309,28181309,"V-Lachsfilet mit Haut, natur","0,25",FGE
4012852150259,4012852150259,V-Lammsbru Fass Bio Pils 30l (KEG),1,NEU
4012852150402,4012852150402,V-Lammsbru Fass Bio Urstoff 30l (KEG),1,NEU
4260148656118,4260148656019,V-Lasagne alla Bolognese,3,PBY
4260148656125,4260148656026,V-Lasagne di Verdure,3,PBY
94046896105091,,V-Le Duc de Bourgogne 6xca.160g-ohne Auszeichnung,"0,96",VAV
7640166794363,7640166794356,V-Mascarpone Crme 2 x 2 kg,2,ZFK
4007547781207,4007547771208,V-Mistelform Geschenkset Lavendel-Weihrauch,5,SMP
4007547781504,4007547771505,V-Mistelform Geschenkset Zitrone-Zirbelkiefer,5,SMP
94046896164111,,V-Morbier AOP 6xca.100 g-ohne ohne Auszeichnung,"0,6",VAV
7640101094350,7640101094343,V-Mozzarella gerieben 5 x 2 kg,5,ZFK
7640101091953,7640101093230,V-Mozzarella Rolle 10 x 1 kg,10,ZFK
4251191879821,4251191898204,V-Multipack Kruterzahncreme Reise -& Probiergráe,20,APR
8001505009552,8001505005493,"V-Nocciolata 2,5 kg",2,RDA
4000915308051,,"V-Nordatlantik- Lachs, ger., ca. 1-1,5kg",1,ISA
4260148654749,,V-Nudelsalat GV4,1,PUF
4006182015845,4006182015845,V-Oliven Snacks Display,1,SOM
4007547405707,4007547405707,V-Orangen Kraftreiniger,1,SNT
4005394905531,4005394905531,V-Oster Display gross 2026,1,BVE
4005394905524,4005394905524,V-Oster Display klein 2026,1,BVE
4006182015692,4006182015692,V-Pane Picco Display,1,SOM
4020943190268,4020943130264,V-Panko,2,ARC
4000915109948,4000915109948,V-Pesto Pomodoro - Eimer,"2,8",ISA
4022381040105,4022381040105,V-Pizzamehl Tipo 0,1,SPI
4022381308069,4022381308069,V-Reisflocken,1,SPI
7640101096798,7640101090178,"V-Ricotta 2 x 1,5 kg",2,ZFK
4016249067137,,V-Riegel Schtte leer,1,ALO
4044889015171,4044889015171,V-Riegeldisplay Werkhaus,1,VNI
94046896183112,,V-Roquefort AOP 6xca.120g-ohne Auszeichnung,"0,72",VAV
28026006,28026006,V-Rotbarschfilet ohne Haut MSC,"0,25",FGE
4260148654442,,V-Rote Bete Salate mit gerstetem Sesam GV4,1,PUF
4018462412206,4018462412206,V-Rotweinessig,1,BYO
4260417540063,4260417540339,"V-Rucher LAX, vegan",1,RIP
4270003467292,4262434310001,"V-Ruchertofu ""Goldstcke"" Theke",1,TOU
4260112293080,4260112293080,V-Sáer Hausmacher Senf,1,MKS
9004145018037,9004145018037,V-Salatkruter Pultdisplay,1,STN
4026367042015,4026367042015,V-Schmand 24% im Eimer,1,UBM
4056114015214,4056114015214,V-Schoko Klassiker Display,1,SOM
9004145132177,9004145019829,V-Schwarztee London Bus,2,STN
28057208,28057208,"V-Seelachsfilet in Backteig, vorgebacken, MSC","0,25",FGE
4260026691156,4260026691156,V-Shampoo Glnzendes Haar inklusive Pumpe,1,BIT
4260026691163,4260026691163,V-Shampoo Repair inklusive Pumpe,1,BIT
4260026691507,4260026691507,V-Shampoo Volumen inklusive Pumpe,1,BIT
4025174141164,4025174141164,V-Soja Schnetzel fein,1,SOB
4007547703803,4007547703803,V-Sonett Recycling-Box,1,SNT
4000345033714,4000345033714,V-Suppen Display,1,ERN
4260148653438,4260148653438,V-Tagesgericht der Woche 3 Hauptgericht 1 von 2,1,PUF
4260355582484,4260355582484,V-Thekendisplay Fresh lziehkur,1,BPL
4260623223132,4260623223125,V-Thekendisplay Gemsebrhe bestckt,1,SWL
4260355581296,4260355581296,V-Thekendisplay Wrzle,1,BPL
9008281305914,9008281005913,"V-Tiroler Graukse g.t.S (2 x ca. 1,5 kg)",3,BOM
4260012648096,4260012648096,V-Tischdisplay aus Holz,1,BIN
4262434310124,28060376,"V-Tofu ""Goldbckchen"" SB",1,TOU
4262434310087,4262434310087,"V-Tofu ""Goldbckchen"" Theke",1,TOU
4260112295732,4260112295732,V-Tomaten Ketchup,1,MKS
4260012642506,4260012642506,V-Topschild fr Warenstnder,1,BIN
4260012645842,4260012645842,V-Topschild fr Warenstnder drehbar,1,BIN
94046896108665,,"V-Tradition Normande, 6xca.100g-ohne Auszeichnung","0,6",VAV
4260417540421,4260417540414,"V-TuneFish, vegan",1,RIP
4018462108208,4018462108208,V-Vegane Kstlichkeiten Bodendisplay,1,BYO
4260623223033,4260623223026,V-Verkaufsdisplay SweMa bestckt,1,SWL
28583509,28583509,"V-Victoriabarschfilet, natur, NWF","0,25",FGE
4007547701007,4007547701007,V-Wandhalter fr 300ml Flaschen,1,SNT
4260012646405,4260012646405,V-Warenstnder Drehbar aus Holz,1,BIN
4260012643497,4260012643497,V-Warenstnder Single aus Holz,1,BIN
4007547500907,4007547500907,V-Waschmittel flssig Lavendel,1,SNT
4026273227575,4026273027571,"V-Wildblumenkse, PrePack 6 x 180g Heumilch g.t.S",6,BK
4262434310148,28630500,"V-Wilder-Tofu, Jagdwurst Alternative SB","0,98",TOU
4012824492790,4012824492790,V-Winter Display,1,YOG
4007547306103,4007547306103,V-Wschespler,1,SNT
8714265977008,8714265977008,V-Yarrah Leerdisplay Holz,1,YAR
4012824492899,4012824492899,V-Yogi TeaŠ New Inspiration Mix Display,1,YOG
4012824492738,4012824492738,V-Yogi TeaŠ On Ice Display,1,YOG
94046896314516,,V-ZiegenRolle 6 x ca. 190g-ohne Auszeichnung,"1,14",VAV
4038857101065,4038857101010,Vanilla Mellows,8,KV
8711521143054,8711521345809,Vanille Cone,24,ICF
4004790146500,4004790046503,Vanille Drink Limited Edition,8,BCE
4017194989000,4017194489005,Vanille Eis,6,SBG
8005020190986,80625476,Vanille Eis aus Heumilch,6,RAC
8005020191228,80603085,Vanille Eis aus Heumilch,12,RAC
4250367550724,4250367550731,Vanille Eis Mango-Maracujasauce,12,GEC
4250367550687,4250367550694,Vanille Eis mit Erdbeersauce,12,GEC
4250367550700,4250367550717,Vanille Eis Schokoladesauce,12,GEC
8005020100886,8005020000889,"Vanille Eis, laktosefrei",6,RAC
4017194930200,4017194009227,Vanille fresh Sauermilch 6x500g,6,SBG
4005394105498,4005394201633,Vanille gemahlen,20,BVE
4260096396555,4260096395558,Vanille gemahlen,20,AGA
4260096396562,42431756,Vanille gemahlen,6,AGA
4260506612008,4260506610110,Vanille Madagaskar Eis,6,DFI
4260506613555,4260506611018,Vanille Madagaskar Eis,12,DFI
4005394104606,4005394200902,Vanille Pudding,10,BVE
4101530008378,4101530002598,Vanille Quark 20%,8,BGL
4101530015949,4101530007500,Vanille Quark 20%,8,BGL
4250367550427,4250367550410,Vanille-Haselnuss Eishrnchen,20,GEC
4250367550397,4250367550403,Vanille-Haselnuss Eishrnchen Multipack,8,GEC
4008471707189,4008471507031,Vanille-Pudding,6,SB
4260100268823,4260100263828,Vanilleeis,6,BCO
4086900006119,4086900100879,Vanilleextrakt bio,1,PVL
4260096396654,4260096395657,Vanillepudding,16,AGA
9004145303607,9004145003606,Vanillepulver gemahlen Tte,6,STN
4025174135712,4025174125713,Vanillesauce,10,SOB
4260096396586,4260096395589,Vanilleschote,10,AGA
9004145754454,9004145006713,Vanilleschoten Glas,6,STN
4022346827147,4022346327142,Vanilleschoten Rhrchen Dose,5,HEU
4260096394421,4260096393424,Vanillesirup agava,6,AGA
4260096396661,4260096395664,Vanillesoáe,6,AGA
4005394143087,4005394143049,Vanillezucker,12,BVE
4012346100999,4012346100906,Vanillezucker,20,LEB
4260096396579,4260096395572,Vanillezucker,16,AGA
9004145303577,9004145003576,Vanillezucker,6,STN
4022346727256,4022346727256,Vanillezucker Dose,1,HEU
4000345037675,4000345037668,Veg. Snack Landjger Art,12,EDN
4000345037699,4000345037682,Veg. Snack Landjger Art Chili,12,EDN
4024297019947,4024297019930,Vegane Aioli Tube,8,NAT
4260515260344,4260515260061,Vegane Art Cabanossi mit Chili,6,HED
4260515260337,4260515260054,Vegane Art Cabanossi mit feinen Zutaten,6,HED
4260515260450,4260515260214,Vegane Art Chorizo mit feinen Zutaten,6,HED
4260515260443,4260515260191,Vegane Art Currywurst mit feinen Zutaten,6,HED
4260515260412,4260515260139,Vegane Art Krakauer aus roten Linsen,6,HED
4260515260351,4260515260085,Vegane Art Leberwurst mit feinen Zutaten,6,HED
4260515260368,4260515260092,Vegane Art Leberwurst mit Rstzwiebeln,6,HED
4260515260436,4260515260177,Vegane Art Pastete mit feinen Zutaten,6,HED
4260515260405,4260515260115,Vegane Art Rotwurst aus Braunen Linsen,6,HED
4260515260429,4260515260153,Vegane Art Sucuk aus roten Linsen,6,HED
4260515260313,4260515260023,Vegane Art Teewurst mit feinen Zutaten,6,HED
4260515260320,4260515260030,Vegane Art Teewurst mit grnem Pfeffer,6,HED
4030917054304,4030917054205,Vegane Bratensauce,6,SAC
4024297021544,4024297021537,Vegane Chili Mayo,8,NAT
17310960032059,7310960032052,vegane Gemse Kttbullar ca. 20 Stck,8,DAG
8714265972812,8714265070709,Vegane Hundekekse,4,YAR
4260289420845,4260289420838,Vegane Knusper Nuggets,5,THV
4002824950918,4002824150912,vegane Margarine,12,LAN
4018462158166,4018462158159,Vegane Mayo,6,BYO
4038507011751,4038507011744,Vegane Pralins Dattel Marzipan,10,GOV
4038507011775,4038507011768,Vegane Pralins Mokka Nougat,10,GOV
4024297006237,4024297006220,Vegane Salat Mayo,8,NAT
4260289422061,4260289422054,Vegane Schnetzel Gyros,6,THV
4005967007112,4005967007105,Vegane Schoko Kugeln mit Knusperkern,6,ROS
4280001065468,4280001065413,Vegane Zahnseide,6,YAW
7610612003950,7610612003929,Veganella Basilikum,5,SNA
7610612003936,7610612003905,Veganella Natur,5,SNA
4260289421743,4260289421736,Veganer Bacon,6,THV
4016249076207,4016249076108,Veganer Feinkostsalat Budapester,6,ALO
4016249075583,4016249075484,Veganer Feinkostsalat Geflgel,6,ALO
4005967503737,4005967001875,Veganer Schoko Lolly Hase,20,ROS
4005967007150,4005967007143,Veganer Schoko Osterhase,6,ROS
4005394102954,4005394200766,Veganer Speckersatz,10,BVE
4250073462182,4250073461574,Veganer ThunVisch,6,FWO
4250073462205,4250073462199,Veganer ThunVisch Tomate,6,FWO
4260289421767,4260289421750,Veganes Chicken,6,THV
4260289422023,4260289422016,Veganes Chicken,6,THV
4028112077310,4028112077310,Veganes Dinkissant,64,SDL
4030917045500,4030917045401,Veganes Gulasch,6,SAC
4004790203258,4004790103251,Veganes Hack,7,BCE
4260289421392,4260289421385,Veganes Hack,6,THV
4260289422047,4260289422030,Veganes Hack,6,THV
4005394102961,4005394200773,Veganes Rhrei mit Speckersatz,10,BVE
4002824952097,4002824152091,veganes Schmalz,6,LAN
4035784000652,4035784000652,VeganPlus,1,GSE
4260623225174,4260623225167,Vegetarische Bolognese,6,SWL
4000503700496,4031829230855,Vegetarische Wrstchen im Glas,6,KL
4000503700892,4031829230862,Vegetarische Wrstchen pikant im Glas,6,KL
4260007663516,4260007663257,"Veggi Filata herzhaft, gerieben",8,VFK
4260007660317,4260007663059,"Veggi Filata mild, gerieben",8,VFK
4260007660324,4260007663066,Veggi Filata Natur Scheiben,8,VFK
4012346179995,4012346179902,Veggie,6,LEB
4019339017302,4019339641828,Veggie Bauerntopf,5,DAV
4019339017296,4019339641811,Veggie Better Chicken,5,DAV
4019339017319,4019339641835,Veggie Gulasch,5,DAV
4019339014790,4019339641170,Veggie Gyros,5,DAV
4038857120158,4038857120110,Veggie Hearts,12,KV
4015637019352,4015637019345,VeggieMix Frikadelle,6,BAK
4015637023403,4015637023335,VeggieMix Nuggets Gemse,6,BAK
4001638501064,4001638501064,Venadoron FA,1,WEL
4012346519593,4012346519500,Vending Kakao Pulver,1,LEB
8016448100297,8016448000290,Veneziano,1,HUA
8034115197036,8034115196831,Verdeca Integro weiá,6,IGR
8713576503739,8713576003734,Vermicelli aus Vietnam,12,TER
4001638190589,4001638590587,Verry Cherry Lip Balm,6,WEL
4039416180620,4039416180620,Verschlussclipse weiá 33mm,1,WSE
4021457637515,4021457637515,Verwhnendes Krperl,1,LAV
4000430615115,4000430002601,Vierkorn Kakao Keks gf,6,WER
4000430615122,4000430002618,Vierkorn Mandel Keks gf,6,WER
4019838190216,4019838090219,Vietnam Grntee Suoi Bu Wildtee,10,CDO
4104450060969,4104450000965,Vilsa medium,6,VSB
4104450060976,4104450000972,Vilsa naturelle,6,VSB
4104450120823,4104450000828,VILSA Plus Bio Limette,12,VSB
4104450120816,4104450000811,VILSA Plus Bio Orange,12,VSB
4024967011592,4024967011608,Vinnocence Chardonnay alkoholfrei,6,RIE
4024967011615,4024967011622,Vinnocence Merlot alkoholfrei,6,RIE
4024967011639,4024967011646,Vinnocence Mousseux alkoholfrei,6,RIE
4024967013824,4024967013831,Vinnocence Rose alkoholfrei,6,RIE
4024967012704,4024967012711,Vinsenza Bianco alkoholfrei,6,RIE
4024967013848,4024967013855,Vinsenza Rose Frizzante alkoholfrei,6,RIE
4024967012728,4024967012735,Vinsenza Rosso alkoholfrei,6,RIE
4086900049383,4086900274303,Vital Face Oil Moisturizing u Protective,1,PVL
4005561903308,4005561005484,Vital Keks,6,BOL
4022381051569,4022381051552,Vital Kerne Mix,6,SPI
7611916124518,7611916124518,Vitality Shower Cream Sanddorn,1,WEL
7611916164552,7611916164552,Vitality Shower Cream Sanddorn,1,WEL
4106060221761,4106060077290,Vitaltrank Pro,6,BEU
4035784160806,4035784160806,Vitamin B Complex,1,GSE
4035784162008,4035784162008,Vitamin B12 Compact,1,GSE
4086900049413,4086900277106,Vitamin C Serum Illuminating u Blancing,1,PVL
4260418987195,4260418987195,Vitamin C Serum Protect & Glow,1,RRT
4035784161001,4035784161001,Vitamin D Compact,1,GSE
4035784162503,4035784162503,Vitamin D3 Compact,1,GSE
4038857116779,4038857116717,Vitamino Frutti,12,KV
4022381000314,4022381000291,Vk Bauernsptzle Dinkel Schwb,12,SPI
4015637803258,4015637822907,Vk Buchweizenmehl gf,6,BAK
4024297007821,4024297007814,Vk Delikatess Kncke,12,NAT
4024297001935,4024297060581,Vk Dinkel Bandnudeln,10,NAT
4022381014038,4022381014021,Vk Dinkel Bandnudeln 9mm,8,SPI
4028112077211,4028112077211,VK Dinkel Butter Croissant,64,SDL
4031779001208,4031779105814,VK Dinkel Butter Croissant,75,MOI
4022381014076,4022381014069,Vk Dinkel Fadennudeln,15,SPI
4022381054126,4022381014069,Vk Dinkel Fadennudeln,12,SPI
4024297001225,4024297062813,Vk Dinkel Penne,9,NAT
4024297001850,4024297060147,Vk Dinkel Spaghetti,10,NAT
4022381014113,4022381014106,Vk Dinkel Spiralen,8,SPI
4024297001904,4024297060444,Vk Dinkel Spirelli,9,NAT
4028112059712,4028112059712,VK DinkelrustissŠ,56,SDL
8711812437046,8711812436810,VK Honigkuchen klein,8,RIT
8711823190909,8711823054102,Vk Honigwaffeln,12,RIT
4024297007869,4024297007852,Vk Knckebrot mit Dinkel,12,NAT
4000381071145,4000381007113,Vk Knusperbrezel mit Salz,12,ERD
4000430002021,4000430004414,VK Reis gepufft ungesát gf,10,WER
4024297013792,4024297013785,Vk Reis Spirelli gf,12,NAT
4000430616914,4000430004643,Vk Reis Zwerge gf,6,WER
4015637803234,4015637822884,Vk Reismehl gf,6,BAK
4012936011247,4012936001248,Vk Roggen Kncke,10,LNA
4013044700078,4013044100076,Vk Sauerteig getrocknet,10,BTH
4012936011230,4012936001231,Vk Sesam Kncke,10,LNA
4024297007845,4024297007838,Vk Sesam Kncke,12,NAT
4028112059880,4028112059880,VK-Dinkel-Sonnenblumenbrtchen,60,SDL
4013320185674,4013320185667,VM Haselnuss,10,GEP
4013320185650,4013320185643,VM Mandel,10,GEP
4013320115299,4013320115145,VM Pralin,10,GEP
4013320185612,4013320185605,VM Pur,10,GEP
4018874500904,4018874500904,Vogelfutter Vogelglck Klassiker,1,ARI
4018874501062,4018874050102,Vogelfutter Vogelglck Klassiker,6,ARI
4018874057057,4018874057057,Vogelfutter Vogelglck Sonnenblumenkerne,1,ARI
4018874571560,4018874057156,Vogelfutter Vogelglck Sonnenblumenkerne,6,ARI
4018462142431,4018462142400,Volanti (gedrehte Htchen)semo,12,BYO
4018462148310,4018462148303,Volanti Rote Linse gf,6,BYO
9020200132708,9020200032701,Voll Hafer plus Soya,8,NTM
4019886650625,4019886050623,Voll Waschpulver,4,SOD
4015533020353,4015533020346,Vollfrucht Sanddorn,6,VOE
7640104952381,7640104951261,Vollkorn Babymsli Brei,6,HOL
4031779000027,4031779080029,"Vollkorn Bltterteig, vegan",10,MOI
4028112060022,4028112060022,Vollkorn Dinkel Kraftbrot,22,SDL
4019339011881,4019339291009,Vollkorn Flakes gf,6,DAV
7640104952343,7640104951247,Vollkorn Getreidebrei Dinkel,6,HOL
7640104952442,7640104951308,Vollkorn Getreidebrei Grieá,6,HOL
7640104952428,7640104951292,Vollkorn Getreidebrei Hafer,6,HOL
7640161872455,7640161872448,Vollkorn Getreidebrei Hirse,6,HOL
4031779614224,4031779614224,Vollkorn Krusti,50,MOI
4018462140215,4018462140208,Vollkorn Lasagne,12,BYO
4018722011149,4018722341680,Vollkorn Mie Noodles,8,AGO
4006182015555,4006182005556,Vollkorn Zwieback,6,SOM
4028112059873,4028112059873,Vollkorn-Dinkel-Mslistange,72,SDL
4011849200410,4011849200403,Vollkorn-Tortelloni Kse-Spinat,6,PAN
4024884112747,4024884012740,Vollkornbrtchen,4,HEB
4026367049151,4026367040158,"Vollmilch 3,7% Karton",10,UBM
4056479184051,4056479184006,"Vollmilch 3,8%, lnger haltbar",10,HAM
4056479184068,4056479184044,"Vollmilch 3,8%, lnger haltbar 0,5 l",10,HAM
4005967006702,4005967006696,Vollmilch Dattel Brownie,16,ROS
4044889015324,4044889005325,Vollmilch Kuvertre,12,VNI
4044889012194,40843070,Vollmilch Minitafeln,40,VNI
4044889012255,4044889002256,Vollmilch Naps im Spender,1,VNI
4085900606565,4085900006563,Vollmilch Ostereier mit Coffee Toffee,40,VNA
4021246333468,4021246333451,Vollmilch Ostereier mit Latte Macchiato,50,LUB
4021246333383,4021246333376,Vollmilch Ostereier mit Nuss Nougat,50,LUB
4085900606749,4085900006747,Vollmilch Ostereier mit Tiramisu,40,VNA
4021246333420,4021246333413,Vollmilch Osterreier mit Vanille,50,LUB
4005967007136,4005967007129,Vollmilch Schoko Eier mit Milchcreme gefllt,8,ROS
4005967977729,4005967576892,Vollmilch Schoko Lolly Hase,20,ROS
4005967979563,4005967576298,Vollmilch Schoko Lolly Osterhase,24,ROS
4005967991046,4005967575796,Vollmilch Schoko Osterhase,6,ROS
4005967991435,4005967575598,Vollmilch Schoko Osterhase in Stanniolpapier,12,ROS
4005967900086,4005967511497,Vollmilch Schoko Osterhase mit Milchcreme gefllt,12,ROS
4005967998175,4005967572894,Vollmilch Schoko Osterhase mit Nougat gefllt,12,ROS
4005967998168,4005967572993,Vollmilch Schoko Osterhase sitzend,6,ROS
4005967998229,4005967573891,Vollmilch Schoko Osterhasen in Stanniolpapier,8,ROS
4005967998212,4005967573792,Vollmilch Schoko Osternest,6,ROS
4044889011654,4044889001655,Vollmilch Schokolade,10,LAC
4044889015294,4044889005295,Vollmilch Schokolade,12,VNI
4013320334935,4013320334881,Vollmilch Schokolade Karamellcrisp & Fleur de Sel,10,GEP
4013320185797,4013320185780,Vollmilchschokolade Fleur de Sel,10,GEP
4044889010077,4044889000078,Vollmilchschokolade ganze Nsse,10,VNI
4013320185759,4013320185742,Vollmilchschokolade mit Espresso und Karamellcrisp,10,GEP
4013320185773,4013320185766,Vollmilchschokolade mit Kardamom,10,GEP
4013320109915,4013320107195,Vollrohrzucker Mascobado,5,GEP
4019886050555,4019886050555,Vollwaschmittel Pulver,1,SOD
4020829099128,4020829099128,Volume Mascara 01 black,1,HAU
4020829099142,4020829099142,Volume Mascara 02 brown,1,HAU
5765228837160,5765228837160,Volume Shampoo Rasul,1,URT
5765228838297,5765228838297,Volume Shampoo Rasul,1,URT
4260026694058,4260026694058,Volumen Shampoo,1,BIT
4260026696205,4260026696205,Volumen Shampoo,1,BIT
4017645008038,4017645008038,Volumen Shampoo Bier & Honig,1,LOG
4017645013674,4017645013674,Volumen Shampoo Bier & Honig,1,LOG
4028996978338,4028996978031,Vulkan Bier 1875 Hell,10,VUL
4028996631332,4028996691237,Vulkan Bier Dunkel,10,VUL
4028996697611,4028996976037,Vulkan Bier Hazy IPA alkoholfrei,10,VUL
4028996691336,4028996911335,Vulkan Bier Hell,10,VUL
4028996626130,4028996926339,Vulkan Bier Hell alkoholfrei,10,VUL
4028996624136,4028996924335,Vulkan Bier Natur Radler,10,VUL
4028996625133,4028996925332,Vulkan Bier Natur Radler alkoholfrei,10,VUL
4028996651330,4028996918334,Vulkan Bier Pale Ale,10,VUL
4028996330112,4028996922331,Vulkan Bier Pils,10,VUL
4028996697710,4028996977034,Vulkan Bier Weizen Mix Grapefruit alkoholfrei,10,VUL
4028996691732,4028996690339,Vulkan Bourbon Barrel Doppelbock,10,VUL
4013584132759,4013584572319,Vulkanlss weiá,6,KIF
4015141615064,4015141015062,Wacholder Beere,6,LDM
4086900006706,4086900106079,Wacholderbeere bio,1,PVL
4012346154091,4012346154008,Wacholderbeeren ganz,6,LEB
4012346164687,4012346164687,Wacholderbeeren ganz,1,LEB
9004145303362,9004145003361,Wacholderbeeren ganz,6,STN
4022346827901,4022346327906,Wacholderbeeren Tte,5,HEU
4044889014877,4044889004786,Wafer Pralin Riegel,18,VNI
4014051007891,4014051007884,Waffel und Keks,12,WIK
4015637806471,4015637826554,Waffeln und Pfannkuchen gf,6,BAK
4020943196925,4020943136921,Wakame (braune Meeresalge),6,ARC
4009309732663,4009309732618,Wald Heidelbeeren,6,MAR
4260039371915,4260039370918,Wald Heidelbeersaft,6,VNN
4019736004653,4019736004646,Waldbeere Fruchtgarten,6,ZWE
4005967989999,4005967513378,Waldbeeren Frchte Msli,6,ROS
4004191902026,4004191002023,Waldheidelbeere Muttersaft,6,RAB
4015533060373,4015533060366,Waldheidelbeere Muttersaft,10,VOE
4054411014626,4054411014602,Waldhonig Bonbons,20,BFU
4045800918311,4045800714760,Waldorfsalat,3,GRH
4086900033511,4086900269507,Waldspaziergang Deo Creme,1,PVL
4086900024724,4086900185180,Waldspaziergang Duftmischung,1,PVL
4086900043763,4086900269309,Waldspaziergang Duschbalsam,1,PVL
4086900052475,4086900195189,Waldspaziergang Raumspray,1,PVL
4086900046764,4086900269002,Waldspaziergang Trockenl,1,PVL
4022346834206,4022346334201,Waldtee Tanne,5,HEU
4017194989253,4017194489258,Walnuss Eis,6,SBG
4250442405987,22505989,"Walnuss Salami, Theke","0,6",MAX
4250442400852,4250442400852,Walnuss Salamisticks,1,MAX
4005967506851,4005967003534,Walnuss Schnitte,16,ROS
4032105000124,4032105000124,Walnuss-Saftkorn,1,SB
3419390402702,3419390402603,Walnussbrtchen,5,BNR
4028112059965,4028112059965,Walnussbrtchen,56,SDL
3445020891950,3445020291958,Walnussl gerstet,6,BPL
3445020890953,3445020290951,Walnussl nativ,6,BPL
4260423370395,4260423370388,Wanda Frischkse Walnuss/Karamell,4,JMH
4007547504103,4007547504103,Waschmittel Color Mint & Lemon,1,SNT
4007547504400,4007547504400,Waschmittel Color Mint & Lemon,1,SNT
4007547514003,4007547504004,Waschmittel color Mint Lemon,6,SNT
4007547501102,4007547501102,Waschmittel flssig Lavendel,1,SNT
4007547501409,4007547501409,Waschmittel flssig Lavendel,1,SNT
4007547511002,4007547501003,Waschmittel flssig Lavendel,6,SNT
4007547501706,4007547501706,Waschmittel flssig Sensitiv,1,SNT
4007547502406,4007547502406,Waschmittel flssig Sensitiv,1,SNT
4007547511507,4007547501508,Waschmittel flssig sensitiv,6,SNT
4007547101104,4007547101104,Waschmittel Pulver Konzentrat,1,SNT
4007547110915,4007547100916,Waschmittel Pulver Konzentrat,4,SNT
4007547112209,4007547102200,Waschpulver color sensitiv,4,SNT
4030917058500,4030917008703,Wassereis Coole Lollies bunt,14,FRD
4030917058609,4030917044602,Wassereis Coole Lollies fruchtig,14,FRD
4260397790212,4260397790151,Wattestbchen aus Bambus,10,HYD
4019886620000,4019886020008,WC Reiniger Citrus,6,SOD
4019886620703,4019886020701,WC Reiniger Kraftgel,6,SOD
4007547310506,4007547300507,WC Reiniger Minze-Myrthe,6,SNT
4007547310100,4007547300101,WC Reiniger Zeder-Citronella,6,SNT
4280001065178,4280001065123,Wechselkopfzahnbrste Medium,6,YAW
4280001065192,4280001065130,Wechselkopfzahnbrste Soft,6,YAW
4032277012277,4032277012260,Weenie Snacker,12,WHE
4037865101807,4037865001800,Weiáburgunder Michelsberg,6,SND
4260491972064,4260491972026,Weiáburgunder trocken weiá,6,WCX
4016462241192,4016462241109,Weiáburgunder VDP. Gutswein,6,1BW
4037865130807,4037865000803,Weiáburgunder weiá,6,SND
4009309552179,4009309552179,Weiáe Bohnen,1,MAR
4009309552964,4009309552360,Weiáe Bohnen,6,MAR
4019339011041,4019339487105,Weiáe Bohnen,6,DAV
4260360276484,4260360271489,Weiáe Bohnen,6,NPU
4260360277115,4260360272110,Weiáe Bohnen,6,NPU
4260360276491,4260360271496,Weiáe Bohnen in Tomatensauce,6,NPU
4260112295756,4260112295763,Weiáe Knoblauchsauce,6,MKS
4044889015300,4044889005301,Weiáe Knusper,12,VNI
4044889012231,4044889002232,Weiáe Kuvertre,10,VNI
4044889015331,4044889005332,Weiáe Kuvertre,12,VNI
4017645014541,4017645014541,Weiáe Lavaerde Waschcreme Lotusblte,1,LOG
4085900606572,4085900006570,Weiáe Ostereier mit Himbeer Cassis,40,VNA
4085900606602,4085900006600,Weiáe Ostereier mit Sahne Vanille,40,VNA
4260360277153,4260360272158,Weiáe Riesenbohnen,6,NPU
4013320185810,4013320185803,Weiáe Schokolade Caf Blanc,10,GEP
4044889013221,4044889003222,Weiáe Vanille,10,VNI
4028332010128,4028332320166,Weiáenhorner Brlauch-Knoblauch,6,WMF
4028332010722,4028332350217,Weiáenhorner Frischkse PUR,6,WMF
4028332012443,4028332442400,Weiáenhorner Gartengemse Frischcreme,6,WMF
4028332010081,4028332320111,Weiáenhorner Krutercreme,6,WMF
4028332010609,4028332003809,Weiáenhorner Krutercreme,"1,5",WMF
4028332010111,4028332320142,Weiáenhorner Meerrettich-Creme,6,WMF
4028332010104,4028332320135,Weiáenhorner Paprika Creme,6,WMF
4028332010098,4028332320128,Weiáenhorner Sahne Creme,6,WMF
4028332010616,4028332003816,Weiáenhorner Sahne Creme,"1,5",WMF
4019339015070,4019339219133,Weiáer Langkorn im Kochbeutel,6,DAV
4019339006139,4019339192146,Weiáer Quinoa,8,DAV
4022381040037,4022381040020,Weiáer Quinoa,4,SPI
4005967977712,4005967576991,Weiáer Schoko Lolly Hase,20,ROS
98412439286705,8412439286702,Weiáer Thunfisch in Olivenl,6,PDM
4086900006171,4086900101395,Weiátanne bio,1,PVL
4018462417201,4018462417201,Weiáweinessig,1,BYO
4018462441251,4018462441206,Weiáweinessig,6,BYO
4260067151190,4260067152364,Weiáweinessig,6,CES
4019886616133,4019886016131,Weichspler Lavendel,6,SOD
4019886616065,4019886016063,Weichspler Pfirsich,6,SOD
4260026430045,4260026431387,"Weidemilch 1,5% - lnger haltbar, im Karton",10,GLM
4260026431042,4260026430991,"Weidemilch 3,8% - lnger haltbar, im Karton",10,GLM
4008471701248,4008471505006,"Weidemilchjoghurt ABC 3,8%",6,SB
4280001996960,4280001996953,Weihnachtsseife,6,NIA
4086900007536,4086900101791,Weihrauch afrikanisch,1,PVL
4086900006164,4086900106987,Weihrauch indisch,1,PVL
2900000991903,2900000991903,Weiling-Frische-Box,1,5WP
4020943332323,4020943232326,Weinstein Backpulver,15,ARC
4000430518669,4000430007606,Weinstein Backpulver gf,6,WER
4013320284827,4013320284476,Weisse Joghurt Erdbeere,20,GEP
4013320296615,4013320296592,Weisse Mascobado Schokolade,10,GEP
4019339003015,4019339100189,Weizen,8,DAV
4022381001540,4022381001533,Weizen,4,SPI
4022381002899,4022381100144,Weizen,1,SPI
4022381002905,4022381100182,Weizen,6,SPI
4022381100069,4022381100069,Weizen,1,SPI
4000266551458,4000266550444,Weizen Back Oblaten 44mm,16,HOC
4022381041386,4022381041379,Weizen Baguettemehl,6,SPI
4015637401423,,Weizen Paniermehl,1,BAK
4015637802428,4015637822150,Weizen Paniermehl / Brsel,6,BAK
3419390405000,3419390404997,Weizenbaguettes,5,BNR
4024884110521,4024884010524,Weizenbrtchen,4,HEB
4260418024227,4260418020229,Weizengras Superfood Trinkpulver,4,GNC
4022381003186,4022381206204,Weizengrieá,4,SPI
4024297018186,4024297018179,Weizenkeime entlt,7,NAT
4024297020660,4024297020653,Weizenkeiml,6,NAT
4086900029477,4086900745612,Weizenkeiml,1,PVL
4022381003193,4022381207201,Weizenkleie,6,SPI
4022381003148,4022381202169,Weizenmehl 1050,4,SPI
4022381003155,4022381202183,Weizenmehl 1050,6,SPI
4022381020077,4022381011389,Weizenmehl 1050,6,BUM
4022381202060,4022381202060,Weizenmehl 1050,1,SPI
4022381001854,4022381001847,Weizenmehl 405,6,SPI
4015637022239,4015637832517,Weizenmehl 550,10,BAK
4022381003117,4022381200165,Weizenmehl 550,4,SPI
4022381003124,4022381200189,Weizenmehl 550,6,SPI
4022381020053,4022381011358,Weizenmehl 550,6,BUM
4022381034272,4022381034272,Weizenmehl 550,1,SPI
4260360275890,4260360270895,Weizentoast,6,NPU
4022381003162,4022381203180,Weizenvollkornmehl,6,SPI
4260051655758,4260051655055,Weizenvollkorntoast,6,BAH
8718754502009,8718754501996,Wellenchips gesalzen,12,TFO
8718754502023,8718754502016,Wellenchips Paprika,12,TFO
4015141660057,4015141060055,"WellPaero Ingwer Melisse 0,0 % vol.",6,LDM
9120001705122,9120001700127,Welschriesling weiá,6,SMU
4032277011072,4032277011065,Wheaty Aufschnitt Bresaola Art,10,WHE
4032277010600,4032277010594,Wheaty Aufschnitt Lyoner Art,10,WHE
4032277005200,4032277005194,Wheaty Chili Snacker,12,WHE
4032277001714,4032277001622,Wheaty Chorizo Snacker,12,WHE
4032277012239,4032277012222,Wheaty Helle Bratwurst,5,WHE
4032277010167,4032277010150,Wheaty Lyoner Art mit Paprika,10,WHE
4032277011171,4032277011164,Wheaty Merguez Snacker,12,WHE
4032277011676,4032277000113,Wheaty Mini Super Griller vegan,8,WHE
4032277012253,4032277012246,Wheaty Rote Bratwurst,5,WHE
4032277012840,4032277012833,Wheaty Snacker Salami Style,12,WHE
4032277013328,4032277013311,Wheaty Strips nach Kochschinken Art,7,WHE
4032277009437,4032277009413,Wheaty Sucuk Snacker,12,WHE
4032277012505,4032277012499,Wheaty Super Griller 2.0,5,WHE
4032277012482,4032277012475,Wheaty Superhero Burger 2.0,5,WHE
4032277001110,4032277000106,Wheaty Vegane Bauern-Knacker,5,WHE
4032277011751,4032277005231,Wheaty Vegane Chorizo Bratwurst,5,WHE
4032277001721,4032277001639,"Wheaty Vegane Gran Chorizo, Stange",5,WHE
4032277012529,4032277012512,Wheaty Vegane Merguez 2.0,5,WHE
4032277012901,4032277012895,Wheaty Vegane Rolle Lyoner Art,5,WHE
4032277005538,4032277005521,Wheaty Vegane Rosmarin-Roulade,5,WHE
4032277002742,4032277002704,Wheaty Vegane Slices Chorizo,10,WHE
4032277011690,4032277000038,Wheaty Vegane Slices vom Rauch,15,WHE
4032277012864,4032277012857,Wheaty Vegane Thaiwurst,5,WHE
4032277012444,4032277012437,Wheaty Vegane Weiáe,5,WHE
4032277012826,4032277012819,Wheaty Veganer Aufschnitt nach Kochschinken Art,10,WHE
4032277013106,4032277013090,Wheaty Veganer Aufschnitt Seitami,10,WHE
4032277009116,4032277009109,Wheaty Veganer Aufschnitt Sucuk,10,WHE
4032277001202,4032277000236,Wheaty Veganes Gyros,5,WHE
4032277012789,4032277012772,Wheaty Veganes Streicherle Leberwurst Art,10,WHE
4032277005286,4032277005279,Wheaty Veganes Virginia Steak,5,WHE
4032277012468,4032277012451,Wheaty Weenies 2.0,8,WHE
4032277011669,4032277000816,Wheaty Winzi Weenies vegan,8,WHE
8713576563009,8713576163001,Wheel,20,TER
7611650758659,7611650758055,Whisky Mainland,1,HUA
4260435776321,4260435770107,Whiskypfeffer ganz,6,SPC
4260717841051,4260717840993,White Coconut Pralinis,12,LNB
4260229234259,4260229234242,White Delights Himbeere,12,FOD
4260229234464,4260229234457,White Delights Mango Maracuja,12,FOD
4260229234273,4260229234266,White Delights Pistazie,12,FOD
4044889014631,4044889004632,White Nougat Crisp,10,ICH
4260264980791,42488071,White Pralin Dessert,8,HVM
4260009217632,4260009217632,White tea Augencreme,1,PVD
4044889014570,4044889004571,White Vanilla,10,ICH
5765228836095,5765228836095,Whitening Toothpaste Fresh Mint,1,URT
4005967506349,4005967506349,Whlschtte Leerdisplay,1,ROS
4044889015089,4044889004885,Whole Cocoa Fruit,10,VNI
4019736017912,4019736017929,Wie Currywurst,6,ZWE
4019736017899,4019736017905,Wie grobe Leberwurst,6,ZWE
4019736012665,4019736012658,Wie Leberwurst,6,ZWE
4019736017875,4019736017882,Wie Teewurst,6,ZWE
4019736017936,4019736017943,Wie Zwergenwurst,6,ZWE
4000503753690,4031829230503,Wiener,10,KL
4000503700397,4031829230756,Wiener Minis im Glas (ca. 20 St),6,KL
4000503700991,4031829231852,Wiener Wrstchen im Glas,6,KL
9120081090064,9120081090019,Wiener Wrze,6,GKO
4260400019002,4260400100007,Wiesenheu,8,LEC
4012346554396,4012346286402,Wiesenkruter TB,12,LEB
4019736007043,4019736007036,Wiking Senf,6,ZWE
4009309731765,4009309731710,Wild Preiselbeeren,6,MAR
4026584903427,4026584103322,Wild-Heidelbeeren,10,SOF
94026273219658,,"Wildblumenkse, 1/2 Laib - aus Heumilch g.t.S.",3,BK
9004145191488,9004145012752,Wilde Lilli Sirup,6,STN
4026813111227,4026813110220,Wildheidelbeeren,10,NCL
4260085560387,4260085560127,"Wildkaffee ""blond roast"" mild gemahlen",10,KAF
4260085560295,4260085560189,Wildkaffee Espresso ganze Bohne,6,KAF
4260085560417,4260085560158,Wildkaffee Espresso ganze Bohne,10,KAF
4260085560424,4260085560165,Wildkaffee Espresso gemahlen,10,KAF
4260085561063,4260085561056,Wildkaffee Kapseln Espresso kompostierbar,6,BRM
4260085561025,4260085561018,Wildkaffee Kapseln Lungo kompostierbar,6,BRM
4260085560394,4260085560134,Wildkaffee medium ganze Bohne,10,KAF
4260085560400,4260085560141,Wildkaffee medium gemahlen,10,KAF
9004145751378,9004145005914,Wildkruter Tee,6,STN
94026273219276,,"Wildkruterkse, 1/2 Laib - aus Heumilch g.t.S.",3,BK
9004145220652,9004145012790,Wildkrutersalz,6,STN
4012481535472,4012481535564,Wildlachs Filets MSC,10,FMG
4250073454736,4250073454729,Wildlachs Filets MSC,10,FWO
4026968117051,4026968017054,Wildlachs natur MSC,10,FON
4026968117648,4026968017641,Wildlachs Salat Mexico in Tomatendressing,8,FON
4250073463042,4250073463035,Wildlachs Spaghetti MSC,8,FWO
4026968117600,4026968017603,Wildlachsfilet Senf Honig,6,FON
4026968117501,4026968017504,Wildlachsfilet Tom Basilikum,6,FON
4250073461666,4250073461659,Wildlachsspitzen MSC,10,FWO
4019339875582,4019339875582,Wildpreiselbeeren,1,DAV
4086900030046,4086900742659,Wildrosenl,1,PVL
7611650210034,7611650210034,Williams,1,HUA
4015141635475,4015141035473,Williams mit Honig - Limitiert,3,LDM
7611650790673,7611650790079,Wodka Wodotschka,1,HUA
4012346230894,4012346222400,Wohliges Bauchgefhl,5,LEB
4000345543602,4000345243601,Wok Noodles,10,NCO
4260473461074,4260473460060,Wolfscraft Brutal alkoholfrei,24,WCR
4019886645072,4019886045070,Wolle und Feines,6,SOD
4260378049131,4260378049131,Wonder Hair Tonic,1,KHD
8713576500622,8713576000627,Wrap Dinkel mit Hafer Piadina,6,TER
4000345946199,4000345046196,Wrz & Fein Nachfllbeutel,12,NCO
4260028360821,4260028360814,Wrzhefeflocken,6,REA
4260028361910,4260028361903,Wrzhefeflocken,6,REA
4012346224497,4012346224404,Wrziger Wintermoment TB,6,LEB
4005047820013,4005047220011,Wrzl Klare Suppe hefefrei Nachfllbeutel,7,EDN
4005047820167,4005047220165,Wrzl Klare Suppe mit Hefe Nachfllbeutel,7,EDN
4030917003104,4030917003005,Wrzsauce Habanero Hot,6,SAC
4030917014506,4030917014407,Wrzsauce Mojo Rojo,6,SAC
4030917005504,4030917005405,Wrzsauce Sambal Oelek,6,SAC
4030917003302,4030917003203,Wrzsauce Worcestershire,6,SAC
4039468033202,4039468032076,Wschenetz,9,MEM
4007547316003,4007547306004,Wschespler,6,SNT
4260512463120,4260512463106,Wunderbaum Intensiv Haarl,1,AYA
4015637015231,4015637015224,Wunderbrdchen Hafer,6,BAK
4015637015316,4015637015309,Wunderbrdchen Original,6,BAK
4015637806365,4015637826417,Wunderbrod gf,6,BAK
4015637806884,4015637827377,Wunderbrod Gold gf,6,BAK
4015637806518,4015637827094,Wunderbrod mit Nssen gf,6,BAK
4015637017860,4015637017853,Wunderbrod Protein gf,6,BAK
4260473464570,4260473464075,Wunderbru Dunkles Weizen Alkoholfrei,20,WDB
4260473464525,4260473464020,Wunderbru Hell,20,WDB
4260473464556,4260473464051,Wunderbru Lager Alkoholfrei,20,WDB
4260473464594,4260473464099,Wunderbru Landbier,20,WDB
4260473464563,4260473464068,Wunderbru Naturradler Alkoholfrei,20,WDB
4260473464532,4260473464037,Wunderbru Weizen alkohofrei,20,WDB
4010303026702,4010303026702,"Wurstmesser, schwarzer Griff",1,WSE
4260512462222,4260512462222,Wurzelstrke Shampoo feines Haar,1,AYA
4019339015001,4019339636190,XL Porridge Vanille,6,DAV
4086900006201,4086900101623,Ylang Ylang komplett bio,1,PVL
4260112342047,4260112342047,Yoghurt Ferment Mild,1,MYY
4260112342115,4260112342115,Yoghurt Ferment Vegan,1,MYY
4012824631045,4012824601048,Yogi Tea Barista Chai Classic Elopak,6,YOG
4012824431218,4012824401211,Yogi TeaŠ Abend TB,6,YOG
4012824435971,4012824405974,Yogi TeaŠ Ashwagandha Balance,6,YOG
4012824431003,4012824401006,Yogi TeaŠ Atem Tee TB,6,YOG
4012824434240,4012824404243,Yogi TeaŠ Basische Kruter TB,6,YOG
4012824436657,4012824406650,Yogi TeaŠ Bauch Balance,6,YOG
4012824430617,4012824400610,Yogi TeaŠ Black Chai TB,6,YOG
4012824434226,4012824404229,Yogi TeaŠ Christmas Tea TB,6,YOG
4012824539259,4012824529250,Yogi TeaŠ Classic Chai,8,YOG
4012824430013,4012824400016,Yogi TeaŠ Classic TB,6,YOG
4012824431591,4012824401594,Yogi TeaŠ Frauen Balance TB,6,YOG
4012824431645,4012824401648,Yogi TeaŠ Frauen Power TB,6,YOG
4012824431089,4012824401082,Yogi TeaŠ Frauen Tee TB,6,YOG
4012824431461,4012824401464,Yogi TeaŠ Glcks Tee TB,6,YOG
4012824437104,4012824407107,Yogi TeaŠ Glcksmomente Mixkarton,6,YOG
4012824431928,4012824401921,Yogi TeaŠ Grne Energie TB,6,YOG
4012824431874,4012824401877,Yogi TeaŠ Grne Harmonie TB,6,YOG
4012824431973,4012824401976,Yogi TeaŠ Grner Morgen TB,6,YOG
4012824433236,4012824403239,Yogi TeaŠ Grntee Matcha Zitrone TB,6,YOG
4012824431393,4012824401396,Yogi TeaŠ Halswrmer TB,6,YOG
4012824436923,4012824406926,Yogi TeaŠ Happy Farming,6,YOG
4012824435919,4012824405912,Yogi TeaŠ Happy Nature,6,YOG
4012824431737,4012824401730,Yogi TeaŠ Ingwer Orange Vanille TB,6,YOG
4012824431782,4012824401785,Yogi TeaŠ Ingwer TB,6,YOG
4012824431300,4012824401303,Yogi TeaŠ Ingwer Zitrone TB,6,YOG
4012824433755,4012824403758,Yogi TeaŠ Innere Harmonie TB,6,YOG
4012824431430,4012824401433,Yogi TeaŠ Klarer Geist TB,6,YOG
4012824434127,4012824404120,Yogi TeaŠ Kurkuma Chai TB,6,YOG
4012824434486,4012824404489,Yogi TeaŠ Kurkuma Orange TB,6,YOG
4012824430303,4012824400306,Yogi TeaŠ Lakritz Minze TB,6,YOG
4012824430167,4012824400160,Yogi TeaŠ Lakritz TB,6,YOG
4012824431683,4012824401686,Yogi TeaŠ Lebensfreude TB,6,YOG
4012824435346,4012824405349,Yogi TeaŠ Maca Chai TB,6,YOG
4012824436534,4012824406537,Yogi TeaŠ Mango Chai,6,YOG
4012824436039,4012824406032,Yogi TeaŠ Mentale Klarheit,6,YOG
4012824431355,4012824401358,Yogi TeaŠ Mnner Tee TB,6,YOG
4012824436350,4012824406353,Yogi TeaŠ Morgen Energie,6,YOG
4012824431041,4012824401044,Yogi TeaŠ Nach dem Essen Tee TB,6,YOG
4012824433182,4012824403185,Yogi TeaŠ Natrliche Abwehr TB,6,YOG
4012824436947,4012824406940,Yogi TeaŠ New Inspiration,6,YOG
4012824435469,4012824405462,Yogi TeaŠ Pumpkin Chai TB,6,YOG
4012824430761,4012824400764,Yogi TeaŠ Rose TB,6,YOG
4012824436282,4012824406285,Yogi TeaŠ Rote Beeren,6,YOG
4012824431126,4012824401129,Yogi TeaŠ Ruhe TB,6,YOG
4012824436527,4012824406520,Yogi TeaŠ Salted Caramel TB,6,YOG
4012824430112,4012824400115,Yogi TeaŠ Schoko TB,6,YOG
4012824435490,4012824405493,Yogi TeaŠ Seelenbalsam TB,6,YOG
4012824436596,4012824406599,Yogi TeaŠ Spritzige Blutorange,6,YOG
4012824436138,4012824406131,Yogi TeaŠ Star Salutation,6,YOG
4012824430662,4012824400665,Yogi TeaŠ Sweet Chai TB,6,YOG
4012824435582,4012824405585,Yogi TeaŠ Tulsi Gelassenheit TB,6,YOG
4012824431553,4012824401556,Yogi TeaŠ Wohlfhl Tee TB,6,YOG
4012824430501,4012824400504,Yogi TeaŠLemon Mint TB,6,YOG
4013320098820,4013320098783,Yogurt & crisp fairness,18,GEP
9004145303126,9004145003125,Ysop gemahlen,6,STN
4019838190100,4019838090103,Yunnan Premium Pu Erh Wildtee,5,CDO
4260397793787,4260397793787,Zahnbrste Classic medium,1,HYD
4260397793909,4260397793909,Zahnbrste Premium Medium,1,HYD
4260397793862,4260397793862,Zahnbrste Premium Soft,1,HYD
4260397793824,4260397793824,Zahnbrste Premium Super Soft,1,HYD
4260397793985,4260397793985,Zahnbrste Professional Medium,1,HYD
4260397793947,4260397793947,Zahnbrste Professional Soft,1,HYD
14515384515345,4515384515348,Zahnbrstenhalter Romantic,4,1TR
14516184516143,4516184516146,Zahnbrstenhalter Traditional,4,1TR
4280001065581,4280001065574,Zahnbrstenwechselkpfe medium,6,YAW
4280001065611,4280001065604,Zahnbrstenwechselkpfe soft,6,YAW
4021457730049,4021457652303,Zahncreme Sensitiv u. Repair,4,LAV
4251191898341,4251191898341,Zahnfleischpfl. Prophylax Gel,1,APR
4021457730278,4021457652693,Zahngel Neutral Fluoridfrei,4,LAV
4260198097985,4260198097985,Zahnpasta Bio-Propolis,1,BEN
4260491220509,4260491220509,Zahnpasta Black Ben und Anna,1,BDN
4260491220523,4260491220523,Zahnpasta Sensitive Ben und Anna,1,BDN
4260491220516,4260491220516,Zahnpasta White Ben und Anna,1,BDN
4260491220943,4260491220943,Zahnpasta White mit Fluorid,1,BDN
4260491220530,4260491220530,Zahnpuder Black Ben und Anna,1,BDN
4280001065109,4280001065055,Zahnseide mit Bienenwachs,6,YAW
4280001065284,4280001065277,Zahnseide Nachfllpack 2 x 25 m,6,YAW
4250073458130,4250073458123,Zander Filets MSC,6,FWO
4022346942536,4022346642535,Zart Earl Grey Tee,5,HEU
4005967006665,4005967006658,Zartbitter Dattel Brownie,16,ROS
4044889015355,4044889005356,Zartbitter Dattelsáe,10,VNI
4044889013191,4044889003192,Zartbitter GanzNuss,10,VNI
4044889013207,4044889003208,Zartbitter Mandel,10,VNI
4044889012170,4044889002171,Zartbitter Marzipan Amaretto,10,VNI
4044889011661,4044889001662,Zartbitter mit 60% Cacao,10,LAC
4021246333482,4021246333475,Zartbitter Ostereier mit Erdbeer Creme,50,LUB
4021246412019,4021246402010,Zartbitter Ostereier mit Mandel Nougat,50,LUB
4021246333444,4021246333437,Zartbitter Ostereier mit Mousse au Chocolat,50,LUB
4085900606725,4085900006723,Zartbitter Ostereier mit Nougat,40,VNA
4013320185636,4013320185629,Zartbitter Pur 60%,10,GEP
4005967008119,4005967008102,Zartbitter Schoko Eier mit Himbeercreme gefllt,8,ROS
4005967977736,4005967576694,Zartbitter Schoko Lolly Hase,20,ROS
4005967975374,4005967510995,Zartbitter Schoko Osterhase,6,ROS
4013320066409,4013320066393,Zartbitterschokolade 70%,10,GEP
4260485630581,4260485630482,Zartbitterschokolade 70% & Kakaosplitter,10,FAQ
4260485630611,4260485630512,Zartbitterschokolade 70% Tigernuss Mandel,10,FAQ
4260485630598,4260485630499,Zartbitterschokolade 80%,10,FAQ
4260485630604,4260485630505,Zartbitterschokolade 80% & Fleur de Sel,10,FAQ
4260485630277,4260485630109,Zartbitterschokolade 92 %,10,FAQ
4013320066348,4013320066331,Zartbitterschokolade Feinherb 55%,10,GEP
4013320066362,4013320066355,Zartbitterschokolade Orange 70%,10,GEP
4008471712220,4008471514596,Zarte Butterhexe Ksescheiben,8,SB
4008471712275,4008471514602,"Zarte Butterhexe, 1/2 Laib","3,1",SB
4001638500050,4001638500050,Zarter Reinigungsschaum,1,WEL
9004145305175,9004145005174,Zaubertrunk,6,STN
4028332012467,4028332442424,Zaziki,6,WMF
4013320216217,4013320205334,ZB Mandel Orange,10,GEP
4013320115282,4013320114995,ZB Minze,10,GEP
4086900006232,4086900101647,Zeder bio,1,PVL
4012346204291,4012346204208,Zeit fr Abenteuer TB,6,LEB
4012346204697,4012346204604,Zeit fr Chai TB,6,LEB
4012346225296,4012346225203,Zeit fr Dankbarkeit TB,6,LEB
4012346206691,4012346206608,Zeit fr Erfrischung TB,6,LEB
4012346204598,4012346204505,Zeit fr Gemtlichkeit TB,6,LEB
4012346231099,4012346204505,Zeit fr Gemtlichkeit TB,5,LEB
4012346231198,4012346222608,Zeit fr klare Gedanken TB,5,LEB
4012346209395,4012346209302,Zeit fr Ruhe TB,6,LEB
4012346230399,4012346209302,Zeit fr Ruhe TB,5,LEB
4012346231891,4012346206806,Zeit zum Ankommen TB,5,LEB
4012346209494,4012346209401,Zeit zum Durchstarten TB,6,LEB
4012346231792,4012346209401,Zeit zum Durchstarten TB,5,LEB
4012346230498,4012346222905,Zeit zum Glcklichsein TB,5,LEB
4012346230696,4012346205700,Zeit zum Krafttanken TB,5,LEB
4012346225395,4012346225302,Zeit zum Verweilen TB,6,LEB
4005120001414,4005120000417,Zell-Aktiv Creme-Maske,10,LUK
4260418024487,4260418020489,Zellschutz & Immun Trinkpulver Vital.,4,GNC
4260065969629,4260065960626,Zero S rot klein SO2 zusatzfrei,6,GUS
4260065969605,4260065960602,Zero S rot SO2 zusatzfrei,6,GUS
4260065969254,4260065960251,Zero S weiá klein SO2 zusatzfrei,6,GUS
4260065969261,4260065960268,Zero S weiá SO2 zusatzfrei,6,GUS
4260065968141,4260065961142,ZeroZero alkoholfrei SO2 zusatzfrei,6,GUS
4024297018582,4024297018575,Zichorienkaffee Instant,6,NAT
4024297018568,4024297018551,Zichorienkaffee zum Filtern,6,NAT
93760013201442,2151992,Ziegen Brie Cabriette/Cabriol,"1,4",VAV
4250111561402,4250111511407,"Ziegen Brie, ca. 700g","0,7",ANL
8714565008013,8711842336098,Ziegen Brietorte,"1,5",BAS
8714565008020,8714565008020,Ziegen Brietorte Bockshornklee,"1,5",BAS
4104060488450,4104060030550,Ziegen Frischkse 65%,8,AND
13273227041444,3273227041447,Ziegen Frischkse Bergerie,6,BEG
4000915300321,4000915100327,Ziegen Frischkse Brlauch,4,ISA
4000915907063,4000915107067,Ziegen Frischkse Chili Marinade,4,ISA
4000915907032,4000915107036,Ziegen Frischkse extra mild,4,ISA
4260100879562,4260100879593,Ziegen Frischkse in l mit Krutern,6,MZO
4000915907049,4000915107043,Ziegen Frischkse Kruter Marinade,4,ISA
4260100879180,4260100870064,Ziegen Frischkse Mix 100g,6,MZO
4260100879098,4260100870019,Ziegen Frischkse Natur 100g,6,MZO
4000915305807,4000915105803,Ziegen Frischksekugeln mit Krutern,4,ISA
8714565005241,8714565008402,Ziegen Frischkserolle,1,BAS
8714565008426,8714565008426,Ziegen Frischkserolle Honig,1,BAS
4260100870316,4260100870088,Ziegen Frischkserolle Honig-Sesam,"0,8",MZO
8714565108492,8714565008495,"Ziegen Frischkserolle Natur, 6x125g",6,BAS
4260100870200,4260100870187,Ziegen Frischkserolle Quitte-Vanille,"0,8",MZO
4260100872150,4260100872198,Ziegen Frischksetaler Honig 60g,6,MZO
8714565006163,8714565008044,Ziegen Gouda Blauschimmel,"3,5",BAS
8714565001182,8714565067065,Ziegen Gouda jung,4,BAS
8711842241873,8711842242238,Ziegen Gouda mit Rosmarin,4,BAS
8714565001304,8714565067133,Ziegen Gouda mittelalt,4,BAS
8714565001359,8714565007085,Ziegen Gourmet,4,BAS
8714565627085,,"Ziegen Gourmet, 1/2 Laib",2,BAS
4046896202209,4046896202209,Ziegen Weichkse Mischsortiment 'Le Pic',1,VAV
4250111561952,4250111511957,Ziegenbert Bltenzauber,"0,15",ANL
4104060489723,4104060031823,Ziegenbutterkse in Scheiben,10,AND
4104060013416,4104060011917,Ziegencamembert,5,AND
4260100870620,4260100870613,"Ziegenfrischkse Natur, streichzart",6,MZO
4104060480171,4104060025716,"Ziegenjoghurt 3,5%",10,AND
4104060485664,4104060029264,"Ziegenjoghurt 5,2%",6,AND
9007833008648,9007833008600,Ziegenjoghurt High Protein,6,LEE
13273227040874,3273227040877,Ziegenjoghurt Natur,8,BEG
13273227241172,3273227241175,Ziegenjoghurt Natur cremig gerhrt,6,BEG
9007833008402,9007833008372,"Ziegenjoghurt Natur, Heumilch",6,LEE
9007833012102,9007833008228,"Ziegenjoghurt natur, Heumilch",6,LEE
9007833008433,9007833008365,Ziegenmilch frisch - Khlprodukt,6,LEE
4260100870392,4260100870385,Ziegenquark,6,MZO
9007833012331,9007833009034,"Ziegenquark 40%, Heumilch",6,LEE
4104060485763,4104060028663,Ziegenreibekse,10,AND
4260100872426,4260100872419,"Ziegenweichkserolle ""Mini Bche""",4,MZO
4015637019178,4015637019161,Zimt Balls gf,4,BAK
4260752753340,4260752752978,Zimt Ceylon Stangen,12,SPC
4012346139180,4012346139180,Zimt gemahlen,1,LEB
9004145307346,9004145007345,Zimt gemahlen (Ceylon) Tte,6,STN
9004145303294,9004145003293,Zimt gemahlen Cassia Tte,6,STN
4022346830222,4022346330227,Zimt gemahlen Ceylon Typ Dose,5,HEU
4022346730249,4022346730249,Zimt gemahlen Dose,1,HEU
4022346830260,4022346330265,Zimt gemahlen Dose,5,HEU
4012346154190,4012346154107,Zimt gemahlen Tte,6,LEB
4012346113494,4012346113401,Zimt Zucker,6,LEB
9004145136274,9004145012615,"Zimt,Zucker & Co",6,STN
9004145143760,9004145077713,Zimtflckchen Zuckerrckchen,6,STN
4028112077518,4028112077518,Zimtiss,64,SDL
4086900007635,4086900105942,Zimtrinde Ceylon 30 %,1,PVL
4012346154398,4012346154305,Zimtstangen Ceylon Tte,6,LEB
4022346830307,4022346330302,Zimtstangen Ceylon Tte,5,HEU
9004145303348,9004145003347,Zimtstangen Tte,6,STN
4035784162800,4035784162800,Zink + Vitamin C Complex,1,GSE
4035784161254,4035784161254,Zink Compact,1,GSE
4260026691064,4260026691064,Zink Salbe,1,BIT
24260012647741,4260012647747,Zinnie Carroussel,5,BIN
4086900007116,4086900105973,Zirbelkiefer bio,1,PVL
4086900015609,4086900100978,Zirbelkiefer bio,1,PVL
4086900033061,4086900741362,Zirbelkiefer Zederwasser,1,PVL
4260013330006,4260013330006,Zirbenkissen,1,ATX
4086900006287,4086900105997,Zitrone bio,1,PVL
4086900015401,4086900100992,Zitrone bio,1,PVL
4106060217894,4106060073933,Zitrone Ingwer,6,BEU
4260112295060,4260112295053,Zitronen Mayonnaise,6,MKS
9004145302310,9004145002319,Zitronengras lose,6,STN
9004145233003,9004145023482,Zitronengras Melisse Verbene TB,6,STN
4012346220697,4012346220611,Zitronengrastee,6,LEB
4260360275654,4260360270659,Zitronenkuchen,6,NPU
4013044700115,4013044100113,Zitronenl,8,BTH
9004145302082,9004145002081,Zitronenmelisse lose,6,STN
4022346829721,4022346329726,Zitronenpfeffer Dose,5,HEU
94026273219719,,"Zitronenpfefferkse, 1/2Laib - aus Heumilch g.t.S.",3,BK
4015533133312,4015533000645,Zitronensaft,6,VOE
4015533811111,4015533004643,Zitronensaft,12,VOE
4106060202838,4106060010327,Zitronensaft,12,BEU
4106060215500,4106060071588,Zitronensaft,6,BEU
4005394100882,4005394116111,Zitronenschale gerieben,20,BVE
4013044710138,4013044100137,Zitronenschale gerieben,10,BTH
8005020191303,80603061,Zitronensorbet Eis,12,RAC
4005394116272,4005394116265,Zitronensure,20,VEG
4013044700221,4013044100229,Zitronensure,12,BTH
4260096396616,4260096395619,Zitronensure,24,AGA
9004145194021,9004145023352,Zitronenthymian,6,STN
9004145302204,9004145002203,Zitronenverbene lose,6,STN
4000430103964,4000430103919,Zitrus Trumchen gf,6,WER
4260330151889,4260330152886,Zndhlzer 55mm,12,SOL
4009309641187,4009309641187,Zuckermais,1,MAR
4009309656471,4009309654477,Zuckermais,6,MAR
4026813001122,4026813020048,Zuckermais,8,NCL
4260100268731,4260100263736,Zuckermais,10,BCO
4260360276873,4260360271878,Zuckermais,6,NPU
4260360276972,4260360271977,Zuckermais,6,NPU
4026813006066,4026813004451,"Zuckermais, 4x2,5 kg",1,DFE
4015637801025,4015637843018,Zuckerrbensirup im Becher,12,BAK
4012346647296,4012346647296,Zuckersticks,1,LEB
4260096393950,4260096392953,Zuckerstreusel,10,AGA
4251191898457,4251191898457,Zungenreiniger aus Edelstahl,1,APR
94026913553470,,Zurwieser Heumilch Burschi,"0,3",MA
9120047406281,9120047400289,Zweigelt Klassik rot,6,LGI
9120001705337,9120001700332,Zweigelt rot,6,SMU
4019736010562,4019736010548,Zwergannaise im Glas,6,ZWE
4019736009450,4019736008859,Zwergen Streich,6,ZWE
4019736011156,4019736011149,Zwergensauce,6,ZWE
4260091351061,4260091351054,Zwetschge Fruchtaufstrich,6,DBB
5998008708330,5998008700334,Zwetschgenmus pur,4,TAR
5998008708613,5998008700617,Zwetschgenmus pur,6,TAR
5998008708620,5998008700624,Zwetschgenpowidl,6,TAR
4024297006497,4024297006480,Zwieback Butter,6,NAT
4024297006510,4024297006503,Zwieback Dinkel ungesát,6,NAT
24260012647680,4260012647686,Zwiebel rot Robelja,5,BIN
4019736017738,4019736017745,Zwiebel Schmelz,6,ZWE
4012346165691,4012346165608,Zwiebeln rot und weiá,6,LEB
4026813003027,4026813003027,"Zwiebelwrfel, 10x10 mm",1,DFE
4031829803172,4031829231319,Zwiebelwurst gekocht Gourmet Qualitt im Glas,6,KL
2900000991200,2900000991200,Zwischenboden,1,5WP
4086900384309,4086900384309,Zyklus Akut Roll-On,1,PVL
4086900029804,4086900384705,Zyklus Balance l,1,PVL
4260418024340,4260418020342,Zyklus Balance Trinkpulvermischung Vitalstoff Komp,4,GNC
4086900006300,4086900106031,Zypresse bio,1,PVL